,Country,Reactor,Type,Status,Last-Year,Latitude,Longitude,Source,Table_S1_Zazzeri,Table_S2_Zazzeri,RX_RADD_ENSI_RIFE,RX_Group
0,ARGENTINA,ATUCHA-1,PHWR,Operational,2023,-33.9633333333333,-59.1863888888889,https://pris.iaea.org/PRIS/CountryStatistics/ReactorDetails.aspx?current=3,Atucha 1,,,Atucha 1-2
1,ARGENTINA,ATUCHA-2,PHWR,Operational,2023,-33.9633333333333,-59.1863888888889,https://pris.iaea.org/PRIS/CountryStatistics/ReactorDetails.aspx?current=5,Atucha 2,,,Atucha 1-2
2,ARGENTINA,EMBALSE,PHWR,Operational,2023,-32.232,-64.443,https://pris.iaea.org/PRIS/CountryStatistics/ReactorDetails.aspx?current=4,Embalse,,,Embalse
3,ARMENIA,ARMENIAN-1,PWR,Permanent Shutdown,1989,40.1808444444444,44.1489083333333,https://pris.iaea.org/PRIS/CountryStatistics/ReactorDetails.aspx?current=1,Armenia 1-2,,,Armenian 1-2
4,ARMENIA,ARMENIAN-2,PWR,Operational,2023,40.1808444444444,44.1489083333333,https://pris.iaea.org/PRIS/CountryStatistics/ReactorDetails.aspx?current=2,Armenia 1-2,,,Armenian 1-2
5,BELARUS,BELARUSIAN-1,PWR,Operational,2023,54.7583,26.09167,https://pris.iaea.org/PRIS/CountryStatistics/ReactorDetails.aspx?current=1056,,,,Belarusian 1-2
6,BELARUS,BELARUSIAN-2,PWR,Operational,2023,54.7583,26.09167,https://pris.iaea.org/PRIS/CountryStatistics/ReactorDetails.aspx?current=1061,,,,Belarusian 1-2
7,BELGIUM,BR-3,PWR,Permanent Shutdown,1987,51.2191667,5.102222,https://pris.iaea.org/PRIS/CountryStatistics/ReactorDetails.aspx?current=8,,,,BR-3
8,BELGIUM,DOEL-1,PWR,Operational,2023,51.3247222222222,4.25874722222222,https://pris.iaea.org/PRIS/CountryStatistics/ReactorDetails.aspx?current=9,Doel 1-4,,Doel 1-4,Doel 1-4 
9,BELGIUM,DOEL-2,PWR,Operational,2023,51.3247222222222,4.25874722222222,https://pris.iaea.org/PRIS/CountryStatistics/ReactorDetails.aspx?current=11,Doel 1-4,,Doel 1-4,Doel 1-4
10,BELGIUM,DOEL-3,PWR,Permanent Shutdown,2022,51.3247222222222,4.25874722222222,https://pris.iaea.org/PRIS/CountryStatistics/ReactorDetails.aspx?current=12,Doel 1-4,,Doel 1-4,Doel 1-4
11,BELGIUM,DOEL-4,PWR,Operational,2023,51.3247222222222,4.25874722222222,https://pris.iaea.org/PRIS/CountryStatistics/ReactorDetails.aspx?current=14,Doel 1-4,,Doel 1-4,Doel 1-4
12,BELGIUM,TIHANGE-1,PWR,Operational,2023,50.5346277777778,5.27253333333333,https://pris.iaea.org/PRIS/CountryStatistics/ReactorDetails.aspx?current=10,Tihange 1-3,,Tihange 1-3,Tihange 1-3
13,BELGIUM,TIHANGE-2,PWR,Permanent Shutdown,2023,50.5346277777778,5.27253333333333,https://pris.iaea.org/PRIS/CountryStatistics/ReactorDetails.aspx?current=13,Tihange 1-3,,Tihange 1-3,Tihange 1-3
14,BELGIUM,TIHANGE-3,PWR,Operational,2023,50.5346277777778,5.27253333333333,https://pris.iaea.org/PRIS/CountryStatistics/ReactorDetails.aspx?current=15,Tihange 1-3,,Tihange 1-3,Tihange 1-3
15,BRAZIL,ANGRA-1,PWR,Operational,2023,-23.0083333333333,-44.4738888888889,https://pris.iaea.org/PRIS/CountryStatistics/ReactorDetails.aspx?current=24,Angra 1-2,,,Angra 1-2
16,BRAZIL,ANGRA-2,PWR,Operational,2023,-23.0083333333333,-44.4738888888889,https://pris.iaea.org/PRIS/CountryStatistics/ReactorDetails.aspx?current=25,Angra 1-2,,,Angra 1-2
17,BULGARIA,KOZLODUY-1,PWR,Permanent Shutdown,2002,43.7461111111111,23.7705555555556,https://pris.iaea.org/PRIS/CountryStatistics/ReactorDetails.aspx?current=16,Kozloduy 1-6,Kozloduy 1-6,Kozloduy,Kozloduy 1-6
18,BULGARIA,KOZLODUY-2,PWR,Permanent Shutdown,2002,43.7461111111111,23.7705555555556,https://pris.iaea.org/PRIS/CountryStatistics/ReactorDetails.aspx?current=17,Kozloduy 1-6,Kozloduy 1-6,Kozloduy,Kozloduy 1-6
19,BULGARIA,KOZLODUY-3,PWR,Permanent Shutdown,2006,43.7461111111111,23.7705555555556,https://pris.iaea.org/PRIS/CountryStatistics/ReactorDetails.aspx?current=18,Kozloduy 1-6,Kozloduy 1-6,Kozloduy,Kozloduy 1-6
20,BULGARIA,KOZLODUY-4,PWR,Permanent Shutdown,2006,43.7461111111111,23.7705555555556,https://pris.iaea.org/PRIS/CountryStatistics/ReactorDetails.aspx?current=19,Kozloduy 1-6,Kozloduy 1-6,Kozloduy,Kozloduy 1-6
21,BULGARIA,KOZLODUY-5,PWR,Operational,2023,43.7461111111111,23.7705555555556,https://pris.iaea.org/PRIS/CountryStatistics/ReactorDetails.aspx?current=20,Kozloduy 1-6,Kozloduy 1-6,Kozloduy,Kozloduy 1-6
22,BULGARIA,KOZLODUY-6,PWR,Operational,2023,43.7461111111111,23.7705555555556,https://pris.iaea.org/PRIS/CountryStatistics/ReactorDetails.aspx?current=21,Kozloduy 1-6,Kozloduy 1-6,Kozloduy,Kozloduy 1-6
23,CANADA,BRUCE-1,PHWR,Operational,2023,44.3266666666667,-81.5875,https://pris.iaea.org/PRIS/CountryStatistics/ReactorDetails.aspx?current=53,Bruce 1-8,,,Bruce 1-8
24,CANADA,BRUCE-2,PHWR,Operational,2023,44.3266666666667,-81.5875,https://pris.iaea.org/PRIS/CountryStatistics/ReactorDetails.aspx?current=54,Bruce 1-8,,,Bruce 1-8
25,CANADA,BRUCE-3,PHWR,Operational,2023,44.3266666666667,-81.5875,https://pris.iaea.org/PRIS/CountryStatistics/ReactorDetails.aspx?current=30,Bruce 1-8,,,Bruce 1-8
26,CANADA,BRUCE-4,PHWR,Operational,2023,44.3266666666667,-81.5875,https://pris.iaea.org/PRIS/CountryStatistics/ReactorDetails.aspx?current=31,Bruce 1-8,,,Bruce 1-8
27,CANADA,BRUCE-5,PHWR,Operational,2023,44.3266666666667,-81.5875,https://pris.iaea.org/PRIS/CountryStatistics/ReactorDetails.aspx?current=38,Bruce 1-8,,,Bruce 1-8
28,CANADA,BRUCE-6,PHWR,Operational,2023,44.3266666666667,-81.5875,https://pris.iaea.org/PRIS/CountryStatistics/ReactorDetails.aspx?current=39,Bruce 1-8,,,Bruce 1-8
29,CANADA,BRUCE-7,PHWR,Operational,2023,44.3266666666667,-81.5875,https://pris.iaea.org/PRIS/CountryStatistics/ReactorDetails.aspx?current=41,Bruce 1-8,,,Bruce 1-8
30,CANADA,BRUCE-8,PHWR,Operational,2023,44.3266666666667,-81.5875,https://pris.iaea.org/PRIS/CountryStatistics/ReactorDetails.aspx?current=42,Bruce 1-8,,,Bruce 1-8
31,CANADA,DARLINGTON-1,PHWR,Operational,2022,43.8727777777778,-78.7197222222222,https://pris.iaea.org/PRIS/CountryStatistics/ReactorDetails.aspx?current=43,Darlington 1-4,,,Darlington 1-4
32,CANADA,DARLINGTON-2,PHWR,Operational,2023,43.8727777777778,-78.7197222222222,https://pris.iaea.org/PRIS/CountryStatistics/ReactorDetails.aspx?current=44,Darlington 1-4,,,Darlington 1-4
33,CANADA,DARLINGTON-3,PHWR,Operational,2023,43.8727777777778,-78.7197222222222,https://pris.iaea.org/PRIS/CountryStatistics/ReactorDetails.aspx?current=45,Darlington 1-4,,,Darlington 1-4
34,CANADA,DARLINGTON-4,PHWR,Operational,2023,43.8727777777778,-78.7197222222222,https://pris.iaea.org/PRIS/CountryStatistics/ReactorDetails.aspx?current=46,Darlington 1-4,,,Darlington 1-4
35,CANADA,DOUGLAS POINT,PHWR,Permanent Shutdown,1984,44.3267,-81.6,https://pris.iaea.org/PRIS/CountryStatistics/ReactorDetails.aspx?current=40,,,,Douglas Point
36,CANADA,GENTILLY-1,HWLWR,Permanent Shutdown,1977,46.3958333333333,-72.3569444444445,https://pris.iaea.org/PRIS/CountryStatistics/ReactorDetails.aspx?current=47,,,,Gentilly 1-2
37,CANADA,GENTILLY-2,PHWR,Permanent Shutdown,2012,46.3958333333333,-72.3569444444445,https://pris.iaea.org/PRIS/CountryStatistics/ReactorDetails.aspx?current=32,,,,Gentilly 1-2
38,CANADA,PICKERING-1,PHWR,Operational,2023,43.8116666666667,-79.0658333333333,https://pris.iaea.org/PRIS/CountryStatistics/ReactorDetails.aspx?current=49,Pickering 1-8,,,Pickering 1-8
39,CANADA,PICKERING-2,PHWR,Permanent Shutdown,1997,43.8116666666667,-79.0658333333333,https://pris.iaea.org/PRIS/CountryStatistics/ReactorDetails.aspx?current=50,Pickering 1-8,,,Pickering 1-8
40,CANADA,PICKERING-3,PHWR,Permanent Shutdown,1997,43.8116666666667,-79.0658333333333,https://pris.iaea.org/PRIS/CountryStatistics/ReactorDetails.aspx?current=51,Pickering 1-8,,,Pickering 1-8
41,CANADA,PICKERING-4,PHWR,Operational,2023,43.8116666666667,-79.0658333333333,https://pris.iaea.org/PRIS/CountryStatistics/ReactorDetails.aspx?current=52,Pickering 1-8,,,Pickering 1-8
42,CANADA,PICKERING-5,PHWR,Operational,2023,43.8116666666667,-79.0658333333333,https://pris.iaea.org/PRIS/CountryStatistics/ReactorDetails.aspx?current=33,Pickering 1-8,,,Pickering 1-8
43,CANADA,PICKERING-6,PHWR,Operational,2023,43.8116666666667,-79.0658333333333,https://pris.iaea.org/PRIS/CountryStatistics/ReactorDetails.aspx?current=34,Pickering 1-8,,,Pickering 1-8
44,CANADA,PICKERING-7,PHWR,Operational,2023,43.8116666666667,-79.0658333333333,https://pris.iaea.org/PRIS/CountryStatistics/ReactorDetails.aspx?current=35,Pickering 1-8,,,Pickering 1-8
45,CANADA,PICKERING-8,PHWR,Operational,2023,43.8116666666667,-79.0658333333333,https://pris.iaea.org/PRIS/CountryStatistics/ReactorDetails.aspx?current=36,Pickering 1-8,,,Pickering 1-8
46,CANADA,POINT LEPREAU,PHWR,Operational,2023,45.0694444444444,-66.4555555555556,https://pris.iaea.org/PRIS/CountryStatistics/ReactorDetails.aspx?current=37,Point Lepreau,,,Point Lepreau
47,CANADA,ROLPHTON NPD,PHWR,Permanent Shutdown,1987,46.1811,-77.695833,https://pris.iaea.org/PRIS/CountryStatistics/ReactorDetails.aspx?current=29,,,,Rolphton NPD
48,CHINA,CHANGJIANG-1,PWR,Operational,2023,19.298045,109.055719,https://pris.iaea.org/PRIS/CountryStatistics/ReactorDetails.aspx?current=939,CHANGJIANG-1,,,CHANGJIANG 1-2
49,CHINA,CHANGJIANG-2,PWR,Operational,2023,19.298045,109.055719,https://pris.iaea.org/PRIS/CountryStatistics/ReactorDetails.aspx?current=940,CHANGJIANG-2,,,CHANGJIANG 1-2
50,CHINA,DAYA BAY-1,PWR,Operational,2023,22.59722,114.54444,https://pris.iaea.org/PRIS/CountryStatistics/ReactorDetails.aspx?current=63,DAYA BAY-1,,,DAYA BAY 1-2
51,CHINA,DAYA BAY-2,PWR,Operational,2023,22.59722,114.54444,https://pris.iaea.org/PRIS/CountryStatistics/ReactorDetails.aspx?current=64,DAYA BAY-2,,,DAYA BAY 1-2
52,CHINA,FANGCHENGGANG-1,PWR,Operational,2023,21.68686,108.353847,https://pris.iaea.org/PRIS/CountryStatistics/ReactorDetails.aspx?current=943,FANGCHENGGANG-1,,,FANGCHENGGANG 1-4
53,CHINA,FANGCHENGGANG-2,PWR,Operational,2023,21.68686,108.353847,https://pris.iaea.org/PRIS/CountryStatistics/ReactorDetails.aspx?current=944,FANGCHENGGANG-2,,,FANGCHENGGANG 1-4
54,CHINA,FANGCHENGGANG-3,PWR,Operational,2023,21.68686,108.353847,https://pris.iaea.org/PRIS/CountryStatistics/ReactorDetails.aspx?current=945,,,,FANGCHENGGANG 1-4
55,CHINA,FANGCHENGGANG-4,PWR,Operational,2023,21.68686,108.353847,https://pris.iaea.org/PRIS/CountryStatistics/ReactorDetails.aspx?current=946,,,,FANGCHENGGANG 1-4
56,CHINA,FANGJIASHAN-1,PWR,Operational,2023,30.441389,120.941667,https://pris.iaea.org/PRIS/CountryStatistics/ReactorDetails.aspx?current=912,FANGJIASHAN-1,,,FANGJIASHAN 1-2
57,CHINA,FANGJIASHAN-2,PWR,Operational,2023,30.441389,120.941667,https://pris.iaea.org/PRIS/CountryStatistics/ReactorDetails.aspx?current=913,FANGJIASHAN-2,,,FANGJIASHAN 1-2
58,CHINA,FUQING-1,PWR,Operational,2023,25.44583,119.44722,https://pris.iaea.org/PRIS/CountryStatistics/ReactorDetails.aspx?current=914,FUQING-1,,,FUQING 1-6
59,CHINA,FUQING-2,PWR,Operational,2023,25.44583,119.44722,https://pris.iaea.org/PRIS/CountryStatistics/ReactorDetails.aspx?current=915,FUQING-2,,,FUQING 1-6
60,CHINA,FUQING-3,PWR,Operational,2023,25.44583,119.44722,https://pris.iaea.org/PRIS/CountryStatistics/ReactorDetails.aspx?current=935,FUQING-3,,,FUQING 1-6
61,CHINA,FUQING-4,PWR,Operational,2023,25.44583,119.44722,https://pris.iaea.org/PRIS/CountryStatistics/ReactorDetails.aspx?current=936,,,,FUQING 1-6
62,CHINA,FUQING-5,PWR,Operational,2023,25.44583,119.44722,https://pris.iaea.org/PRIS/CountryStatistics/ReactorDetails.aspx?current=937,,,,FUQING 1-6
63,CHINA,FUQING-6,PWR,Operational,2023,25.44583,119.44722,https://pris.iaea.org/PRIS/CountryStatistics/ReactorDetails.aspx?current=938,,,,FUQING 1-6
64,CHINA,HAIYANG-1,PWR,Operational,2023,36.776378,121.158434,https://pris.iaea.org/PRIS/CountryStatistics/ReactorDetails.aspx?current=908,,,,HAIYANG 1-2
65,CHINA,HAIYANG-2,PWR,Operational,2023,36.776378,121.158434,https://pris.iaea.org/PRIS/CountryStatistics/ReactorDetails.aspx?current=909,,,,HAIYANG 1-2
66,CHINA,HONGYANHE-1,PWR,Operational,2023,39.795833,121.48056,https://pris.iaea.org/PRIS/CountryStatistics/ReactorDetails.aspx?current=904,Hongyanhe 1-2,,,HONGYANHE 1-6
67,CHINA,HONGYANHE-2,PWR,Operational,2023,39.795833,121.48056,https://pris.iaea.org/PRIS/CountryStatistics/ReactorDetails.aspx?current=905,Hongyanhe 1-2,,,HONGYANHE 1-6
68,CHINA,HONGYANHE-3,PWR,Operational,2023,39.795833,121.48056,https://pris.iaea.org/PRIS/CountryStatistics/ReactorDetails.aspx?current=906,HONGYANHE-3,,,HONGYANHE 1-6
69,CHINA,HONGYANHE-4,PWR,Operational,2023,39.795833,121.48056,https://pris.iaea.org/PRIS/CountryStatistics/ReactorDetails.aspx?current=907,HONGYANHE-4,,,HONGYANHE 1-6
70,CHINA,HONGYANHE-5,PWR,Operational,2023,39.795833,121.48056,https://pris.iaea.org/PRIS/CountryStatistics/ReactorDetails.aspx?current=997,,,,HONGYANHE 1-6
71,CHINA,HONGYANHE-6,PWR,Operational,2023,39.795833,121.48056,https://pris.iaea.org/PRIS/CountryStatistics/ReactorDetails.aspx?current=998,,,,HONGYANHE 1-6
72,CHINA,LING AO-1,PWR,Operational,2023,22.6047888888889,114.551488888889,https://pris.iaea.org/PRIS/CountryStatistics/ReactorDetails.aspx?current=67,Lingao 1-4,,,LING AO 1-4
73,CHINA,LING AO-2,PWR,Operational,2023,22.6047888888889,114.551488888889,https://pris.iaea.org/PRIS/CountryStatistics/ReactorDetails.aspx?current=68,Lingao 1-4,,,LING AO 1-4
74,CHINA,LING AO-3,PWR,Operational,2023,22.6047888888889,114.551488888889,https://pris.iaea.org/PRIS/CountryStatistics/ReactorDetails.aspx?current=878,Lingao 1-4,,,LING AO 1-4
75,CHINA,LING AO-4,PWR,Operational,2023,22.6047888888889,114.551488888889,https://pris.iaea.org/PRIS/CountryStatistics/ReactorDetails.aspx?current=875,Lingao 1-4,,,LING AO 1-4
76,CHINA,NINGDE-1,PWR,Operational,2023,27.0444,120.2833,https://pris.iaea.org/PRIS/CountryStatistics/ReactorDetails.aspx?current=921,Ningde 1-4,,,NINGDE 1-4
77,CHINA,NINGDE-2,PWR,Operational,2023,27.0444,120.2833,https://pris.iaea.org/PRIS/CountryStatistics/ReactorDetails.aspx?current=922,Ningde 1-4,,,NINGDE 1-4
78,CHINA,NINGDE-3,PWR,Operational,2023,27.0444,120.2833,https://pris.iaea.org/PRIS/CountryStatistics/ReactorDetails.aspx?current=923,Ningde 1-4,,,NINGDE 1-4
79,CHINA,NINGDE-4,PWR,Operational,2023,27.0444,120.2833,https://pris.iaea.org/PRIS/CountryStatistics/ReactorDetails.aspx?current=924,Ningde 1-4,,,NINGDE 1-4
80,CHINA,QINSHAN 2-1,PWR,Operational,2023,30.435425,120.956413888889,https://pris.iaea.org/PRIS/CountryStatistics/ReactorDetails.aspx?current=65,Qinshan2 1-2,,,QINSHAN 2 1-4
81,CHINA,QINSHAN 2-2,PWR,Operational,2023,30.435425,120.956413888889,https://pris.iaea.org/PRIS/CountryStatistics/ReactorDetails.aspx?current=66,Qinshan2 1-2,,,QINSHAN 2 1-4
82,CHINA,QINSHAN 2-3,PWR,Operational,2023,30.435425,120.956413888889,https://pris.iaea.org/PRIS/CountryStatistics/ReactorDetails.aspx?current=876,Qinshan2 1-2,,,QINSHAN 2 1-4
83,CHINA,QINSHAN 2-4,PWR,Operational,2023,30.435425,120.956413888889,https://pris.iaea.org/PRIS/CountryStatistics/ReactorDetails.aspx?current=877,Qinshan2 1-2,,,QINSHAN 2 1-4
84,CHINA,QINSHAN 3-1,PHWR,Operational,2023,30.435425,120.956413888889,https://pris.iaea.org/PRIS/CountryStatistics/ReactorDetails.aspx?current=69,Qinshan3 1-2,,,QINSHAN 3 1-2
85,CHINA,QINSHAN 3-2,PHWR,Operational,2023,30.435425,120.956413888889,https://pris.iaea.org/PRIS/CountryStatistics/ReactorDetails.aspx?current=840,Qinshan3 1-2,,,QINSHAN 3 1-2
86,CHINA,QINSHAN-1,PWR,Operational,2023,30.435425,120.956413888889,https://pris.iaea.org/PRIS/CountryStatistics/ReactorDetails.aspx?current=62,QINSHAN-1,,,QINSHAN 1
87,CHINA,SANMEN-1,PWR,Operational,2023,28.6667,121.35,https://pris.iaea.org/PRIS/CountryStatistics/ReactorDetails.aspx?current=879,,,,SANMEN 1-2
88,CHINA,SANMEN-2,PWR,Operational,2023,28.6667,121.35,https://pris.iaea.org/PRIS/CountryStatistics/ReactorDetails.aspx?current=880,,,,SANMEN 1-2
89,CHINA,SHIDAO BAY-1,HTGR,Operational,2023,37.513068,122.12042,https://pris.iaea.org/PRIS/CountryStatistics/ReactorDetails.aspx?current=957,,,,SHIDAO BAY 1
90,CHINA,TAISHAN-1,PWR,Operational,2023,34.6869444,119.4597222,https://pris.iaea.org/PRIS/CountryStatistics/ReactorDetails.aspx?current=918,,,,TAISHAN 1-2
91,CHINA,TAISHAN-2,PWR,Operational,2023,34.6869444,119.4597222,https://pris.iaea.org/PRIS/CountryStatistics/ReactorDetails.aspx?current=919,,,,TAISHAN 1-2
92,CHINA,TIANWAN-1,PWR,Operational,2023,34.661453,119.224319,https://pris.iaea.org/PRIS/CountryStatistics/ReactorDetails.aspx?current=838,Tianwan 1-2,,,TIANWAN 1-6
93,CHINA,TIANWAN-2,PWR,Operational,2023,34.661453,119.224319,https://pris.iaea.org/PRIS/CountryStatistics/ReactorDetails.aspx?current=839,Tianwan 1-2,,,TIANWAN 1-6
94,CHINA,TIANWAN-3,PWR,Operational,2023,34.661453,119.224319,https://pris.iaea.org/PRIS/CountryStatistics/ReactorDetails.aspx?current=973,,,,TIANWAN 1-6
95,CHINA,TIANWAN-4,PWR,Operational,2023,34.661453,119.224319,https://pris.iaea.org/PRIS/CountryStatistics/ReactorDetails.aspx?current=974,,,,TIANWAN 1-6
96,CHINA,TIANWAN-5,PWR,Operational,2023,34.661453,119.224319,https://pris.iaea.org/PRIS/CountryStatistics/ReactorDetails.aspx?current=975,,,,TIANWAN 1-6
97,CHINA,TIANWAN-6,PWR,Operational,2023,34.661453,119.224319,https://pris.iaea.org/PRIS/CountryStatistics/ReactorDetails.aspx?current=976,,,,TIANWAN 1-6
98,CHINA,YANGJIANG-1,PWR,Operational,2023,21.708333,112.2611,https://pris.iaea.org/PRIS/CountryStatistics/ReactorDetails.aspx?current=881,YANGJIANG 1-3,,,YANGJIANG 1-6
99,CHINA,YANGJIANG-2,PWR,Operational,2023,21.708333,112.2611,https://pris.iaea.org/PRIS/CountryStatistics/ReactorDetails.aspx?current=882,YANGJIANG 1-3,,,YANGJIANG 1-6
100,CHINA,YANGJIANG-3,PWR,Operational,2023,21.708333,112.2611,https://pris.iaea.org/PRIS/CountryStatistics/ReactorDetails.aspx?current=931,YANGJIANG 1-3,,,YANGJIANG 1-6
101,CHINA,YANGJIANG-4,PWR,Operational,2023,21.708333,112.2611,https://pris.iaea.org/PRIS/CountryStatistics/ReactorDetails.aspx?current=932,,,,YANGJIANG 1-6
102,CHINA,YANGJIANG-5,PWR,Operational,2023,21.708333,112.2611,https://pris.iaea.org/PRIS/CountryStatistics/ReactorDetails.aspx?current=933,,,,YANGJIANG 1-6
103,CHINA,YANGJIANG-6,PWR,Operational,2023,21.708333,112.2611,https://pris.iaea.org/PRIS/CountryStatistics/ReactorDetails.aspx?current=934,,,,YANGJIANG 1-6
104,CZECH REPUBLIC,DUKOVANY-1,PWR,Operational,2023,49.085,16.1488888888889,https://pris.iaea.org/PRIS/CountryStatistics/ReactorDetails.aspx?current=78,Dukovany 1-4,Dukovany 1-4,Dukovany,DUKOVANY 1-4
105,CZECH REPUBLIC,DUKOVANY-2,PWR,Operational,2023,49.085,16.1488888888889,https://pris.iaea.org/PRIS/CountryStatistics/ReactorDetails.aspx?current=79,Dukovany 1-4,Dukovany 1-4,Dukovany,DUKOVANY 1-4
106,CZECH REPUBLIC,DUKOVANY-3,PWR,Operational,2023,49.085,16.1488888888889,https://pris.iaea.org/PRIS/CountryStatistics/ReactorDetails.aspx?current=80,Dukovany 1-4,Dukovany 1-4,Dukovany,DUKOVANY 1-4
107,CZECH REPUBLIC,DUKOVANY-4,PWR,Operational,2023,49.085,16.1488888888889,https://pris.iaea.org/PRIS/CountryStatistics/ReactorDetails.aspx?current=81,Dukovany 1-4,Dukovany 1-4,Dukovany,DUKOVANY 1-4
108,CZECH REPUBLIC,TEMELIN-1,PWR,Operational,2023,49.18,14.3761111111111,https://pris.iaea.org/PRIS/CountryStatistics/ReactorDetails.aspx?current=74,Temelin 1-2,Temelin 1-2,Temelin,TEMELIN 1-2
109,CZECH REPUBLIC,TEMELIN-2,PWR,Operational,2023,49.18,14.3761111111111,https://pris.iaea.org/PRIS/CountryStatistics/ReactorDetails.aspx?current=75,Temelin 1-2,Temelin 1-2,Temelin,TEMELIN 1-2
110,FINLAND,LOVIISA-1,PWR,Operational,2023,60.3722222222222,26.3472222222222,https://pris.iaea.org/PRIS/CountryStatistics/ReactorDetails.aspx?current=157,Loviisa 1-2,Loviisa 1-2,Loviisa,LOVIISA 1-2
111,FINLAND,LOVIISA-2,PWR,Operational,2023,60.3722222222222,26.3472222222222,https://pris.iaea.org/PRIS/CountryStatistics/ReactorDetails.aspx?current=158,Loviisa 1-2,Loviisa 1-2,Loviisa,LOVIISA 1-2
112,FINLAND,OLKILUOTO-1,BWR,Operational,2023,61.2369444444445,21.4408333333333,https://pris.iaea.org/PRIS/CountryStatistics/ReactorDetails.aspx?current=159,Olkiluoto 1-2,Olkiluoto 1-2,Olkiluoto,OLKILUOTO 1-3
113,FINLAND,OLKILUOTO-2,BWR,Operational,2023,61.2369444444445,21.4408333333333,https://pris.iaea.org/PRIS/CountryStatistics/ReactorDetails.aspx?current=160,Olkiluoto 1-2,Olkiluoto 1-2,Olkiluoto,OLKILUOTO 1-3
114,FINLAND,OLKILUOTO-3,PWR,Operational,2023,61.2369444444445,21.4408333333333,https://pris.iaea.org/PRIS/CountryStatistics/ReactorDetails.aspx?current=860,,,Olkiluoto,OLKILUOTO 1-3
115,FRANCE,BELLEVILLE-1,PWR,Operational,2023,47.5097222222222,2.875,https://pris.iaea.org/PRIS/CountryStatistics/ReactorDetails.aspx?current=211,Belleville 1-2,Belleville 1-2,Belleville,Belleville 1-2
116,FRANCE,BELLEVILLE-2,PWR,Operational,2023,47.5097222222222,2.875,https://pris.iaea.org/PRIS/CountryStatistics/ReactorDetails.aspx?current=212,Belleville 1-2,Belleville 1-2,Belleville,Belleville 1-2
117,FRANCE,BLAYAIS-1,PWR,Operational,2023,45.2561,-0.69235,https://pris.iaea.org/PRIS/CountryStatistics/ReactorDetails.aspx?current=187,Blayais 1-4,Blayais 1-4,Blayais,Blayais 1-4
118,FRANCE,BLAYAIS-2,PWR,Operational,2023,45.2561,-0.69235,https://pris.iaea.org/PRIS/CountryStatistics/ReactorDetails.aspx?current=188,Blayais 1-4,Blayais 1-4,Blayais,Blayais 1-4
119,FRANCE,BLAYAIS-3,PWR,Operational,2023,45.2561,-0.69235,https://pris.iaea.org/PRIS/CountryStatistics/ReactorDetails.aspx?current=189,Blayais 1-4,Blayais 1-4,Blayais,Blayais 1-4
120,FRANCE,BLAYAIS-4,PWR,Operational,2023,45.2561,-0.69235,https://pris.iaea.org/PRIS/CountryStatistics/ReactorDetails.aspx?current=190,Blayais 1-4,Blayais 1-4,Blayais,Blayais 1-4
121,FRANCE,BUGEY-1,GCR,Permanent Shutdown,1994,45.7983333333333,5.27083333333333,https://pris.iaea.org/PRIS/CountryStatistics/ReactorDetails.aspx?current=230,,,,BUGEY 1
122,FRANCE,BUGEY-2,PWR,Operational,2023,45.7983333333333,5.27083333333333,https://pris.iaea.org/PRIS/CountryStatistics/ReactorDetails.aspx?current=165,Bugey 2-5,Bugey 2-5,Bugey B,Bugey 2-5
123,FRANCE,BUGEY-3,PWR,Operational,2023,45.7983333333333,5.27083333333333,https://pris.iaea.org/PRIS/CountryStatistics/ReactorDetails.aspx?current=166,Bugey 2-5,Bugey 2-5,Bugey B,Bugey 2-5
124,FRANCE,BUGEY-4,PWR,Operational,2023,45.7983333333333,5.27083333333333,https://pris.iaea.org/PRIS/CountryStatistics/ReactorDetails.aspx?current=167,Bugey 2-5,Bugey 2-5,Bugey B,Bugey 2-5
125,FRANCE,BUGEY-5,PWR,Operational,2023,45.7983333333333,5.27083333333333,https://pris.iaea.org/PRIS/CountryStatistics/ReactorDetails.aspx?current=168,Bugey 2-5,Bugey 2-5,Bugey B,Bugey 2-5
126,FRANCE,CATTENOM-1,PWR,Operational,2023,49.4158333333333,6.21805555555556,https://pris.iaea.org/PRIS/CountryStatistics/ReactorDetails.aspx?current=207,Cattenom 1-4,Cattenom 1-4,Cattenom,Cattenom 1-4
127,FRANCE,CATTENOM-2,PWR,Operational,2023,49.4158333333333,6.21805555555556,https://pris.iaea.org/PRIS/CountryStatistics/ReactorDetails.aspx?current=210,Cattenom 1-4,Cattenom 1-4,Cattenom,Cattenom 1-4
128,FRANCE,CATTENOM-3,PWR,Operational,2023,49.4158333333333,6.21805555555556,https://pris.iaea.org/PRIS/CountryStatistics/ReactorDetails.aspx?current=218,Cattenom 1-4,Cattenom 1-4,Cattenom,Cattenom 1-4
129,FRANCE,CATTENOM-4,PWR,Operational,2023,49.4158333333333,6.21805555555556,https://pris.iaea.org/PRIS/CountryStatistics/ReactorDetails.aspx?current=223,Cattenom 1-4,Cattenom 1-4,Cattenom,Cattenom 1-4
130,FRANCE,CHINON A-1,GCR,Permanent Shutdown,1972,47.2305555555556,0.170555555555556,https://pris.iaea.org/PRIS/CountryStatistics/ReactorDetails.aspx?current=173,,,,CHINON A 1-3
131,FRANCE,CHINON A-2,GCR,Permanent Shutdown,1985,47.2305555555556,0.170555555555556,https://pris.iaea.org/PRIS/CountryStatistics/ReactorDetails.aspx?current=184,,,,CHINON A 1-3
132,FRANCE,CHINON A-3,GCR,Permanent Shutdown,1990,47.2305555555556,0.170555555555556,https://pris.iaea.org/PRIS/CountryStatistics/ReactorDetails.aspx?current=195,,,,CHINON A 1-3
133,FRANCE,CHINON B-1,PWR,Operational,2023,47.2305555555556,0.170555555555556,https://pris.iaea.org/PRIS/CountryStatistics/ReactorDetails.aspx?current=196,Chinon B1-B4,Chinon B1-B4,Chinon B,CHINON B 1-4
134,FRANCE,CHINON B-2,PWR,Operational,2023,47.2305555555556,0.170555555555556,https://pris.iaea.org/PRIS/CountryStatistics/ReactorDetails.aspx?current=197,Chinon B1-B4,Chinon B1-B4,Chinon B,CHINON B 1-4
135,FRANCE,CHINON B-3,PWR,Operational,2023,47.2305555555556,0.170555555555556,https://pris.iaea.org/PRIS/CountryStatistics/ReactorDetails.aspx?current=213,Chinon B1-B4,Chinon B1-B4,Chinon B,CHINON B 1-4
136,FRANCE,CHINON B-4,PWR,Operational,2023,47.2305555555556,0.170555555555556,https://pris.iaea.org/PRIS/CountryStatistics/ReactorDetails.aspx?current=214,Chinon B1-B4,Chinon B1-B4,Chinon B,CHINON B 1-4
137,FRANCE,CHOOZ B-1,PWR,Operational,2023,50.09,4.78944444444444,https://pris.iaea.org/PRIS/CountryStatistics/ReactorDetails.aspx?current=220,Chooz B1-B2,Chooz B1-B2,Chooz B, CHOOZ B 1-2
138,FRANCE,CHOOZ B-2,PWR,Operational,2023,50.09,4.78944444444444,https://pris.iaea.org/PRIS/CountryStatistics/ReactorDetails.aspx?current=226,Chooz B1-B2,Chooz B1-B2,Chooz B, CHOOZ B 1-2
139,FRANCE,CHOOZ-A (ARDENNES),PWR,Permanent Shutdown,1991,50.09,4.78944444444444,https://pris.iaea.org/PRIS/CountryStatistics/ReactorDetails.aspx?current=206,Chooz-A,Chooz-A,,CHOOZ A
140,FRANCE,CIVAUX-1,PWR,Operational,2023,46.4566666666667,0.652777777777778,https://pris.iaea.org/PRIS/CountryStatistics/ReactorDetails.aspx?current=227,Civaux,Civaux,Civaux,CIVAUX 1-2
141,FRANCE,CIVAUX-2,PWR,Operational,2023,46.4566666666667,0.652777777777778,https://pris.iaea.org/PRIS/CountryStatistics/ReactorDetails.aspx?current=228,Civaux,Civaux,Civaux,CIVAUX 1-2
142,FRANCE,CRUAS-1,PWR,Operational,2023,44.6330555555556,4.75666666666667,https://pris.iaea.org/PRIS/CountryStatistics/ReactorDetails.aspx?current=198,Cruas 1-4,Cruas 1-4,Cruas,CRUAS 1-4
143,FRANCE,CRUAS-2,PWR,Operational,2023,44.6330555555556,4.75666666666667,https://pris.iaea.org/PRIS/CountryStatistics/ReactorDetails.aspx?current=199,Cruas 1-4,Cruas 1-4,Cruas,CRUAS 1-4
144,FRANCE,CRUAS-3,PWR,Operational,2023,44.6330555555556,4.75666666666667,https://pris.iaea.org/PRIS/CountryStatistics/ReactorDetails.aspx?current=200,Cruas 1-4,Cruas 1-4,Cruas,CRUAS 1-4
145,FRANCE,CRUAS-4,PWR,Operational,2023,44.6330555555556,4.75666666666667,https://pris.iaea.org/PRIS/CountryStatistics/ReactorDetails.aspx?current=201,Cruas 1-4,Cruas 1-4,Cruas,CRUAS 1-4
146,FRANCE,DAMPIERRE-1,PWR,Operational,2023,47.7330555555556,2.51666666666667,https://pris.iaea.org/PRIS/CountryStatistics/ReactorDetails.aspx?current=176,Dampierre 1-4,Dampierre 1-4,Dampierre,DAMPIERRE 1-4
147,FRANCE,DAMPIERRE-2,PWR,Operational,2023,47.7330555555556,2.51666666666667,https://pris.iaea.org/PRIS/CountryStatistics/ReactorDetails.aspx?current=183,Dampierre 1-4,Dampierre 1-4,Dampierre,DAMPIERRE 1-4
148,FRANCE,DAMPIERRE-3,PWR,Operational,2023,47.7330555555556,2.51666666666667,https://pris.iaea.org/PRIS/CountryStatistics/ReactorDetails.aspx?current=185,Dampierre 1-4,Dampierre 1-4,Dampierre,DAMPIERRE 1-4
149,FRANCE,DAMPIERRE-4,PWR,Operational,2023,47.7330555555556,2.51666666666667,https://pris.iaea.org/PRIS/CountryStatistics/ReactorDetails.aspx?current=186,Dampierre 1-4,Dampierre 1-4,Dampierre,DAMPIERRE 1-4
150,FRANCE,EL-4 (MONTS D'ARREE),HWGCR,Permanent Shutdown,1985,48.3533,-3.872202778,https://pris.iaea.org/PRIS/CountryStatistics/ReactorDetails.aspx?current=217,,,,EL-4
151,FRANCE,FESSENHEIM-1,PWR,Permanent Shutdown,2020,47.9036,7.56234,https://pris.iaea.org/PRIS/CountryStatistics/ReactorDetails.aspx?current=163,Fessenheim 1-2,Fessenheim 1-2,Fessenheim,FESSENHEIM 1-2
152,FRANCE,FESSENHEIM-2,PWR,Permanent Shutdown,2020,47.9036,7.56234,https://pris.iaea.org/PRIS/CountryStatistics/ReactorDetails.aspx?current=164,Fessenheim 1-2,Fessenheim 1-2,Fessenheim,FESSENHEIM 1-2
153,FRANCE,FLAMANVILLE-1,PWR,Operational,2023,49.5363888888889,-1.88166666666667,https://pris.iaea.org/PRIS/CountryStatistics/ReactorDetails.aspx?current=202,Flamanville 1-2,Flamanville 1-2,Flamanville,FLAMANVILLE 1-2
154,FRANCE,FLAMANVILLE-2,PWR,Operational,2023,49.5363888888889,-1.88166666666667,https://pris.iaea.org/PRIS/CountryStatistics/ReactorDetails.aspx?current=203,Flamanville 1-2,Flamanville 1-2,Flamanville,FLAMANVILLE 1-2
155,FRANCE,G-2 (MARCOULE),GCR,Permanent Shutdown,1979,44.1433,4.70944,https://pris.iaea.org/PRIS/CountryStatistics/ReactorDetails.aspx?current=172,,,,G 1-2
156,FRANCE,G-3 (MARCOULE),GCR,Permanent Shutdown,1984,44.1433,4.70944,https://pris.iaea.org/PRIS/CountryStatistics/ReactorDetails.aspx?current=161,,,,G 1-2
157,FRANCE,GOLFECH-1,PWR,Operational,2022,44.1067,0.8453,https://pris.iaea.org/PRIS/CountryStatistics/ReactorDetails.aspx?current=219,Golfech 1-2,Golfech 1-2,Golfech,GOLFECH 1-2
158,FRANCE,GOLFECH-2,PWR,Operational,2023,44.1067,0.8453,https://pris.iaea.org/PRIS/CountryStatistics/ReactorDetails.aspx?current=224,Golfech 1-2,Golfech 1-2,Golfech,GOLFECH 1-2
159,FRANCE,GRAVELINES-1,PWR,Operational,2023,51.0144444444444,2.135,https://pris.iaea.org/PRIS/CountryStatistics/ReactorDetails.aspx?current=174,Gravelines 1-6,Gravelines 1-6,Gravelines,GRAVELINES 1-6
160,FRANCE,GRAVELINES-2,PWR,Operational,2023,51.0144444444444,2.135,https://pris.iaea.org/PRIS/CountryStatistics/ReactorDetails.aspx?current=175,Gravelines 1-6,Gravelines 1-6,Gravelines,GRAVELINES 1-6
161,FRANCE,GRAVELINES-3,PWR,Operational,2023,51.0144444444444,2.135,https://pris.iaea.org/PRIS/CountryStatistics/ReactorDetails.aspx?current=181,Gravelines 1-6,Gravelines 1-6,Gravelines,GRAVELINES 1-6
162,FRANCE,GRAVELINES-4,PWR,Operational,2023,51.0144444444444,2.135,https://pris.iaea.org/PRIS/CountryStatistics/ReactorDetails.aspx?current=182,Gravelines 1-6,Gravelines 1-6,Gravelines,GRAVELINES 1-6
163,FRANCE,GRAVELINES-5,PWR,Operational,2023,51.0144444444444,2.135,https://pris.iaea.org/PRIS/CountryStatistics/ReactorDetails.aspx?current=208,Gravelines 1-6,Gravelines 1-6,Gravelines,GRAVELINES 1-6
164,FRANCE,GRAVELINES-6,PWR,Operational,2023,51.0144444444444,2.135,https://pris.iaea.org/PRIS/CountryStatistics/ReactorDetails.aspx?current=209,Gravelines 1-6,Gravelines 1-6,Gravelines,GRAVELINES 1-6
165,FRANCE,NOGENT-1,PWR,Operational,2023,48.5152777777778,3.51777777777778,https://pris.iaea.org/PRIS/CountryStatistics/ReactorDetails.aspx?current=215,Nogent 1-2,Nogent 1-2,Nogent,NOGENT 1-2
166,FRANCE,NOGENT-2,PWR,Operational,2023,48.5152777777778,3.51777777777778,https://pris.iaea.org/PRIS/CountryStatistics/ReactorDetails.aspx?current=216,Nogent 1-2,Nogent 1-2,Nogent,NOGENT 1-2
167,FRANCE,PALUEL-1,PWR,Operational,2023,49.8580555555556,0.635555555555556,https://pris.iaea.org/PRIS/CountryStatistics/ReactorDetails.aspx?current=191,Paluel 1-4,Paluel 1-4,Paluel,PALUEL 1-4
168,FRANCE,PALUEL-2,PWR,Operational,2023,49.8580555555556,0.635555555555556,https://pris.iaea.org/PRIS/CountryStatistics/ReactorDetails.aspx?current=192,Paluel 1-4,Paluel 1-4,Paluel,PALUEL 1-4
169,FRANCE,PALUEL-3,PWR,Operational,2023,49.8580555555556,0.635555555555556,https://pris.iaea.org/PRIS/CountryStatistics/ReactorDetails.aspx?current=193,Paluel 1-4,Paluel 1-4,Paluel,PALUEL 1-4
170,FRANCE,PALUEL-4,PWR,Operational,2023,49.8580555555556,0.635555555555556,https://pris.iaea.org/PRIS/CountryStatistics/ReactorDetails.aspx?current=194,Paluel 1-4,Paluel 1-4,Paluel,PALUEL 1-4
171,FRANCE,PENLY-1,PWR,Operational,2023,49.9766666666667,1.21194444444444,https://pris.iaea.org/PRIS/CountryStatistics/ReactorDetails.aspx?current=221,Penly 1-2,Penly 1-2,Penly,PENLY 1-2
172,FRANCE,PENLY-2,PWR,Operational,2023,49.9766666666667,1.21194444444444,https://pris.iaea.org/PRIS/CountryStatistics/ReactorDetails.aspx?current=222,Penly 1-2,Penly 1-2,Penly,PENLY 1-2
173,FRANCE,PHENIX,FBR,Permanent Shutdown,2009,44.1433333333333,4.71166666666667,https://pris.iaea.org/PRIS/CountryStatistics/ReactorDetails.aspx?current=162,Phenix,,,PHENIX
174,FRANCE,ST. ALBAN-1,PWR,Operational,2023,45.4043,4.75548,https://pris.iaea.org/PRIS/CountryStatistics/ReactorDetails.aspx?current=204,St. Alban 1-2,St. Alban 1-2,St Alban,ST. ALBAN 1-2
175,FRANCE,ST. ALBAN-2,PWR,Operational,2023,45.4043,4.75548,https://pris.iaea.org/PRIS/CountryStatistics/ReactorDetails.aspx?current=205,St. Alban 1-2,St. Alban 1-2,St Alban,ST. ALBAN 1-2
176,FRANCE,ST. LAURENT A-1,GCR,Permanent Shutdown,1989,47.72,1.5775,https://pris.iaea.org/PRIS/CountryStatistics/ReactorDetails.aspx?current=225,,,,ST. LAURENT A 1-2
177,FRANCE,ST. LAURENT A-2,GCR,Permanent Shutdown,1992,47.72,1.5775,https://pris.iaea.org/PRIS/CountryStatistics/ReactorDetails.aspx?current=229,,,,ST. LAURENT A 1-2
178,FRANCE,ST. LAURENT B-1,PWR,Operational,2023,47.72,1.5775,https://pris.iaea.org/PRIS/CountryStatistics/ReactorDetails.aspx?current=169,St. Laurent B1-B2,St. Laurent B1-B2,St Laurent B
179,FRANCE,ST. LAURENT B-2,PWR,Operational,2023,47.72,1.5775,https://pris.iaea.org/PRIS/CountryStatistics/ReactorDetails.aspx?current=177,St. Laurent B1-B2,St. Laurent B1-B2,St Laurent B
180,FRANCE,SUPER-PHENIX,FBR,Permanent Shutdown,1996,45.75833,5.47222,https://pris.iaea.org/PRIS/CountryStatistics/ReactorDetails.aspx?current=178,Super Phenix,,,SUPER-PHENIX
181,FRANCE,TRICASTIN-1,PWR,Operational,2023,44.3297222222222,4.73222222222222,https://pris.iaea.org/PRIS/CountryStatistics/ReactorDetails.aspx?current=170,Tricastin 1-4,Tricastin 1-4,Tricastin,TRICASTIN 1-4
182,FRANCE,TRICASTIN-2,PWR,Operational,2023,44.3297222222222,4.73222222222222,https://pris.iaea.org/PRIS/CountryStatistics/ReactorDetails.aspx?current=171,Tricastin 1-4,Tricastin 1-4,Tricastin,TRICASTIN 1-4
183,FRANCE,TRICASTIN-3,PWR,Operational,2023,44.3297222222222,4.73222222222222,https://pris.iaea.org/PRIS/CountryStatistics/ReactorDetails.aspx?current=179,Tricastin 1-4,Tricastin 1-4,Tricastin,TRICASTIN 1-4
184,FRANCE,TRICASTIN-4,PWR,Operational,2023,44.3297222222222,4.73222222222222,https://pris.iaea.org/PRIS/CountryStatistics/ReactorDetails.aspx?current=180,Tricastin 1-4,Tricastin 1-4,Tricastin,TRICASTIN 1-4
185,GERMANY,AVR JUELICH,HTGR,Permanent Shutdown,1988,50.903056,6.42111,https://pris.iaea.org/PRIS/CountryStatistics/ReactorDetails.aspx?current=114,,,,AVR JUELICH
186,GERMANY,BIBLIS-A,PWR,Permanent Shutdown,2011,49.71,8.41527777777778,https://pris.iaea.org/PRIS/CountryStatistics/ReactorDetails.aspx?current=85,Biblis A,Biblis A,Biblis A+B,Biblis A+B
187,GERMANY,BIBLIS-B,PWR,Permanent Shutdown,2011,49.71,8.41527777777778,https://pris.iaea.org/PRIS/CountryStatistics/ReactorDetails.aspx?current=91,Biblis B,Biblis B,Biblis A+B,Biblis A+B
188,GERMANY,BROKDORF,PWR,Permanent Shutdown,2021,53.8508333333333,9.34472222222222,https://pris.iaea.org/PRIS/CountryStatistics/ReactorDetails.aspx?current=107,Brokdorf,Brokdorf,Brokdorf,Brokdorf
189,GERMANY,BRUNSBUETTEL,BWR,Permanent Shutdown,2007,53.8916666666667,9.20166666666667,https://pris.iaea.org/PRIS/CountryStatistics/ReactorDetails.aspx?current=86,Brunsbüttel,Brunsbüttel,Brunsbüttel,Brunsbüttel
190,GERMANY,EMSLAND,PWR,Permanent Shutdown,2023,52.4742305555556,7.31785833333333,https://pris.iaea.org/PRIS/CountryStatistics/ReactorDetails.aspx?current=108,Emsland,Emsland,Emsland,Emsland
191,GERMANY,GRAFENRHEINFELD,PWR,Permanent Shutdown,2015,49.9840861111111,10.1846694444444,https://pris.iaea.org/PRIS/CountryStatistics/ReactorDetails.aspx?current=97,Grafenrheinfeld,Grafenrheinfeld,Grafenrheinfeld,Grafenrheinfeld
192,GERMANY,GREIFSWALD-1,PWR,Permanent Shutdown,1989,54.140586111,13.66442222,https://pris.iaea.org/PRIS/CountryStatistics/ReactorDetails.aspx?current=123,,,,GREIFSWALD 1-4
193,GERMANY,GREIFSWALD-2,PWR,Permanent Shutdown,1989,54.140586111,13.66442222,https://pris.iaea.org/PRIS/CountryStatistics/ReactorDetails.aspx?current=124,,,,GREIFSWALD 1-4
194,GERMANY,GREIFSWALD-3,PWR,Permanent Shutdown,1989,54.140586111,13.66442222,https://pris.iaea.org/PRIS/CountryStatistics/ReactorDetails.aspx?current=125,,,,GREIFSWALD 1-4
195,GERMANY,GREIFSWALD-4,PWR,Permanent Shutdown,1989,54.140586111,13.66442222,https://pris.iaea.org/PRIS/CountryStatistics/ReactorDetails.aspx?current=126,,,,GREIFSWALD 1-4
196,GERMANY,GROHNDE,PWR,Permanent Shutdown,2021,52.0352777777778,9.41333333333333,https://pris.iaea.org/PRIS/CountryStatistics/ReactorDetails.aspx?current=101,Grohnde TOT,Grohnde,Grohnde,Grohnde
197,GERMANY,GUNDREMMINGEN-A,BWR,Permanent Shutdown,1977,48.5147222222222,10.4022222222222,https://pris.iaea.org/PRIS/CountryStatistics/ReactorDetails.aspx?current=104,Gundremmingen A,Gundremmingen A,Gundremmingen A+B+C,Gundremmingen A+B+C
198,GERMANY,GUNDREMMINGEN-B,BWR,Permanent Shutdown,2017,48.5147222222222,10.4022222222222,https://pris.iaea.org/PRIS/CountryStatistics/ReactorDetails.aspx?current=100,Gundremmingen B-C,Gundremmingen B-C,Gundremmingen A+B+C,Gundremmingen A+B+C
199,GERMANY,GUNDREMMINGEN-C,BWR,Permanent Shutdown,2021,48.5147222222222,10.4022222222222,https://pris.iaea.org/PRIS/CountryStatistics/ReactorDetails.aspx?current=102,Gundremmingen B-C,Gundremmingen B-C,Gundremmingen A+B+C,Gundremmingen A+B+C
200,GERMANY,HDR GROSSWELZHEIM,BWR,Decommissioning Completed,1971,50.0551446,8.9848691,https://pris.iaea.org/PRIS/CountryStatistics/ReactorDetails.aspx?current=134,,,,HDR GROSSWELZHEIM
201,GERMANY,ISAR-1,BWR,Permanent Shutdown,2011,48.6056055555556,12.29315,https://pris.iaea.org/PRIS/CountryStatistics/ReactorDetails.aspx?current=89,Isar 1,Isar 1,Isar 1-2,Isar 1-2
202,GERMANY,ISAR-2,PWR,Permanent Shutdown,2023,48.6056055555556,12.29315,https://pris.iaea.org/PRIS/CountryStatistics/ReactorDetails.aspx?current=106,Isar 2,Isar 2,Isar 1-2,Isar 1-2
203,GERMANY,KNK II,FBR,Permanent Shutdown,1991,49.0973279,8.4327739,https://pris.iaea.org/PRIS/CountryStatistics/ReactorDetails.aspx?current=135,KNK II,,,KNK II
204,GERMANY,KRUEMMEL,BWR,Permanent Shutdown,2009,53.41,10.4088888888889,https://pris.iaea.org/PRIS/CountryStatistics/ReactorDetails.aspx?current=94,Krümmel,Krümmel,Krümmel,Krümmel
205,GERMANY,LINGEN,BWR,Permanent Shutdown,1977,52.4831853,7.3005223,https://pris.iaea.org/PRIS/CountryStatistics/ReactorDetails.aspx?current=133,Lingen,Lingen,,Lingen
206,GERMANY,MUELHEIM-KAERLICH,PWR,Permanent Shutdown,1988,50.408,7.49,https://pris.iaea.org/PRIS/CountryStatistics/ReactorDetails.aspx?current=96,Mülheim-Kärlich,Mülheim-Kärlich,Mülheim-Kärlich,Mülheim-Kärlich
207,GERMANY,MZFR,PHWR,Permanent Shutdown,1984,49.1043102,8.4325862,https://pris.iaea.org/PRIS/CountryStatistics/ReactorDetails.aspx?current=93,,,,MZFR
208,GERMANY,NECKARWESTHEIM-1,PWR,Permanent Shutdown,2011,49.0416666666667,9.175,https://pris.iaea.org/PRIS/CountryStatistics/ReactorDetails.aspx?current=88,Neckarwestheim 1,Neckarwestheim 1,Neckarwestheim 1-2,NECKARWESTHEIM 1-2
209,GERMANY,NECKARWESTHEIM-2,PWR,Permanent Shutdown,2023,49.0416666666667,9.175,https://pris.iaea.org/PRIS/CountryStatistics/ReactorDetails.aspx?current=119,Neckarwestheim 2,Neckarwestheim 2,Neckarwestheim 1-2,NECKARWESTHEIM 1-2
210,GERMANY,NIEDERAICHBACH,HWGCR,Decommissioning Completed,1974,48.6058015,12.3000848,https://pris.iaea.org/PRIS/CountryStatistics/ReactorDetails.aspx?current=84,Niederaichbach,,,Niederaichbach
211,GERMANY,OBRIGHEIM,PWR,Permanent Shutdown,2005,49.3644444444444,9.07638888888889,https://pris.iaea.org/PRIS/CountryStatistics/ReactorDetails.aspx?current=121,Obrigheim,Obrigheim,Obrigheim,Obrigheim
212,GERMANY,PHILIPPSBURG-1,BWR,Permanent Shutdown,2011,49.2525,8.43638888888889,https://pris.iaea.org/PRIS/CountryStatistics/ReactorDetails.aspx?current=87,Philippsburg 1,Philippsburg 1,Philippsburg 1-2,Philippsburg 1-2
213,GERMANY,PHILIPPSBURG-2,PWR,Permanent Shutdown,2019,49.2525,8.43638888888889,https://pris.iaea.org/PRIS/CountryStatistics/ReactorDetails.aspx?current=98,Philippsburg 2,Philippsburg 2,Philippsburg 1-2,Philippsburg 1-2
214,GERMANY,STADE,PWR,Permanent Shutdown,2003,53.62,9.530833,https://pris.iaea.org/PRIS/CountryStatistics/ReactorDetails.aspx?current=83,Stade,Stade,Stade,Stade
215,GERMANY,THTR-300,HTGR,Permanent Shutdown,1988,51.6786228,7.9700232,https://pris.iaea.org/PRIS/CountryStatistics/ReactorDetails.aspx?current=92,,,THTR 300,THTR 300
216,GERMANY,UNTERWESER,PWR,Permanent Shutdown,2011,53.4277,8.48019722222222,https://pris.iaea.org/PRIS/CountryStatistics/ReactorDetails.aspx?current=90,Unterweser,Unterweser,Unterweser,Unterweser
217,GERMANY,VAK KAHL,BWR,Decommissioning Completed,1985,50.0591294,8.9871812,https://pris.iaea.org/PRIS/CountryStatistics/ReactorDetails.aspx?current=82,,,,VAK KAHL
218,GERMANY,WUERGASSEN,BWR,Permanent Shutdown,1994,51.6333333333333,9.4,https://pris.iaea.org/PRIS/CountryStatistics/ReactorDetails.aspx?current=136,Würgassen,Würgassen,Würgassen,Würgassen
219,HUNGARY,PAKS-1,PWR,Operational,2023,46.5725,18.8541666666667,https://pris.iaea.org/PRIS/CountryStatistics/ReactorDetails.aspx?current=278,Paks 1-4,Paks 1-4,Paks,PAKS 1-4
220,HUNGARY,PAKS-2,PWR,Operational,2023,46.5725,18.8541666666667,https://pris.iaea.org/PRIS/CountryStatistics/ReactorDetails.aspx?current=279,Paks 1-4,Paks 1-4,Paks,PAKS 1-4
221,HUNGARY,PAKS-3,PWR,Operational,2023,46.5725,18.8541666666667,https://pris.iaea.org/PRIS/CountryStatistics/ReactorDetails.aspx?current=280,Paks 1-4,Paks 1-4,Paks,PAKS 1-4
222,HUNGARY,PAKS-4,PWR,Operational,2023,46.5725,18.8541666666667,https://pris.iaea.org/PRIS/CountryStatistics/ReactorDetails.aspx?current=281,Paks 1-4,Paks 1-4,Paks,PAKS 1-4
223,INDIA,KAIGA-1,PHWR,Operational,2023,14.8666666666667,74.4388888888889,https://pris.iaea.org/PRIS/CountryStatistics/ReactorDetails.aspx?current=289,Kaiga-1,,,KAIGA 1-4
224,INDIA,KAIGA-2,PHWR,Operational,2023,14.8666666666667,74.4388888888889,https://pris.iaea.org/PRIS/CountryStatistics/ReactorDetails.aspx?current=290,Kaiga-2,,,KAIGA 1-4
225,INDIA,KAIGA-3,PHWR,Operational,2023,14.8666666666667,74.4388888888889,https://pris.iaea.org/PRIS/CountryStatistics/ReactorDetails.aspx?current=291,Kaiga-3,,,KAIGA 1-4
226,INDIA,KAIGA-4,PHWR,Operational,2023,14.8666666666667,74.4388888888889,https://pris.iaea.org/PRIS/CountryStatistics/ReactorDetails.aspx?current=292,Kaiga-4,,,KAIGA 1-4
227,INDIA,KAKRAPAR-1,PHWR,Operational,2023,21.2386111111111,73.35,https://pris.iaea.org/PRIS/CountryStatistics/ReactorDetails.aspx?current=308,Kakrapar-1,,,KAKRAPAR 1-4
228,INDIA,KAKRAPAR-2,PHWR,Operational,2023,21.2386111111111,73.35,https://pris.iaea.org/PRIS/CountryStatistics/ReactorDetails.aspx?current=286,Kakrapar-2,,,KAKRAPAR 1-4
229,INDIA,KAKRAPAR-3,PHWR,Operational,2023,21.2386111111111,73.35,https://pris.iaea.org/PRIS/CountryStatistics/ReactorDetails.aspx?current=986,,,,KAKRAPAR 1-4
230,INDIA,KAKRAPAR-4,PHWR,Operational,2023,21.2386111111111,73.35,https://pris.iaea.org/PRIS/CountryStatistics/ReactorDetails.aspx?current=987,,,,KAKRAPAR 1-4
231,INDIA,KUDANKULAM-1,PWR,Operational,2023,8.15988,77.7144,https://pris.iaea.org/PRIS/CountryStatistics/ReactorDetails.aspx?current=852,Kudankulam-1,,,KUDANKULAM 1-2
232,INDIA,KUDANKULAM-2,PWR,Operational,2023,8.15988,77.7144,https://pris.iaea.org/PRIS/CountryStatistics/ReactorDetails.aspx?current=853,Kudankulam-2,,,KUDANKULAM 1-2
233,INDIA,MADRAS-1,PHWR,Suspended Operation,2018,12.5583333333333,80.175,https://pris.iaea.org/PRIS/CountryStatistics/ReactorDetails.aspx?current=304,Madras-1,,,MADRAS 1-2
234,INDIA,MADRAS-2,PHWR,Operational,2023,12.5583333333333,80.175,https://pris.iaea.org/PRIS/CountryStatistics/ReactorDetails.aspx?current=305,Madras-2,,,MADRAS 1-2
235,INDIA,NARORA-1,PHWR,Operational,2023,28.1583333333333,78.4083333333333,https://pris.iaea.org/PRIS/CountryStatistics/ReactorDetails.aspx?current=306,Narora-1,,,NARORA 1-2
236,INDIA,NARORA-2,PHWR,Operational,2023,28.1583333333333,78.4083333333333,https://pris.iaea.org/PRIS/CountryStatistics/ReactorDetails.aspx?current=307,Narora2,,,NARORA 1-2
237,INDIA,RAJASTHAN-1,PHWR,Suspended Operation,2004,24.8722222222222,75.6138888888889,https://pris.iaea.org/PRIS/CountryStatistics/ReactorDetails.aspx?current=302,Rajasthan-1,,,RAJASTHAN 1-6
238,INDIA,RAJASTHAN-2,PHWR,Operational,2023,24.8722222222222,75.6138888888889,https://pris.iaea.org/PRIS/CountryStatistics/ReactorDetails.aspx?current=303,Rajasthan-2,,,RAJASTHAN 1-6
239,INDIA,RAJASTHAN-3,PHWR,Operational,2022,24.8722222222222,75.6138888888889,https://pris.iaea.org/PRIS/CountryStatistics/ReactorDetails.aspx?current=287,Rajasthan-3,,,RAJASTHAN 1-6
240,INDIA,RAJASTHAN-4,PHWR,Operational,2023,24.8722222222222,75.6138888888889,https://pris.iaea.org/PRIS/CountryStatistics/ReactorDetails.aspx?current=288,Rajasthan-4,,,RAJASTHAN 1-6
241,INDIA,RAJASTHAN-5,PHWR,Operational,2023,24.8722222222222,75.6138888888889,https://pris.iaea.org/PRIS/CountryStatistics/ReactorDetails.aspx?current=295,Rajasthan-5,,,RAJASTHAN 1-6
242,INDIA,RAJASTHAN-6,PHWR,Operational,2023,24.8722222222222,75.6138888888889,https://pris.iaea.org/PRIS/CountryStatistics/ReactorDetails.aspx?current=297,Rajasthan-6,,,RAJASTHAN 1-6
243,INDIA,TARAPUR-1,BWR,Suspended Operation,2020,19.8277777777778,72.6611111111111,https://pris.iaea.org/PRIS/CountryStatistics/ReactorDetails.aspx?current=285,Tarapur-1,,,TARAPUR 1-4
244,INDIA,TARAPUR-2,BWR,Suspended Operation,2020,19.8277777777778,72.6611111111111,https://pris.iaea.org/PRIS/CountryStatistics/ReactorDetails.aspx?current=296,Tarapur-2,,,TARAPUR 1-4
245,INDIA,TARAPUR-3,PHWR,Operational,2023,19.8277777777778,72.6611111111111,https://pris.iaea.org/PRIS/CountryStatistics/ReactorDetails.aspx?current=300,Tarapur-3,,,TARAPUR 1-4
246,INDIA,TARAPUR-4,PHWR,Operational,2023,19.8277777777778,72.6611111111111,https://pris.iaea.org/PRIS/CountryStatistics/ReactorDetails.aspx?current=301,Tarapur-4,,,TARAPUR 1-4
247,"IRAN, ISLAMIC REPUBLIC OF",BUSHEHR-1,PWR,Operational,2023,28.829622,50.8859611,https://pris.iaea.org/PRIS/CountryStatistics/ReactorDetails.aspx?current=310,Bushehr-1,,,BUSHEHR 1
248,ITALY,CAORSO,BWR,Permanent Shutdown,1986,45.0721,9.8721,https://pris.iaea.org/PRIS/CountryStatistics/ReactorDetails.aspx?current=327,,,,CAORSO
249,ITALY,ENRICO FERMI,PWR,Permanent Shutdown,1987,45.1840944444445,8.27755555555556,https://pris.iaea.org/PRIS/CountryStatistics/ReactorDetails.aspx?current=326,Enrico Fermi (Trino),,,ENRICO FERMI
250,ITALY,GARIGLIANO,BWR,Permanent Shutdown,1978,41.258447,13.834534,https://pris.iaea.org/PRIS/CountryStatistics/ReactorDetails.aspx?current=325,,,,GARIGLIANO
251,ITALY,LATINA,GCR,Permanent Shutdown,1986,41.4333333333333,12.8,https://pris.iaea.org/PRIS/CountryStatistics/ReactorDetails.aspx?current=318,,,Latina,LATINA
252,JAPAN,FUGEN ATR,HWLWR,Permanent Shutdown,2003,35.7544444444444,136.016388888889,https://pris.iaea.org/PRIS/CountryStatistics/ReactorDetails.aspx?current=345,,,,FUGEN ATR
253,JAPAN,FUKUSHIMA-DAIICHI-1,BWR,Permanent Shutdown,2011,37.4213888888889,141.0325,https://pris.iaea.org/PRIS/CountryStatistics/ReactorDetails.aspx?current=377,Fukuschima-Daiichi-1,,,FUKUSHIMA-DAIICHI 1-6
254,JAPAN,FUKUSHIMA-DAIICHI-2,BWR,Permanent Shutdown,2011,37.4213888888889,141.0325,https://pris.iaea.org/PRIS/CountryStatistics/ReactorDetails.aspx?current=389,Fukuschima-Daiichi-2,,,FUKUSHIMA-DAIICHI 1-6
255,JAPAN,FUKUSHIMA-DAIICHI-3,BWR,Permanent Shutdown,2011,37.4213888888889,141.0325,https://pris.iaea.org/PRIS/CountryStatistics/ReactorDetails.aspx?current=334,Fukuschima-Daiichi-3,,,FUKUSHIMA-DAIICHI 1-6
256,JAPAN,FUKUSHIMA-DAIICHI-4,BWR,Permanent Shutdown,2010,37.4213888888889,141.0325,https://pris.iaea.org/PRIS/CountryStatistics/ReactorDetails.aspx?current=340,Fukuschima-Daiichi-4,,,FUKUSHIMA-DAIICHI 1-6
257,JAPAN,FUKUSHIMA-DAIICHI-5,BWR,Permanent Shutdown,2011,37.4213888888889,141.0325,https://pris.iaea.org/PRIS/CountryStatistics/ReactorDetails.aspx?current=341,Fukuschima-Daiichi-5,,,FUKUSHIMA-DAIICHI 1-6
258,JAPAN,FUKUSHIMA-DAIICHI-6,BWR,Permanent Shutdown,2010,37.4213888888889,141.0325,https://pris.iaea.org/PRIS/CountryStatistics/ReactorDetails.aspx?current=342,Fukuschima-Daiichi-6,,,FUKUSHIMA-DAIICHI 1-6
259,JAPAN,FUKUSHIMA-DAINI-1,BWR,Permanent Shutdown,2011,37.3194444444444,141.021111111111,https://pris.iaea.org/PRIS/CountryStatistics/ReactorDetails.aspx?current=350,Fukushima-Daini-1,,,FUKUSHIMA-DAINI 1-4
260,JAPAN,FUKUSHIMA-DAINI-2,BWR,Permanent Shutdown,2011,37.3194444444444,141.021111111111,https://pris.iaea.org/PRIS/CountryStatistics/ReactorDetails.aspx?current=351,Fukushima-Daini-2,,,FUKUSHIMA-DAINI 1-4
261,JAPAN,FUKUSHIMA-DAINI-3,BWR,Permanent Shutdown,2011,37.3194444444444,141.021111111111,https://pris.iaea.org/PRIS/CountryStatistics/ReactorDetails.aspx?current=361,Fukushima-Daini-3,,,FUKUSHIMA-DAINI 1-4
262,JAPAN,FUKUSHIMA-DAINI-4,BWR,Permanent Shutdown,2011,37.3194444444444,141.021111111111,https://pris.iaea.org/PRIS/CountryStatistics/ReactorDetails.aspx?current=364,Fukushima-Daini-4,,,FUKUSHIMA-DAINI 1-4
263,JAPAN,GENKAI-1,PWR,Permanent Shutdown,2011,33.5155555555556,129.837222222222,https://pris.iaea.org/PRIS/CountryStatistics/ReactorDetails.aspx?current=336,Genkai 1-4,,,GENKAI 1-4
264,JAPAN,GENKAI-2,PWR,Permanent Shutdown,2011,33.5155555555556,129.837222222222,https://pris.iaea.org/PRIS/CountryStatistics/ReactorDetails.aspx?current=352,Genkai 1-4,,,GENKAI 1-4
265,JAPAN,GENKAI-3,PWR,Operational,2023,33.5155555555556,129.837222222222,https://pris.iaea.org/PRIS/CountryStatistics/ReactorDetails.aspx?current=372,Genkai 1-4,,,GENKAI 1-4
266,JAPAN,GENKAI-4,PWR,Operational,2023,33.5155555555556,129.837222222222,https://pris.iaea.org/PRIS/CountryStatistics/ReactorDetails.aspx?current=373,Genkai 1-4,,,GENKAI 1-4
267,JAPAN,HAMAOKA-1,BWR,Permanent Shutdown,2001,34.6236111111111,138.1425,https://pris.iaea.org/PRIS/CountryStatistics/ReactorDetails.aspx?current=335,Hamaoka-1,,,HAMAOKA 1-5
268,JAPAN,HAMAOKA-2,BWR,Permanent Shutdown,2004,34.6236111111111,138.1425,https://pris.iaea.org/PRIS/CountryStatistics/ReactorDetails.aspx?current=349,Hamaoka-2,,,HAMAOKA 1-5
269,JAPAN,HAMAOKA-3,BWR,Suspended Operation,2010,34.6236111111111,138.1425,https://pris.iaea.org/PRIS/CountryStatistics/ReactorDetails.aspx?current=362,Hamaoka-3,,,HAMAOKA 1-5
270,JAPAN,HAMAOKA-4,BWR,Suspended Operation,2011,34.6236111111111,138.1425,https://pris.iaea.org/PRIS/CountryStatistics/ReactorDetails.aspx?current=376,Hamaoka-4,,,HAMAOKA 1-5
271,JAPAN,HAMAOKA-5,BWR,Suspended Operation,2011,34.6236111111111,138.1425,https://pris.iaea.org/PRIS/CountryStatistics/ReactorDetails.aspx?current=843,Hamaoka-5,,,HAMAOKA 1-5
272,JAPAN,HIGASHI DORI-1 (TOHOKU),BWR,Suspended Operation,2011,41.1880555555556,141.390277777778,https://pris.iaea.org/PRIS/CountryStatistics/ReactorDetails.aspx?current=841,Higashi-Dori-1,,,HIGASHI DORI 1
273,JAPAN,IKATA-1,PWR,Permanent Shutdown,2011,33.4908333333333,132.311388888889,https://pris.iaea.org/PRIS/CountryStatistics/ReactorDetails.aspx?current=348,Ikata 1-3,,,IKATA 1-3
274,JAPAN,IKATA-2,PWR,Permanent Shutdown,2012,33.4908333333333,132.311388888889,https://pris.iaea.org/PRIS/CountryStatistics/ReactorDetails.aspx?current=358,Ikata 1-3,,,IKATA 1-3
275,JAPAN,IKATA-3,PWR,Operational,2023,33.4908333333333,132.311388888889,https://pris.iaea.org/PRIS/CountryStatistics/ReactorDetails.aspx?current=374,Ikata 1-3,,,IKATA 1-3
276,JAPAN,JPDR,BWR,Permanent Shutdown,1976,36.4663888888889,140.606666666667,https://pris.iaea.org/PRIS/CountryStatistics/ReactorDetails.aspx?current=333,,,,JPDR
277,JAPAN,KASHIWAZAKI KARIWA-1,BWR,Suspended Operation,2011,37.4283333333333,138.601666666667,https://pris.iaea.org/PRIS/CountryStatistics/ReactorDetails.aspx?current=359,Kashiwazaki Kariwa-1,,,KASHIWAZAKI KARIWA 1-7
278,JAPAN,KASHIWAZAKI KARIWA-2,BWR,Suspended Operation,2007,37.4283333333333,138.601666666667,https://pris.iaea.org/PRIS/CountryStatistics/ReactorDetails.aspx?current=365,Kashiwazaki Kariwa-2,,,KASHIWAZAKI KARIWA 1-7
279,JAPAN,KASHIWAZAKI KARIWA-3,BWR,Suspended Operation,2007,37.4283333333333,138.601666666667,https://pris.iaea.org/PRIS/CountryStatistics/ReactorDetails.aspx?current=380,Kashiwazaki Kariwa-3,,,KASHIWAZAKI KARIWA 1-7
280,JAPAN,KASHIWAZAKI KARIWA-4,BWR,Suspended Operation,2007,37.4283333333333,138.601666666667,https://pris.iaea.org/PRIS/CountryStatistics/ReactorDetails.aspx?current=381,Kashiwazaki Kariwa-4,,,KASHIWAZAKI KARIWA 1-7
281,JAPAN,KASHIWAZAKI KARIWA-5,BWR,Suspended Operation,2012,37.4283333333333,138.601666666667,https://pris.iaea.org/PRIS/CountryStatistics/ReactorDetails.aspx?current=367,Kashiwazaki Kariwa-5,,,KASHIWAZAKI KARIWA 1-7
282,JAPAN,KASHIWAZAKI KARIWA-6,BWR,Suspended Operation,2012,37.4283333333333,138.601666666667,https://pris.iaea.org/PRIS/CountryStatistics/ReactorDetails.aspx?current=383,Kashiwazaki Kariwa-6,,,KASHIWAZAKI KARIWA 1-7
283,JAPAN,KASHIWAZAKI KARIWA-7,BWR,Suspended Operation,2011,37.4283333333333,138.601666666667,https://pris.iaea.org/PRIS/CountryStatistics/ReactorDetails.aspx?current=384,Kashiwazaki Kariwa-7,,,KASHIWAZAKI KARIWA 1-7
284,JAPAN,MIHAMA-1,PWR,Permanent Shutdown,2010,35.7024,135.9634,https://pris.iaea.org/PRIS/CountryStatistics/ReactorDetails.aspx?current=366,Mihama 1-3,,,MIHAMA 1-3
285,JAPAN,MIHAMA-2,PWR,Permanent Shutdown,2011,35.7024,135.9634,https://pris.iaea.org/PRIS/CountryStatistics/ReactorDetails.aspx?current=386,Mihama 1-3,,,MIHAMA 1-3
286,JAPAN,MIHAMA-3,PWR,Operational,2023,35.7024,135.9634,https://pris.iaea.org/PRIS/CountryStatistics/ReactorDetails.aspx?current=338,Mihama 1-3,,,MIHAMA 1-3
287,JAPAN,OHI-1,PWR,Permanent Shutdown,2011,35.5405555555556,135.651944444444,https://pris.iaea.org/PRIS/CountryStatistics/ReactorDetails.aspx?current=339,Ohi (Oi) 1-4,,,OHI 1-4
288,JAPAN,OHI-2,PWR,Permanent Shutdown,2011,35.5405555555556,135.651944444444,https://pris.iaea.org/PRIS/CountryStatistics/ReactorDetails.aspx?current=343,Ohi (Oi) 1-4,,,OHI 1-4
289,JAPAN,OHI-3,PWR,Operational,2023,35.5405555555556,135.651944444444,https://pris.iaea.org/PRIS/CountryStatistics/ReactorDetails.aspx?current=378,Ohi (Oi) 1-4,,,OHI 1-4
290,JAPAN,OHI-4,PWR,Operational,2023,35.5405555555556,135.651944444444,https://pris.iaea.org/PRIS/CountryStatistics/ReactorDetails.aspx?current=379,Ohi (Oi) 1-4,,,OHI 1-4
291,JAPAN,ONAGAWA-1,BWR,Permanent Shutdown,2011,38.4011111111111,141.499722222222,https://pris.iaea.org/PRIS/CountryStatistics/ReactorDetails.aspx?current=347,Onagawa-1,,,ONAGAWA 1-3
292,JAPAN,ONAGAWA-2,BWR,Suspended Operation,2010,38.4011111111111,141.499722222222,https://pris.iaea.org/PRIS/CountryStatistics/ReactorDetails.aspx?current=382,Onagawa-2,,,ONAGAWA 1-3
293,JAPAN,ONAGAWA-3,BWR,Suspended Operation,2011,38.4011111111111,141.499722222222,https://pris.iaea.org/PRIS/CountryStatistics/ReactorDetails.aspx?current=385,Onagawa-3,,,ONAGAWA 1-3
294,JAPAN,SENDAI-1,PWR,Operational,2023,31.8336111111111,130.189722222222,https://pris.iaea.org/PRIS/CountryStatistics/ReactorDetails.aspx?current=353,Sendai 1-2,,,SENDAI 1-2
295,JAPAN,SENDAI-2,PWR,Operational,2023,31.8336111111111,130.189722222222,https://pris.iaea.org/PRIS/CountryStatistics/ReactorDetails.aspx?current=363,Sendai 1-2,,,SENDAI 1-2
296,JAPAN,SHIKA-1,BWR,Suspended Operation,2011,37.0611111111111,136.726388888889,https://pris.iaea.org/PRIS/CountryStatistics/ReactorDetails.aspx?current=375,Shika-1,,,SHIKA 1-2
297,JAPAN,SHIKA-2,BWR,Suspended Operation,2011,37.0611111111111,136.726388888889,https://pris.iaea.org/PRIS/CountryStatistics/ReactorDetails.aspx?current=842,Shika-2,,,SHIKA 1-2
298,JAPAN,SHIMANE-1,BWR,Permanent Shutdown,2010,35.5383333333333,132.999166666667,https://pris.iaea.org/PRIS/CountryStatistics/ReactorDetails.aspx?current=387,Shimane-1,,,SHIMANE 1-2
299,JAPAN,SHIMANE-2,BWR,Suspended Operation,2012,35.5383333333333,132.999166666667,https://pris.iaea.org/PRIS/CountryStatistics/ReactorDetails.aspx?current=368,Shimane-2,,,SHIMANE 1-2
300,JAPAN,TAKAHAMA-1,PWR,Operational,2023,35.5222222222222,135.504722222222,https://pris.iaea.org/PRIS/CountryStatistics/ReactorDetails.aspx?current=388,Takahama 1-4,,,TAKAHAMA 1-4
301,JAPAN,TAKAHAMA-2,PWR,Operational,2023,35.5222222222222,135.504722222222,https://pris.iaea.org/PRIS/CountryStatistics/ReactorDetails.aspx?current=337,Takahama 1-4,,,TAKAHAMA 1-4
302,JAPAN,TAKAHAMA-3,PWR,Operational,2023,35.5222222222222,135.504722222222,https://pris.iaea.org/PRIS/CountryStatistics/ReactorDetails.aspx?current=354,Takahama 1-4,,,TAKAHAMA 1-4
303,JAPAN,TAKAHAMA-4,PWR,Operational,2023,35.5222222222222,135.504722222222,https://pris.iaea.org/PRIS/CountryStatistics/ReactorDetails.aspx?current=356,Takahama 1-4,,,TAKAHAMA 1-4
304,JAPAN,TOKAI-1,GCR,Permanent Shutdown,1998,36.4663888888889,140.606666666667,https://pris.iaea.org/PRIS/CountryStatistics/ReactorDetails.aspx?current=344,,,,TOKAI 1
305,JAPAN,TOKAI-2,BWR,Suspended Operation,2011,36.4663888888889,140.606666666667,https://pris.iaea.org/PRIS/CountryStatistics/ReactorDetails.aspx?current=346,,,,TOKAI 2
306,JAPAN,TOMARI-1,PWR,Suspended Operation,2011,43.0361111111111,140.5125,https://pris.iaea.org/PRIS/CountryStatistics/ReactorDetails.aspx?current=370,Tomari 1-2,,,TOMARI 1-3
307,JAPAN,TOMARI-2,PWR,Suspended Operation,2011,43.0361111111111,140.5125,https://pris.iaea.org/PRIS/CountryStatistics/ReactorDetails.aspx?current=371,Tomari 1-2,,,TOMARI 1-3
308,JAPAN,TOMARI-3,PWR,Suspended Operation,2012,43.0361111111111,140.5125,https://pris.iaea.org/PRIS/CountryStatistics/ReactorDetails.aspx?current=856,,,,TOMARI 1-3
309,JAPAN,TSURUGA-1,BWR,Permanent Shutdown,2011,35.6727,136.0774,https://pris.iaea.org/PRIS/CountryStatistics/ReactorDetails.aspx?current=355,,,,TSURUGA 1
310,JAPAN,TSURUGA-2,PWR,Suspended Operation,2011,35.6727,136.0774,https://pris.iaea.org/PRIS/CountryStatistics/ReactorDetails.aspx?current=360,Tsuruga 2,,,TSURUGA 2
311,KAZAKHSTAN,AKTAU,FBR,Permanent Shutdown,1998,43.607,51.283,https://pris.iaea.org/PRIS/CountryStatistics/ReactorDetails.aspx?current=414,Aktau,,,AKTAU
312,"KOREA, REPUBLIC OF",HANBIT-1,PWR,Operational,2023,35.4144,126.418,https://pris.iaea.org/PRIS/CountryStatistics/ReactorDetails.aspx?current=411,Hanbit 1-6,,,HANBIT 1-6
313,"KOREA, REPUBLIC OF",HANBIT-2,PWR,Operational,2023,35.4144,126.418,https://pris.iaea.org/PRIS/CountryStatistics/ReactorDetails.aspx?current=412,Hanbit 1-6,,,HANBIT 1-6
314,"KOREA, REPUBLIC OF",HANBIT-3,PWR,Operational,2023,35.4144,126.418,https://pris.iaea.org/PRIS/CountryStatistics/ReactorDetails.aspx?current=396,Hanbit 1-6,,,HANBIT 1-6
315,"KOREA, REPUBLIC OF",HANBIT-4,PWR,Operational,2023,35.4144,126.418,https://pris.iaea.org/PRIS/CountryStatistics/ReactorDetails.aspx?current=397,Hanbit 1-6,,,HANBIT 1-6
316,"KOREA, REPUBLIC OF",HANBIT-5,PWR,Operational,2023,35.4144,126.418,https://pris.iaea.org/PRIS/CountryStatistics/ReactorDetails.aspx?current=402,Hanbit 1-6,,,HANBIT 1-6
317,"KOREA, REPUBLIC OF",HANBIT-6,PWR,Operational,2023,35.4144,126.418,https://pris.iaea.org/PRIS/CountryStatistics/ReactorDetails.aspx?current=403,Hanbit 1-6,,,HANBIT 1-6
318,"KOREA, REPUBLIC OF",HANUL-1,PWR,Operational,2023,37.0931,129.384,https://pris.iaea.org/PRIS/CountryStatistics/ReactorDetails.aspx?current=413,Hanul 1-6,,,HANUL 1-6
319,"KOREA, REPUBLIC OF",HANUL-2,PWR,Operational,2023,37.0931,129.384,https://pris.iaea.org/PRIS/CountryStatistics/ReactorDetails.aspx?current=395,Hanul 1-6,,,HANUL 1-6
320,"KOREA, REPUBLIC OF",HANUL-3,PWR,Operational,2023,37.0931,129.384,https://pris.iaea.org/PRIS/CountryStatistics/ReactorDetails.aspx?current=398,Hanul 1-6,,,HANUL 1-6
321,"KOREA, REPUBLIC OF",HANUL-4,PWR,Operational,2023,37.0931,129.384,https://pris.iaea.org/PRIS/CountryStatistics/ReactorDetails.aspx?current=399,Hanul 1-6,,,HANUL 1-6
322,"KOREA, REPUBLIC OF",HANUL-5,PWR,Operational,2023,37.0931,129.384,https://pris.iaea.org/PRIS/CountryStatistics/ReactorDetails.aspx?current=404,Hanul 1-6,,,HANUL 1-6
323,"KOREA, REPUBLIC OF",HANUL-6,PWR,Operational,2023,37.0931,129.384,https://pris.iaea.org/PRIS/CountryStatistics/ReactorDetails.aspx?current=406,Hanul 1-6,,,HANUL 1-6
324,"KOREA, REPUBLIC OF",KORI-1,PWR,Permanent Shutdown,2017,35.317,129.3,https://pris.iaea.org/PRIS/CountryStatistics/ReactorDetails.aspx?current=394,Kori 1-4,,,KORI 1-4
325,"KOREA, REPUBLIC OF",KORI-2,PWR,Operational,2023,35.317,129.3,https://pris.iaea.org/PRIS/CountryStatistics/ReactorDetails.aspx?current=405,Kori 1-4,,,KORI 1-4
326,"KOREA, REPUBLIC OF",KORI-3,PWR,Operational,2023,35.317,129.3,https://pris.iaea.org/PRIS/CountryStatistics/ReactorDetails.aspx?current=409,Kori 1-4,,,KORI 1-4
327,"KOREA, REPUBLIC OF",KORI-4,PWR,Operational,2023,35.317,129.3,https://pris.iaea.org/PRIS/CountryStatistics/ReactorDetails.aspx?current=410,Kori 1-4,,,KORI 1-4
328,"KOREA, REPUBLIC OF",SAEUL-1,PWR,Operational,2023,35.53722,129.31667,https://pris.iaea.org/PRIS/CountryStatistics/ReactorDetails.aspx?current=885,,,,SAEUL 1-2
329,"KOREA, REPUBLIC OF",SAEUL-2,PWR,Operational,2023,35.53722,129.31667,https://pris.iaea.org/PRIS/CountryStatistics/ReactorDetails.aspx?current=886,,,,SAEUL 1-2
330,"KOREA, REPUBLIC OF",SHIN-HANUL-1,PWR,Operational,2023,36.9930661,129.4004195,https://pris.iaea.org/PRIS/CountryStatistics/ReactorDetails.aspx?current=887,Ulchin/Hanul 1-2,,
331,"KOREA, REPUBLIC OF",SHIN-HANUL-2,PWR,Operational,2023,36.9930661,129.4004195,https://pris.iaea.org/PRIS/CountryStatistics/ReactorDetails.aspx?current=888,Ulchin/Hanul 1-2,,
332,"KOREA, REPUBLIC OF",SHIN-KORI-1,PWR,Operational,2023,35.317,129.3,https://pris.iaea.org/PRIS/CountryStatistics/ReactorDetails.aspx?current=864,Shin Kori 1-3,,,SHIN-KORI 1-2
333,"KOREA, REPUBLIC OF",SHIN-KORI-2,PWR,Operational,2023,35.317,129.3,https://pris.iaea.org/PRIS/CountryStatistics/ReactorDetails.aspx?current=865,Shin Kori 1-3,,,SHIN-KORI 1-2
334,"KOREA, REPUBLIC OF",SHIN-WOLSONG-1,PWR,Operational,2023,35.7102,129.476,https://pris.iaea.org/PRIS/CountryStatistics/ReactorDetails.aspx?current=883,Shin-Wolsong 1-2,,,SHIN-WOLSONG 1-2
335,"KOREA, REPUBLIC OF",SHIN-WOLSONG-2,PWR,Operational,2023,35.7102,129.476,https://pris.iaea.org/PRIS/CountryStatistics/ReactorDetails.aspx?current=884,Shin-Wolsong 1-2,,,SHIN-WOLSONG 1-2
336,"KOREA, REPUBLIC OF",WOLSONG-1,PHWR,Permanent Shutdown,2017,35.7102,129.476,https://pris.iaea.org/PRIS/CountryStatistics/ReactorDetails.aspx?current=407,Wolsong 1-4,,,WOLSONG 1-4
337,"KOREA, REPUBLIC OF",WOLSONG-2,PHWR,Operational,2023,35.7102,129.476,https://pris.iaea.org/PRIS/CountryStatistics/ReactorDetails.aspx?current=408,Wolsong 1-4,,,WOLSONG 1-4
338,"KOREA, REPUBLIC OF",WOLSONG-3,PHWR,Operational,2023,35.7102,129.476,https://pris.iaea.org/PRIS/CountryStatistics/ReactorDetails.aspx?current=400,Wolsong 1-4,,,WOLSONG 1-4
339,"KOREA, REPUBLIC OF",WOLSONG-4,PHWR,Operational,2023,35.7102,129.476,https://pris.iaea.org/PRIS/CountryStatistics/ReactorDetails.aspx?current=401,Wolsong 1-4,,,WOLSONG 1-4
340,LITHUANIA,IGNALINA-1,LWGR,Permanent Shutdown,2004,55.6044444444445,26.56,https://pris.iaea.org/PRIS/CountryStatistics/ReactorDetails.aspx?current=415,Ignalina,Ignalina,Ignalina,IGNALINA 1-2
341,LITHUANIA,IGNALINA-2,LWGR,Permanent Shutdown,2009,55.6044444444445,26.56,https://pris.iaea.org/PRIS/CountryStatistics/ReactorDetails.aspx?current=416,Ignalina,Ignalina,Ignalina,IGNALINA 1-2
342,MEXICO,LAGUNA VERDE-1,BWR,Operational,2023,19.7208333333333,-96.4063888888889,https://pris.iaea.org/PRIS/CountryStatistics/ReactorDetails.aspx?current=420,Laguna Verde-1,,,LAGUNA VERDE 1-2
343,MEXICO,LAGUNA VERDE-2,BWR,Operational,2023,19.7208333333333,-96.4063888888889,https://pris.iaea.org/PRIS/CountryStatistics/ReactorDetails.aspx?current=421,Laguna Verde-2,,,LAGUNA VERDE 1-2
344,"NETHERLANDS, KINGDOM OF THE",BORSSELE,PWR,Operational,2023,51.4308333333333,3.71833333333333,https://pris.iaea.org/PRIS/CountryStatistics/ReactorDetails.aspx?current=423,Borssele,Borssele,Borssele,Borssele
345,"NETHERLANDS, KINGDOM OF THE",DODEWAARD,BWR,Permanent Shutdown,1997,51.8997222222222,5.68611111111111,https://pris.iaea.org/PRIS/CountryStatistics/ReactorDetails.aspx?current=422,Dodewaard,Dodewaard,Dodewaard,Dodewaard
346,PAKISTAN,CHASNUPP-1,PWR,Operational,2023,32.391825,71.4617638888889,https://pris.iaea.org/PRIS/CountryStatistics/ReactorDetails.aspx?current=428,Chasnupp 1-4,,,CHASNUPP 1-4
347,PAKISTAN,CHASNUPP-2,PWR,Operational,2023,32.391825,71.4617638888889,https://pris.iaea.org/PRIS/CountryStatistics/ReactorDetails.aspx?current=429,Chasnupp 1-4,,,CHASNUPP 1-4
348,PAKISTAN,CHASNUPP-3,PWR,Operational,2023,32.391825,71.4617638888889,https://pris.iaea.org/PRIS/CountryStatistics/ReactorDetails.aspx?current=1044,Chasnupp 1-4,,,CHASNUPP 1-4
349,PAKISTAN,CHASNUPP-4,PWR,Operational,2023,32.391825,71.4617638888889,https://pris.iaea.org/PRIS/CountryStatistics/ReactorDetails.aspx?current=1045,Chasnupp 1-4,,,CHASNUPP 1-4
350,PAKISTAN,KANUPP-1,PHWR,Permanent Shutdown,2021,24.8333333333333,66.7833333333333,https://pris.iaea.org/PRIS/CountryStatistics/ReactorDetails.aspx?current=427,,,,KANUPP 1-3
351,PAKISTAN,KANUPP-2,PWR,Operational,2023,24.8333333333333,66.7833333333333,https://pris.iaea.org/PRIS/CountryStatistics/ReactorDetails.aspx?current=1067,,,,KANUPP 1-3
352,PAKISTAN,KANUPP-3,PWR,Operational,2023,24.8333333333333,66.7833333333333,https://pris.iaea.org/PRIS/CountryStatistics/ReactorDetails.aspx?current=1068,,,,KANUPP 1-3
353,ROMANIA,CERNAVODA-1,PHWR,Operational,2023,44.3222222222222,28.0572222222222,https://pris.iaea.org/PRIS/CountryStatistics/ReactorDetails.aspx?current=442,Cernavoda,Cernavoda,Cernavoda,CERNAVODA 1-2
354,ROMANIA,CERNAVODA-2,PHWR,Operational,2023,44.3222222222222,28.0572222222222,https://pris.iaea.org/PRIS/CountryStatistics/ReactorDetails.aspx?current=443,Cernavoda,Cernavoda,Cernavoda,CERNAVODA 1-2
355,RUSSIA,AKADEMIK LOMONOSOV-1,PWR,Operational,2023,69.7029,170.2999,https://pris.iaea.org/PRIS/CountryStatistics/ReactorDetails.aspx?current=895,,,,AKADEMIK LOMONOSOV 1-2
356,RUSSIA,AKADEMIK LOMONOSOV-2,PWR,Operational,2023,69.7029,170.2999,https://pris.iaea.org/PRIS/CountryStatistics/ReactorDetails.aspx?current=896,,,,AKADEMIK LOMONOSOV 1-2
357,RUSSIA,BALAKOVO-1,PWR,Operational,2023,52.0912,47.9553,https://pris.iaea.org/PRIS/CountryStatistics/ReactorDetails.aspx?current=524,Balakovo 1-4,,,BALAKOVO 1-4
358,RUSSIA,BALAKOVO-2,PWR,Operational,2023,52.0912,47.9553,https://pris.iaea.org/PRIS/CountryStatistics/ReactorDetails.aspx?current=525,Balakovo 1-4,,,BALAKOVO 1-4
359,RUSSIA,BALAKOVO-3,PWR,Operational,2023,52.0912,47.9553,https://pris.iaea.org/PRIS/CountryStatistics/ReactorDetails.aspx?current=526,Balakovo 1-4,,,BALAKOVO 1-4
360,RUSSIA,BALAKOVO-4,PWR,Operational,2023,52.0912,47.9553,https://pris.iaea.org/PRIS/CountryStatistics/ReactorDetails.aspx?current=527,Balakovo 1-4,,,BALAKOVO 1-4
361,RUSSIA,BELOYARSK-2,LWGR,Permanent Shutdown,1989,56.8416,61.3224,https://pris.iaea.org/PRIS/CountryStatistics/ReactorDetails.aspx?current=503,,,,BELOYARSK 2
362,RUSSIA,BELOYARSK-3,FBR,Operational,2023,56.8416,61.3224,https://pris.iaea.org/PRIS/CountryStatistics/ReactorDetails.aspx?current=484,Beloyarsk-3,,,BELOYARSK 3-4
363,RUSSIA,BELOYARSK-4,FBR,Operational,2023,56.8416,61.3224,https://pris.iaea.org/PRIS/CountryStatistics/ReactorDetails.aspx?current=451,Beloyarsk-4,,,BELOYARSK 3-4
364,RUSSIA,BILIBINO-1,LWGR,Permanent Shutdown,2018,68.0666666666667,166.45,https://pris.iaea.org/PRIS/CountryStatistics/ReactorDetails.aspx?current=467,Bilibino 1,,,BILIBINO 1-4
365,RUSSIA,BILIBINO-2,LWGR,Operational,2023,68.0666666666667,166.45,https://pris.iaea.org/PRIS/CountryStatistics/ReactorDetails.aspx?current=468,Bilibino 2,,,BILIBINO 1-4
366,RUSSIA,BILIBINO-3,LWGR,Operational,2023,68.0666666666667,166.45,https://pris.iaea.org/PRIS/CountryStatistics/ReactorDetails.aspx?current=469,Bilibino 3,,,BILIBINO 1-4
367,RUSSIA,BILIBINO-4,LWGR,Operational,2023,68.0666666666667,166.45,https://pris.iaea.org/PRIS/CountryStatistics/ReactorDetails.aspx?current=470,Bilibino 4,,,BILIBINO 1-4
368,RUSSIA,KALININ-1,PWR,Operational,2023,57.9055555555556,35.0602777777778,https://pris.iaea.org/PRIS/CountryStatistics/ReactorDetails.aspx?current=489,Kalinin 1-4,,Kalinin 1-4,KALININ 1-4
369,RUSSIA,KALININ-2,PWR,Operational,2023,57.9055555555556,35.0602777777778,https://pris.iaea.org/PRIS/CountryStatistics/ReactorDetails.aspx?current=490,Kalinin 1-4,,Kalinin 1-4,KALININ 1-4
370,RUSSIA,KALININ-3,PWR,Operational,2023,57.9055555555556,35.0602777777778,https://pris.iaea.org/PRIS/CountryStatistics/ReactorDetails.aspx?current=495,Kalinin 1-4,,Kalinin 1-4,KALININ 1-4
371,RUSSIA,KALININ-4,PWR,Operational,2023,57.9055555555556,35.0602777777778,https://pris.iaea.org/PRIS/CountryStatistics/ReactorDetails.aspx?current=496,Kalinin 1-4,,Kalinin 1-4,KALININ 1-4
372,RUSSIA,KOLA-1,PWR,Operational,2023,67.4666666666667,32.4666666666667,https://pris.iaea.org/PRIS/CountryStatistics/ReactorDetails.aspx?current=453,Kola 1-4,,Kola 1-4,KOLA 1-4
373,RUSSIA,KOLA-2,PWR,Operational,2023,67.4666666666667,32.4666666666667,https://pris.iaea.org/PRIS/CountryStatistics/ReactorDetails.aspx?current=460,Kola 1-4,,Kola 1-4,KOLA 1-4
374,RUSSIA,KOLA-3,PWR,Operational,2023,67.4666666666667,32.4666666666667,https://pris.iaea.org/PRIS/CountryStatistics/ReactorDetails.aspx?current=491,Kola 1-4,,Kola 1-4,KOLA 1-4
375,RUSSIA,KOLA-4,PWR,Operational,2023,67.4666666666667,32.4666666666667,https://pris.iaea.org/PRIS/CountryStatistics/ReactorDetails.aspx?current=492,Kola 1-4,,Kola 1-4,KOLA 1-4
376,RUSSIA,KURSK-1,LWGR,Permanent Shutdown,2021,51.675,35.6055555555556,https://pris.iaea.org/PRIS/CountryStatistics/ReactorDetails.aspx?current=476,Kursk 1,,,KURSK 1-4
377,RUSSIA,KURSK-2,LWGR,Permanent Shutdown,2023,51.675,35.6055555555556,https://pris.iaea.org/PRIS/CountryStatistics/ReactorDetails.aspx?current=485,Kursk 2,,,KURSK 1-4
378,RUSSIA,KURSK-3,LWGR,Operational,2023,51.675,35.6055555555556,https://pris.iaea.org/PRIS/CountryStatistics/ReactorDetails.aspx?current=497,Kursk 3,,,KURSK 1-4
379,RUSSIA,KURSK-4,LWGR,Operational,2023,51.675,35.6055555555556,https://pris.iaea.org/PRIS/CountryStatistics/ReactorDetails.aspx?current=498,Kursk 4,,,KURSK 1-4
380,RUSSIA,LENINGRAD 2-1,PWR,Operational,2023,59.8472222222222,29.0436111111111,https://pris.iaea.org/PRIS/CountryStatistics/ReactorDetails.aspx?current=900,,,,LENINGRAD 2 1-2
381,RUSSIA,LENINGRAD 2-2,PWR,Operational,2023,59.8472222222222,29.0436111111111,https://pris.iaea.org/PRIS/CountryStatistics/ReactorDetails.aspx?current=901,,,,LENINGRAD 2 1-2
382,RUSSIA,LENINGRAD-1,LWGR,Permanent Shutdown,2018,59.8472222222222,29.0436111111111,https://pris.iaea.org/PRIS/CountryStatistics/ReactorDetails.aspx?current=474,Leningrad 1,,Leningrad 1-4,LENINGRAD 1-4
383,RUSSIA,LENINGRAD-2,LWGR,Permanent Shutdown,2020,59.8472222222222,29.0436111111111,https://pris.iaea.org/PRIS/CountryStatistics/ReactorDetails.aspx?current=475,Leningrad 2,,Leningrad 1-4,LENINGRAD 1-4
384,RUSSIA,LENINGRAD-3,LWGR,Operational,2023,59.8472222222222,29.0436111111111,https://pris.iaea.org/PRIS/CountryStatistics/ReactorDetails.aspx?current=493,Leningrad 3,,Leningrad 1-4,LENINGRAD 1-4
385,RUSSIA,LENINGRAD-4,LWGR,Operational,2023,59.8472222222222,29.0436111111111,https://pris.iaea.org/PRIS/CountryStatistics/ReactorDetails.aspx?current=494,Leningrad 4,,Leningrad 1-4,LENINGRAD 1-4
386,RUSSIA,NOVOVORONEZH 2-1,PWR,Operational,2023,51.275,39.2,https://pris.iaea.org/PRIS/CountryStatistics/ReactorDetails.aspx?current=898,Novovoronezh 2-5,,,NOVOVORONEZH 2-5
387,RUSSIA,NOVOVORONEZH 2-2,PWR,Operational,2023,51.275,39.2,https://pris.iaea.org/PRIS/CountryStatistics/ReactorDetails.aspx?current=899,Novovoronezh 2-5,,,NOVOVORONEZH 2-5
388,RUSSIA,NOVOVORONEZH-2,PWR,Permanent Shutdown,1990,51.275,39.2,https://pris.iaea.org/PRIS/CountryStatistics/ReactorDetails.aspx?current=513,Novovoronezh 2-5,,,NOVOVORONEZH 2-5
389,RUSSIA,NOVOVORONEZH-3,PWR,Permanent Shutdown,2016,51.275,39.2,https://pris.iaea.org/PRIS/CountryStatistics/ReactorDetails.aspx?current=519,Novovoronezh 2-5,,,NOVOVORONEZH 2-5
390,RUSSIA,NOVOVORONEZH-4,PWR,Operational,2023,51.275,39.2,https://pris.iaea.org/PRIS/CountryStatistics/ReactorDetails.aspx?current=448,Novovoronezh 2-5,,,NOVOVORONEZH 2-5
391,RUSSIA,NOVOVORONEZH-5,PWR,Operational,2023,51.275,39.2,https://pris.iaea.org/PRIS/CountryStatistics/ReactorDetails.aspx?current=483,Novovoronezh 2-5,,,NOVOVORONEZH 2-5
392,RUSSIA,ROSTOV-1,PWR,Operational,2023,47.59934167,42.371878,https://pris.iaea.org/PRIS/CountryStatistics/ReactorDetails.aspx?current=502,Volgodonsk/Rostov,,,ROSTOV 1-4
393,RUSSIA,ROSTOV-2,PWR,Operational,2023,47.59934167,42.371878,https://pris.iaea.org/PRIS/CountryStatistics/ReactorDetails.aspx?current=505,Volgodonsk/Rostov,,,ROSTOV 1-4
394,RUSSIA,ROSTOV-3,PWR,Operational,2023,47.59934167,42.371878,https://pris.iaea.org/PRIS/CountryStatistics/ReactorDetails.aspx?current=506,Volgodonsk/Rostov,,,ROSTOV 1-4
395,RUSSIA,ROSTOV-4,PWR,Operational,2023,47.59934167,42.371878,https://pris.iaea.org/PRIS/CountryStatistics/ReactorDetails.aspx?current=507,Volgodonsk/Rostov,,,ROSTOV 1-4
396,RUSSIA,SMOLENSK-1,LWGR,Operational,2023,54.1691611111111,33.2466361111111,https://pris.iaea.org/PRIS/CountryStatistics/ReactorDetails.aspx?current=486,SMOLENSK 1,,Smolensk 1,SMOLENSK 1-3
397,RUSSIA,SMOLENSK-2,LWGR,Operational,2023,54.1691611111111,33.2466361111111,https://pris.iaea.org/PRIS/CountryStatistics/ReactorDetails.aspx?current=487,,,,SMOLENSK 1-3
398,RUSSIA,SMOLENSK-3,LWGR,Operational,2023,54.1691611111111,33.2466361111111,https://pris.iaea.org/PRIS/CountryStatistics/ReactorDetails.aspx?current=508,,,,SMOLENSK 1-3
399,SLOVAKIA,BOHUNICE A1,HWGCR,Permanent Shutdown,1977,48.4942,17.6791,https://pris.iaea.org/PRIS/CountryStatistics/ReactorDetails.aspx?current=543,Bohunice A1,Bohunice A1,Bohunice A+B,BOHUNICE A1
400,SLOVAKIA,BOHUNICE-1,PWR,Permanent Shutdown,2006,48.4942,17.6791,https://pris.iaea.org/PRIS/CountryStatistics/ReactorDetails.aspx?current=548,Bohunice B 1-4,Bohunice A1,Bohunice A+B,BOHUNICE 1-4
401,SLOVAKIA,BOHUNICE-2,PWR,Permanent Shutdown,2008,48.4942,17.6791,https://pris.iaea.org/PRIS/CountryStatistics/ReactorDetails.aspx?current=549,Bohunice B 1-4,Bohunice A1,Bohunice A+B,BOHUNICE 1-4
402,SLOVAKIA,BOHUNICE-3,PWR,Operational,2023,48.4942,17.6791,https://pris.iaea.org/PRIS/CountryStatistics/ReactorDetails.aspx?current=546,Bohunice B 1-4,Bohunice A1,Bohunice A+B,BOHUNICE 1-4
403,SLOVAKIA,BOHUNICE-4,PWR,Operational,2023,48.4942,17.6791,https://pris.iaea.org/PRIS/CountryStatistics/ReactorDetails.aspx?current=547,Bohunice B 1-4,Bohunice A1,Bohunice A+B,BOHUNICE 1-4
404,SLOVAKIA,MOCHOVCE-1,PWR,Operational,2023,48.2638888888889,18.4569444444444,https://pris.iaea.org/PRIS/CountryStatistics/ReactorDetails.aspx?current=550,Mochovce,,Mochovce,MOCHOVCE 1-3
405,SLOVAKIA,MOCHOVCE-2,PWR,Operational,2023,48.2638888888889,18.4569444444444,https://pris.iaea.org/PRIS/CountryStatistics/ReactorDetails.aspx?current=551,Mochovce,,Mochovce,MOCHOVCE 1-3
406,SLOVAKIA,MOCHOVCE-3,PWR,Operational,2023,48.2638888888889,18.4569444444444,https://pris.iaea.org/PRIS/CountryStatistics/ReactorDetails.aspx?current=544,Mochovce,,Mochovce,MOCHOVCE 1-3
407,SLOVENIA,KRSKO,PWR,Operational,2023,45.9383333333333,15.5155555555556,https://pris.iaea.org/PRIS/CountryStatistics/ReactorDetails.aspx?current=542,Krsko,Krsko,Krsko,KRSKO
408,SOUTH AFRICA,KOEBERG-1,PWR,Operational,2023,-33.6666666666667,18.4166666666667,https://pris.iaea.org/PRIS/CountryStatistics/ReactorDetails.aspx?current=836,Koeberg 1-2,,,KOEBERG 1-2
409,SOUTH AFRICA,KOEBERG-2,PWR,Operational,2023,-33.6666666666667,18.4166666666667,https://pris.iaea.org/PRIS/CountryStatistics/ReactorDetails.aspx?current=837,Koeberg 1-2,,,KOEBERG 1-2
410,SPAIN,ALMARAZ-1,PWR,Operational,2023,39.8080555555556,-5.69694444444444,https://pris.iaea.org/PRIS/CountryStatistics/ReactorDetails.aspx?current=153,Almaraz 1-2,Almaraz 1-2,Almaraz,ALMARAZ 1-2
411,SPAIN,ALMARAZ-2,PWR,Operational,2023,39.8080555555556,-5.69694444444444,https://pris.iaea.org/PRIS/CountryStatistics/ReactorDetails.aspx?current=154,Almaraz 1-2,Almaraz 1-2,Almaraz,ALMARAZ 1-2
412,SPAIN,ASCO-1,PWR,Operational,2023,41.2,0.569444444444444,https://pris.iaea.org/PRIS/CountryStatistics/ReactorDetails.aspx?current=155,Asco 1-2,Asco 1-2,Asco,ASCO 1-2
413,SPAIN,ASCO-2,PWR,Operational,2023,41.2,0.569444444444444,https://pris.iaea.org/PRIS/CountryStatistics/ReactorDetails.aspx?current=156,Asco 1-2,Asco 1-2,Asco,ASCO 1-2
414,SPAIN,COFRENTES,BWR,Operational,2023,39.2183,-1.05332,https://pris.iaea.org/PRIS/CountryStatistics/ReactorDetails.aspx?current=140,Cofrentes,Cofrentes,Cofrentes,COFRENTES
415,SPAIN,JOSE CABRERA-1,PWR,Permanent Shutdown,2006,40.3491666666667,-2.88444444444444,https://pris.iaea.org/PRIS/CountryStatistics/ReactorDetails.aspx?current=139,José Cabrera 1,José Cabrera 1,José Cabrera 1,JOSE CABRERA 1
416,SPAIN,SANTA MARIA DE GARONA,BWR,Permanent Shutdown,2012,42.775,-3.2075,https://pris.iaea.org/PRIS/CountryStatistics/ReactorDetails.aspx?current=149,Sta Maria de Garona,Sta Maria de Garona,Sta Maria de Garona,SANTA MARIA DE GARONA
417,SPAIN,TRILLO-1,PWR,Operational,2023,40.701,-2.622,https://pris.iaea.org/PRIS/CountryStatistics/ReactorDetails.aspx?current=141,Trillo 1,Trillo 1,Trillo,TRILLO 1
418,SPAIN,VANDELLOS-1,GCR,Permanent Shutdown,1989,40.9513888888889,0.866666666666667,https://pris.iaea.org/PRIS/CountryStatistics/ReactorDetails.aspx?current=150,Vandellos 1,Vandellos 1,Vandellos 1-2,VANDELLOS 1
419,SPAIN,VANDELLOS-2,PWR,Operational,2023,40.9513888888889,0.866666666666667,https://pris.iaea.org/PRIS/CountryStatistics/ReactorDetails.aspx?current=146,Vandellos 2,Vandellos 2,Vandellos 1-2,VANDELLOS 2
420,SWEDEN,AGESTA,PHWR,Permanent Shutdown,1974,59.20602222,18.0828722,https://pris.iaea.org/PRIS/CountryStatistics/ReactorDetails.aspx?current=528,,,,AGESTA
421,SWEDEN,BARSEBACK-1,BWR,Permanent Shutdown,1999,55.7444444444445,12.9208333333333,https://pris.iaea.org/PRIS/CountryStatistics/ReactorDetails.aspx?current=538,,,,BARSEBACK 1-2
422,SWEDEN,BARSEBACK-2,BWR,Permanent Shutdown,2005,55.7444444444445,12.9208333333333,https://pris.iaea.org/PRIS/CountryStatistics/ReactorDetails.aspx?current=540,,,,BARSEBACK 1-2
423,SWEDEN,FORSMARK-1,BWR,Operational,2023,60.4033333333333,18.1666666666667,https://pris.iaea.org/PRIS/CountryStatistics/ReactorDetails.aspx?current=541,Forsmark 1-3,Forsmark 1-3,Forsmark,FORSMARK 1-3
424,SWEDEN,FORSMARK-2,BWR,Operational,2023,60.4033333333333,18.1666666666667,https://pris.iaea.org/PRIS/CountryStatistics/ReactorDetails.aspx?current=530,Forsmark 1-3,Forsmark 1-3,Forsmark,FORSMARK 1-3
425,SWEDEN,FORSMARK-3,BWR,Operational,2023,60.4033333333333,18.1666666666667,https://pris.iaea.org/PRIS/CountryStatistics/ReactorDetails.aspx?current=532,Forsmark 1-3,Forsmark 1-3,Forsmark,FORSMARK 1-3
426,SWEDEN,OSKARSHAMN-1,BWR,Permanent Shutdown,2017,57.4155555555556,16.6711111111111,https://pris.iaea.org/PRIS/CountryStatistics/ReactorDetails.aspx?current=534,Oskarshamn 1-3,Oskarshamn 1-3,Oskarshamn,OSKARSHAMN 1-3
427,SWEDEN,OSKARSHAMN-2,BWR,Permanent Shutdown,2013,57.4155555555556,16.6711111111111,https://pris.iaea.org/PRIS/CountryStatistics/ReactorDetails.aspx?current=535,Oskarshamn 1-3,Oskarshamn 1-3,Oskarshamn,OSKARSHAMN 1-3
428,SWEDEN,OSKARSHAMN-3,BWR,Operational,2023,57.4155555555556,16.6711111111111,https://pris.iaea.org/PRIS/CountryStatistics/ReactorDetails.aspx?current=531,Oskarshamn 1-3,Oskarshamn 1-3,Oskarshamn,OSKARSHAMN 1-3
429,SWEDEN,RINGHALS-1,BWR,Permanent Shutdown,2020,57.2597222222222,12.1108333333333,https://pris.iaea.org/PRIS/CountryStatistics/ReactorDetails.aspx?current=536,Ringhals 1,Ringhals 1,Ringhals 1-2,RINGHALS 1
430,SWEDEN,RINGHALS-2,PWR,Permanent Shutdown,2019,57.2597222222222,12.1108333333333,https://pris.iaea.org/PRIS/CountryStatistics/ReactorDetails.aspx?current=537,Ringhals 2,Ringhals 2,Ringhals 1-2,RINGHALS 2-4
431,SWEDEN,RINGHALS-3,PWR,Operational,2023,57.2597222222222,12.1108333333333,https://pris.iaea.org/PRIS/CountryStatistics/ReactorDetails.aspx?current=539,Ringhals 3,,,RINGHALS 2-4
432,SWEDEN,RINGHALS-4,PWR,Operational,2023,57.2597222222222,12.1108333333333,https://pris.iaea.org/PRIS/CountryStatistics/ReactorDetails.aspx?current=529,Ringhals 4,,,RINGHALS 2-4
433,SWITZERLAND,BEZNAU-1,PWR,Operational,2023,47.5522222222222,8.22861111111111,https://pris.iaea.org/PRIS/CountryStatistics/ReactorDetails.aspx?current=55,Beznau 1-2,,Beznau 1-2,BEZNAU 1-2
434,SWITZERLAND,BEZNAU-2,PWR,Operational,2023,47.5522222222222,8.22861111111111,https://pris.iaea.org/PRIS/CountryStatistics/ReactorDetails.aspx?current=57,Beznau 1-2,,Beznau 1-2,BEZNAU 1-2
435,SWITZERLAND,GOESGEN,PWR,Operational,2023,47.3661111111111,7.96666666666667,https://pris.iaea.org/PRIS/CountryStatistics/ReactorDetails.aspx?current=58,Gösgen,,Gösgen,GOESGEN
436,SWITZERLAND,LEIBSTADT,BWR,Operational,2023,47.6030555555556,8.18472222222222,https://pris.iaea.org/PRIS/CountryStatistics/ReactorDetails.aspx?current=59,LEIBSTADT,,Leibstadt,LEIBSTADT
437,SWITZERLAND,MUEHLEBERG,BWR,Permanent Shutdown,2019,46.9688,7.26806944444444,https://pris.iaea.org/PRIS/CountryStatistics/ReactorDetails.aspx?current=56,MUEHLEBERG,,Mühleberg,MUEHLEBERG
438,"TAIWAN, CHINA",CHINSHAN-1,BWR,Permanent Shutdown,2014,25.28,121.59,https://pris.iaea.org/PRIS/CountryStatistics/ReactorDetails.aspx?current=554,Chinshan 1,,,CHINSHAN 1-2
439,"TAIWAN, CHINA",CHINSHAN-2,BWR,Permanent Shutdown,2017,25.28,121.59,https://pris.iaea.org/PRIS/CountryStatistics/ReactorDetails.aspx?current=555,Chinshan 2,,,CHINSHAN 1-2
440,"TAIWAN, CHINA",KUOSHENG-1,BWR,Permanent Shutdown,2021,25.21,121.66,https://pris.iaea.org/PRIS/CountryStatistics/ReactorDetails.aspx?current=556,Kuosheng-1,,,KUOSHENG 1-2
441,"TAIWAN, CHINA",KUOSHENG-2,BWR,Permanent Shutdown,2023,25.21,121.66,https://pris.iaea.org/PRIS/CountryStatistics/ReactorDetails.aspx?current=557,Kuosheng-2,,,KUOSHENG 1-2
442,"TAIWAN, CHINA",MAANSHAN-1,PWR,Permanent Shutdown,2023,21.96,120.76,https://pris.iaea.org/PRIS/CountryStatistics/ReactorDetails.aspx?current=558,Maanshan-1,,,MAANSHAN 1-2
443,"TAIWAN, CHINA",MAANSHAN-2,PWR,Operational,2023,21.96,120.76,https://pris.iaea.org/PRIS/CountryStatistics/ReactorDetails.aspx?current=559,Maanshan-2,,,MAANSHAN 1-2
444,UKRAINE,CHERNOBYL-1,LWGR,Permanent Shutdown,1996,51.3895527777778,30.0991472222222,https://pris.iaea.org/PRIS/CountryStatistics/ReactorDetails.aspx?current=568,,,,CHERNOBYL 1-3
445,UKRAINE,CHERNOBYL-2,LWGR,Permanent Shutdown,1991,51.3895527777778,30.0991472222222,https://pris.iaea.org/PRIS/CountryStatistics/ReactorDetails.aspx?current=569,,,,CHERNOBYL 1-3
446,UKRAINE,CHERNOBYL-3,LWGR,Permanent Shutdown,2000,51.3895527777778,30.0991472222222,https://pris.iaea.org/PRIS/CountryStatistics/ReactorDetails.aspx?current=575,,,,CHERNOBYL 1-3
447,UKRAINE,KHMELNITSKI-1,PWR,Operational,2021,50.3014055555556,26.64975,https://pris.iaea.org/PRIS/CountryStatistics/ReactorDetails.aspx?current=573,Khmelnitski 1-2,,Khmelnitski 1-2,KHMELNITSKI 1-2
448,UKRAINE,KHMELNITSKI-2,PWR,Operational,2021,50.3014055555556,26.64975,https://pris.iaea.org/PRIS/CountryStatistics/ReactorDetails.aspx?current=574,Khmelnitski 1-2,,Khmelnitski 1-2,KHMELNITSKI 1-2
449,UKRAINE,RIVNE-1,PWR,Operational,2021,51.3277777777778,25.8916666666667,https://pris.iaea.org/PRIS/CountryStatistics/ReactorDetails.aspx?current=570,Rovno 1-4 (Rivne),,Rovno 1-4 (Rivne),RIVNE 1-4
450,UKRAINE,RIVNE-2,PWR,Operational,2021,51.3277777777778,25.8916666666667,https://pris.iaea.org/PRIS/CountryStatistics/ReactorDetails.aspx?current=571,Rovno 1-4 (Rivne),,Rovno 1-4 (Rivne),RIVNE 1-4
451,UKRAINE,RIVNE-3,PWR,Operational,2021,51.3277777777778,25.8916666666667,https://pris.iaea.org/PRIS/CountryStatistics/ReactorDetails.aspx?current=572,Rovno 1-4 (Rivne),,Rovno 1-4 (Rivne),RIVNE 1-4
452,UKRAINE,RIVNE-4,PWR,Operational,2021,51.3277777777778,25.8916666666667,https://pris.iaea.org/PRIS/CountryStatistics/ReactorDetails.aspx?current=589,Rovno 1-4 (Rivne),,Rovno 1-4 (Rivne),RIVNE 1-4
453,UKRAINE,SOUTH UKRAINE-1,PWR,Operational,2021,47.8166666666667,31.2166666666667,https://pris.iaea.org/PRIS/CountryStatistics/ReactorDetails.aspx?current=577,South Ukraine 1-3,,South Ukraine 1-3,SOUTH UKRAINE 1-3
454,UKRAINE,SOUTH UKRAINE-2,PWR,Operational,2021,47.8166666666667,31.2166666666667,https://pris.iaea.org/PRIS/CountryStatistics/ReactorDetails.aspx?current=578,South Ukraine 1-3,,South Ukraine 1-3,SOUTH UKRAINE 1-3
455,UKRAINE,SOUTH UKRAINE-3,PWR,Operational,2021,47.8166666666667,31.2166666666667,https://pris.iaea.org/PRIS/CountryStatistics/ReactorDetails.aspx?current=579,South Ukraine 1-3,,South Ukraine 1-3,SOUTH UKRAINE 1-3
456,UKRAINE,ZAPOROZHYE-1,PWR,Operational,2021,47.5122222222222,34.5858333333333,https://pris.iaea.org/PRIS/CountryStatistics/ReactorDetails.aspx?current=584,Zaporozhe 1-6 (Zaporizhzhia),,,ZAPOROZHYE 1-6
457,UKRAINE,ZAPOROZHYE-2,PWR,Operational,2021,47.5122222222222,34.5858333333333,https://pris.iaea.org/PRIS/CountryStatistics/ReactorDetails.aspx?current=586,Zaporozhe 1-6 (Zaporizhzhia),,,ZAPOROZHYE 1-6
458,UKRAINE,ZAPOROZHYE-3,PWR,Operational,2021,47.5122222222222,34.5858333333333,https://pris.iaea.org/PRIS/CountryStatistics/ReactorDetails.aspx?current=594,Zaporozhe 1-6 (Zaporizhzhia),,,ZAPOROZHYE 1-6
459,UKRAINE,ZAPOROZHYE-4,PWR,Operational,2021,47.5122222222222,34.5858333333333,https://pris.iaea.org/PRIS/CountryStatistics/ReactorDetails.aspx?current=595,Zaporozhe 1-6 (Zaporizhzhia),,,ZAPOROZHYE 1-6
460,UKRAINE,ZAPOROZHYE-5,PWR,Operational,2021,47.5122222222222,34.5858333333333,https://pris.iaea.org/PRIS/CountryStatistics/ReactorDetails.aspx?current=566,Zaporozhe 1-6 (Zaporizhzhia),,,ZAPOROZHYE 1-6
461,UKRAINE,ZAPOROZHYE-6,PWR,Operational,2021,47.5122222222222,34.5858333333333,https://pris.iaea.org/PRIS/CountryStatistics/ReactorDetails.aspx?current=567,Zaporozhe 1-6 (Zaporizhzhia),,,ZAPOROZHYE 1-6
462,UNITED ARAB EMIRATES,BARAKAH-1,PWR,Operational,2023,24.1048998,52.7241914,https://pris.iaea.org/PRIS/CountryStatistics/ReactorDetails.aspx?current=1050,,,,BARAKAH 1-4
463,UNITED ARAB EMIRATES,BARAKAH-2,PWR,Operational,2023,24.1048998,52.7241914,https://pris.iaea.org/PRIS/CountryStatistics/ReactorDetails.aspx?current=1051,,,,BARAKAH 1-4
464,UNITED ARAB EMIRATES,BARAKAH-3,PWR,Operational,2023,24.1048998,52.7241914,https://pris.iaea.org/PRIS/CountryStatistics/ReactorDetails.aspx?current=1052,,,,BARAKAH 1-4
465,UNITED ARAB EMIRATES,BARAKAH-4,PWR,Operational,2023,24.1048998,52.7241914,https://pris.iaea.org/PRIS/CountryStatistics/ReactorDetails.aspx?current=1053,,,,BARAKAH 1-4
466,UNITED KINGDOM,BERKELEY-1,GCR,Permanent Shutdown,1987,51.6925,-2.4936,https://pris.iaea.org/PRIS/CountryStatistics/ReactorDetails.aspx?current=264,Berkeley A-B,Berkeley A-B,Berkeley,BERKELEY 1-2
467,UNITED KINGDOM,BERKELEY-2,GCR,Permanent Shutdown,1988,51.6925,-2.4936,https://pris.iaea.org/PRIS/CountryStatistics/ReactorDetails.aspx?current=265,Berkeley A-B,Berkeley A-B,Berkeley,BERKELEY 1-2
468,UNITED KINGDOM,BRADWELL-1,GCR,Permanent Shutdown,1994,51.7413,0.8969,https://pris.iaea.org/PRIS/CountryStatistics/ReactorDetails.aspx?current=266,Bradwell A-B,Bradwell A-B,Bradwell,BRADWELL 1-2
469,UNITED KINGDOM,BRADWELL-2,GCR,Permanent Shutdown,1994,51.7413,0.8969,https://pris.iaea.org/PRIS/CountryStatistics/ReactorDetails.aspx?current=267,Bradwell A-B,Bradwell A-B,Bradwell,BRADWELL 1-2
470,UNITED KINGDOM,CALDER HALL-1,GCR,Permanent Shutdown,1997,54.419,-3.4881,https://pris.iaea.org/PRIS/CountryStatistics/ReactorDetails.aspx?current=231,Claderhall A-D,Claderhall A-D,,CALDER HALL 1-4
471,UNITED KINGDOM,CALDER HALL-2,GCR,Permanent Shutdown,1997,54.419,-3.4881,https://pris.iaea.org/PRIS/CountryStatistics/ReactorDetails.aspx?current=232,Claderhall A-D,Claderhall A-D,,CALDER HALL 1-4
472,UNITED KINGDOM,CALDER HALL-3,GCR,Permanent Shutdown,1997,54.419,-3.4881,https://pris.iaea.org/PRIS/CountryStatistics/ReactorDetails.aspx?current=233,Claderhall A-D,Claderhall A-D,,CALDER HALL 1-4
473,UNITED KINGDOM,CALDER HALL-4,GCR,Permanent Shutdown,1997,54.419,-3.4881,https://pris.iaea.org/PRIS/CountryStatistics/ReactorDetails.aspx?current=234,Claderhall A-D,Claderhall A-D,,CALDER HALL 1-4
474,UNITED KINGDOM,CHAPELCROSS-1,GCR,Permanent Shutdown,1996,55.0157,-3.2261,https://pris.iaea.org/PRIS/CountryStatistics/ReactorDetails.aspx?current=252,Chapelcross A-D,,,CHAPELCROSS 1-4
475,UNITED KINGDOM,CHAPELCROSS-2,GCR,Permanent Shutdown,1996,55.0157,-3.2261,https://pris.iaea.org/PRIS/CountryStatistics/ReactorDetails.aspx?current=253,Chapelcross A-D,,,CHAPELCROSS 1-4
476,UNITED KINGDOM,CHAPELCROSS-3,GCR,Permanent Shutdown,1996,55.0157,-3.2261,https://pris.iaea.org/PRIS/CountryStatistics/ReactorDetails.aspx?current=254,Chapelcross A-D,,,CHAPELCROSS 1-4
477,UNITED KINGDOM,CHAPELCROSS-4,GCR,Permanent Shutdown,1996,55.0157,-3.2261,https://pris.iaea.org/PRIS/CountryStatistics/ReactorDetails.aspx?current=255,Chapelcross A-D,,,CHAPELCROSS 1-4
478,UNITED KINGDOM,DOUNREAY DFR,FBR,Permanent Shutdown,1977,58.5781,-3.7523,https://pris.iaea.org/PRIS/CountryStatistics/ReactorDetails.aspx?current=242,Dounreay DFR,,,DOUNREAY DFR
479,UNITED KINGDOM,DOUNREAY PFR,FBR,Permanent Shutdown,1991,58.5781,-3.7523,https://pris.iaea.org/PRIS/CountryStatistics/ReactorDetails.aspx?current=243,Dounreay PFR,,,DOUNREAY PFR
480,UNITED KINGDOM,DUNGENESS A-1,GCR,Permanent Shutdown,2006,50.9139,0.9639,https://pris.iaea.org/PRIS/CountryStatistics/ReactorDetails.aspx?current=275,Dungeness AA-AB,Dungeness AA-AB,Dungeness A+B,Dungeness A+B
481,UNITED KINGDOM,DUNGENESS A-2,GCR,Permanent Shutdown,2006,50.9139,0.9639,https://pris.iaea.org/PRIS/CountryStatistics/ReactorDetails.aspx?current=276,Dungeness AA-AB,Dungeness AA-AB,Dungeness A+B,Dungeness A+B
482,UNITED KINGDOM,DUNGENESS B-1,GCR,Permanent Shutdown,2018,51.9139,1.9639,https://pris.iaea.org/PRIS/CountryStatistics/ReactorDetails.aspx?current=248,Dungeness B1-B2,Dungeness B1-B2,Dungeness A+B,Dungeness A+B
483,UNITED KINGDOM,DUNGENESS B-2,GCR,Permanent Shutdown,2018,51.9139,1.9639,https://pris.iaea.org/PRIS/CountryStatistics/ReactorDetails.aspx?current=249,Dungeness B1-B2,Dungeness B1-B2,Dungeness A+B,Dungeness A+B
484,UNITED KINGDOM,HARTLEPOOL A-1,GCR,Operational,2023,54.635,-1.1808,https://pris.iaea.org/PRIS/CountryStatistics/ReactorDetails.aspx?current=250,Hartlepool A1-A2,Hartlepool A1-A2,Hartlepool,HARTLEPOOL A 1-2
485,UNITED KINGDOM,HARTLEPOOL A-2,GCR,Operational,2023,54.635,-1.1808,https://pris.iaea.org/PRIS/CountryStatistics/ReactorDetails.aspx?current=251,Hartlepool A1-A2,Hartlepool A1-A2,Hartlepool,HARTLEPOOL A 1-2
486,UNITED KINGDOM,HEYSHAM A-1,GCR,Operational,2023,54.029,-2.916,https://pris.iaea.org/PRIS/CountryStatistics/ReactorDetails.aspx?current=256,Heysham 1A-1B,Heysham 1A-1B,Heysham 1-2,HEYSHAM 1-2
487,UNITED KINGDOM,HEYSHAM A-2,GCR,Operational,2023,54.029,-2.916,https://pris.iaea.org/PRIS/CountryStatistics/ReactorDetails.aspx?current=257,Heysham 2A-2B,Heysham 2A-2B,Heysham 1-2,HEYSHAM 1-2
488,UNITED KINGDOM,HEYSHAM B-1,GCR,Operational,2023,54.029,-2.916,https://pris.iaea.org/PRIS/CountryStatistics/ReactorDetails.aspx?current=259,Heysham 1A-1B,Heysham 1A-1B,Heysham 1-2,HEYSHAM 1-2
489,UNITED KINGDOM,HEYSHAM B-2,GCR,Operational,2023,54.029,-2.916,https://pris.iaea.org/PRIS/CountryStatistics/ReactorDetails.aspx?current=260,Heysham 2A-2B,Heysham 2A-2B,Heysham 1-2,HEYSHAM 1-2
490,UNITED KINGDOM,HINKLEY POINT A-1,GCR,Permanent Shutdown,1994,51.2087,-3.1337,https://pris.iaea.org/PRIS/CountryStatistics/ReactorDetails.aspx?current=271,Hinkley point AA-AB,Hinkley point AA-AB,Hinkley Point A+B,Hinkley Point A+B
491,UNITED KINGDOM,HINKLEY POINT A-2,GCR,Permanent Shutdown,1994,51.2087,-3.1337,https://pris.iaea.org/PRIS/CountryStatistics/ReactorDetails.aspx?current=272,Hinkley point AA-AB,Hinkley point AA-AB,Hinkley Point A+B,Hinkley Point A+B
492,UNITED KINGDOM,HINKLEY POINT B-1,GCR,Permanent Shutdown,2022,52.2087,-2.1337,https://pris.iaea.org/PRIS/CountryStatistics/ReactorDetails.aspx?current=244,Hinkley Point BA-BB,Hinkley Point BA-BB,Hinkley Point A+B,Hinkley Point A+B
493,UNITED KINGDOM,HINKLEY POINT B-2,GCR,Permanent Shutdown,2022,52.2087,-2.1337,https://pris.iaea.org/PRIS/CountryStatistics/ReactorDetails.aspx?current=245,Hinkley Point BA-BB,Hinkley Point BA-BB,Hinkley Point A+B,Hinkley Point A+B
494,UNITED KINGDOM,HUNTERSTON A-1,GCR,Permanent Shutdown,1989,55.7221,-4.8901,https://pris.iaea.org/PRIS/CountryStatistics/ReactorDetails.aspx?current=269,Hunterstone A,Hunterstone A,Hunterston A+B,Hunterston A+B
495,UNITED KINGDOM,HUNTERSTON A-2,GCR,Permanent Shutdown,1989,55.7221,-4.8901,https://pris.iaea.org/PRIS/CountryStatistics/ReactorDetails.aspx?current=270,Hunterstone A,Hunterstone A,Hunterston A+B,Hunterston A+B
496,UNITED KINGDOM,HUNTERSTON B-1,GCR,Permanent Shutdown,2021,56.7221,-3.8901,https://pris.iaea.org/PRIS/CountryStatistics/ReactorDetails.aspx?current=246,Hunterstone B1-B2,Hunterstone B1-B2,Hunterston A+B,Hunterston A+B
497,UNITED KINGDOM,HUNTERSTON B-2,GCR,Permanent Shutdown,2021,56.7221,-3.8901,https://pris.iaea.org/PRIS/CountryStatistics/ReactorDetails.aspx?current=247,Hunterstone B1-B2,Hunterstone B1-B2,Hunterston A+B,Hunterston A+B
498,UNITED KINGDOM,OLDBURY A-1,GCR,Permanent Shutdown,2012,51.6489,-2.5708,https://pris.iaea.org/PRIS/CountryStatistics/ReactorDetails.aspx?current=237,Oldbury AA-AB,Oldbury AA-AB,Oldbury,Oldbury
499,UNITED KINGDOM,OLDBURY A-2,GCR,Permanent Shutdown,2011,51.6489,-2.5708,https://pris.iaea.org/PRIS/CountryStatistics/ReactorDetails.aspx?current=238,Oldbury AA-AB,Oldbury AA-AB,Oldbury,Oldbury
500,UNITED KINGDOM,SIZEWELL A-1,GCR,Permanent Shutdown,2006,52.215,1.6197,https://pris.iaea.org/PRIS/CountryStatistics/ReactorDetails.aspx?current=235,Sizewell AA-AB,Sizewell AA-AB,Sizewell A+B,SIZEWELL A 1-2
501,UNITED KINGDOM,SIZEWELL A-2,GCR,Permanent Shutdown,2006,52.215,1.6197,https://pris.iaea.org/PRIS/CountryStatistics/ReactorDetails.aspx?current=236,Sizewell AA-AB,Sizewell AA-AB,Sizewell A+B,SIZEWELL A 1-2
502,UNITED KINGDOM,SIZEWELL B,PWR,Operational,2023,52.215,1.6197,https://pris.iaea.org/PRIS/CountryStatistics/ReactorDetails.aspx?current=263,Sizewell B,Sizewell B,Sizewell A+B,SIZEWELL B
503,UNITED KINGDOM,TORNESS-1,GCR,Operational,2023,55.968,-2.4091,https://pris.iaea.org/PRIS/CountryStatistics/ReactorDetails.aspx?current=261,Torness A-B,Torness A-B,Torness,TORNESS 1-2
504,UNITED KINGDOM,TORNESS-2,GCR,Operational,2023,55.968,-2.4091,https://pris.iaea.org/PRIS/CountryStatistics/ReactorDetails.aspx?current=262,Torness A-B,Torness A-B,Torness,TORNESS 1-2
505,UNITED KINGDOM,TRAWSFYNYDD-1,GCR,Permanent Shutdown,1991,52.9022,-3.9238,https://pris.iaea.org/PRIS/CountryStatistics/ReactorDetails.aspx?current=273,,,,TRAWSFYNYDD 1-2
506,UNITED KINGDOM,TRAWSFYNYDD-2,GCR,Permanent Shutdown,1991,52.9022,-3.9238,https://pris.iaea.org/PRIS/CountryStatistics/ReactorDetails.aspx?current=274,,,,TRAWSFYNYDD 1-2
507,UNITED KINGDOM,WINDSCALE AGR,GCR,Permanent Shutdown,1980,54.4205,-3.4975,https://pris.iaea.org/PRIS/CountryStatistics/ReactorDetails.aspx?current=268,,,,WINDSCALE AGR
508,UNITED KINGDOM,WINFRITH SGHWR,SGHWR,Permanent Shutdown,1990,50.6815,-2.2564,https://pris.iaea.org/PRIS/CountryStatistics/ReactorDetails.aspx?current=239,,,Winfrith,WINFRITH SGHWR
509,UNITED KINGDOM,WYLFA-1,GCR,Permanent Shutdown,2015,53.4167,-4.4833,https://pris.iaea.org/PRIS/CountryStatistics/ReactorDetails.aspx?current=240,Wylfa A-B,Wylfa A-B,Wylfa,WYLFA 1-2
510,UNITED KINGDOM,WYLFA-2,GCR,Permanent Shutdown,2012,53.4167,-4.4833,https://pris.iaea.org/PRIS/CountryStatistics/ReactorDetails.aspx?current=241,Wylfa A-B,Wylfa A-B,Wylfa,WYLFA 1-2
511,UNITED STATES OF AMERICA,ANO-1,PWR,Operational,2023,35.3102777777778,-93.2313888888889,https://pris.iaea.org/PRIS/CountryStatistics/ReactorDetails.aspx?current=652,Arkansas One 1-2,,,ANO 1-2
512,UNITED STATES OF AMERICA,ANO-2,PWR,Operational,2023,35.3102777777778,-93.2313888888889,https://pris.iaea.org/PRIS/CountryStatistics/ReactorDetails.aspx?current=689,Arkansas One 1-2,,,ANO 1-2
513,UNITED STATES OF AMERICA,BEAVER VALLEY-1,PWR,Operational,2023,40.6166666666667,-80.4333333333333,https://pris.iaea.org/PRIS/CountryStatistics/ReactorDetails.aspx?current=669,Beaver Valley 1-2,,,BEAVER VALLEY 1-2
514,UNITED STATES OF AMERICA,BEAVER VALLEY-2,PWR,Operational,2023,40.6166666666667,-80.4333333333333,https://pris.iaea.org/PRIS/CountryStatistics/ReactorDetails.aspx?current=712,Beaver Valley 1-2,,,BEAVER VALLEY 1-2
515,UNITED STATES OF AMERICA,BIG ROCK POINT,BWR,Permanent Shutdown,1997,45.35892,-85.19712,https://pris.iaea.org/PRIS/CountryStatistics/ReactorDetails.aspx?current=601,,,,BIG ROCK POINT
516,UNITED STATES OF AMERICA,BRAIDWOOD-1,PWR,Operational,2023,41.25,-88.2333333333333,https://pris.iaea.org/PRIS/CountryStatistics/ReactorDetails.aspx?current=737,Braidwood 1-2,,,BRAIDWOOD 1-2
517,UNITED STATES OF AMERICA,BRAIDWOOD-2,PWR,Operational,2023,41.25,-88.2333333333333,https://pris.iaea.org/PRIS/CountryStatistics/ReactorDetails.aspx?current=738,Braidwood 1-2,,,BRAIDWOOD 1-2
518,UNITED STATES OF AMERICA,BROWNS FERRY-1,BWR,Operational,2023,34.7038888888889,-87.1186111111111,https://pris.iaea.org/PRIS/CountryStatistics/ReactorDetails.aspx?current=617,Browns Ferry 1-3,,,BROWNS FERRY 1-3
519,UNITED STATES OF AMERICA,BROWNS FERRY-2,BWR,Operational,2023,34.7038888888889,-87.1186111111111,https://pris.iaea.org/PRIS/CountryStatistics/ReactorDetails.aspx?current=618,Browns Ferry 1-3,,,BROWNS FERRY 1-3
520,UNITED STATES OF AMERICA,BROWNS FERRY-3,BWR,Operational,2023,34.7038888888889,-87.1186111111111,https://pris.iaea.org/PRIS/CountryStatistics/ReactorDetails.aspx?current=641,Browns Ferry 1-3,,,BROWNS FERRY 1-3
521,UNITED STATES OF AMERICA,BRUNSWICK-1,BWR,Operational,2023,33.9583333333333,-78.0102777777778,https://pris.iaea.org/PRIS/CountryStatistics/ReactorDetails.aspx?current=662,Brunswick 1-2,,,BRUNSWICK 1-2
522,UNITED STATES OF AMERICA,BRUNSWICK-2,BWR,Operational,2023,33.9583333333333,-78.0102777777778,https://pris.iaea.org/PRIS/CountryStatistics/ReactorDetails.aspx?current=661,Brunswick 1-2,,,BRUNSWICK 1-2
523,UNITED STATES OF AMERICA,BYRON-1,PWR,Operational,2023,42.0833333333333,-89.2833333333333,https://pris.iaea.org/PRIS/CountryStatistics/ReactorDetails.aspx?current=735,Byron 1-2,,,BYRON 1-2
524,UNITED STATES OF AMERICA,BYRON-2,PWR,Operational,2023,42.0833333333333,-89.2833333333333,https://pris.iaea.org/PRIS/CountryStatistics/ReactorDetails.aspx?current=736,Byron 1-2,,,BYRON 1-2
525,UNITED STATES OF AMERICA,CALLAWAY-1,PWR,Operational,2023,38.7666666666667,-91.7833333333333,https://pris.iaea.org/PRIS/CountryStatistics/ReactorDetails.aspx?current=752,Callaway 1,,,CALLAWAY 1
526,UNITED STATES OF AMERICA,CALVERT CLIFFS-1,PWR,Operational,2023,38.4319444444445,-76.4422222222222,https://pris.iaea.org/PRIS/CountryStatistics/ReactorDetails.aspx?current=655,Calvert Cliffs 1-2,,,CALVERT CLIFFS 1-2
527,UNITED STATES OF AMERICA,CALVERT CLIFFS-2,PWR,Operational,2023,38.4319444444445,-76.4422222222222,https://pris.iaea.org/PRIS/CountryStatistics/ReactorDetails.aspx?current=656,Calvert Cliffs 1-2,,,CALVERT CLIFFS 1-2
528,UNITED STATES OF AMERICA,CATAWBA-1,PWR,Operational,2023,35.0516666666667,-81.07,https://pris.iaea.org/PRIS/CountryStatistics/ReactorDetails.aspx?current=713,Catawba 1-2,,,CATAWBA 1-2
529,UNITED STATES OF AMERICA,CATAWBA-2,PWR,Operational,2023,35.0516666666667,-81.07,https://pris.iaea.org/PRIS/CountryStatistics/ReactorDetails.aspx?current=714,Catawba 1-2,,,CATAWBA 1-2
530,UNITED STATES OF AMERICA,CLINTON-1,BWR,Operational,2023,40.1722222222222,-88.835,https://pris.iaea.org/PRIS/CountryStatistics/ReactorDetails.aspx?current=742,Clinton 1 (from 1987),,,CLINTON 1
531,UNITED STATES OF AMERICA,COLUMBIA,BWR,Operational,2023,46.4711,-119.33389,https://pris.iaea.org/PRIS/CountryStatistics/ReactorDetails.aspx?current=702,Columbia (from 1984),,,COLUMBIA
532,UNITED STATES OF AMERICA,COMANCHE PEAK-1,PWR,Operational,2023,32.2983333333333,-97.785,https://pris.iaea.org/PRIS/CountryStatistics/ReactorDetails.aspx?current=729,Comanche Peak 1-2,,,COMANCHE PEAK 1-2
533,UNITED STATES OF AMERICA,COMANCHE PEAK-2,PWR,Operational,2023,32.2983333333333,-97.785,https://pris.iaea.org/PRIS/CountryStatistics/ReactorDetails.aspx?current=730,Comanche Peak 1-2,,,COMANCHE PEAK 1-2
534,UNITED STATES OF AMERICA,COOK-1,PWR,Operational,2023,41.975276,-86.565817,https://pris.iaea.org/PRIS/CountryStatistics/ReactorDetails.aspx?current=653,Donald Cook 1-2,,,COOK 1-2
535,UNITED STATES OF AMERICA,COOK-2,PWR,Operational,2023,41.975276,-86.565817,https://pris.iaea.org/PRIS/CountryStatistics/ReactorDetails.aspx?current=654,Donald Cook 1-2,,,COOK 1-2
536,UNITED STATES OF AMERICA,COOPER,BWR,Operational,2023,40.3619444444445,-95.6413888888889,https://pris.iaea.org/PRIS/CountryStatistics/ReactorDetails.aspx?current=642,Cooper 1974,,,COOPER
537,UNITED STATES OF AMERICA,CRYSTAL RIVER-3,PWR,Permanent Shutdown,2009,28.9575,-82.6983333333333,https://pris.iaea.org/PRIS/CountryStatistics/ReactorDetails.aspx?current=645,Crystal River 3,,,CRYSTAL RIVER 3
538,UNITED STATES OF AMERICA,DAVIS BESSE-1,PWR,Operational,2023,41.5966666666667,-83.0863888888889,https://pris.iaea.org/PRIS/CountryStatistics/ReactorDetails.aspx?current=676,Davis-Besse 1,,,DAVIS BESSE 1
539,UNITED STATES OF AMERICA,DIABLO CANYON-1,PWR,Operational,2023,35.2108611111111,-120.856175,https://pris.iaea.org/PRIS/CountryStatistics/ReactorDetails.aspx?current=628,Diablo Canyon 1-2,,,DIABLO CANYON 1-2
540,UNITED STATES OF AMERICA,DIABLO CANYON-2,PWR,Operational,2023,35.2108611111111,-120.856175,https://pris.iaea.org/PRIS/CountryStatistics/ReactorDetails.aspx?current=660,Diablo Canyon 1-2,,,DIABLO CANYON 1-2
541,UNITED STATES OF AMERICA,DRESDEN-1,BWR,Permanent Shutdown,1978,41.3897222222222,-88.2680555555556,https://pris.iaea.org/PRIS/CountryStatistics/ReactorDetails.aspx?current=597,,,,DRESDEN 1-3
542,UNITED STATES OF AMERICA,DRESDEN-2,BWR,Operational,2023,41.3897222222222,-88.2680555555556,https://pris.iaea.org/PRIS/CountryStatistics/ReactorDetails.aspx?current=608,Dresden 2-3,,,DRESDEN 1-3
543,UNITED STATES OF AMERICA,DRESDEN-3,BWR,Operational,2023,41.3897222222222,-88.2680555555556,https://pris.iaea.org/PRIS/CountryStatistics/ReactorDetails.aspx?current=612,Dresden 2-3,,,DRESDEN 1-3
544,UNITED STATES OF AMERICA,DUANE ARNOLD-1,BWR,Permanent Shutdown,2020,42.1005555555556,-91.7772222222222,https://pris.iaea.org/PRIS/CountryStatistics/ReactorDetails.aspx?current=667,Duane Arnold 1974,,,DUANE ARNOLD 1
545,UNITED STATES OF AMERICA,FARLEY-1,PWR,Operational,2023,31.2230555555556,-85.1116666666667,https://pris.iaea.org/PRIS/CountryStatistics/ReactorDetails.aspx?current=677,Farley 1-2,,,FARLEY 1-2
546,UNITED STATES OF AMERICA,FARLEY-2,PWR,Operational,2023,31.2230555555556,-85.1116666666667,https://pris.iaea.org/PRIS/CountryStatistics/ReactorDetails.aspx?current=686,Farley 1-2,,,FARLEY 1-2
547,UNITED STATES OF AMERICA,FERMI-2,BWR,Operational,2023,41.9627777777778,-83.2575,https://pris.iaea.org/PRIS/CountryStatistics/ReactorDetails.aspx?current=674,Fermi 2 1988,,,FERMI 2
548,UNITED STATES OF AMERICA,FITZPATRICK,BWR,Operational,2023,43.5233333333333,-76.3983333333333,https://pris.iaea.org/PRIS/CountryStatistics/ReactorDetails.aspx?current=668,Fitz Patrick 1975,,,FITZPATRICK
549,UNITED STATES OF AMERICA,FORT CALHOUN-1,PWR,Permanent Shutdown,2016,41.5202777777778,-96.0772222222222,https://pris.iaea.org/PRIS/CountryStatistics/ReactorDetails.aspx?current=634,Fort Calhoun 1,,,FORT CALHOUN 1
550,UNITED STATES OF AMERICA,FORT ST. VRAIN,HTGR,Permanent Shutdown,1989,40.244395,-104.873657,https://pris.iaea.org/PRIS/CountryStatistics/ReactorDetails.aspx?current=623,,,,FORT ST. VRAIN
551,UNITED STATES OF AMERICA,GINNA,PWR,Operational,2023,43.2778,-77.31,https://pris.iaea.org/PRIS/CountryStatistics/ReactorDetails.aspx?current=609,R. E. Ginna,,,GINNA
552,UNITED STATES OF AMERICA,GRAND GULF-1,BWR,Operational,2023,32.0066666666667,-91.0483333333333,https://pris.iaea.org/PRIS/CountryStatistics/ReactorDetails.aspx?current=715,Grand Gulf 1 1984,,,GRAND GULF 1
553,UNITED STATES OF AMERICA,HADDAM NECK,PWR,Permanent Shutdown,1996,41.4833333333333,-72.5,https://pris.iaea.org/PRIS/CountryStatistics/ReactorDetails.aspx?current=605,Haddam Neck,,,HADDAM NECK
554,UNITED STATES OF AMERICA,HARRIS-1,PWR,Operational,2023,35.6333333333333,-78.955,https://pris.iaea.org/PRIS/CountryStatistics/ReactorDetails.aspx?current=704,Shearon Harris 1,,,HARRIS 1
555,UNITED STATES OF AMERICA,HATCH-1,BWR,Operational,2023,31.9341666666667,-82.3438888888889,https://pris.iaea.org/PRIS/CountryStatistics/ReactorDetails.aspx?current=658,Hatch 1-2,,,HATCH 1-2
556,UNITED STATES OF AMERICA,HATCH-2,BWR,Operational,2023,31.9341666666667,-82.3438888888889,https://pris.iaea.org/PRIS/CountryStatistics/ReactorDetails.aspx?current=687,Hatch 1-2,,,HATCH 1-2
557,UNITED STATES OF AMERICA,HOPE CREEK-1,BWR,Operational,2023,39.4677777777778,-75.5380555555556,https://pris.iaea.org/PRIS/CountryStatistics/ReactorDetails.aspx?current=680,Hope Creek 1 1987,,,HOPE CREEK 1
558,UNITED STATES OF AMERICA,HUMBOLDT BAY,BWR,Permanent Shutdown,1976,40.741927,-124.211179,https://pris.iaea.org/PRIS/CountryStatistics/ReactorDetails.aspx?current=599,,,,HUMBOLDT BAY
559,UNITED STATES OF AMERICA,INDIAN POINT-1,PWR,Permanent Shutdown,1974,41.2666666666667,-73.95,https://pris.iaea.org/PRIS/CountryStatistics/ReactorDetails.aspx?current=643,Indian Point 1-3,,,INDIAN POINT 1-3
560,UNITED STATES OF AMERICA,INDIAN POINT-2,PWR,Permanent Shutdown,2020,41.2666666666667,-73.95,https://pris.iaea.org/PRIS/CountryStatistics/ReactorDetails.aspx?current=611,Indian Point 1-3,,,INDIAN POINT 1-3
561,UNITED STATES OF AMERICA,INDIAN POINT-3,PWR,Permanent Shutdown,2021,41.2666666666667,-73.95,https://pris.iaea.org/PRIS/CountryStatistics/ReactorDetails.aspx?current=635,Indian Point 1-3,,,INDIAN POINT 1-3
562,UNITED STATES OF AMERICA,KEWAUNEE,PWR,Permanent Shutdown,2013,44.3422222222222,-87.5361111111111,https://pris.iaea.org/PRIS/CountryStatistics/ReactorDetails.aspx?current=647,Kewaunee,,,KEWAUNEE
563,UNITED STATES OF AMERICA,LACROSSE,BWR,Permanent Shutdown,1987,43.56,-91.2313888888889,https://pris.iaea.org/PRIS/CountryStatistics/ReactorDetails.aspx?current=710,,,,LACROSSE
564,UNITED STATES OF AMERICA,LASALLE-1,BWR,Operational,2023,41.2455555555556,-88.6691666666667,https://pris.iaea.org/PRIS/CountryStatistics/ReactorDetails.aspx?current=692,Lasalle 1-2,,,LASALLE 1-2
565,UNITED STATES OF AMERICA,LASALLE-2,BWR,Operational,2023,41.2455555555556,-88.6691666666667,https://pris.iaea.org/PRIS/CountryStatistics/ReactorDetails.aspx?current=693,Lasalle 1-2,,,LASALLE 1-2
566,UNITED STATES OF AMERICA,LIMERICK-1,BWR,Operational,2023,40.226655,-75.587311,https://pris.iaea.org/PRIS/CountryStatistics/ReactorDetails.aspx?current=678,Limerick 1-2,,,LIMERICK 1-2
567,UNITED STATES OF AMERICA,LIMERICK-2,BWR,Operational,2023,40.226655,-75.587311,https://pris.iaea.org/PRIS/CountryStatistics/ReactorDetails.aspx?current=679,Limerick 1-2,,,LIMERICK 1-2
568,UNITED STATES OF AMERICA,MAINE YANKEE,PWR,Permanent Shutdown,1996,43.9508333333333,-69.6958333333333,https://pris.iaea.org/PRIS/CountryStatistics/ReactorDetails.aspx?current=649,Maine Yankee,,,MAINE YANKEE
569,UNITED STATES OF AMERICA,MCGUIRE-1,PWR,Operational,2023,35.4325,-80.9483333333333,https://pris.iaea.org/PRIS/CountryStatistics/ReactorDetails.aspx?current=690,McGuire 1-2,,,MCGUIRE 1-2
570,UNITED STATES OF AMERICA,MCGUIRE-2,PWR,Operational,2023,35.4325,-80.9483333333333,https://pris.iaea.org/PRIS/CountryStatistics/ReactorDetails.aspx?current=691,McGuire 1-2,,,MCGUIRE 1-2
571,UNITED STATES OF AMERICA,MILLSTONE-1,BWR,Permanent Shutdown,1995,41.311984,-72.168546,https://pris.iaea.org/PRIS/CountryStatistics/ReactorDetails.aspx?current=610,,,,MILLSTONE 1
572,UNITED STATES OF AMERICA,MILLSTONE-2,PWR,Operational,2023,41.311984,-72.168546,https://pris.iaea.org/PRIS/CountryStatistics/ReactorDetails.aspx?current=671,Millstone 2-3,,,MILLSTONE 2-3
573,UNITED STATES OF AMERICA,MILLSTONE-3,PWR,Operational,2023,41.311984,-72.168546,https://pris.iaea.org/PRIS/CountryStatistics/ReactorDetails.aspx?current=717,Millstone 2-3,,,MILLSTONE 2-3
574,UNITED STATES OF AMERICA,MONTICELLO,BWR,Operational,2023,45.3336111111111,-93.8491666666667,https://pris.iaea.org/PRIS/CountryStatistics/ReactorDetails.aspx?current=620,Monticello 1972,,,MONTICELLO
575,UNITED STATES OF AMERICA,NINE MILE POINT-1,BWR,Operational,2023,43.5208333333333,-76.4069444444445,https://pris.iaea.org/PRIS/CountryStatistics/ReactorDetails.aspx?current=607,Nine Mile Point 1-2,,,NINE MILE POINT 1-2
576,UNITED STATES OF AMERICA,NINE MILE POINT-2,BWR,Operational,2023,43.5208333333333,-76.4069444444445,https://pris.iaea.org/PRIS/CountryStatistics/ReactorDetails.aspx?current=711,Nine Mile Point 1-2,,,NINE MILE POINT 1-2
577,UNITED STATES OF AMERICA,NORTH ANNA-1,PWR,Operational,2023,38.0605555555556,-77.7894444444444,https://pris.iaea.org/PRIS/CountryStatistics/ReactorDetails.aspx?current=672,North Anna 1-2,,,NORTH ANNA 1-2
578,UNITED STATES OF AMERICA,NORTH ANNA-2,PWR,Operational,2023,38.0605555555556,-77.7894444444444,https://pris.iaea.org/PRIS/CountryStatistics/ReactorDetails.aspx?current=673,North Anna 1-2,,,NORTH ANNA 1-2
579,UNITED STATES OF AMERICA,OCONEE-1,PWR,Operational,2023,34.7938888888889,-82.8980555555556,https://pris.iaea.org/PRIS/CountryStatistics/ReactorDetails.aspx?current=624,Oconee 1-2-3,,,OCONEE 1-3
580,UNITED STATES OF AMERICA,OCONEE-2,PWR,Operational,2023,34.7938888888889,-82.8980555555556,https://pris.iaea.org/PRIS/CountryStatistics/ReactorDetails.aspx?current=625,Oconee 1-2-3,,,OCONEE 1-3
581,UNITED STATES OF AMERICA,OCONEE-3,PWR,Operational,2023,34.7938888888889,-82.8980555555556,https://pris.iaea.org/PRIS/CountryStatistics/ReactorDetails.aspx?current=636,Oconee 1-2-3,,,OCONEE 1-3
582,UNITED STATES OF AMERICA,OYSTER CREEK,BWR,Permanent Shutdown,2018,39.8147305555556,-74.2050722222222,https://pris.iaea.org/PRIS/CountryStatistics/ReactorDetails.aspx?current=606,Oyster Creek 1972,,,OYSTER CREEK
583,UNITED STATES OF AMERICA,PALISADES,PWR,Permanent Shutdown,2022,42.3227777777778,-86.3144444444445,https://pris.iaea.org/PRIS/CountryStatistics/ReactorDetails.aspx?current=616,Palisades,,,PALISADES
584,UNITED STATES OF AMERICA,PALO VERDE-1,PWR,Operational,2023,33.3891666666667,-112.865,https://pris.iaea.org/PRIS/CountryStatistics/ReactorDetails.aspx?current=789,Palo Verde 1-3,,,PALO VERDE 1-3
585,UNITED STATES OF AMERICA,PALO VERDE-2,PWR,Operational,2023,33.3891666666667,-112.865,https://pris.iaea.org/PRIS/CountryStatistics/ReactorDetails.aspx?current=790,Palo Verde 1-3,,,PALO VERDE 1-3
586,UNITED STATES OF AMERICA,PALO VERDE-3,PWR,Operational,2023,33.3891666666667,-112.865,https://pris.iaea.org/PRIS/CountryStatistics/ReactorDetails.aspx?current=791,Palo Verde 1-3,,,PALO VERDE 1-3
587,UNITED STATES OF AMERICA,PEACH BOTTOM-1,HTGR,Permanent Shutdown,1974,39.7583333333333,-76.2680555555556,https://pris.iaea.org/PRIS/CountryStatistics/ReactorDetails.aspx?current=603,,,,PEACH BOTTOM 1
588,UNITED STATES OF AMERICA,PEACH BOTTOM-2,BWR,Operational,2023,39.7583333333333,-76.2680555555556,https://pris.iaea.org/PRIS/CountryStatistics/ReactorDetails.aspx?current=629,Peach Bottom 2-3,,,PEACH BOTTOM 2-3
589,UNITED STATES OF AMERICA,PEACH BOTTOM-3,BWR,Operational,2023,39.7583333333333,-76.2680555555556,https://pris.iaea.org/PRIS/CountryStatistics/ReactorDetails.aspx?current=630,Peach Bottom 2-3,,,PEACH BOTTOM 2-3
590,UNITED STATES OF AMERICA,PERRY-1,BWR,Operational,2023,41.8008333333333,-81.1433333333333,https://pris.iaea.org/PRIS/CountryStatistics/ReactorDetails.aspx?current=725,Perry 1 1988,,,PERRY 1
591,UNITED STATES OF AMERICA,PILGRIM-1,BWR,Permanent Shutdown,2019,41.945,-70.5783333333333,https://pris.iaea.org/PRIS/CountryStatistics/ReactorDetails.aspx?current=639,Pilgrim 1 1972,,,PILGRIM 1
592,UNITED STATES OF AMERICA,POINT BEACH-1,PWR,Operational,2023,44.2811111111111,-87.5366666666667,https://pris.iaea.org/PRIS/CountryStatistics/ReactorDetails.aspx?current=622,Point Beach 1-2,,,POINT BEACH 1-2
593,UNITED STATES OF AMERICA,POINT BEACH-2,PWR,Operational,2023,44.2811111111111,-87.5366666666667,https://pris.iaea.org/PRIS/CountryStatistics/ReactorDetails.aspx?current=644,Point Beach 1-2,,,POINT BEACH 1-2
594,UNITED STATES OF AMERICA,PRAIRIE ISLAND-1,PWR,Operational,2023,44.6216666666667,-92.6330555555556,https://pris.iaea.org/PRIS/CountryStatistics/ReactorDetails.aspx?current=633,Prairie Island 1-2,,,PRAIRIE ISLAND 1-2
595,UNITED STATES OF AMERICA,PRAIRIE ISLAND-2,PWR,Operational,2023,44.6216666666667,-92.6330555555556,https://pris.iaea.org/PRIS/CountryStatistics/ReactorDetails.aspx?current=648,Prairie Island 1-2,,,PRAIRIE ISLAND 1-2
596,UNITED STATES OF AMERICA,QUAD CITIES-1,BWR,Operational,2023,41.7263888888889,-90.31,https://pris.iaea.org/PRIS/CountryStatistics/ReactorDetails.aspx?current=615,Quad Cities 1-2,,,QUAD CITIES 1-2
597,UNITED STATES OF AMERICA,QUAD CITIES-2,BWR,Operational,2023,41.7263888888889,-90.31,https://pris.iaea.org/PRIS/CountryStatistics/ReactorDetails.aspx?current=621,Quad Cities 1-2,,,QUAD CITIES 1-2
598,UNITED STATES OF AMERICA,RANCHO SECO-1,PWR,Permanent Shutdown,1989,38.3452777777778,-121.121666666667,https://pris.iaea.org/PRIS/CountryStatistics/ReactorDetails.aspx?current=651,Rancho Seco 1,,,RANCHO SECO 1
599,UNITED STATES OF AMERICA,RIVER BEND-1,BWR,Operational,2023,30.7566666666667,-91.3333333333333,https://pris.iaea.org/PRIS/CountryStatistics/ReactorDetails.aspx?current=739,River Bend 1 1985,,,RIVER BEND 1
600,UNITED STATES OF AMERICA,ROBINSON-2,PWR,Operational,2023,34.40278,-80.15833,https://pris.iaea.org/PRIS/CountryStatistics/ReactorDetails.aspx?current=619,H. B. Robinson 2,,,ROBINSON 2
601,UNITED STATES OF AMERICA,SALEM-1,PWR,Operational,2023,39.4627,-75.5356,https://pris.iaea.org/PRIS/CountryStatistics/ReactorDetails.aspx?current=627,Salem 1-2,,,SALEM 1-2
602,UNITED STATES OF AMERICA,SALEM-2,PWR,Operational,2023,39.4627,-75.5356,https://pris.iaea.org/PRIS/CountryStatistics/ReactorDetails.aspx?current=650,Salem 1-2,,,SALEM 1-2
603,UNITED STATES OF AMERICA,SAN ONOFRE-1,PWR,Permanent Shutdown,1992,33.3688888888889,-117.555,https://pris.iaea.org/PRIS/CountryStatistics/ReactorDetails.aspx?current=604,San Onofre 1-3,,,SAN ONOFRE 1-3
604,UNITED STATES OF AMERICA,SAN ONOFRE-2,PWR,Permanent Shutdown,2012,33.3688888888889,-117.555,https://pris.iaea.org/PRIS/CountryStatistics/ReactorDetails.aspx?current=683,San Onofre 1-3,,,SAN ONOFRE 1-3
605,UNITED STATES OF AMERICA,SAN ONOFRE-3,PWR,Permanent Shutdown,2012,33.3688888888889,-117.555,https://pris.iaea.org/PRIS/CountryStatistics/ReactorDetails.aspx?current=684,San Onofre 1-3,,,SAN ONOFRE 1-3
606,UNITED STATES OF AMERICA,SEABROOK-1,PWR,Operational,2023,35.6333333333333,-78.955,https://pris.iaea.org/PRIS/CountryStatistics/ReactorDetails.aspx?current=727,Seabrook 1,,,SEABROOK 1
607,UNITED STATES OF AMERICA,SEQUOYAH-1,PWR,Operational,2023,35.2263888888889,-85.0916666666667,https://pris.iaea.org/PRIS/CountryStatistics/ReactorDetails.aspx?current=663,Sequoyah 1-2,,,SEQUOYAH 1-2
608,UNITED STATES OF AMERICA,SEQUOYAH-2,PWR,Operational,2023,35.2263888888889,-85.0916666666667,https://pris.iaea.org/PRIS/CountryStatistics/ReactorDetails.aspx?current=664,Sequoyah 1-2,,,SEQUOYAH 1-2
609,UNITED STATES OF AMERICA,SOUTH TEXAS-1,PWR,Operational,2023,28.7955555555556,-96.0488888888889,https://pris.iaea.org/PRIS/CountryStatistics/ReactorDetails.aspx?current=764,South Texas 1-2,,,SOUTH TEXAS 1-2
610,UNITED STATES OF AMERICA,SOUTH TEXAS-2,PWR,Operational,2023,28.7955555555556,-96.0488888888889,https://pris.iaea.org/PRIS/CountryStatistics/ReactorDetails.aspx?current=765,South Texas 1-2,,,SOUTH TEXAS 1-2
611,UNITED STATES OF AMERICA,ST. LUCIE-1,PWR,Operational,2023,27.3486111111111,-80.2463888888889,https://pris.iaea.org/PRIS/CountryStatistics/ReactorDetails.aspx?current=670,St. Lucie 1-2,,,ST. LUCIE 1-2
612,UNITED STATES OF AMERICA,ST. LUCIE-2,PWR,Operational,2023,27.3486111111111,-80.2463888888889,https://pris.iaea.org/PRIS/CountryStatistics/ReactorDetails.aspx?current=698,St. Lucie 1-2,,,ST. LUCIE 1-2
613,UNITED STATES OF AMERICA,SUMMER-1,PWR,Operational,2023,34.2986111111111,-81.3147222222222,https://pris.iaea.org/PRIS/CountryStatistics/ReactorDetails.aspx?current=701,Virgil C. Summer 1,,,SUMMER 1
614,UNITED STATES OF AMERICA,SURRY-1,PWR,Operational,2023,37.1655555555556,-76.6977777777778,https://pris.iaea.org/PRIS/CountryStatistics/ReactorDetails.aspx?current=631,Surry 1-2,,,SURRY 1-2
615,UNITED STATES OF AMERICA,SURRY-2,PWR,Operational,2023,37.1655555555556,-76.6977777777778,https://pris.iaea.org/PRIS/CountryStatistics/ReactorDetails.aspx?current=632,Surry 1-2,,,SURRY 1-2
616,UNITED STATES OF AMERICA,SUSQUEHANNA-1,BWR,Operational,2023,41.0889,-76.149,https://pris.iaea.org/PRIS/CountryStatistics/ReactorDetails.aspx?current=696,Susquehanna 1-2,,,SUSQUEHANNA 1-2
617,UNITED STATES OF AMERICA,SUSQUEHANNA-2,BWR,Operational,2023,41.0889,-76.149,https://pris.iaea.org/PRIS/CountryStatistics/ReactorDetails.aspx?current=697,Susquehanna 1-2,,,SUSQUEHANNA 1-2
618,UNITED STATES OF AMERICA,THREE MILE ISLAND-1,PWR,Permanent Shutdown,2019,40.1538888888889,-76.7247222222222,https://pris.iaea.org/PRIS/CountryStatistics/ReactorDetails.aspx?current=637,Three Mile Island 1,,,THREE MILE ISLAND 1-2
619,UNITED STATES OF AMERICA,THREE MILE ISLAND-2,PWR,Permanent Shutdown,1979,40.1538888888889,-76.7247222222222,https://pris.iaea.org/PRIS/CountryStatistics/ReactorDetails.aspx?current=657,,,,THREE MILE ISLAND 1-2
620,UNITED STATES OF AMERICA,TROJAN,PWR,Permanent Shutdown,1992,46.0383333333333,-122.885,https://pris.iaea.org/PRIS/CountryStatistics/ReactorDetails.aspx?current=675,Trojan,,,TROJAN
621,UNITED STATES OF AMERICA,TURKEY POINT-3,PWR,Operational,2023,25.4341666666667,-80.3305555555556,https://pris.iaea.org/PRIS/CountryStatistics/ReactorDetails.aspx?current=613,Turkey Point 3-4,,,TURKEY POINT 3-4
622,UNITED STATES OF AMERICA,TURKEY POINT-4,PWR,Operational,2023,25.4341666666667,-80.3305555555556,https://pris.iaea.org/PRIS/CountryStatistics/ReactorDetails.aspx?current=614,Turkey Point 3-4,,,TURKEY POINT 3-4
623,UNITED STATES OF AMERICA,VERMONT YANKEE,BWR,Permanent Shutdown,2014,42.7788888888889,-72.5130555555556,https://pris.iaea.org/PRIS/CountryStatistics/ReactorDetails.aspx?current=626,,,,VERMONT YANKEE
624,UNITED STATES OF AMERICA,VOGTLE-1,PWR,Operational,2023,33.1430555555556,-81.7658333333333,https://pris.iaea.org/PRIS/CountryStatistics/ReactorDetails.aspx?current=718,Vogtle 1-2,,,VOGTLE 1-4
625,UNITED STATES OF AMERICA,VOGTLE-2,PWR,Operational,2023,33.1430555555556,-81.7658333333333,https://pris.iaea.org/PRIS/CountryStatistics/ReactorDetails.aspx?current=719,Vogtle 1-2,,,VOGTLE 1-4
626,UNITED STATES OF AMERICA,VOGTLE-3,PWR,Operational,2023,33.1430555555556,-81.7658333333333,https://pris.iaea.org/PRIS/CountryStatistics/ReactorDetails.aspx?current=1042,,,,VOGTLE 1-4
627,UNITED STATES OF AMERICA,VOGTLE-4,PWR,Operational,2023,33.1430555555556,-81.7658333333333,https://pris.iaea.org/PRIS/CountryStatistics/ReactorDetails.aspx?current=1043,,,,VOGTLE 1-4
628,UNITED STATES OF AMERICA,WATERFORD-3,PWR,Operational,2023,29.995,-90.4713888888889,https://pris.iaea.org/PRIS/CountryStatistics/ReactorDetails.aspx?current=695,Waterford 3,,,WATERFORD 3
629,UNITED STATES OF AMERICA,WATTS BAR-1,PWR,Operational,2023,35.6027777777778,-84.7894444444444,https://pris.iaea.org/PRIS/CountryStatistics/ReactorDetails.aspx?current=699,Watts Bar,,,WATTS BAR 1-2
630,UNITED STATES OF AMERICA,WATTS BAR-2,PWR,Operational,2023,38.2388888888889,-95.6888888888889,https://pris.iaea.org/PRIS/CountryStatistics/ReactorDetails.aspx?current=700,Watts Bar,,,WATTS BAR 1-2
631,UNITED STATES OF AMERICA,WOLF CREEK,PWR,Operational,2023,42.7276388888889,-72.9271777777778,https://pris.iaea.org/PRIS/CountryStatistics/ReactorDetails.aspx?current=751,Wolf Creek,,,WOLF CREEK
632,UNITED STATES OF AMERICA,YANKEE NPS,PWR,Permanent Shutdown,1991,35.492,-105.675,https://pris.iaea.org/PRIS/CountryStatistics/ReactorDetails.aspx?current=638,Yankee NPS,,,YANKEE NPS
633,UNITED STATES OF AMERICA,ZION-1,PWR,Permanent Shutdown,1997,42.4464,-87.803,https://pris.iaea.org/PRIS/CountryStatistics/ReactorDetails.aspx?current=640,Zion 1-2,,,ZION 1-2
634,UNITED STATES OF AMERICA,ZION-2,PWR,Permanent Shutdown,1996,42.4464,-87.803,https://pris.iaea.org/PRIS/CountryStatistics/ReactorDetails.aspx?current=646,Zion 1-2,,,ZION 1-2
635,FRANCE,LA HAGUE,SFRP,Operational,2023,49.678333,-1.879444,https://europa.eu/radd/,La Hague,La Hague,La Hague,La Hague
636,UNITED KINGDOM,SELLAFIELD,SFRP,Operational,2023,54.4205,-3.4975,RADD-RIFE,Sellafield,Sellafield,Sellafield,SELLAFIELD
637,GERMANY,KARLSRUHE WAK,SFRP,Permanent Shutdown,2023,49.1041667,8.432222222,https://europa.eu/radd/,,,Karlsruhe WAK,KARLSRUHE WAK
