Country,Reactor,Reactor Type,Emission Type,Year,Emissions [TBq yr^-1],Electricity Supplied [GW.h],Annual Time On Line [h],RX_PRIS,H_yr,EF [TBq GWa^-1]
Argentina,Atucha 1,PHWR,CO2,1974,0.173059361,947.5,4458.0,ATUCHA-1,8760,1.6000000024907652
Argentina,Atucha 1,PHWR,CO2,1975,0.430648402,2357.8,7730.0,ATUCHA-1,8760,1.6000000006446686
Argentina,Atucha 1,PHWR,CO2,1976,0.439926941,2408.6,7808.0,ATUCHA-1,8784,1.6043835629593957
Argentina,Atucha 1,PHWR,CO2,1977,0.280730594,1537.0,4650.0,ATUCHA-1,8760,1.600000002238126
Argentina,Atucha 1,PHWR,CO2,1978,0.495307763,2711.81,8026.0,ATUCHA-1,8760,1.600000001430779
Argentina,Atucha 1,PHWR,CO2,1979,0.457296804,2503.7,7551.0,ATUCHA-1,8760,1.6000000012142033
Argentina,Atucha 1,PHWR,CO2,1980,0.39826484,2180.5,6947.0,ATUCHA-1,8784,1.6043835609080486
Argentina,Atucha 1,PHWR,CO2,1981,0.483579909,2647.6,8120.0,ATUCHA-1,8760,1.6000000010726696
Argentina,Atucha 1,PHWR,CO2,1982,0.320292237,1753.6,5600.0,ATUCHA-1,8760,1.5999999977874089
Argentina,Atucha 1,PHWR,CO2,1983,0.430319635,2356.0,8101.0,ATUCHA-1,8760,1.6000000011035653
Argentina,Atucha 1,PHWR,CO2,1984,0.311620091,1706.12,8678.0,ATUCHA-1,8784,1.6043835599746794
Argentina,Atucha 1,PHWR,CO2,1985,0.268575342,1470.45,7159.0,ATUCHA-1,8760,1.599999997225339
Argentina,Atucha 1,PHWR,CO2,1986,0.40273242,2204.96,7532.0,ATUCHA-1,8760,1.5999999996371816
Argentina,Atucha 1,PHWR,CO2,1987,0.256767123,1405.8,4391.0,ATUCHA-1,8760,1.5999999982074264
Argentina,Atucha 1,PHWR,CO2,1988,0.147598174,808.1,2515.0,ATUCHA-1,8784,1.604383566905086
Argentina,Atucha 1,PHWR,CO2,1990,0.314628311,1722.59,7201.0,ATUCHA-1,8760,1.6000000025310726
Argentina,Atucha 1,PHWR,CO2,1991,0.497148858,2721.89,8390.0,ATUCHA-1,8760,1.5999999985598243
Argentina,Atucha 1,PHWR,CO2,1992,0.407349772,2230.24,7089.0,ATUCHA-1,8784,1.6043835628667769
Argentina,Atucha 1,PHWR,CO2,1993,0.439024658,2403.66,7287.0,ATUCHA-1,8760,1.6000000016974116
Argentina,Atucha 1,PHWR,CO2,1994,0.484357991,2651.86,7916.0,ATUCHA-1,8760,1.6000000004374288
Argentina,Atucha 1,PHWR,CO2,1995,0.487983562,2671.71,8376.0,ATUCHA-1,8760,1.6000000011677913
Argentina,Atucha 1,PHWR,CO2,1996,0.372383562,2038.8,6990.0,ATUCHA-1,8784,1.6043835631783403
Argentina,Atucha 1,PHWR,CO2,1997,0.496829224,2720.14,8329.0,ATUCHA-1,8760,1.6000000008234871
Argentina,Atucha 1,PHWR,CO2,1998,0.433673059,2374.36,7242.0,ATUCHA-1,8760,1.5999999986691151
Argentina,Atucha 1,PHWR,CO2,1999,0.254885845,1395.5,4364.0,ATUCHA-1,8760,1.600000001576496
Argentina,Atucha 1,PHWR,CO2,2000,0.306456621,1677.85,5038.0,ATUCHA-1,8784,1.6043835616199302
Argentina,Atucha 1,PHWR,CO2,2001,0.260449315,1425.96,4407.0,ATUCHA-1,8760,1.599999999579231
Argentina,Atucha 1,PHWR,CO2,2002,0.184748858,1011.5,3030.0,ATUCHA-1,8760,1.5999999961245674
Argentina,Atucha 1,PHWR,CO2,2003,0.369059361,2020.6,6094.0,ATUCHA-1,8760,1.6000000011679698
Argentina,Atucha 1,PHWR,CO2,2004,0.497718721,2725.01,8250.0,ATUCHA-1,8784,1.60438356015721
Argentina,Atucha 1,PHWR,CO2,2005,0.364924201,1997.96,7004.0,ATUCHA-1,8760,1.600000000380388
Argentina,Atucha 1,PHWR,CO2,2006,0.3836621,2100.55,6403.0,ATUCHA-1,8760,1.5999999980957367
Argentina,Atucha 1,PHWR,CO2,2007,0.496573516,2718.74,8300.0,ATUCHA-1,8760,1.6000000000588508
Argentina,Atucha 1,PHWR,CO2,2008,0.453198174,2481.26,7562.0,ATUCHA-1,8784,1.6043835633573262
Argentina,Atucha 1,PHWR,CO2,2009,0.437841096,2397.18,7296.0,ATUCHA-1,8760,1.6000000004004706
Argentina,Atucha 1,PHWR,CO2,2010,0.50826484,2782.75,8560.0,ATUCHA-1,8760,1.5999999994250294
Argentina,Atucha 1,PHWR,CO2,2011,0.426385388,2334.46,7289.0,ATUCHA-1,8760,1.5999999995202316
Argentina,Atucha 1,PHWR,CO2,2012,0.452485845,2477.36,7521.0,ATUCHA-1,8784,1.6043835625343106
Argentina,Atucha 1,PHWR,CO2,2013,0.44740274,2449.53,7310.0,ATUCHA-1,8760,1.6000000009797797
Argentina,Atucha 1,PHWR,CO2,2014,0.480677626,2631.71,7875.0,ATUCHA-1,8760,1.6000000014287288
Argentina,Atucha 1,PHWR,CO2,2015,0.356410959,1951.35,6109.0,ATUCHA-1,8760,1.6000000004304713
Argentina,Atucha 1,PHWR,CO2,2016,0.452387215,2476.82,7700.0,ATUCHA-1,8784,1.6043835630203243
Argentina,Atucha 2,PHWR,CO2,2014,0.19969863,1093.35,3071.0,ATUCHA-2,8760,1.5999999989024558
Argentina,Atucha 2,PHWR,CO2,2015,0.717063014,3925.92,6928.0,ATUCHA-2,8760,1.6000000006724537
Argentina,Atucha 2,PHWR,CO2,2016,0.94987032,5200.54,8063.0,ATUCHA-2,8784,1.6043835622608422
Argentina,Embalse,PHWR,CO2,1983,0.148931507,815.4,2098.0,EMBALSE,8760,1.6000000016188374
Argentina,Embalse,PHWR,CO2,1984,0.461565297,2527.07,6355.0,EMBALSE,8784,1.6043835623263303
Argentina,Embalse,PHWR,CO2,1985,0.690149772,3778.57,8170.0,EMBALSE,8760,1.6000000007198492
Argentina,Embalse,PHWR,CO2,1986,0.559209132,3061.67,5847.0,EMBALSE,8760,1.5999999987980416
Argentina,Embalse,PHWR,CO2,1987,0.835990868,4577.05,7951.0,EMBALSE,8760,1.6000000008040112
Argentina,Embalse,PHWR,CO2,1988,0.832982648,4560.58,7798.0,EMBALSE,8784,1.6043835608698895
Argentina,Embalse,PHWR,CO2,1989,0.850955251,4658.98,7804.0,EMBALSE,8760,1.5999999997338474
Argentina,Embalse,PHWR,CO2,1990,0.913377169,5000.74,8404.0,EMBALSE,8760,1.600000000087987
Argentina,Embalse,PHWR,CO2,1991,0.821700457,4498.81,7855.0,EMBALSE,8760,1.6000000007379729
Argentina,Embalse,PHWR,CO2,1992,0.795247489,4353.98,7440.0,EMBALSE,8784,1.604383562482143
Argentina,Embalse,PHWR,CO2,1993,0.871830137,4773.27,7956.0,EMBALSE,8760,1.6000000000251398
Argentina,Embalse,PHWR,CO2,1994,0.942080365,5157.89,8575.0,EMBALSE,8760,1.5999999994959178
Argentina,Embalse,PHWR,CO2,1995,0.711947032,3897.91,6541.0,EMBALSE,8760,1.6000000000820953
Argentina,Embalse,PHWR,CO2,1996,0.893510502,4891.97,8176.0,EMBALSE,8784,1.6043835611354935
Argentina,Embalse,PHWR,CO2,1997,0.865210959,4737.03,7821.0,EMBALSE,8760,1.6000000001773262
Argentina,Embalse,PHWR,CO2,1998,0.832042009,4555.43,7629.0,EMBALSE,8760,1.599999999745359
Argentina,Embalse,PHWR,CO2,1999,0.95009863,5201.79,8700.0,EMBALSE,8760,1.5999999997693104
Argentina,Embalse,PHWR,CO2,2000,0.742370776,4064.48,6837.0,EMBALSE,8784,1.6043835610912098
Argentina,Embalse,PHWR,CO2,2001,0.936641096,5128.11,8564.0,EMBALSE,8760,1.6000000001872035
Argentina,Embalse,PHWR,CO2,2002,0.801008219,4385.52,7401.0,EMBALSE,8760,1.5999999996442837
Argentina,Embalse,PHWR,CO2,2003,0.913998174,5004.14,8367.0,EMBALSE,8760,1.6000000008472983
Argentina,Embalse,PHWR,CO2,2004,0.838277626,4589.57,7704.0,EMBALSE,8784,1.604383562465329
Argentina,Embalse,PHWR,CO2,2005,0.798626484,4372.48,7341.0,EMBALSE,8760,1.5999999999634078
Argentina,Embalse,PHWR,CO2,2006,0.922757991,5052.1,8455.0,EMBALSE,8760,1.6000000002296073
Argentina,Embalse,PHWR,CO2,2007,0.731273059,4003.72,6771.0,EMBALSE,8760,1.599999999210734
Argentina,Embalse,PHWR,CO2,2008,0.797919635,4368.61,7382.0,EMBALSE,8784,1.6043835622406213
Argentina,Embalse,PHWR,CO2,2009,0.948389041,5192.43,8705.0,EMBALSE,8760,1.5999999998382262
Argentina,Embalse,PHWR,CO2,2010,0.713915982,3908.69,6701.0,EMBALSE,8760,1.600000000593549
Argentina,Embalse,PHWR,CO2,2011,0.650109589,3559.35,7405.0,EMBALSE,8760,1.599999999898858
Argentina,Embalse,PHWR,CO2,2012,0.62566758,3425.53,7214.0,EMBALSE,8784,1.604383561878016
Argentina,Embalse,PHWR,CO2,2013,0.600126027,3285.69,6841.0,EMBALSE,8760,1.5999999989408615
Argentina,Embalse,PHWR,CO2,2014,0.280020091,1533.11,3678.0,EMBALSE,8760,1.5999999981475566
Argentina,Embalse,PHWR,CO2,2015,0.117143379,641.36,1564.0,EMBALSE,8760,1.6000000000623673
Armenia,Armenia 1-2,PWR,CO2,1987,0.036288,4730.4,12640.0,ARMENIAN-1,8760,0.06720000000000001
Armenia,Armenia 1-2,PWR,CO2,1988,0.033784417,4404.040000000001,12656.0,ARMENIAN-1,8784,0.06738411070925784
Armenia,Armenia 1-2,PWR,CO2,1989,0.00902605,1176.61,3168.0,ARMENIAN-1,8760,0.06720000509939573
Armenia,Armenia 1-2,PWR,CO2,1996,0.016094093,2097.98,7561.0,ARMENIAN-2,8784,0.06738410895814069
Armenia,Armenia 1-2,PWR,CO2,1997,0.010969557,1429.96,5700.0,ARMENIAN-2,8760,0.0672000051190243
Armenia,Armenia 1-2,PWR,CO2,1998,0.010866071,1416.47,6408.0,ARMENIAN-2,8760,0.06719999855980006
Armenia,Armenia 1-2,PWR,CO2,1999,0.014501469,1890.37,6193.0,ARMENIAN-2,8760,0.06720000234874654
Armenia,Armenia 1-2,PWR,CO2,2000,0.014126652,1841.51,5699.0,ARMENIAN-2,8784,0.06738410932767132
Armenia,Armenia 1-2,PWR,CO2,2001,0.013926433,1815.41,5660.0,ARMENIAN-2,8760,0.06720000059490694
Armenia,Armenia 1-2,PWR,CO2,2002,0.015947726,2078.9,6961.0,ARMENIAN-2,8760,0.06719999988455433
Armenia,Armenia 1-2,PWR,CO2,2003,0.015323671,1997.55,6120.0,ARMENIAN-2,8760,0.06719999897874898
Armenia,Armenia 1-2,PWR,CO2,2004,0.016850476,2196.58,7135.0,ARMENIAN-2,8784,0.06738410674047839
Armenia,Armenia 1-2,PWR,CO2,2005,0.019212526,2504.49,7658.0,ARMENIAN-2,8760,0.06719999990417211
Armenia,Armenia 1-2,PWR,CO2,2006,0.018576811,2421.62,7632.0,ARMENIAN-2,8760,0.0672000001486608
Armenia,Armenia 1-2,PWR,CO2,2007,0.01801075,2347.83,7447.0,ARMENIAN-2,8760,0.06719999744444871
Armenia,Armenia 1-2,PWR,CO2,2008,0.01738217,2265.89,7013.0,ARMENIAN-2,8784,0.06738411012008526
Armenia,Armenia 1-2,PWR,CO2,2009,0.017570345,2290.42,7408.0,ARMENIAN-2,8760,0.06719999921411794
Armenia,Armenia 1-2,PWR,CO2,2010,0.017540581,2286.54,7535.0,ARMENIAN-2,8760,0.06720000068225354
Armenia,Armenia 1-2,PWR,CO2,2011,0.018079869,2356.84,7552.0,ARMENIAN-2,8760,0.0672000018838784
Armenia,Armenia 1-2,PWR,CO2,2012,0.016289864,2123.5,7052.0,ARMENIAN-2,8784,0.06738411366894279
Armenia,Armenia 1-2,PWR,CO2,2013,0.016628395,2167.63,7237.0,ARMENIAN-2,8760,0.06720000193760005
Armenia,Armenia 1-2,PWR,CO2,2014,0.017380272,2265.64,7542.0,ARMENIAN-2,8760,0.06720007711728254
Armenia,Armenia 1-2,PWR,CO2,2015,0.01972273,2571.1,7859.0,ARMENIAN-2,8760,0.0671973531951305
Armenia,Armenia 1-2,PWR,CO2,2016,0.016837229,2194.85,6756.0,ARMENIAN-2,8784,0.0673842037205276
Belgium,Doel 1-4,PWR,CO2,1974,0.000876822,114.3,604.0,DOEL-1,8760,0.0672000062992126
Belgium,Doel 1-4,PWR,CO2,1975,0.025078028,3269.1,9562.0,DOEL-1,8760,0.06720000161512343
Belgium,Doel 1-4,PWR,CO2,1976,0.039352657,5129.9,13447.0,DOEL-1,8784,0.06738410867424316
Belgium,Doel 1-4,PWR,CO2,1977,0.041476822,5406.8,13981.0,DOEL-1,8760,0.06720000013316564
Belgium,Doel 1-4,PWR,CO2,1978,0.042052164,5481.799999999999,14185.0,DOEL-1,8760,0.06719999938706266
Belgium,Doel 1-4,PWR,CO2,1979,0.043191343,5630.3,14451.0,DOEL-1,8760,0.06720000083121681
Belgium,Doel 1-4,PWR,CO2,1980,0.043595617,5683.0,14707.0,DOEL-1,8784,0.06738411045715291
Belgium,Doel 1-4,PWR,CO2,1981,0.044398795,5787.7,14870.0,DOEL-1,8760,0.06720000072567686
Belgium,Doel 1-4,PWR,CO2,1982,0.064419178,8397.5,18206.0,DOEL-1,8760,0.06719999991426018
Belgium,Doel 1-4,PWR,CO2,1983,0.088564383,11545.0,20313.0,DOEL-1,8760,0.06719999957384148
Belgium,Doel 1-4,PWR,CO2,1984,0.100638904,13119.0,23580.0,DOEL-1,8784,0.0673841095156643
Belgium,Doel 1-4,PWR,CO2,1985,0.127215124,16583.4,27449.0,DOEL-1,8760,0.06720000037627989
Belgium,Doel 1-4,PWR,CO2,1986,0.149983726,19551.45,28911.0,DOEL-1,8760,0.06719999998772469
Belgium,Doel 1-4,PWR,CO2,1987,0.138597776,18067.21,28271.0,DOEL-1,8760,0.06720000031880961
Belgium,Doel 1-4,PWR,CO2,1988,0.152890357,19930.35,30753.0,DOEL-1,8784,0.0673841099573264
Belgium,Doel 1-4,PWR,CO2,1989,0.139721534,18213.699999999997,28118.0,DOEL-1,8760,0.06719999988140797
Belgium,Doel 1-4,PWR,CO2,1990,0.147211496,19190.07,28361.0,DOEL-1,8760,0.06720000005002587
Belgium,Doel 1-4,PWR,CO2,1991,0.153497764,20009.53,30582.0,DOEL-1,8760,0.06719999983208001
Belgium,Doel 1-4,PWR,CO2,1992,0.154293655,20113.28,30617.0,DOEL-1,8784,0.0673841096787794
Belgium,Doel 1-4,PWR,CO2,1993,0.139743704,18216.59,28441.0,DOEL-1,8760,0.06719999994730079
Belgium,Doel 1-4,PWR,CO2,1994,0.129255057,16849.32,26970.0,DOEL-1,8760,0.06719999972224398
Belgium,Doel 1-4,PWR,CO2,1995,0.149234707,19453.81,29461.0,DOEL-1,8760,0.06720000006785302
Belgium,Doel 1-4,PWR,CO2,1996,0.150195529,19579.06,29543.0,DOEL-1,8784,0.0673841096935195
Belgium,Doel 1-4,PWR,CO2,1997,0.16650994,21705.760000000002,31551.0,DOEL-1,8760,0.06720000011056972
Belgium,Doel 1-4,PWR,CO2,1998,0.171022772,22294.04,32433.0,DOEL-1,8760,0.0671999997631654
Belgium,Doel 1-4,PWR,CO2,1999,0.172818685,22528.15,32478.0,DOEL-1,8760,0.06720000002663334
Belgium,Doel 1-4,PWR,CO2,2000,0.170900953,22278.16,32554.0,DOEL-1,8784,0.06738410942160393
Belgium,Doel 1-4,PWR,CO2,2001,0.171838148,22400.33,32411.0,DOEL-1,8760,0.06720000002142826
Belgium,Doel 1-4,PWR,CO2,2002,0.167491167,21833.67,32048.0,DOEL-1,8760,0.06719999995053512
Belgium,Doel 1-4,PWR,CO2,2003,0.167380471,21819.239999999998,32080.0,DOEL-1,8760,0.06719999990650455
Belgium,Doel 1-4,PWR,CO2,2004,0.164514652,21445.66,30863.0,DOEL-1,8784,0.06738410956659763
Belgium,Doel 1-4,PWR,CO2,2005,0.168206586,21926.93,31679.0,DOEL-1,8760,0.0671999998796001
Belgium,Doel 1-4,PWR,CO2,2006,0.166239529,21670.510000000002,31381.0,DOEL-1,8760,0.06720000009413714
Belgium,Doel 1-4,PWR,CO2,2007,0.17418355,22706.07,32012.0,DOEL-1,8760,0.06719999973575348
Belgium,Doel 1-4,PWR,CO2,2008,0.15787006,20579.489999999998,29361.0,DOEL-1,8784,0.06738410947210062
Belgium,Doel 1-4,PWR,CO2,2009,0.162941819,21240.63,30100.0,DOEL-1,8760,0.06719999992655584
Belgium,Doel 1-4,PWR,CO2,2010,0.168961743,22025.37,30678.0,DOEL-1,8760,0.06720000021248225
Belgium,Doel 1-4,PWR,CO2,2011,0.174824329,22789.6,31797.0,DOEL-1,8760,0.06720000008951452
Belgium,Doel 1-4,PWR,CO2,2012,0.139772241,18220.309999999998,26951.0,DOEL-1,8784,0.0673841095428124
Belgium,Doel 1-4,PWR,CO2,2013,0.158951321,20720.44,30048.0,DOEL-1,8760,0.06720000019111565
Belgium,Doel 1-4,PWR,CO2,2014,0.107735712,14044.119999999999,23347.0,DOEL-1,8760,0.06719999808603173
Belgium,Doel 1-4,PWR,CO2,2015,0.085737792,11176.529999999999,15688.0,DOEL-1,8760,0.06720002164535861
Belgium,Doel 1-4,PWR,CO2,2016,0.169689206,22120.2,30035.0,DOEL-1,8784,0.0673841097957523
Belgium,Tihange 1-3,PWR,CO2,1975,0.023752438,3096.3,5360.0,TIHANGE-1,8760,0.0671999989923457
Belgium,Tihange 1-3,PWR,CO2,1976,0.033826302,4409.5,6354.0,TIHANGE-1,8784,0.06738411084431342
Belgium,Tihange 1-3,PWR,CO2,1977,0.044817643,5842.3,7234.0,TIHANGE-1,8760,0.06719999874706878
Belgium,Tihange 1-3,PWR,CO2,1978,0.048873424,6371.0,7582.0,TIHANGE-1,8760,0.06719999909590331
Belgium,Tihange 1-3,PWR,CO2,1979,0.03957589,5159.0,6121.0,TIHANGE-1,8760,0.06719999930219035
Belgium,Tihange 1-3,PWR,CO2,1980,0.047354521,6173.0,7337.0,TIHANGE-1,8784,0.06738411023230195
Belgium,Tihange 1-3,PWR,CO2,1981,0.049204822,6414.2,7762.0,TIHANGE-1,8760,0.06720000011225094
Belgium,Tihange 1-3,PWR,CO2,1982,0.048963792,6382.78,7846.0,TIHANGE-1,8760,0.06720000030080937
Belgium,Tihange 1-3,PWR,CO2,1983,0.087068493,11350.0,13508.0,TIHANGE-1,8760,0.06719999988370044
Belgium,Tihange 1-3,PWR,CO2,1984,0.101490411,13230.0,15467.0,TIHANGE-1,8784,0.06738410961632653
Belgium,Tihange 1-3,PWR,CO2,1985,0.096772603,12615.0,15967.0,TIHANGE-1,8760,0.06720000018073721
Belgium,Tihange 1-3,PWR,CO2,1986,0.136179726,17752.0,20671.0,TIHANGE-1,8760,0.0671999999864804
Belgium,Tihange 1-3,PWR,CO2,1987,0.166849315,21750.0,24082.0,TIHANGE-1,8760,0.06719999997241378
Belgium,Tihange 1-3,PWR,CO2,1988,0.160321096,20899.0,23285.0,TIHANGE-1,8784,0.06738410963510215
Belgium,Tihange 1-3,PWR,CO2,1989,0.160482192,20920.0,23372.0,TIHANGE-1,8760,0.0672000000917782
Belgium,Tihange 1-3,PWR,CO2,1990,0.164133698,21396.0,23833.0,TIHANGE-1,8760,0.06719999974200785
Belgium,Tihange 1-3,PWR,CO2,1991,0.158503014,20662.0,23407.0,TIHANGE-1,8760,0.06720000012777079
Belgium,Tihange 1-3,PWR,CO2,1992,0.162169864,21140.0,23965.0,TIHANGE-1,8784,0.06738410999886471
Belgium,Tihange 1-3,PWR,CO2,1993,0.165852055,21620.0,23840.0,TIHANGE-1,8760,0.06720000008325624
Belgium,Tihange 1-3,PWR,CO2,1994,0.167248219,21802.0,24185.0,TIHANGE-1,8760,0.06719999992844694
Belgium,Tihange 1-3,PWR,CO2,1995,0.152273972,19850.0,21817.0,TIHANGE-1,8760,0.06719999973400503
Belgium,Tihange 1-3,PWR,CO2,1996,0.166102597,21652.66,22775.0,TIHANGE-1,8784,0.06738410948345376
Belgium,Tihange 1-3,PWR,CO2,1997,0.177616428,23153.57,23968.0,TIHANGE-1,8760,0.06720000022804258
Belgium,Tihange 1-3,PWR,CO2,1998,0.166204931,21666.0,22695.0,TIHANGE-1,8760,0.06719999979507062
Belgium,Tihange 1-3,PWR,CO2,1999,0.185505753,24182.0,24971.0,TIHANGE-1,8760,0.06719999984616656
Belgium,Tihange 1-3,PWR,CO2,2000,0.180542466,23535.0,24339.0,TIHANGE-1,8784,0.06738410968107075
Belgium,Tihange 1-3,PWR,CO2,2001,0.166266302,21674.0,22547.0,TIHANGE-1,8760,0.06720000025468303
Belgium,Tihange 1-3,PWR,CO2,2002,0.178133776,23221.01,23820.0,TIHANGE-1,8760,0.06720000024805123
Belgium,Tihange 1-3,PWR,CO2,2003,0.178378641,23252.93,23987.0,TIHANGE-1,8760,0.06719999996387552
Belgium,Tihange 1-3,PWR,CO2,2004,0.180735934,23560.22,23903.0,TIHANGE-1,8784,0.06738410949710995
Belgium,Tihange 1-3,PWR,CO2,2005,0.179571978,23408.49,24085.0,TIHANGE-1,8760,0.06719999996924192
Belgium,Tihange 1-3,PWR,CO2,2006,0.173706017,22643.82,23633.0,TIHANGE-1,8760,0.06720000021727782
Belgium,Tihange 1-3,PWR,CO2,2007,0.17756503,23146.87,23793.0,TIHANGE-1,8760,0.06719999994815715
Belgium,Tihange 1-3,PWR,CO2,2008,0.174744164,22779.15,23180.0,TIHANGE-1,8784,0.06738410944113367
Belgium,Tihange 1-3,PWR,CO2,2009,0.181953819,23718.98,23823.0,TIHANGE-1,8760,0.06719999993422988
Belgium,Tihange 1-3,PWR,CO2,2010,0.181832153,23703.120000000003,23967.0,TIHANGE-1,8760,0.06719999984305863
Belgium,Tihange 1-3,PWR,CO2,2011,0.1776096,23152.68,23379.0,TIHANGE-1,8760,0.06720000000000001
Belgium,Tihange 1-3,PWR,CO2,2012,0.155297512,20244.14,22059.0,TIHANGE-1,8784,0.06738410944638794
Belgium,Tihange 1-3,PWR,CO2,2013,0.152745907,19911.52,20005.0,TIHANGE-1,8760,0.06720000006629327
Belgium,Tihange 1-3,PWR,CO2,2014,0.138462845,18049.62,18078.0,TIHANGE-1,8760,0.06720000322444461
Belgium,Tihange 1-3,PWR,CO2,2015,0.104702438,13648.71,13886.0,TIHANGE-1,8760,0.06720000328822284
Belgium,Tihange 1-3,PWR,CO2,2016,0.148133395,19310.25,19170.0,TIHANGE-1,8784,0.0673840960981862
Brazil,Angra 1-2,PWR,CO2,1982,0.000396603,51.7,413.0,ANGRA-1,8760,0.06720004410058027
Brazil,Angra 1-2,PWR,CO2,1983,0.001246576,162.5,1127.0,ANGRA-1,8760,0.06720003544615386
Brazil,Angra 1-2,PWR,CO2,1984,0.011855736,1545.48,3771.0,ANGRA-1,8784,0.06738410398322851
Brazil,Angra 1-2,PWR,CO2,1985,0.024313052,3169.38,6847.0,ANGRA-1,8760,0.06719999984855082
Brazil,Angra 1-2,PWR,CO2,1986,0.001015364,132.36,512.0,ANGRA-1,8760,0.06719997461468721
Brazil,Angra 1-2,PWR,CO2,1987,0.006985117,910.56,1958.0,ANGRA-1,8760,0.0671999922245651
Brazil,Angra 1-2,PWR,CO2,1988,0.004346828,566.64,1488.0,ANGRA-1,8784,0.06738411893265564
Brazil,Angra 1-2,PWR,CO2,1989,0.013003507,1695.1,5362.0,ANGRA-1,8760,0.06720000077871512
Brazil,Angra 1-2,PWR,CO2,1990,0.015766992,2055.34,7400.0,ANGRA-1,8760,0.06720000093415202
Brazil,Angra 1-2,PWR,CO2,1991,0.010021315,1306.35,5046.0,ANGRA-1,8760,0.06719999954070502
Brazil,Angra 1-2,PWR,CO2,1992,0.011555715,1506.37,4275.0,ANGRA-1,8784,0.06738410918964133
Brazil,Angra 1-2,PWR,CO2,1993,0.003089205,402.7,1524.0,ANGRA-1,8760,0.0671999895703998
Brazil,Angra 1-2,PWR,CO2,1994,0.000317972,41.45,305.0,ANGRA-1,8760,0.06719987261761158
Brazil,Angra 1-2,PWR,CO2,1995,0.017901896,2333.64,8127.0,ANGRA-1,8760,0.06720000041137451
Brazil,Angra 1-2,PWR,CO2,1996,0.017558224,2288.84,5063.0,ANGRA-1,8784,0.06738410706558781
Brazil,Angra 1-2,PWR,CO2,1997,0.022936757,2989.97,6219.0,ANGRA-1,8760,0.0672000024481851
Brazil,Angra 1-2,PWR,CO2,1998,0.023733414,3093.82,6976.0,ANGRA-1,8760,0.06720000085331403
Brazil,Angra 1-2,PWR,CO2,1999,0.027859464,3631.68,8429.0,ANGRA-1,8760,0.06720000237906425
Brazil,Angra 1-2,PWR,CO2,2000,0.042852274,5586.1,9428.0,ANGRA-1,8784,0.06738410963212259
Brazil,Angra 1-2,PWR,CO2,2001,0.103710619,13519.42,15610.0,ANGRA-1,8760,0.06719999988461044
Brazil,Angra 1-2,PWR,CO2,2002,0.099829052,13013.43,15655.0,ANGRA-1,8760,0.06719999996311503
Brazil,Angra 1-2,PWR,CO2,2003,0.09632023,12556.029999999999,14570.0,ANGRA-1,8760,0.0671999999044284
Brazil,Angra 1-2,PWR,CO2,2004,0.082925874,10809.98,14465.0,ANGRA-1,8784,0.06738410961130363
Brazil,Angra 1-2,PWR,CO2,2005,0.070552636,9197.04,12856.0,ANGRA-1,8760,0.06720000036533492
Brazil,Angra 1-2,PWR,CO2,2006,0.099599836,12983.55,14757.0,ANGRA-1,8760,0.06720000025878901
Brazil,Angra 1-2,PWR,CO2,2007,0.089373085,11650.42,13087.0,ANGRA-1,8760,0.06720000005150029
Brazil,Angra 1-2,PWR,CO2,2008,0.10132594,13208.560000000001,14891.0,ANGRA-1,8784,0.06738410977123925
Brazil,Angra 1-2,PWR,CO2,2009,0.093769852,12223.57,13324.0,ANGRA-1,8760,0.0671999999607316
Brazil,Angra 1-2,PWR,CO2,2010,0.105664789,13774.16,14782.0,ANGRA-1,8760,0.0671999999738641
Brazil,Angra 1-2,PWR,CO2,2011,0.113493896,14794.74,16471.0,ANGRA-1,8760,0.06720000006488792
Brazil,Angra 1-2,PWR,CO2,2012,0.116375748,15170.41,16798.0,ANGRA-1,8784,0.06738410962076832
Brazil,Angra 1-2,PWR,CO2,2013,0.10571005,13780.060000000001,14726.0,ANGRA-1,8760,0.06720000043541174
Brazil,Angra 1-2,PWR,CO2,2014,0.110952038,14463.390000000001,15611.0,ANGRA-1,8760,0.06720000310300696
Brazil,Angra 1-2,PWR,CO2,2015,0.106565827,13891.619999999999,14609.0,ANGRA-1,8760,0.0671999842005468
Brazil,Angra 1-2,PWR,CO2,2016,0.11484191,14970.46,15890.0,ANGRA-1,8784,0.06738412429811777
Bulgaria,Kozloduy 1-6,PWR,CO2,1974,0.007112,927.1,3576.0,KOZLODUY-1,8760,0.06720000000000001
Bulgaria,Kozloduy 1-6,PWR,CO2,1975,0.015700712,2046.6999999999998,8314.0,KOZLODUY-1,8760,0.0671999985928568
Bulgaria,Kozloduy 1-6,PWR,CO2,1976,0.035277698,4598.7,14186.0,KOZLODUY-1,8784,0.06738410838541328
Bulgaria,Kozloduy 1-6,PWR,CO2,1977,0.04175989,5443.7,14065.0,KOZLODUY-1,8760,0.06719999933868509
Bulgaria,Kozloduy 1-6,PWR,CO2,1978,0.04198274,5472.75,14417.0,KOZLODUY-1,8760,0.06720000043853638
Bulgaria,Kozloduy 1-6,PWR,CO2,1979,0.043944657,5728.5,15330.0,KOZLODUY-1,8760,0.0671999991830322
Bulgaria,Kozloduy 1-6,PWR,CO2,1980,0.043767452,5705.4,14815.0,KOZLODUY-1,8784,0.06738410950467978
Bulgaria,Kozloduy 1-6,PWR,CO2,1981,0.064691507,8433.0,22505.0,KOZLODUY-1,8760,0.06720000015652793
Bulgaria,Kozloduy 1-6,PWR,CO2,1982,0.076174576,9929.9,28402.0,KOZLODUY-1,8760,0.06720000058006627
Bulgaria,Kozloduy 1-6,PWR,CO2,1983,0.087317808,11382.5,31414.0,KOZLODUY-1,8760,0.06719999983132001
Bulgaria,Kozloduy 1-6,PWR,CO2,1984,0.090466466,11792.95,31925.0,KOZLODUY-1,8784,0.06738410977270318
Bulgaria,Kozloduy 1-6,PWR,CO2,1985,0.093333972,12166.75,31941.0,KOZLODUY-1,8760,0.06719999956603037
Bulgaria,Kozloduy 1-6,PWR,CO2,1986,0.085650926,11165.210000000001,30645.0,KOZLODUY-1,8760,0.06719999997850465
Bulgaria,Kozloduy 1-6,PWR,CO2,1987,0.088294893,11509.87,31268.0,KOZLODUY-1,8760,0.06719999988531582
Bulgaria,Kozloduy 1-6,PWR,CO2,1988,0.113196252,14755.939999999999,38046.0,KOZLODUY-1,8784,0.06738410955642271
Bulgaria,Kozloduy 1-6,PWR,CO2,1989,0.103410674,13480.32,33232.0,KOZLODUY-1,8760,0.06720000001780373
Bulgaria,Kozloduy 1-6,PWR,CO2,1990,0.103647485,13511.19,35428.0,KOZLODUY-1,8760,0.06720000004440763
Bulgaria,Kozloduy 1-6,PWR,CO2,1991,0.093227803,12152.91,29651.0,KOZLODUY-1,8760,0.0672000001876094
Bulgaria,Kozloduy 1-6,PWR,CO2,1992,0.081539145,10629.21,23279.0,KOZLODUY-2,8784,0.06738410941923247
Bulgaria,Kozloduy 1-6,PWR,CO2,1993,0.095245721,12415.960000000001,31061.0,KOZLODUY-1,8760,0.06720000031894433
Bulgaria,Kozloduy 1-6,PWR,CO2,1994,0.108332997,14121.98,33856.0,KOZLODUY-1,8760,0.06719999983854956
Bulgaria,Kozloduy 1-6,PWR,CO2,1995,0.124457469,16223.92,35870.0,KOZLODUY-1,8760,0.06720000027366999
Bulgaria,Kozloduy 1-6,PWR,CO2,1996,0.128948515,16809.36,37033.0,KOZLODUY-1,8784,0.06738410955324892
Bulgaria,Kozloduy 1-6,PWR,CO2,1997,0.126127496,16441.62,37435.0,KOZLODUY-1,8760,0.06720000005838841
Bulgaria,Kozloduy 1-6,PWR,CO2,1998,0.118869436,15495.48,40864.0,KOZLODUY-1,8760,0.06720000021683743
Bulgaria,Kozloduy 1-6,PWR,CO2,1999,0.111650498,14554.44,37970.0,KOZLODUY-1,8760,0.0671999996207343
Bulgaria,Kozloduy 1-6,PWR,CO2,2000,0.128789797,16788.67,37880.0,KOZLODUY-1,8784,0.06738410945286316
Bulgaria,Kozloduy 1-6,PWR,CO2,2001,0.140145064,18268.91,40011.0,KOZLODUY-1,8760,0.06720000047293462
Bulgaria,Kozloduy 1-6,PWR,CO2,2002,0.144413567,18825.34,39156.0,KOZLODUY-1,8760,0.06719999994263051
Bulgaria,Kozloduy 1-6,PWR,CO2,2003,0.123369688,16082.119999999999,29180.0,KOZLODUY-3,8760,0.06720000017908087
Bulgaria,Kozloduy 1-6,PWR,CO2,2004,0.119782696,15614.53,27601.0,KOZLODUY-3,8784,0.06738410965069072
Bulgaria,Kozloduy 1-6,PWR,CO2,2005,0.133306926,17377.510000000002,29492.0,KOZLODUY-3,8760,0.06719999998618903
Bulgaria,Kozloduy 1-6,PWR,CO2,2006,0.139265096,18154.2,29322.0,KOZLODUY-3,8760,0.06720000005288033
Bulgaria,Kozloduy 1-6,PWR,CO2,2007,0.105055617,13694.75,14583.0,KOZLODUY-5,8760,0.06720000035926177
Bulgaria,Kozloduy 1-6,PWR,CO2,2008,0.113085786,14741.54,15549.0,KOZLODUY-5,8784,0.06738410940946467
Bulgaria,Kozloduy 1-6,PWR,CO2,2009,0.109076724,14218.93,15321.0,KOZLODUY-5,8760,0.06720000043885159
Bulgaria,Kozloduy 1-6,PWR,CO2,2010,0.10921051,14236.369999999999,15007.0,KOZLODUY-5,8760,0.06720000025287345
Bulgaria,Kozloduy 1-6,PWR,CO2,2011,0.117094772,15264.14,15840.0,KOZLODUY-5,8760,0.06719999965409124
Bulgaria,Kozloduy 1-6,PWR,CO2,2012,0.114001424,14860.9,15718.0,KOZLODUY-5,8784,0.0673841092003849
Bulgaria,Kozloduy 1-6,PWR,CO2,2013,0.102150981,13316.11,15399.0,KOZLODUY-5,8760,0.06720000011715133
Bulgaria,Kozloduy 1-6,PWR,CO2,2014,0.115175827,15013.99,15775.0,KOZLODUY-5,8760,0.06720000776076179
Bulgaria,Kozloduy 1-6,PWR,CO2,2015,0.112705622,14700.98,15345.0,KOZLODUY-5,8760,0.06715887299486158
Bulgaria,Kozloduy 1-6,PWR,CO2,2016,0.115708656,15083.45,15682.0,KOZLODUY-5,8784,0.06738410869555704
Canada,Bruce 1-8,PHWR,CO2,1977,0.649771689,3557.5,5179.0,BRUCE-1,8760,1.5999999987744205
Canada,Bruce 1-8,PHWR,CO2,1978,2.292127854,12549.400000000001,19956.0,BRUCE-1,8760,1.600000000082872
Canada,Bruce 1-8,PHWR,CO2,1979,3.505369863,19191.9,27837.0,BRUCE-1,8760,1.599999999993747
Canada,Bruce 1-8,PHWR,CO2,1980,4.120054795,22557.3,31603.0,BRUCE-1,8784,1.6043835618305384
Canada,Bruce 1-8,PHWR,CO2,1981,4.309936073,23596.9,32137.0,BRUCE-1,8760,1.5999999999779633
Canada,Bruce 1-8,PHWR,CO2,1982,4.160621005,22779.399999999998,30694.0,BRUCE-1,8760,1.6000000001668175
Canada,Bruce 1-8,PHWR,CO2,1983,4.459196347,24414.1,31781.0,BRUCE-1,8760,1.5999999999885313
Canada,Bruce 1-8,PHWR,CO2,1984,5.251238356,28750.53,38637.0,BRUCE-1,8784,1.6043835615936124
Canada,Bruce 1-8,PHWR,CO2,1985,6.168279452,33771.33,44042.0,BRUCE-1,8760,1.5999999999857868
Canada,Bruce 1-8,PHWR,CO2,1986,7.212628311,39489.14,50180.0,BRUCE-1,8760,1.60000000011041
Canada,Bruce 1-8,PHWR,CO2,1987,7.615572603,41695.26,54333.0,BRUCE-1,8760,1.6000000000546826
Canada,Bruce 1-8,PHWR,CO2,1988,7.529848402,41225.92,53847.0,BRUCE-1,8784,1.6043835616808066
Canada,Bruce 1-8,PHWR,CO2,1989,7.73483653,42348.229999999996,55297.0,BRUCE-1,8760,1.6000000000661185
Canada,Bruce 1-8,PHWR,CO2,1990,7.010325114,38381.53,49508.0,BRUCE-1,8760,1.5999999999645662
Canada,Bruce 1-8,PHWR,CO2,1991,8.291185388,45394.24,56659.0,BRUCE-1,8760,1.5999999999753276
Canada,Bruce 1-8,PHWR,CO2,1992,7.340549772,40189.51,51822.0,BRUCE-1,8784,1.6043835617117002
Canada,Bruce 1-8,PHWR,CO2,1993,5.454228311,29861.9,50225.0,BRUCE-1,8760,1.6000000001460053
Canada,Bruce 1-8,PHWR,CO2,1994,6.967309589,38146.020000000004,59120.0,BRUCE-1,8760,1.5999999999905623
Canada,Bruce 1-8,PHWR,CO2,1995,6.900178995,37778.48,53952.0,BRUCE-1,8760,1.5999999998994134
Canada,Bruce 1-8,PHWR,CO2,1996,6.934798174,37968.02,53294.0,BRUCE-1,8784,1.6043835617558146
Canada,Bruce 1-8,PHWR,CO2,1997,5.882584475,32207.15,43773.0,BRUCE-1,8760,1.6000000000310488
Canada,Bruce 1-8,PHWR,CO2,1998,3.848361644,21069.78,27657.0,BRUCE-3,8760,1.6000000000683445
Canada,Bruce 1-8,PHWR,CO2,1999,4.122779909,22572.22,29101.0,BRUCE-5,8760,1.6000000001258183
Canada,Bruce 1-8,PHWR,CO2,2000,4.279556164,23430.57,29714.0,BRUCE-5,8784,1.6043835615000404
Canada,Bruce 1-8,PHWR,CO2,2001,4.418851142,24193.21,30456.0,BRUCE-5,8760,1.600000000162029
Canada,Bruce 1-8,PHWR,CO2,2002,3.83943379,21020.9,26833.0,BRUCE-5,8760,1.6000000000190284
Canada,Bruce 1-8,PHWR,CO2,2003,4.507408219,24678.06,31037.0,BRUCE-4,8760,1.5999999999367858
Canada,Bruce 1-8,PHWR,CO2,2004,6.170429224,33783.1,44426.0,BRUCE-3,8784,1.6043835617103228
Canada,Bruce 1-8,PHWR,CO2,2005,6.036096804,33047.63,43135.0,BRUCE-3,8760,1.6000000000919885
Canada,Bruce 1-8,PHWR,CO2,2006,6.68507032,36600.76,47427.0,BRUCE-3,8760,1.60000000008743
Canada,Bruce 1-8,PHWR,CO2,2007,6.489263927,35528.72,46243.0,BRUCE-3,8760,1.600000000014636
Canada,Bruce 1-8,PHWR,CO2,2008,6.463134247,35385.66,45923.0,BRUCE-3,8784,1.6043835617492508
Canada,Bruce 1-8,PHWR,CO2,2009,6.338115068,34701.18,45541.0,BRUCE-3,8760,1.5999999998755083
Canada,Bruce 1-8,PHWR,CO2,2010,6.608288584,36180.38,47111.0,BRUCE-3,8760,1.5999999998850207
Canada,Bruce 1-8,PHWR,CO2,2011,6.62307032,36261.31,46724.0,BRUCE-3,8760,1.6000000000882484
Canada,Bruce 1-8,PHWR,CO2,2012,6.5072,35626.92,46311.0,BRUCE-1,8784,1.6043835616438358
Canada,Bruce 1-8,PHWR,CO2,2013,8.270452968,45280.729999999996,60979.0,BRUCE-1,8760,1.5999999999929333
Canada,Bruce 1-8,PHWR,CO2,2014,8.342376256,45674.51,60333.0,BRUCE-1,8760,1.6000000000560488
Canada,Bruce 1-8,PHWR,CO2,2015,8.520847489,46651.64,60973.0,BRUCE-1,8760,1.600000000078025
Canada,Bruce 1-8,PHWR,CO2,2016,8.272739726,45293.25,58351.0,BRUCE-1,8784,1.604383561638522
Canada,Darlington 1-4,PHWR,CO2,1990,0.210679452,1153.47,1608.0,DARLINGTON-2,8760,1.5999999995838643
Canada,Darlington 1-4,PHWR,CO2,1991,0.401510502,2198.27,2805.0,DARLINGTON-1,8760,1.59999999887184
Canada,Darlington 1-4,PHWR,CO2,1992,0.413541553,2264.1400000000003,3570.0,DARLINGTON-1,8784,1.6043835635393568
Canada,Darlington 1-4,PHWR,CO2,1993,4.003389954,21918.56,26395.0,DARLINGTON-1,8760,1.5999999998649546
Canada,Darlington 1-4,PHWR,CO2,1994,4.86659726,26644.62,31300.0,DARLINGTON-1,8760,1.5999999999099255
Canada,Darlington 1-4,PHWR,CO2,1995,5.044442009,27618.32,32120.0,DARLINGTON-1,8760,1.5999999999579988
Canada,Darlington 1-4,PHWR,CO2,1996,4.739346119,25947.92,30176.0,DARLINGTON-1,8784,1.604383561738128
Canada,Darlington 1-4,PHWR,CO2,1997,3.389203653,18555.89,28047.0,DARLINGTON-1,8760,1.6000000000150896
Canada,Darlington 1-4,PHWR,CO2,1998,4.825786301,26421.18,31501.0,DARLINGTON-1,8760,1.599999999877371
Canada,Darlington 1-4,PHWR,CO2,1999,4.655601826,25489.42,30889.0,DARLINGTON-1,8760,1.5999999998336567
Canada,Darlington 1-4,PHWR,CO2,2000,4.869046575,26658.03,31877.0,DARLINGTON-1,8784,1.6043835615309907
Canada,Darlington 1-4,PHWR,CO2,2001,4.789327854,26221.57,31470.0,DARLINGTON-1,8760,1.600000000039662
Canada,Darlington 1-4,PHWR,CO2,2002,5.045369863,27623.4,32869.0,DARLINGTON-1,8760,1.5999999999956558
Canada,Darlington 1-4,PHWR,CO2,2003,4.548407306,24902.53,29415.0,DARLINGTON-1,8760,1.6000000000224877
Canada,Darlington 1-4,PHWR,CO2,2004,4.853554338,26573.21,31377.0,DARLINGTON-1,8784,1.6043835616770425
Canada,Darlington 1-4,PHWR,CO2,2005,5.032734247,27554.22,31961.0,DARLINGTON-1,8760,1.6000000001350063
Canada,Darlington 1-4,PHWR,CO2,2006,4.924168037,26959.82,31258.0,DARLINGTON-1,8760,1.60000000015282
Canada,Darlington 1-4,PHWR,CO2,2007,4.969645662,27208.809999999998,31455.0,DARLINGTON-1,8760,1.5999999999676577
Canada,Darlington 1-4,PHWR,CO2,2008,5.272376256,28866.260000000002,33257.0,DARLINGTON-1,8784,1.6043835617327635
Canada,Darlington 1-4,PHWR,CO2,2009,4.768734247,26108.82,30289.0,DARLINGTON-1,8760,1.6000000001424806
Canada,Darlington 1-4,PHWR,CO2,2010,4.860964384,26613.78,31163.0,DARLINGTON-1,8760,1.6000000001442862
Canada,Darlington 1-4,PHWR,CO2,2011,5.28523653,28936.670000000002,33499.0,DARLINGTON-1,8760,1.600000000096763
Canada,Darlington 1-4,PHWR,CO2,2012,5.178023744,28349.68,33079.0,DARLINGTON-1,8784,1.6043835615532873
Canada,Darlington 1-4,PHWR,CO2,2013,4.596314155,25164.82,29493.0,DARLINGTON-1,8760,1.5999999999125762
Canada,Darlington 1-4,PHWR,CO2,2014,5.120622831,28035.41,32554.0,DARLINGTON-1,8760,1.5999999999843058
Canada,Darlington 1-4,PHWR,CO2,2015,4.276001826,23411.11,27154.0,DARLINGTON-1,8760,1.5999999998188894
Canada,Darlington 1-4,PHWR,CO2,2016,4.710719635,25791.19,30087.0,DARLINGTON-1,8784,1.6043835617449216
Canada,Pickering 1-8,PHWR,CO2,1972,1.104200913,6045.5,11269.0,PICKERING-1,8784,1.6043835612922006
Canada,Pickering 1-8,PHWR,CO2,1973,2.467853881,13511.5,27049.0,PICKERING-1,8760,1.599999999819413
Canada,Pickering 1-8,PHWR,CO2,1974,2.441278539,13366.0,27432.0,PICKERING-1,8760,1.6000000001226993
Canada,Pickering 1-8,PHWR,CO2,1975,2.03890411,11163.0,22154.0,PICKERING-1,8760,1.6000000003224937
Canada,Pickering 1-8,PHWR,CO2,1976,2.864109589,15681.0,30646.0,PICKERING-1,8784,1.604383561620815
Canada,Pickering 1-8,PHWR,CO2,1977,2.988931507,16364.400000000001,31948.0,PICKERING-1,8760,1.600000000080663
Canada,Pickering 1-8,PHWR,CO2,1978,2.885333333,15797.2,30971.0,PICKERING-1,8760,1.5999999998151573
Canada,Pickering 1-8,PHWR,CO2,1979,2.808420091,15376.1,30664.0,PICKERING-1,8760,1.5999999998152976
Canada,Pickering 1-8,PHWR,CO2,1980,2.736584475,14982.800000000001,29475.0,PICKERING-1,8784,1.6043835617107614
Canada,Pickering 1-8,PHWR,CO2,1981,2.906922374,15915.4,31244.0,PICKERING-1,8760,1.5999999997637508
Canada,Pickering 1-8,PHWR,CO2,1982,2.861570776,15667.1,31009.0,PICKERING-1,8760,1.5999999998570253
Canada,Pickering 1-8,PHWR,CO2,1983,3.133388128,17155.3,34781.0,PICKERING-1,8760,1.6000000000746126
Canada,Pickering 1-8,PHWR,CO2,1984,2.752962557,15072.47,30244.0,PICKERING-3,8784,1.6043835615985966
Canada,Pickering 1-8,PHWR,CO2,1985,3.099638356,16970.52,34113.0,PICKERING-3,8760,1.5999999999151469
Canada,Pickering 1-8,PHWR,CO2,1986,3.925247489,21490.73,43665.0,PICKERING-3,8760,1.6000000001693753
Canada,Pickering 1-8,PHWR,CO2,1987,4.328918721,23700.829999999998,47738.0,PICKERING-1,8760,1.5999999998295418
Canada,Pickering 1-8,PHWR,CO2,1988,5.218109589,28569.15,56863.0,PICKERING-1,8784,1.6043835616312
Canada,Pickering 1-8,PHWR,CO2,1989,4.677738813,25610.620000000003,53168.0,PICKERING-1,8760,1.6000000000734071
Canada,Pickering 1-8,PHWR,CO2,1990,3.820564384,20917.59,46217.0,PICKERING-1,8760,1.6000000001835772
Canada,Pickering 1-8,PHWR,CO2,1991,4.769084932,26110.74,53650.0,PICKERING-1,8760,1.600000000165449
Canada,Pickering 1-8,PHWR,CO2,1992,4.457685845,24405.83,48178.0,PICKERING-1,8784,1.604383561734225
Canada,Pickering 1-8,PHWR,CO2,1993,5.310407306,29074.48,58676.0,PICKERING-1,8760,1.600000000019261
Canada,Pickering 1-8,PHWR,CO2,1994,5.131326027,28094.01,55933.0,PICKERING-1,8760,1.5999999998761303
Canada,Pickering 1-8,PHWR,CO2,1995,4.101157991,22453.84,45448.0,PICKERING-1,8760,1.6000000000516614
Canada,Pickering 1-8,PHWR,CO2,1996,2.834511416,15518.95,32783.0,PICKERING-1,8784,1.6043835619126292
Canada,Pickering 1-8,PHWR,CO2,1997,3.764038356,20608.11,43074.0,PICKERING-1,8760,1.5999999999301244
Canada,Pickering 1-8,PHWR,CO2,1998,2.410790868,13199.08,27184.0,PICKERING-5,8760,1.6000000002788073
Canada,Pickering 1-8,PHWR,CO2,1999,2.522038356,13808.16,27993.0,PICKERING-5,8760,1.5999999998957137
Canada,Pickering 1-8,PHWR,CO2,2000,1.859441096,10180.439999999999,21859.0,PICKERING-5,8784,1.6043835617383928
Canada,Pickering 1-8,PHWR,CO2,2001,2.396577169,13121.26,26239.0,PICKERING-5,8760,1.6000000000335333
Canada,Pickering 1-8,PHWR,CO2,2002,2.646630137,14490.300000000001,29332.0,PICKERING-5,8760,1.6000000000082812
Canada,Pickering 1-8,PHWR,CO2,2003,2.396180822,13119.09,26849.0,PICKERING-4,8760,1.6000000000548817
Canada,Pickering 1-8,PHWR,CO2,2004,2.888199087,15812.890000000001,31909.0,PICKERING-4,8784,1.6043835617782705
Canada,Pickering 1-8,PHWR,CO2,2005,3.172663014,17370.33,34633.0,PICKERING-1,8760,1.6000000001519832
Canada,Pickering 1-8,PHWR,CO2,2006,3.638076712,19918.47,40321.0,PICKERING-1,8760,1.5999999998554106
Canada,Pickering 1-8,PHWR,CO2,2007,3.105868493,17004.63,35313.0,PICKERING-1,8760,1.599999999922374
Canada,Pickering 1-8,PHWR,CO2,2008,3.515647489,19248.17,40064.0,PICKERING-1,8784,1.6043835618334628
Canada,Pickering 1-8,PHWR,CO2,2009,3.782235616,20707.739999999998,42975.0,PICKERING-1,8760,1.5999999998145624
Canada,Pickering 1-8,PHWR,CO2,2010,3.509859361,19216.48,39192.0,PICKERING-1,8760,1.6000000001228114
Canada,Pickering 1-8,PHWR,CO2,2011,3.585203653,19628.99,39911.0,PICKERING-1,8760,1.6000000000142647
Canada,Pickering 1-8,PHWR,CO2,2012,3.791868493,20760.48,41598.0,PICKERING-1,8784,1.6043835615800792
Canada,Pickering 1-8,PHWR,CO2,2013,3.604345205,19733.79,40299.0,PICKERING-1,8760,1.599999999787167
Canada,Pickering 1-8,PHWR,CO2,2014,3.681019178,20153.58,41496.0,PICKERING-1,8760,1.5999999999642742
Canada,Pickering 1-8,PHWR,CO2,2015,3.889815525,21296.74,42572.0,PICKERING-1,8760,1.5999999999530443
Canada,Pickering 1-8,PHWR,CO2,2016,3.656029224,20016.760000000002,40937.0,PICKERING-1,8784,1.6043835617560482
Canada,Point Lepreau,PHWR,CO2,1983,0.866283105,4742.9,7875.0,POINT LEPREAU,8760,1.599999999957832
Canada,Point Lepreau,PHWR,CO2,1984,0.913413699,5000.94,7927.0,POINT LEPREAU,8784,1.604383562293489
Canada,Point Lepreau,PHWR,CO2,1985,0.990303196,5421.91,8547.0,POINT LEPREAU,8760,1.599999999439312
Canada,Point Lepreau,PHWR,CO2,1986,0.953989041,5223.09,8257.0,POINT LEPREAU,8760,1.5999999998391758
Canada,Point Lepreau,PHWR,CO2,1987,0.932918721,5107.73,8110.0,POINT LEPREAU,8760,1.5999999992090421
Canada,Point Lepreau,PHWR,CO2,1988,0.975022831,5338.25,8383.0,POINT LEPREAU,8784,1.604383561561186
Canada,Point Lepreau,PHWR,CO2,1989,0.961948858,5266.67,8271.0,POINT LEPREAU,8760,1.5999999992556966
Canada,Point Lepreau,PHWR,CO2,1990,0.974193607,5333.71,8384.0,POINT LEPREAU,8760,1.5999999994975356
Canada,Point Lepreau,PHWR,CO2,1991,0.993090411,5437.17,8500.0,POINT LEPREAU,8760,1.600000000066211
Canada,Point Lepreau,PHWR,CO2,1992,0.882151598,4829.78,7748.0,POINT LEPREAU,8784,1.6043835613282593
Canada,Point Lepreau,PHWR,CO2,1993,0.971689498,5320.0,8391.0,POINT LEPREAU,8760,1.6000000004661656
Canada,Point Lepreau,PHWR,CO2,1994,0.955269406,5230.1,8270.0,POINT LEPREAU,8760,1.5999999993422687
Canada,Point Lepreau,PHWR,CO2,1995,0.294319635,1611.4,2615.0,POINT LEPREAU,8760,1.6000000016135036
Canada,Point Lepreau,PHWR,CO2,1996,0.837959817,4587.83,7363.0,POINT LEPREAU,8784,1.604383560970655
Canada,Point Lepreau,PHWR,CO2,1997,0.631157991,3455.59,5564.0,POINT LEPREAU,8760,1.6000000003356878
Canada,Point Lepreau,PHWR,CO2,1998,0.690840183,3782.35,6111.0,POINT LEPREAU,8760,1.6000000008143087
Canada,Point Lepreau,PHWR,CO2,1999,0.745705936,4082.74,6797.0,POINT LEPREAU,8760,1.5999999998432428
Canada,Point Lepreau,PHWR,CO2,2000,0.724538813,3966.85,6792.0,POINT LEPREAU,8784,1.6043835621190616
Canada,Point Lepreau,PHWR,CO2,2001,0.813028311,4451.33,7418.0,POINT LEPREAU,8760,1.6000000009794826
Canada,Point Lepreau,PHWR,CO2,2002,0.686874886,3760.64,6107.0,POINT LEPREAU,8760,1.6000000003616408
Canada,Point Lepreau,PHWR,CO2,2003,0.865665753,4739.52,7869.0,POINT LEPREAU,8760,1.5999999992151104
Canada,Point Lepreau,PHWR,CO2,2004,0.785340639,4299.74,7310.0,POINT LEPREAU,8784,1.6043835610934614
Canada,Point Lepreau,PHWR,CO2,2005,0.798655708,4372.64,7632.0,POINT LEPREAU,8760,1.6000000004756851
Canada,Point Lepreau,PHWR,CO2,2006,0.796710502,4361.99,7755.0,POINT LEPREAU,8760,1.5999999994314522
Canada,Point Lepreau,PHWR,CO2,2007,0.752843836,4121.82,7511.0,POINT LEPREAU,8760,1.600000000815174
Canada,Point Lepreau,PHWR,CO2,2008,0.210147945,1150.56,2111.0,POINT LEPREAU,8784,1.604383560075094
Canada,Point Lepreau,PHWR,CO2,2012,0.075156164,411.48,966.0,POINT LEPREAU,8784,1.6043835534558177
Canada,Point Lepreau,PHWR,CO2,2013,0.750894977,4111.15,7879.0,POINT LEPREAU,8760,1.5999999996400034
Canada,Point Lepreau,PHWR,CO2,2014,0.862944292,4724.62,7229.0,POINT LEPREAU,8760,1.599999999559753
Canada,Point Lepreau,PHWR,CO2,2015,0.781194521,4277.04,6993.0,POINT LEPREAU,8760,1.600000000925874
Canada,Point Lepreau,PHWR,CO2,2016,0.830865753,4548.99,6989.0,POINT LEPREAU,8784,1.6043835608238313
China - Taiwan,CHANGJIANG-1,PWR,CO2,2015,0.000335462,43.73,1006.0,CHANGJIANG-1,8760,0.06719979693574206
China - Taiwan,CHANGJIANG-1,PWR,CO2,2016,0.027748627,3617.23,8185.0,CHANGJIANG-1,8784,0.0673841418897886
China - Taiwan,CHANGJIANG-1,PWR,CO2,2016,0.014047958,3617.23,8185.0,CHANGJIANG-1,8784,0.03411374534436571
China - Taiwan,DAYA BAY-1,PWR,CO2,1994,0.045393676,5917.39,6539.0,DAYA BAY-1,8760,0.06719999894548104
China - Taiwan,DAYA BAY-1,PWR,CO2,1995,0.028564833,3723.63,4088.0,DAYA BAY-1,8760,0.06720000029003956
China - Taiwan,DAYA BAY-1,PWR,CO2,1996,0.047965688,6252.67,6847.0,DAYA BAY-1,8784,0.06738411005090625
China - Taiwan,DAYA BAY-1,PWR,CO2,1997,0.049795736,6491.23,7272.0,DAYA BAY-1,8760,0.06719999866897337
China - Taiwan,DAYA BAY-1,PWR,CO2,1998,0.046337852,6040.47,7344.0,DAYA BAY-1,8760,0.06719999992053598
China - Taiwan,DAYA BAY-1,PWR,CO2,1999,0.051578685,6723.65,7680.0,DAYA BAY-1,8760,0.06720000008923725
China - Taiwan,DAYA BAY-1,PWR,CO2,2000,0.053595683,6986.58,7641.0,DAYA BAY-1,8784,0.0673841106051888
China - Taiwan,DAYA BAY-1,PWR,CO2,2001,0.053770279,7009.34,7619.0,DAYA BAY-1,8760,0.06719999943503953
China - Taiwan,DAYA BAY-1,PWR,CO2,2002,0.056669315,7387.25,7924.0,DAYA BAY-1,8760,0.06719999991877898
China - Taiwan,DAYA BAY-1,PWR,CO2,2003,0.056772953,7400.76,7958.0,DAYA BAY-1,8760,0.06719999949734892
China - Taiwan,DAYA BAY-1,PWR,CO2,2004,0.057848,7540.9,7789.0,DAYA BAY-1,8784,0.06738410958904109
China - Taiwan,DAYA BAY-1,PWR,CO2,2005,0.063368143,8260.49,8760.0,DAYA BAY-1,8760,0.06720000056655236
China - Taiwan,DAYA BAY-1,PWR,CO2,2006,0.050899781,6635.15,7133.0,DAYA BAY-1,8760,0.06720000023511148
China - Taiwan,DAYA BAY-1,PWR,CO2,2007,0.057857436,7542.13,8074.0,DAYA BAY-1,8760,0.0672000004454975
China - Taiwan,DAYA BAY-1,PWR,CO2,2008,0.063329786,8255.49,8774.0,DAYA BAY-1,8784,0.06738410926837776
China - Taiwan,DAYA BAY-1,PWR,CO2,2009,0.057067298,7439.13,8055.0,DAYA BAY-1,8760,0.06719999925797775
China - Taiwan,DAYA BAY-1,PWR,CO2,2010,0.056218707,7328.51,7876.0,DAYA BAY-1,8760,0.06720000018011847
China - Taiwan,DAYA BAY-1,PWR,CO2,2011,0.063077557,8222.61,8760.0,DAYA BAY-1,8760,0.06720000089022828
China - Taiwan,DAYA BAY-1,PWR,CO2,2012,0.053331715,6952.17,7452.0,DAYA BAY-1,8784,0.06738410950250066
China - Taiwan,DAYA BAY-1,PWR,CO2,2013,0.054849392,7150.01,7682.0,DAYA BAY-1,8760,0.06720000026853108
China - Taiwan,DAYA BAY-1,PWR,CO2,2014,0.06326857,8247.51,8735.0,DAYA BAY-1,8760,0.06720000014549846
China - Taiwan,DAYA BAY-1,PWR,CO2,2015,0.050489524,6581.67,6954.0,DAYA BAY-1,8760,0.06720000094808765
China - Taiwan,DAYA BAY-1,PWR,CO2,2016,0.055508043,7235.87,7671.0,DAYA BAY-1,8784,0.06738410857464272
China - Taiwan,DAYA BAY-2,PWR,CO2,1994,0.044042159,5741.21,6889.0,DAYA BAY-2,8760,0.06720000014631061
China - Taiwan,DAYA BAY-2,PWR,CO2,1995,0.048661162,6343.33,7146.0,DAYA BAY-2,8760,0.06720000049185523
China - Taiwan,DAYA BAY-2,PWR,CO2,1996,0.040480329,5276.9,5740.0,DAYA BAY-2,8784,0.06738410997669088
China - Taiwan,DAYA BAY-2,PWR,CO2,1997,0.045374115,5914.84,6194.0,DAYA BAY-2,8760,0.06719999989856024
China - Taiwan,DAYA BAY-2,PWR,CO2,1998,0.04801463,6259.05,7302.0,DAYA BAY-2,8760,0.06719999980827761
China - Taiwan,DAYA BAY-2,PWR,CO2,1999,0.052083529,6789.46,7594.0,DAYA BAY-2,8760,0.06720000030046573
China - Taiwan,DAYA BAY-2,PWR,CO2,2000,0.053664264,6995.52,7840.0,DAYA BAY-2,8784,0.06738411082750102
China - Taiwan,DAYA BAY-2,PWR,CO2,2001,0.056425524,7355.47,7986.0,DAYA BAY-2,8760,0.06720000084834823
China - Taiwan,DAYA BAY-2,PWR,CO2,2002,0.051619112,6728.92,7224.0,DAYA BAY-2,8760,0.0671999995719967
China - Taiwan,DAYA BAY-2,PWR,CO2,2003,0.053568603,6983.05,7503.0,DAYA BAY-2,8760,0.06720000032650489
China - Taiwan,DAYA BAY-2,PWR,CO2,2004,0.04878045,6358.88,6580.0,DAYA BAY-2,8784,0.06738411053518858
China - Taiwan,DAYA BAY-2,PWR,CO2,2005,0.050530257,6586.98,7075.0,DAYA BAY-2,8760,0.06719999928950748
China - Taiwan,DAYA BAY-2,PWR,CO2,2006,0.063078936,8222.79,8760.0,DAYA BAY-2,8760,0.06719999894926174
China - Taiwan,DAYA BAY-2,PWR,CO2,2007,0.056338838,7344.17,7858.0,DAYA BAY-2,8760,0.06719999957517322
China - Taiwan,DAYA BAY-2,PWR,CO2,2008,0.055036186,7174.36,7667.0,DAYA BAY-2,8784,0.06738410922005587
China - Taiwan,DAYA BAY-2,PWR,CO2,2009,0.063077557,8222.61,8760.0,DAYA BAY-2,8760,0.06720000089022828
China - Taiwan,DAYA BAY-2,PWR,CO2,2010,0.058958334,7685.64,8197.0,DAYA BAY-2,8760,0.06719999971895639
China - Taiwan,DAYA BAY-2,PWR,CO2,2011,0.0545664,7113.12,7649.0,DAYA BAY-2,8760,0.0672
China - Taiwan,DAYA BAY-2,PWR,CO2,2012,0.063709436,8304.98,8784.0,DAYA BAY-2,8784,0.06738410999472605
China - Taiwan,DAYA BAY-2,PWR,CO2,2013,0.054399857,7091.41,7605.0,DAYA BAY-2,8760,0.06719999934004663
China - Taiwan,DAYA BAY-2,PWR,CO2,2014,0.047944976,6249.97,6629.0,DAYA BAY-2,8760,0.06720000092160441
China - Taiwan,DAYA BAY-2,PWR,CO2,2015,0.062851792,8193.18,8700.0,DAYA BAY-2,8760,0.06720000023434125
China - Taiwan,DAYA BAY-2,PWR,CO2,2016,0.055924592,7290.17,7750.0,DAYA BAY-2,8784,0.067384109853131
China - Taiwan,FANGCHENGGANG-1,PWR,CO2,2015,0.00506915,660.8,1034.0,FANGCHENGGANG-1,8760,0.06719999092009685
China - Taiwan,FANGCHENGGANG-1,PWR,CO2,2016,0.054786641,7141.83,7761.0,FANGCHENGGANG-1,8784,0.06738410947110195
China - Taiwan,FANGCHENGGANG-2,PWR,CO2,2016,0.020315702,2648.3,3297.0,FANGCHENGGANG-2,8784,0.06738402989389419
China - Taiwan,FANGJIASHAN-1,PWR,CO2,2015,0.055081219,7180.23,7289.0,FANGJIASHAN-1,8760,0.06720000312524808
China - Taiwan,FANGJIASHAN-1,PWR,CO2,2016,0.060045686,7827.38,7910.0,FANGJIASHAN-1,8784,0.06738414460828528
China - Taiwan,FANGJIASHAN-2,PWR,CO2,2015,0.056771366,7400.55,7747.0,FANGJIASHAN-2,8760,0.06720002785738897
China - Taiwan,FANGJIASHAN-2,PWR,CO2,2016,0.056190557,7324.84,7529.0,FANGJIASHAN-2,8784,0.0673841138766171
China - Taiwan,FUQING-1,PWR,CO2,2014,0.007924896,1033.07,949.0,FUQING-1,8760,0.06719979184372793
China - Taiwan,FUQING-1,PWR,CO2,2015,0.046275802,6032.38,6514.0,FUQING-1,8760,0.06720001483991393
China - Taiwan,FUQING-1,PWR,CO2,2016,0.05110607,6662.04,7511.0,FUQING-1,8784,0.06738412241295459
China - Taiwan,FUQING-2,PWR,CO2,2015,0.015474547,2017.22,3487.0,FUQING-2,8760,0.06719992450996916
China - Taiwan,FUQING-2,PWR,CO2,2016,0.04657081,6070.84,6807.0,FUQING-2,8784,0.06738408441665403
China - Taiwan,FUQING-3,PWR,CO2,2016,0.012491136,1628.31,1648.0,FUQING-3,8784,0.06738405992962028
China - Taiwan,HONGYANHE-3,PWR,CO2,2015,0.017816669,2322.53,2835.0,HONGYANHE-3,8760,0.06720000191170834
China - Taiwan,HONGYANHE-3,PWR,CO2,2016,0.042068947,5483.99,5764.0,HONGYANHE-3,8784,0.06738408174486095
China - Taiwan,HONGYANHE-4,PWR,CO2,2016,0.008671891,1130.44,1200.0,HONGYANHE-4,8784,0.06738428447684086
China - Taiwan,Hongyanhe 1-2,PWR,CO2,2013,0.044227572,5765.38,7972.0,HONGYANHE-1,8760,0.06719999908418874
China - Taiwan,Hongyanhe 1-2,PWR,CO2,2014,0.084817064,11056.51,11271.0,HONGYANHE-1,8760,0.06720000078144006
China - Taiwan,Hongyanhe 1-2,PWR,CO2,2015,0.083353776,10865.76,11681.0,HONGYANHE-1,8760,0.06720000053010558
China - Taiwan,Hongyanhe 1-2,PWR,CO2,2016,0.087105469,11354.82,12236.0,HONGYANHE-1,8784,0.06738410998113577
China - Taiwan,Lingao 1-4,PWR,CO2,2002,0.035163781,4583.85,5184.0,LING AO-1,8760,0.06720000034032526
China - Taiwan,Lingao 1-4,PWR,CO2,2003,0.102103572,13309.93,14709.0,LING AO-1,8760,0.06719999960330371
China - Taiwan,Lingao 1-4,PWR,CO2,2004,0.107403167,14000.77,14993.0,LING AO-1,8784,0.06738410951169113
China - Taiwan,Lingao 1-4,PWR,CO2,2005,0.11075235,14437.36,15499.0,LING AO-1,8760,0.06719999958441154
China - Taiwan,Lingao 1-4,PWR,CO2,2006,0.11554411,15062.0,16128.0,LING AO-1,8760,0.06720000023901208
China - Taiwan,Lingao 1-4,PWR,CO2,2007,0.107781666,14050.11,15141.0,LING AO-1,8760,0.06720000015373545
China - Taiwan,Lingao 1-4,PWR,CO2,2008,0.112153424,14620.0,15740.0,LING AO-1,8784,0.06738410919398084
China - Taiwan,Lingao 1-4,PWR,CO2,2009,0.11074445,14436.330000000002,16049.0,LING AO-1,8760,0.06720000041561808
China - Taiwan,Lingao 1-4,PWR,CO2,2010,0.133361008,17384.56,19042.0,LING AO-1,8760,0.06719999988955717
China - Taiwan,Lingao 1-4,PWR,CO2,2011,0.19602777,25553.62,28490.0,LING AO-1,8760,0.06720000004696007
China - Taiwan,Lingao 1-4,PWR,CO2,2012,0.229081271,29862.38,31432.0,LING AO-1,8784,0.06738410952054055
China - Taiwan,Lingao 1-4,PWR,CO2,2013,0.229487386,29915.32,31041.0,LING AO-1,8760,0.0671999999117509
China - Taiwan,Lingao 1-4,PWR,CO2,2014,0.236927638,30885.21,32135.0,LING AO-1,8760,0.06719999989898078
China - Taiwan,Lingao 1-4,PWR,CO2,2015,0.234765808,30603.4,31702.0,LING AO-1,8760,0.06719999993726186
China - Taiwan,Lingao 1-4,PWR,CO2,2016,0.233457479,30432.85,31631.0,LING AO-1,8784,0.06738410945856205
China - Taiwan,Ningde 1-4,PWR,CO2,2013,0.053299572,6947.98,7369.0,NINGDE-1,8760,0.06719999924006691
China - Taiwan,Ningde 1-4,PWR,CO2,2014,0.089103517,11615.279999999999,12163.0,NINGDE-1,8760,0.06719999939045809
China - Taiwan,Ningde 1-4,PWR,CO2,2015,0.14384275,18750.93,20529.0,NINGDE-1,8760,0.06719999968001587
China - Taiwan,Ningde 1-4,PWR,CO2,2016,0.170770159,22261.11,23797.0,NINGDE-1,8784,0.06738410962687844
China - Taiwan,QINSHAN-1,PWR,CO2,1993,0.01335155,1740.47,6185.0,QINSHAN-1,8760,0.06719999655265532
China - Taiwan,QINSHAN-1,PWR,CO2,1994,0.012646641,1648.58,6439.0,QINSHAN-1,8760,0.06719999949047059
China - Taiwan,QINSHAN-1,PWR,CO2,1995,0.015832657,2063.9,7886.0,QINSHAN-1,8760,0.06719999773244827
China - Taiwan,QINSHAN-1,PWR,CO2,1996,0.015907989,2073.72,7479.0,QINSHAN-1,8784,0.06738410941496442
China - Taiwan,QINSHAN-1,PWR,CO2,1997,0.015431989,2011.67,7185.0,QINSHAN-1,8760,0.0671999998210442
China - Taiwan,QINSHAN-1,PWR,CO2,1998,0.008818005,1149.49,4331.0,QINSHAN-1,8760,0.06719999634620571
China - Taiwan,QINSHAN-1,PWR,CO2,1999,0.005223189,680.88,2519.0,QINSHAN-1,8760,0.06719999947127248
China - Taiwan,QINSHAN-1,PWR,CO2,2000,0.015614641,2035.48,6840.0,QINSHAN-1,8784,0.0673841091752314
China - Taiwan,QINSHAN-1,PWR,CO2,2001,0.017792428,2319.37,8370.0,QINSHAN-1,8760,0.06720000227648025
China - Taiwan,QINSHAN-1,PWR,CO2,2002,0.013679726,1783.25,5989.0,QINSHAN-1,8760,0.06719999986541426
China - Taiwan,QINSHAN-1,PWR,CO2,2003,0.017310674,2256.57,7798.0,QINSHAN-1,8760,0.06720000010635611
China - Taiwan,QINSHAN-1,PWR,CO2,2004,0.019678553,2565.24,8784.0,QINSHAN-1,8784,0.06738410813491136
China - Taiwan,QINSHAN-1,PWR,CO2,2005,0.016834981,2194.56,7693.0,QINSHAN-1,8760,0.06720000071084864
China - Taiwan,QINSHAN-1,PWR,CO2,2006,0.017723693,2310.41,8086.0,QINSHAN-1,8760,0.06719999942867283
China - Taiwan,QINSHAN-1,PWR,CO2,2007,0.01581371,2061.43,7218.0,QINSHAN-1,8760,0.06720000174636055
China - Taiwan,QINSHAN-1,PWR,CO2,2008,0.018646619,2430.72,8434.0,QINSHAN-1,8784,0.06738410894549764
China - Taiwan,QINSHAN-1,PWR,CO2,2009,0.016841731,2195.44,7704.0,QINSHAN-1,8760,0.06719999797762634
China - Taiwan,QINSHAN-1,PWR,CO2,2010,0.016641359,2169.32,7398.0,QINSHAN-1,8760,0.06720000038721811
China - Taiwan,QINSHAN-1,PWR,CO2,2011,0.017894224,2332.64,7762.0,QINSHAN-1,8760,0.06719999753069485
China - Taiwan,QINSHAN-1,PWR,CO2,2012,0.020398345,2659.07,8784.0,QINSHAN-1,8784,0.06738410891025809
China - Taiwan,QINSHAN-1,PWR,CO2,2013,0.016560964,2158.84,7199.0,QINSHAN-1,8760,0.0671999984436086
China - Taiwan,QINSHAN-1,PWR,CO2,2014,0.018879978,2461.14,8221.0,QINSHAN-1,8760,0.06719999970745265
China - Taiwan,QINSHAN-1,PWR,CO2,2015,0.018511989,2413.17,8003.0,QINSHAN-1,8760,0.06719999985081862
China - Taiwan,QINSHAN-1,PWR,CO2,2016,0.018551266,2418.29,8084.0,QINSHAN-1,8784,0.06738411048468133
China - Taiwan,Qinshan2 1-2,PWR,CO2,2002,0.036427157,2965.29,4631.0,QINSHAN 2-1,8760,0.10761237360258188
China - Taiwan,Qinshan2 1-2,PWR,CO2,2003,0.0505064,4327.3,7123.0,QINSHAN 2-1,8760,0.10224298384674045
China - Taiwan,Qinshan2 1-2,PWR,CO2,2004,0.08227635,8160.07,13498.0,QINSHAN 2-1,8784,0.0885673111137527
China - Taiwan,Qinshan2 1-2,PWR,CO2,2005,0.089453019,9466.28,15313.0,QINSHAN 2-1,8760,0.08277892122776845
China - Taiwan,Qinshan2 1-2,PWR,CO2,2006,0.077011583,7728.599999999999,12712.0,QINSHAN 2-1,8760,0.08728896140051239
China - Taiwan,Qinshan2 1-2,PWR,CO2,2007,0.079638443,8320.01,13473.0,QINSHAN 2-1,8760,0.08384999064664586
China - Taiwan,Qinshan2 1-2,PWR,CO2,2008,0.090089731,9313.119999999999,15099.0,QINSHAN 2-1,8784,0.08497133045681793
China - Taiwan,Qinshan2 1-2,PWR,CO2,2009,0.088098203,9288.79,15077.0,QINSHAN 2-1,8760,0.08308296971726134
China - Taiwan,Qinshan2 1-2,PWR,CO2,2010,0.102295276,11165.6,18425.0,QINSHAN 2-1,8760,0.08025602007594755
China - Taiwan,Qinshan2 1-2,PWR,CO2,2011,0.122842597,13680.769999999999,22375.0,QINSHAN 2-1,8760,0.07865793736171284
China - Taiwan,Qinshan2 1-2,PWR,CO2,2012,0.16556914,18924.05,31030.0,QINSHAN 2-1,8784,0.07685243516900453
China - Taiwan,Qinshan2 1-2,PWR,CO2,2013,0.163595102,19166.95,31058.0,QINSHAN 2-1,8760,0.074768969164108
China - Taiwan,Qinshan2 1-2,PWR,CO2,2014,0.14559394,18979.21,30909.0,QINSHAN 2-1,8760,0.06720000012645416
China - Taiwan,Qinshan2 1-2,PWR,CO2,2015,0.14580091,19006.19,31253.0,QINSHAN 2-1,8760,0.06720000018941198
China - Taiwan,Qinshan2 1-2,PWR,CO2,2016,0.149596943,19501.03,31916.0,QINSHAN 2-1,8784,0.06738410982968593
China - Taiwan,Qinshan3 1-2,PWR,CO2,2003,0.039696712,5174.75,7977.0,QINSHAN 3-1,8760,0.06719999944345137
China - Taiwan,Qinshan3 1-2,PWR,CO2,2004,0.074902762,9764.11,14981.0,QINSHAN 3-1,8784,0.0673841099094541
China - Taiwan,Qinshan3 1-2,PWR,CO2,2005,0.07200411,9386.25,14263.0,QINSHAN 3-1,8760,0.06720000038353975
China - Taiwan,Qinshan3 1-2,PWR,CO2,2006,0.081437502,10615.96,16205.0,QINSHAN 3-1,8760,0.06720000051997181
China - Taiwan,Qinshan3 1-2,PWR,CO2,2007,0.082052274,10696.099999999999,16156.0,QINSHAN 3-1,8760,0.06720000002243809
China - Taiwan,Qinshan3 1-2,PWR,CO2,2008,0.079872724,10411.98,15748.0,QINSHAN 3-1,8784,0.06738411018999269
China - Taiwan,Qinshan3 1-2,PWR,CO2,2009,0.08323257,10849.96,16435.0,QINSHAN 3-1,8760,0.0672000001105995
China - Taiwan,Qinshan3 1-2,PWR,CO2,2010,0.080991343,10557.8,15983.0,QINSHAN 3-1,8760,0.06720000044327416
China - Taiwan,Qinshan3 1-2,PWR,CO2,2011,0.081695562,10649.6,16082.0,QINSHAN 3-1,8760,0.06720000029296876
China - Taiwan,Qinshan3 1-2,PWR,CO2,2012,0.082506641,10755.33,16442.0,QINSHAN 3-1,8784,0.06738410951072632
China - Taiwan,Qinshan3 1-2,PWR,CO2,2013,0.084625129,11031.49,16709.0,QINSHAN 3-1,8760,0.06720000018492515
China - Taiwan,Qinshan3 1-2,PWR,CO2,2014,0.082988702,10818.17,16343.0,QINSHAN 3-1,8760,0.06720000051025266
China - Taiwan,Qinshan3 1-2,PWR,CO2,2015,0.079643967,10382.16,15845.0,QINSHAN 3-1,8760,0.0671999998959754
China - Taiwan,Qinshan3 1-2,PWR,CO2,2016,0.076950828,10031.09,15330.0,QINSHAN 3-1,8784,0.06738411011684672
China - Taiwan,Tianwan 1-2,PWR,CO2,2006,0.009473972,1235.0,2790.0,TIANWAN-1,8760,0.06719999572469636
China - Taiwan,Tianwan 1-2,PWR,CO2,2007,0.071227397,9285.0,10159.0,TIANWAN-1,8760,0.06719999975444264
China - Taiwan,Tianwan 1-2,PWR,CO2,2008,0.100640362,13119.189999999999,13463.0,TIANWAN-1,8784,0.06738410982751222
China - Taiwan,Tianwan 1-2,PWR,CO2,2009,0.101882488,13281.11,13607.0,TIANWAN-1,8760,0.06720000021684934
China - Taiwan,Tianwan 1-2,PWR,CO2,2010,0.11254251,14670.720000000001,14903.0,TIANWAN-1,8760,0.06720000024538672
China - Taiwan,Tianwan 1-2,PWR,CO2,2011,0.115193381,15016.279999999999,15264.0,TIANWAN-1,8760,0.06720000010388726
China - Taiwan,Tianwan 1-2,PWR,CO2,2012,0.116528176,15190.279999999999,15357.0,TIANWAN-1,8784,0.06738410996926983
China - Taiwan,Tianwan 1-2,PWR,CO2,2013,0.119751781,15610.5,15796.0,TIANWAN-1,8760,0.06720000009993274
China - Taiwan,Tianwan 1-2,PWR,CO2,2014,0.120194795,15668.25,15838.0,TIANWAN-1,8760,0.06720000026805802
China - Taiwan,Tianwan 1-2,PWR,CO2,2015,0.119370367,15560.779999999999,15786.0,TIANWAN-1,8760,0.06719999993059475
China - Taiwan,Tianwan 1-2,PWR,CO2,2016,0.1101128,14353.99,15000.0,TIANWAN-1,8784,0.06738410958904109
China - Taiwan,YANGJIANG 1-3,PWR,CO2,2014,0.052113524,6793.37,6753.0,YANGJIANG-1,8760,0.06720000091854264
China - Taiwan,YANGJIANG 1-3,PWR,CO2,2015,0.101166455,13187.77,13928.0,YANGJIANG-1,8760,0.06720000013649009
China - Taiwan,YANGJIANG 1-3,PWR,CO2,2016,0.165571057,21583.370000000003,21422.0,YANGJIANG-1,8784,0.06738410937161342
Czech Republic,Dukovany 1-4,PWR,CO2,1985,0.015295824,1993.92,5418.0,DUKOVANY-1,8760,0.0671999971112181
Czech Republic,Dukovany 1-4,PWR,CO2,1986,0.04396583,5731.259999999999,16065.0,DUKOVANY-1,8760,0.06719999979062195
Czech Republic,Dukovany 1-4,PWR,CO2,1987,0.076554378,9979.41,26151.0,DUKOVANY-1,8760,0.06719999992785144
Czech Republic,Dukovany 1-4,PWR,CO2,1988,0.084752931,11048.15,28723.0,DUKOVANY-1,8784,0.06738410918606283
Czech Republic,Dukovany 1-4,PWR,CO2,1989,0.089153611,11621.810000000001,29284.0,DUKOVANY-1,8760,0.06720000003097623
Czech Republic,Dukovany 1-4,PWR,CO2,1990,0.09025566,11765.470000000001,30823.0,DUKOVANY-1,8760,0.06719999979601325
Czech Republic,Dukovany 1-4,PWR,CO2,1991,0.085469424,11141.55,29436.0,DUKOVANY-1,8760,0.06719999948301628
Czech Republic,Dukovany 1-4,PWR,CO2,1992,0.093970531,12249.73,28380.0,DUKOVANY-1,8784,0.0673841092255911
Czech Republic,Dukovany 1-4,PWR,CO2,1993,0.096863736,12626.88,29263.0,DUKOVANY-1,8760,0.06719999931574547
Czech Republic,Dukovany 1-4,PWR,CO2,1994,0.099546521,12976.6,30379.0,DUKOVANY-1,8760,0.06720000030516468
Czech Republic,Dukovany 1-4,PWR,CO2,1995,0.093820559,12230.18,30242.0,DUKOVANY-1,8760,0.06720000006868256
Czech Republic,Dukovany 1-4,PWR,CO2,1996,0.092430608,12048.99,29385.0,DUKOVANY-1,8784,0.06738410942925507
Czech Republic,Dukovany 1-4,PWR,CO2,1997,0.095845381,12494.130000000001,28833.0,DUKOVANY-1,8760,0.06720000012485862
Czech Republic,Dukovany 1-4,PWR,CO2,1998,0.094749545,12351.279999999999,30421.0,DUKOVANY-1,8760,0.06719999985426613
Czech Republic,Dukovany 1-4,PWR,CO2,1999,0.096080888,12524.83,30487.0,DUKOVANY-1,8760,0.06720000022994324
Czech Republic,Dukovany 1-4,PWR,CO2,2000,0.097458717,12704.439999999999,30772.0,DUKOVANY-1,8784,0.0673841090302288
Czech Republic,Dukovany 1-4,PWR,CO2,2001,0.097532592,12714.07,30897.0,DUKOVANY-1,8760,0.0672000001510138
Czech Republic,Dukovany 1-4,PWR,CO2,2002,0.095389633,12434.72,30267.0,DUKOVANY-1,8760,0.06720000008685359
Czech Republic,Dukovany 1-4,PWR,CO2,2003,0.098762828,12874.44,31143.0,DUKOVANY-1,8760,0.06720000041011492
Czech Republic,Dukovany 1-4,PWR,CO2,2004,0.09789337,12761.1,30774.0,DUKOVANY-1,8784,0.0673841096833345
Czech Republic,Dukovany 1-4,PWR,CO2,2005,0.098726005,12869.64,31105.0,DUKOVANY-1,8760,0.06719999967365055
Czech Republic,Dukovany 1-4,PWR,CO2,2006,0.100661995,13122.01,31739.0,DUKOVANY-1,8760,0.06720000032007292
Czech Republic,Dukovany 1-4,PWR,CO2,2007,0.099640953,12988.91,31103.0,DUKOVANY-1,8760,0.06719999971360184
Czech Republic,Dukovany 1-4,PWR,CO2,2008,0.103662674,13513.17,31601.0,DUKOVANY-1,8784,0.0673841096068502
Czech Republic,Dukovany 1-4,PWR,CO2,2009,0.100276438,13071.75,30330.0,DUKOVANY-1,8760,0.06719999976131734
Czech Republic,Dukovany 1-4,PWR,CO2,2010,0.101938334,13288.39,30498.0,DUKOVANY-1,8760,0.0671999998374521
Czech Republic,Dukovany 1-4,PWR,CO2,2011,0.103319464,13468.43,30494.0,DUKOVANY-1,8760,0.06720000064150015
Czech Republic,Dukovany 1-4,PWR,CO2,2012,0.108110608,14092.99,30857.0,DUKOVANY-1,8784,0.0673841094524299
Czech Republic,Dukovany 1-4,PWR,CO2,2013,0.113073205,14739.9,31849.0,DUKOVANY-1,8760,0.06719999971505913
Czech Republic,Dukovany 1-4,PWR,CO2,2014,0.110871869,14452.94,31404.0,DUKOVANY-1,8760,0.06720000030720392
Czech Republic,Dukovany 1-4,PWR,CO2,2015,0.09074777,11829.619999999999,25672.0,DUKOVANY-1,8760,0.0672000001014403
Czech Republic,Dukovany 1-4,PWR,CO2,2016,0.086016076,11212.81,24359.0,DUKOVANY-1,8784,0.06738410903101007
Czech Republic,Temelin 1-2,PWR,CO2,2000,1.77e-05,2.31,29.0,TEMELIN-1,8784,0.06730597402597402
Czech Republic,Temelin 1-2,PWR,CO2,2001,0.0081648,1064.34,2205.0,TEMELIN-1,8760,0.0672
Czech Republic,Temelin 1-2,PWR,CO2,2002,0.03949051,5147.87,5966.0,TEMELIN-1,8760,0.06720000069931835
Czech Republic,Temelin 1-2,PWR,CO2,2003,0.088129808,11488.349999999999,12795.0,TEMELIN-1,8760,0.06719999983287418
Czech Republic,Temelin 1-2,PWR,CO2,2004,0.092483693,12055.91,12707.0,TEMELIN-1,8784,0.06738410947925126
Czech Republic,Temelin 1-2,PWR,CO2,2005,0.079668285,10385.33,11981.0,TEMELIN-1,8760,0.06720000005777381
Czech Republic,Temelin 1-2,PWR,CO2,2006,0.087273392,11376.71,12496.0,TEMELIN-1,8760,0.06720000016876584
Czech Republic,Temelin 1-2,PWR,CO2,2007,0.08934263,11646.45,12333.0,TEMELIN-1,8760,0.06719999989696432
Czech Republic,Temelin 1-2,PWR,CO2,2008,0.088259069,11505.2,12165.0,TEMELIN-1,8784,0.06738410997601084
Czech Republic,Temelin 1-2,PWR,CO2,2009,0.096603529,12592.96,13283.0,TEMELIN-1,8760,0.06720000016199527
Czech Republic,Temelin 1-2,PWR,CO2,2010,0.100899496,13152.970000000001,13729.0,TEMELIN-1,8760,0.06720000007298732
Czech Republic,Temelin 1-2,PWR,CO2,2011,0.101469008,13227.21,13794.0,TEMELIN-1,8760,0.06719999985484468
Czech Republic,Temelin 1-2,PWR,CO2,2012,0.111307134,14509.68,15171.0,TEMELIN-1,8784,0.06738410943976711
Czech Republic,Temelin 1-2,PWR,CO2,2013,0.109433743,14265.47,14700.0,TEMELIN-1,8760,0.0672000003280649
Czech Republic,Temelin 1-2,PWR,CO2,2014,0.10880754,14183.84,14072.0,TEMELIN-1,8760,0.06720000016920664
Czech Republic,Temelin 1-2,PWR,CO2,2015,0.103620789,13507.71,13213.0,TEMELIN-1,8760,0.06719999997334856
Czech Republic,Temelin 1-2,PWR,CO2,2016,0.044392964,11517.06,11485.0,TEMELIN-1,8784,0.03385827596417836
Finland,Loviisa 1-2,PWR,CO2,1977,0.019220274,2505.5,7192.0,LOVIISA-1,8760,0.06720000009578926
Finland,Loviisa 1-2,PWR,CO2,1978,0.022828055,2975.8,7531.0,LOVIISA-1,8760,0.06720000060487936
Finland,Loviisa 1-2,PWR,CO2,1979,0.022259617,2901.7,7404.0,LOVIISA-1,8760,0.06720000169555779
Finland,Loviisa 1-2,PWR,CO2,1980,0.01326663,1729.4,4750.0,LOVIISA-1,8784,0.06738410889325777
Finland,Loviisa 1-2,PWR,CO2,1981,0.044641205,5819.299999999999,14704.0,LOVIISA-1,8760,0.06719999927826373
Finland,Loviisa 1-2,PWR,CO2,1982,0.047889972,6242.8,14622.0,LOVIISA-1,8760,0.06719999915422567
Finland,Loviisa 1-2,PWR,CO2,1983,0.052255671,6811.9,16045.0,LOVIISA-1,8760,0.06719999970052408
Finland,Loviisa 1-2,PWR,CO2,1984,0.05333417,6952.49,15904.0,LOVIISA-1,8784,0.06738410976211401
Finland,Loviisa 1-2,PWR,CO2,1985,0.054847857,7149.8099999999995,16410.0,LOVIISA-1,8760,0.06719999934543716
Finland,Loviisa 1-2,PWR,CO2,1986,0.051376088,6697.24,15366.0,LOVIISA-1,8760,0.0672000004300279
Finland,Loviisa 1-2,PWR,CO2,1987,0.055021457,7172.4400000000005,16499.0,LOVIISA-1,8760,0.06719999934750238
Finland,Loviisa 1-2,PWR,CO2,1988,0.053368,6956.9,15983.0,LOVIISA-1,8784,0.0673841095890411
Finland,Loviisa 1-2,PWR,CO2,1989,0.054670652,7126.71,16311.0,LOVIISA-1,8760,0.06719999993264773
Finland,Loviisa 1-2,PWR,CO2,1990,0.050033162,6522.18,15189.0,LOVIISA-1,8760,0.06720000047836766
Finland,Loviisa 1-2,PWR,CO2,1991,0.052188088,6803.09,15868.0,LOVIISA-1,8760,0.06720000042333704
Finland,Loviisa 1-2,PWR,CO2,1992,0.050452624,6576.86,15117.0,LOVIISA-1,8784,0.06738410871084378
Finland,Loviisa 1-2,PWR,CO2,1993,0.053652219,6993.95,16102.0,LOVIISA-1,8760,0.06719999977695008
Finland,Loviisa 1-2,PWR,CO2,1994,0.050801052,6622.280000000001,15187.0,LOVIISA-1,8760,0.0671999999275174
Finland,Loviisa 1-2,PWR,CO2,1995,0.049474159,6449.3099999999995,14898.0,LOVIISA-1,8760,0.06720000013024649
Finland,Loviisa 1-2,PWR,CO2,1996,0.052354783,6824.82,15508.0,LOVIISA-1,8784,0.06738410886616791
Finland,Loviisa 1-2,PWR,CO2,1997,0.058297764,7599.53,16576.0,LOVIISA-1,8760,0.0671999995578674
Finland,Loviisa 1-2,PWR,CO2,1998,0.057843014,7540.25,16126.0,LOVIISA-1,8760,0.06720000035012101
Finland,Loviisa 1-2,PWR,CO2,1999,0.060277633,7857.620000000001,16585.0,LOVIISA-1,8760,0.06720000013744619
Finland,Loviisa 1-2,PWR,CO2,2000,0.057558028,7503.1,16034.0,LOVIISA-1,8784,0.0673841102946782
Finland,Loviisa 1-2,PWR,CO2,2001,0.059084219,7702.049999999999,16382.0,LOVIISA-1,8760,0.06719999979745653
Finland,Loviisa 1-2,PWR,CO2,2002,0.055913545,7288.73,15558.0,LOVIISA-1,8760,0.0671999997530434
Finland,Loviisa 1-2,PWR,CO2,2003,0.058881545,7675.63,16552.0,LOVIISA-1,8760,0.06719999976549157
Finland,Loviisa 1-2,PWR,CO2,2004,0.059254214,7724.21,15878.0,LOVIISA-1,8784,0.06738410993176001
Finland,Loviisa 1-2,PWR,CO2,2005,0.062432712,8138.549999999999,16727.0,LOVIISA-1,8760,0.06719999964612862
Finland,Loviisa 1-2,PWR,CO2,2006,0.059309293,7731.39,16001.0,LOVIISA-1,8760,0.06719999982926743
Finland,Loviisa 1-2,PWR,CO2,2007,0.062282664,8118.99,16688.0,LOVIISA-1,8760,0.06720000106417179
Finland,Loviisa 1-2,PWR,CO2,2008,0.058836745,7669.79,15811.0,LOVIISA-1,8784,0.06738410935371113
Finland,Loviisa 1-2,PWR,CO2,2009,0.062510883,8148.74,16663.0,LOVIISA-1,8760,0.06720000086884599
Finland,Loviisa 1-2,PWR,CO2,2010,0.059411628,7744.73,15920.0,LOVIISA-1,8760,0.06720000068175393
Finland,Loviisa 1-2,PWR,CO2,2011,0.061846783,8062.17,16585.0,LOVIISA-1,8760,0.06719999938974246
Finland,Loviisa 1-2,PWR,CO2,2012,0.058395189,7612.23,15614.0,LOVIISA-1,8784,0.06738410954161922
Finland,Loviisa 1-2,PWR,CO2,2013,0.06167886,8040.28,16469.0,LOVIISA-1,8760,0.06719999970150294
Finland,Loviisa 1-2,PWR,CO2,2014,0.06047486,7883.33,16174.0,LOVIISA-1,8760,0.06719999969556013
Finland,Loviisa 1-2,PWR,CO2,2015,0.06186903,8065.07,16524.0,LOVIISA-1,8760,0.06719999985121022
Finland,Loviisa 1-2,PWR,CO2,2016,0.060846455,7931.77,16177.0,LOVIISA-1,8784,0.06738410981659831
Finland,Olkiluoto 1-2,BWR,CO2,1978,0.006008219,103.2,374.0,OLKILUOTO-1,8760,0.509999984883721
Finland,Olkiluoto 1-2,BWR,CO2,1979,0.201729452,3465.0,5614.0,OLKILUOTO-1,8760,0.5099999998614718
Finland,Olkiluoto 1-2,BWR,CO2,1980,0.288382877,4953.400000000001,8115.0,OLKILUOTO-1,8784,0.5113972607841077
Finland,Olkiluoto 1-2,BWR,CO2,1981,0.464915068,7985.6,12981.0,OLKILUOTO-1,8760,0.5099999994590262
Finland,Olkiluoto 1-2,BWR,CO2,1982,0.558007534,9584.6,15172.0,OLKILUOTO-1,8760,0.5099999997746384
Finland,Olkiluoto 1-2,BWR,CO2,1983,0.576107877,9895.5,15872.0,OLKILUOTO-1,8760,0.5100000002546612
Finland,Olkiluoto 1-2,BWR,CO2,1984,0.631498185,10846.91,16278.0,OLKILUOTO-1,8784,0.5113972603294394
Finland,Olkiluoto 1-2,BWR,CO2,1985,0.630531164,10830.3,16092.0,OLKILUOTO-1,8760,0.5099999996897593
Finland,Olkiluoto 1-2,BWR,CO2,1986,0.658075822,11303.42,16445.0,OLKILUOTO-1,8760,0.5100000000636976
Finland,Olkiluoto 1-2,BWR,CO2,1987,0.66145661,11361.49,16521.0,OLKILUOTO-1,8760,0.5100000003168598
Finland,Olkiluoto 1-2,BWR,CO2,1988,0.66905887,11492.07,16468.0,OLKILUOTO-1,8784,0.5113972603786785
Finland,Olkiluoto 1-2,BWR,CO2,1989,0.633612123,10883.220000000001,15641.0,OLKILUOTO-1,8760,0.5099999997684509
Finland,Olkiluoto 1-2,BWR,CO2,1990,0.675760479,11607.18,16621.0,OLKILUOTO-1,8760,0.5099999996588318
Finland,Olkiluoto 1-2,BWR,CO2,1991,0.67558524,11604.17,16589.0,OLKILUOTO-1,8760,0.5100000002068222
Finland,Olkiluoto 1-2,BWR,CO2,1992,0.674962877,11593.48,16557.0,OLKILUOTO-1,8784,0.5113972604919317
Finland,Olkiluoto 1-2,BWR,CO2,1993,0.687363562,11806.48,16760.0,OLKILUOTO-1,8760,0.5100000002642617
Finland,Olkiluoto 1-2,BWR,CO2,1994,0.681785582,11710.67,16615.0,OLKILUOTO-1,8760,0.5099999998565411
Finland,Olkiluoto 1-2,BWR,CO2,1995,0.679926644,11678.74,16663.0,OLKILUOTO-1,8760,0.510000000123301
Finland,Olkiluoto 1-2,BWR,CO2,1996,0.690130719,11854.01,16625.0,OLKILUOTO-1,8784,0.5113972601420109
Finland,Olkiluoto 1-2,BWR,CO2,1997,0.724898048,12451.189999999999,16512.0,OLKILUOTO-1,8760,0.5100000000385506
Finland,Olkiluoto 1-2,BWR,CO2,1998,0.782202021,13435.470000000001,16591.0,OLKILUOTO-1,8760,0.5100000002947422
Finland,Olkiluoto 1-2,BWR,CO2,1999,0.826888733,14203.029999999999,17047.0,OLKILUOTO-1,8760,0.5100000000760402
Finland,Olkiluoto 1-2,BWR,CO2,2000,0.819260274,14072.0,16905.0,OLKILUOTO-1,8784,0.5113972602910745
Finland,Olkiluoto 1-2,BWR,CO2,2001,0.823906164,14151.8,16948.0,OLKILUOTO-1,8760,0.5099999997625745
Finland,Olkiluoto 1-2,BWR,CO2,2002,0.821242637,14106.05,16849.0,OLKILUOTO-1,8760,0.510000000008507
Finland,Olkiluoto 1-2,BWR,CO2,2003,0.82405113,14154.29,16893.0,OLKILUOTO-1,8760,0.50999999991522
Finland,Olkiluoto 1-2,BWR,CO2,2004,0.820291918,14089.720000000001,16814.0,OLKILUOTO-1,8784,0.5113972603935352
Finland,Olkiluoto 1-2,BWR,CO2,2005,0.827745719,14217.75,16836.0,OLKILUOTO-1,8760,0.509999999890278
Finland,Olkiluoto 1-2,BWR,CO2,2006,0.830656096,14267.74,16768.0,OLKILUOTO-1,8760,0.5100000000672846
Finland,Olkiluoto 1-2,BWR,CO2,2007,0.837556233,14386.259999999998,16812.0,OLKILUOTO-1,8760,0.5100000000750717
Finland,Olkiluoto 1-2,BWR,CO2,2008,0.837182466,14379.84,16867.0,OLKILUOTO-1,8784,0.5113972604245944
Finland,Olkiluoto 1-2,BWR,CO2,2009,0.841389966,14452.11,16913.0,OLKILUOTO-1,8760,0.5100000001494591
Finland,Olkiluoto 1-2,BWR,CO2,2010,0.823465445,14144.23,16506.0,OLKILUOTO-1,8760,0.5099999998727396
Finland,Olkiluoto 1-2,BWR,CO2,2011,0.826907363,14203.349999999999,16397.0,OLKILUOTO-1,8760,0.5099999999915513
Finland,Olkiluoto 1-2,BWR,CO2,2012,0.841299144,14450.55,16574.0,OLKILUOTO-1,8784,0.5113972603738959
Finland,Olkiluoto 1-2,BWR,CO2,2013,0.851934041,14633.220000000001,16726.0,OLKILUOTO-1,8760,0.5099999999425964
Finland,Olkiluoto 1-2,BWR,CO2,2014,0.859468185,14762.630000000001,16904.0,OLKILUOTO-1,8760,0.510000000040643
Finland,Olkiluoto 1-2,BWR,CO2,2015,0.830257877,14260.9,16362.0,OLKILUOTO-1,8760,0.510000000176707
Finland,Olkiluoto 1-2,BWR,CO2,2016,0.835347979,14348.330000000002,16527.0,OLKILUOTO-1,8784,0.5113972599972261
France,Belleville 1-2,PWR,CO2,1987,0.004771507,622.0,1184.0,BELLEVILLE-1,8760,0.0672000021221865
France,Belleville 1-2,PWR,CO2,1988,0.064208219,8370.0,8955.0,BELLEVILLE-1,8784,0.06738410940215053
France,Belleville 1-2,PWR,CO2,1989,0.104775386,13658.220000000001,11663.0,BELLEVILLE-1,8760,0.0671999998067098
France,Belleville 1-2,PWR,CO2,1990,0.109224855,14238.24,11758.0,BELLEVILLE-1,8760,0.06720000012642012
France,Belleville 1-2,PWR,CO2,1991,0.126855343,16536.5,13670.0,BELLEVILLE-1,8760,0.06720000028301032
France,Belleville 1-2,PWR,CO2,1992,0.128542093,16756.379999999997,14504.0,BELLEVILLE-1,8784,0.0673841095100493
France,Belleville 1-2,PWR,CO2,1993,0.128821479,16792.8,14308.0,BELLEVILLE-1,8760,0.06719999976418466
France,Belleville 1-2,PWR,CO2,1994,0.113665271,14817.08,12970.0,BELLEVILLE-1,8760,0.06719999986232104
France,Belleville 1-2,PWR,CO2,1995,0.120449172,15701.41,14234.0,BELLEVILLE-1,8760,0.06719999966372446
France,Belleville 1-2,PWR,CO2,1996,0.111960647,14594.87,12668.0,BELLEVILLE-1,8784,0.06738410984462348
France,Belleville 1-2,PWR,CO2,1997,0.140332702,18293.370000000003,15633.0,BELLEVILLE-1,8760,0.06720000030174866
France,Belleville 1-2,PWR,CO2,1998,0.082917743,10808.92,9104.0,BELLEVILLE-1,8760,0.06720000043297573
France,Belleville 1-2,PWR,CO2,1999,0.111077534,14479.75,11997.0,BELLEVILLE-1,8760,0.06719999985082616
France,Belleville 1-2,PWR,CO2,2000,0.108325864,14121.05,11730.0,BELLEVILLE-1,8784,0.06738411020256992
France,Belleville 1-2,PWR,CO2,2001,0.138254795,18022.5,14709.0,BELLEVILLE-1,8760,0.06720000023304204
France,Belleville 1-2,PWR,CO2,2002,0.145339562,18946.05,16134.0,BELLEVILLE-1,8760,0.06720000016467813
France,Belleville 1-2,PWR,CO2,2003,0.130613864,17026.449999999997,14006.0,BELLEVILLE-1,8760,0.06720000050744578
France,Belleville 1-2,PWR,CO2,2004,0.149539945,19493.6,16266.0,BELLEVILLE-1,8784,0.06738410949645013
France,Belleville 1-2,PWR,CO2,2005,0.149425797,19478.72,16413.0,BELLEVILLE-1,8760,0.06719999988294918
France,Belleville 1-2,PWR,CO2,2006,0.127882136,16670.35,14179.0,BELLEVILLE-1,8760,0.06719999948171455
France,Belleville 1-2,PWR,CO2,2007,0.138297753,18028.1,15108.0,BELLEVILLE-1,8760,0.06719999979365546
France,Belleville 1-2,PWR,CO2,2008,0.123045348,16039.84,13942.0,BELLEVILLE-1,8784,0.06738410961904857
France,Belleville 1-2,PWR,CO2,2009,0.128210466,16713.15,13516.0,BELLEVILLE-1,8760,0.06720000012923955
France,Belleville 1-2,PWR,CO2,2010,0.111386608,14520.04,11731.0,BELLEVILLE-1,8760,0.06719999986776895
France,Belleville 1-2,PWR,CO2,2011,0.140131638,18267.16,15252.0,BELLEVILLE-1,8760,0.06719999982920169
France,Belleville 1-2,PWR,CO2,2012,0.149151474,19442.96,16147.0,BELLEVILLE-1,8784,0.06738410960141872
France,Belleville 1-2,PWR,CO2,2013,0.123806948,16139.119999999999,13582.0,BELLEVILLE-1,8760,0.0672000000297414
France,Belleville 1-2,PWR,CO2,2014,0.137326038,17901.43,15144.0,BELLEVILLE-1,8760,0.06719999982571226
France,Belleville 1-2,PWR,CO2,2015,0.151246488,19716.06,16104.0,BELLEVILLE-1,8760,0.06720000014607382
France,Belleville 1-2,PWR,CO2,2016,0.127821534,16662.45,13885.0,BELLEVILLE-1,8784,0.06738410945905313
France,Blayais 1-4,PWR,CO2,1981,0.012551671,1636.2,2584.0,BLAYAIS-1,8760,0.06719999875320866
France,Blayais 1-4,PWR,CO2,1982,0.059854795,7802.5,10159.0,BLAYAIS-1,8760,0.067200000538289
France,Blayais 1-4,PWR,CO2,1983,0.105978083,13815.0,17259.0,BLAYAIS-1,8760,0.06720000051248642
France,Blayais 1-4,PWR,CO2,1984,0.192624657,25110.0,29087.0,BLAYAIS-1,8784,0.06738410940215053
France,Blayais 1-4,PWR,CO2,1985,0.196279233,25586.4,30038.0,BLAYAIS-1,8760,0.06720000004220991
France,Blayais 1-4,PWR,CO2,1986,0.194020822,25292.0,30067.0,BLAYAIS-1,8760,0.0672000000284675
France,Blayais 1-4,PWR,CO2,1987,0.168636712,21983.0,26921.0,BLAYAIS-1,8760,0.06719999986898967
France,Blayais 1-4,PWR,CO2,1988,0.149711781,19516.0,25157.0,BLAYAIS-1,8784,0.0673841096691945
France,Blayais 1-4,PWR,CO2,1989,0.181701436,23686.08,28681.0,BLAYAIS-1,8760,0.06720000014185547
France,Blayais 1-4,PWR,CO2,1990,0.170780669,22262.48,27235.0,BLAYAIS-1,8760,0.0672000001994387
France,Blayais 1-4,PWR,CO2,1991,0.18062355,23545.57,28133.0,BLAYAIS-1,8760,0.06719999974517499
France,Blayais 1-4,PWR,CO2,1992,0.171766115,22390.94,27234.0,BLAYAIS-1,8784,0.06738410956217113
France,Blayais 1-4,PWR,CO2,1993,0.173477107,22613.98,28038.0,BLAYAIS-1,8760,0.06720000005837097
France,Blayais 1-4,PWR,CO2,1994,0.155552657,20277.4,25064.0,BLAYAIS-1,8760,0.06719999976920119
France,Blayais 1-4,PWR,CO2,1995,0.190885052,24883.23,28704.0,BLAYAIS-1,8760,0.0671999999807099
France,Blayais 1-4,PWR,CO2,1996,0.207066674,26992.62,30890.0,BLAYAIS-1,8784,0.06738410959795678
France,Blayais 1-4,PWR,CO2,1997,0.200048647,26077.77,30666.0,BLAYAIS-1,8760,0.06720000014265023
France,Blayais 1-4,PWR,CO2,1998,0.203706597,26554.61,30845.0,BLAYAIS-1,8760,0.06719999991413919
France,Blayais 1-4,PWR,CO2,1999,0.177720833,23167.18,26856.0,BLAYAIS-1,8760,0.06720000004661766
France,Blayais 1-4,PWR,CO2,2000,0.14917725,19446.32,22896.0,BLAYAIS-1,8784,0.0673841098984281
France,Blayais 1-4,PWR,CO2,2001,0.187995376,24506.54,27963.0,BLAYAIS-1,8760,0.06720000023503929
France,Blayais 1-4,PWR,CO2,2002,0.200812241,26177.31,30913.0,BLAYAIS-1,8760,0.06719999996791114
France,Blayais 1-4,PWR,CO2,2003,0.160165907,20878.77,24122.0,BLAYAIS-1,8760,0.06720000006322212
France,Blayais 1-4,PWR,CO2,2004,0.193790224,25261.940000000002,29011.0,BLAYAIS-1,8784,0.06738410936040541
France,Blayais 1-4,PWR,CO2,2005,0.192740647,25125.120000000003,28586.0,BLAYAIS-1,8760,0.06720000014805899
France,Blayais 1-4,PWR,CO2,2006,0.203815222,26568.77,30206.0,BLAYAIS-1,8760,0.06720000002709949
France,Blayais 1-4,PWR,CO2,2007,0.206940022,26976.11,29996.0,BLAYAIS-1,8760,0.06720000002669028
France,Blayais 1-4,PWR,CO2,2008,0.212983189,27763.88,31064.0,BLAYAIS-1,8784,0.06738410957603908
France,Blayais 1-4,PWR,CO2,2009,0.163887605,21363.92,24441.0,BLAYAIS-1,8760,0.06719999980340687
France,Blayais 1-4,PWR,CO2,2010,0.202361293,26379.239999999998,29706.0,BLAYAIS-1,8760,0.06719999994996066
France,Blayais 1-4,PWR,CO2,2011,0.199795803,26044.809999999998,29374.0,BLAYAIS-1,8760,0.06720000008754143
France,Blayais 1-4,PWR,CO2,2012,0.184263321,24020.04,27124.0,BLAYAIS-1,8784,0.06738410975435512
France,Blayais 1-4,PWR,CO2,2013,0.182513589,23791.95,26709.0,BLAYAIS-1,8760,0.06719999998486884
France,Blayais 1-4,PWR,CO2,2014,0.1767752,23043.91,26487.0,BLAYAIS-1,8760,0.0672
France,Blayais 1-4,PWR,CO2,2015,0.1526168,19894.69,23060.0,BLAYAIS-1,8760,0.06720000000000001
France,Blayais 1-4,PWR,CO2,2016,0.186229381,24276.33,27783.0,BLAYAIS-1,8784,0.06738410965347727
France,Bugey 2-5,PWR,CO2,1978,0.007177205,935.6,2844.0,BUGEY-2,8760,0.06719999551090208
France,Bugey 2-5,PWR,CO2,1979,0.097202192,12671.0,17344.0,BUGEY-2,8760,0.06720000015152712
France,Bugey 2-5,PWR,CO2,1980,0.169319452,22072.0,26255.0,BUGEY-2,8784,0.06738410956723451
France,Bugey 2-5,PWR,CO2,1981,0.158030466,20600.4,24558.0,BUGEY-2,8760,0.06720000010485233
France,Bugey 2-5,PWR,CO2,1982,0.157699836,20557.3,24756.0,BUGEY-2,8760,0.0672000001634456
France,Bugey 2-5,PWR,CO2,1983,0.185313972,24157.0,28283.0,BUGEY-2,8760,0.0671999997814298
France,Bugey 2-5,PWR,CO2,1984,0.177980274,23201.0,27265.0,BUGEY-2,8784,0.06738410959941382
France,Bugey 2-5,PWR,CO2,1985,0.175088219,22824.0,27363.0,BUGEY-2,8760,0.06719999993165089
France,Bugey 2-5,PWR,CO2,1986,0.178600876,23281.9,28264.0,BUGEY-2,8760,0.06719999973198063
France,Bugey 2-5,PWR,CO2,1987,0.143838685,18750.4,23590.0,BUGEY-2,8760,0.0672000000319993
France,Bugey 2-5,PWR,CO2,1988,0.131147397,17096.0,21642.0,BUGEY-2,8784,0.06738410945531119
France,Bugey 2-5,PWR,CO2,1989,0.152768076,19914.41,25219.0,BUGEY-2,8760,0.06719999968665906
France,Bugey 2-5,PWR,CO2,1990,0.139539266,18189.940000000002,23155.0,BUGEY-2,8760,0.06720000011874695
France,Bugey 2-5,PWR,CO2,1991,0.128211157,16713.24,20744.0,BUGEY-2,8760,0.06720000043797611
France,Bugey 2-5,PWR,CO2,1992,0.092763617,12092.4,14675.0,BUGEY-2,8784,0.06738410999702292
France,Bugey 2-5,PWR,CO2,1993,0.158254389,20629.59,25670.0,BUGEY-2,8760,0.06719999998254933
France,Bugey 2-5,PWR,CO2,1994,0.154932362,20196.54,25613.0,BUGEY-2,8760,0.06720000015448191
France,Bugey 2-5,PWR,CO2,1995,0.162278028,21154.1,25518.0,BUGEY-2,8760,0.067200000249597
France,Bugey 2-5,PWR,CO2,1996,0.159073217,20736.329999999998,26052.0,BUGEY-2,8784,0.06738410982695588
France,Bugey 2-5,PWR,CO2,1997,0.17121931,22319.66,28098.0,BUGEY-2,8760,0.06720000016129278
France,Bugey 2-5,PWR,CO2,1998,0.181686553,23684.14,29115.0,BUGEY-2,8760,0.06719999984293287
France,Bugey 2-5,PWR,CO2,1999,0.179866936,23446.940000000002,28961.0,BUGEY-2,8760,0.06719999963150841
France,Bugey 2-5,PWR,CO2,2000,0.171220997,22319.88,27223.0,BUGEY-2,8784,0.06738410948661014
France,Bugey 2-5,PWR,CO2,2001,0.161257907,21021.12,25147.0,BUGEY-2,8760,0.067200000062794
France,Bugey 2-5,PWR,CO2,2002,0.168112843,21914.71,26921.0,BUGEY-2,8760,0.06719999966597778
France,Bugey 2-5,PWR,CO2,2003,0.188130466,24524.15,29915.0,BUGEY-2,8760,0.06720000008807644
France,Bugey 2-5,PWR,CO2,2004,0.194812186,25395.16,29837.0,BUGEY-2,8784,0.06738410948479946
France,Bugey 2-5,PWR,CO2,2005,0.193892789,25275.31,30869.0,BUGEY-2,8760,0.06719999998575685
France,Bugey 2-5,PWR,CO2,2006,0.196797578,25653.97,30888.0,BUGEY-2,8760,0.06719999997193417
France,Bugey 2-5,PWR,CO2,2007,0.180595934,23541.97,27406.0,BUGEY-2,8760,0.06719999990824897
France,Bugey 2-5,PWR,CO2,2008,0.192016712,25030.75,30582.0,BUGEY-2,8784,0.0673841094736674
France,Bugey 2-5,PWR,CO2,2009,0.160491014,20921.15,25604.0,BUGEY-2,8760,0.06720000012618808
France,Bugey 2-5,PWR,CO2,2010,0.119055003,15519.67,18863.0,BUGEY-2,8760,0.06720000014691034
France,Bugey 2-5,PWR,CO2,2011,0.161418159,21042.01,25053.0,BUGEY-2,8760,0.06720000003992015
France,Bugey 2-5,PWR,CO2,2012,0.20600651,26854.42,31297.0,BUGEY-2,8784,0.06738410972346452
France,Bugey 2-5,PWR,CO2,2013,0.162709917,21210.4,24833.0,BUGEY-2,8760,0.06719999966620148
France,Bugey 2-5,PWR,CO2,2014,0.186633885,24329.06,28710.0,BUGEY-2,8760,0.06720000002466187
France,Bugey 2-5,PWR,CO2,2015,0.193403671,25224.42,29331.0,BUGEY-2,8760,0.06716571314464317
France,Bugey 2-5,PWR,CO2,2016,0.113672559,14818.029999999999,17655.0,BUGEY-2,8784,0.06738410964588411
France,Cattenom 1-4,PWR,CO2,1986,0.001696876,221.2,665.0,CATTENOM-1,8760,0.06719997179023508
France,Cattenom 1-4,PWR,CO2,1987,0.06709874,8746.8,8093.0,CATTENOM-1,8760,0.06720000027438607
France,Cattenom 1-4,PWR,CO2,1988,0.102955617,13421.0,11525.0,CATTENOM-1,8784,0.06738410995663513
France,Cattenom 1-4,PWR,CO2,1989,0.065726433,8567.91,7000.0,CATTENOM-1,8760,0.06720000012605173
France,Cattenom 1-4,PWR,CO2,1990,0.133976778,17464.83,15341.0,CATTENOM-1,8760,0.06719999995877428
France,Cattenom 1-4,PWR,CO2,1991,0.160304066,20896.78,18286.0,CATTENOM-1,8760,0.0672000001033652
France,Cattenom 1-4,PWR,CO2,1992,0.249841238,32568.59,26899.0,CATTENOM-1,8784,0.06738410949298082
France,Cattenom 1-4,PWR,CO2,1993,0.240532121,31355.079999999998,25707.0,CATTENOM-1,8760,0.06720000012629533
France,Cattenom 1-4,PWR,CO2,1994,0.243514312,31743.83,27494.0,CATTENOM-1,8760,0.0671999999092737
France,Cattenom 1-4,PWR,CO2,1995,0.249504624,32524.71,28316.0,CATTENOM-1,8760,0.06719999982290388
France,Cattenom 1-4,PWR,CO2,1996,0.274013676,35719.64,30170.0,CATTENOM-1,8784,0.06738410941386867
France,Cattenom 1-4,PWR,CO2,1997,0.271338564,35370.92,30356.0,CATTENOM-1,8760,0.06719999990500672
France,Cattenom 1-4,PWR,CO2,1998,0.266041348,34680.39,29439.0,CATTENOM-1,8760,0.06720000001384069
France,Cattenom 1-4,PWR,CO2,1999,0.260894257,34009.43,29142.0,CATTENOM-1,8760,0.0671999998623911
France,Cattenom 1-4,PWR,CO2,2000,0.270722641,35290.630000000005,30417.0,CATTENOM-1,8784,0.06738410956517353
France,Cattenom 1-4,PWR,CO2,2001,0.227328088,29633.84,25241.0,CATTENOM-1,8760,0.0672000000971862
France,Cattenom 1-4,PWR,CO2,2002,0.280455824,36559.42,29839.0,CATTENOM-1,8760,0.06719999984244827
France,Cattenom 1-4,PWR,CO2,2003,0.28913475,37690.78,30488.0,CATTENOM-1,8760,0.06719999984080988
France,Cattenom 1-4,PWR,CO2,2004,0.273148285,35606.83,29600.0,CATTENOM-1,8784,0.06738410960593795
France,Cattenom 1-4,PWR,CO2,2005,0.293367047,38242.49,32228.0,CATTENOM-1,8760,0.067200000097274
France,Cattenom 1-4,PWR,CO2,2006,0.261467912,34084.21,29634.0,CATTENOM-1,8760,0.0671999999155034
France,Cattenom 1-4,PWR,CO2,2007,0.286025753,37285.5,31742.0,CATTENOM-1,8760,0.06719999990022932
France,Cattenom 1-4,PWR,CO2,2008,0.268356066,34982.130000000005,29357.0,CATTENOM-1,8784,0.06738410965095606
France,Cattenom 1-4,PWR,CO2,2009,0.25877715,33733.45,28116.0,CATTENOM-1,8760,0.06719999982213501
France,Cattenom 1-4,PWR,CO2,2010,0.268411145,34989.31,29592.0,CATTENOM-1,8760,0.06719999994855573
France,Cattenom 1-4,PWR,CO2,2011,0.263078257,34294.13,28625.0,CATTENOM-1,8760,0.0671999998635335
France,Cattenom 1-4,PWR,CO2,2012,0.233182159,30396.96,25171.0,CATTENOM-1,8784,0.06738410961675115
France,Cattenom 1-4,PWR,CO2,2013,0.231949008,30236.21,24735.0,CATTENOM-1,8760,0.06719999993649999
France,Cattenom 1-4,PWR,CO2,2014,0.276967792,36104.73,30245.0,CATTENOM-1,8760,0.06720000005317862
France,Cattenom 1-4,PWR,CO2,2015,0.278816943,36345.78,29817.0,CATTENOM-1,8760,0.06720000012876323
France,Cattenom 1-4,PWR,CO2,2016,0.244071781,31816.5,27020.0,CATTENOM-1,8784,0.06738410963820658
France,Chinon B1-B4,PWR,CO2,1982,0.000284603,37.1,470.0,CHINON B-1,8760,0.06720006145552561
France,Chinon B1-B4,PWR,CO2,1983,0.02942685,3836.0,6239.0,CHINON B-1,8760,0.0672000015641293
France,Chinon B1-B4,PWR,CO2,1984,0.076420822,9962.0,12796.0,CHINON B-1,8784,0.06738410966151376
France,Chinon B1-B4,PWR,CO2,1985,0.084503233,11015.599999999999,13603.0,CHINON B-1,8760,0.06720000009804278
France,Chinon B1-B4,PWR,CO2,1986,0.10075474,13134.1,16438.0,CHINON B-1,8760,0.06720000018273045
France,Chinon B1-B4,PWR,CO2,1987,0.112510136,14666.5,19156.0,CHINON B-1,8760,0.06719999941090239
France,Chinon B1-B4,PWR,CO2,1988,0.142063562,18519.0,24177.0,CHINON B-1,8784,0.06738410975797829
France,Chinon B1-B4,PWR,CO2,1989,0.157217162,20494.379999999997,25386.0,CHINON B-1,8760,0.06720000015223687
France,Chinon B1-B4,PWR,CO2,1990,0.173719671,22645.6,27034.0,CHINON B-1,8760,0.06719999990991628
France,Chinon B1-B4,PWR,CO2,1991,0.167599638,21847.81,25362.0,CHINON B-1,8760,0.06719999985719392
France,Chinon B1-B4,PWR,CO2,1992,0.189838926,24746.86,29466.0,CHINON B-1,8784,0.06738410957931631
France,Chinon B1-B4,PWR,CO2,1993,0.174604395,22760.93,27967.0,CHINON B-1,8760,0.06720000018452672
France,Chinon B1-B4,PWR,CO2,1994,0.172909896,22540.04,27275.0,CHINON B-1,8760,0.06720000004259087
France,Chinon B1-B4,PWR,CO2,1995,0.193790071,25261.92,30296.0,CHINON B-1,8760,0.06719999991924605
France,Chinon B1-B4,PWR,CO2,1996,0.187446883,24435.04,29207.0,CHINON B-1,8784,0.06738410987958277
France,Chinon B1-B4,PWR,CO2,1997,0.190962992,24893.39,29934.0,CHINON B-1,8760,0.06720000007712891
France,Chinon B1-B4,PWR,CO2,1998,0.192574257,25103.43,29693.0,CHINON B-1,8760,0.06719999981357129
France,Chinon B1-B4,PWR,CO2,1999,0.178840986,23313.2,28273.0,CHINON B-1,8760,0.06719999988675943
France,Chinon B1-B4,PWR,CO2,2000,0.182457205,23784.6,28507.0,CHINON B-1,8784,0.06738410941197245
France,Chinon B1-B4,PWR,CO2,2001,0.187931321,24498.19,29849.0,CHINON B-1,8760,0.06720000016164461
France,Chinon B1-B4,PWR,CO2,2002,0.195054136,25426.7,30630.0,CHINON B-1,8760,0.0671999996601997
France,Chinon B1-B4,PWR,CO2,2003,0.177722828,23167.44,28285.0,CHINON B-1,8760,0.06720000022790606
France,Chinon B1-B4,PWR,CO2,2004,0.181681797,23683.52,29115.0,CHINON B-1,8784,0.06738410949250787
France,Chinon B1-B4,PWR,CO2,2005,0.184701962,24077.22,29810.0,CHINON B-1,8760,0.06720000012958306
France,Chinon B1-B4,PWR,CO2,2006,0.183537162,23925.38,28864.0,CHINON B-1,8760,0.06720000013040545
France,Chinon B1-B4,PWR,CO2,2007,0.176835572,23051.78,27583.0,CHINON B-1,8760,0.06719999977095044
France,Chinon B1-B4,PWR,CO2,2008,0.186357336,24293.010000000002,28355.0,CHINON B-1,8784,0.06738410923240883
France,Chinon B1-B4,PWR,CO2,2009,0.146839364,19141.56,22834.0,CHINON B-1,8760,0.06719999982446571
France,Chinon B1-B4,PWR,CO2,2010,0.158735605,20692.32,23841.0,CHINON B-1,8760,0.06719999979702615
France,Chinon B1-B4,PWR,CO2,2011,0.195664997,25506.33,29108.0,CHINON B-1,8760,0.06719999991061042
France,Chinon B1-B4,PWR,CO2,2012,0.204499803,26658.01,30351.0,CHINON B-1,8784,0.06738410967480318
France,Chinon B1-B4,PWR,CO2,2013,0.162694038,21208.329999999998,24513.0,CHINON B-1,8760,0.067199999852888
France,Chinon B1-B4,PWR,CO2,2014,0.192169293,25050.64,28841.0,CHINON B-1,8760,0.06719999994730673
France,Chinon B1-B4,PWR,CO2,2015,0.184287945,24023.25,27506.0,CHINON B-1,8760,0.0671999999250726
France,Chinon B1-B4,PWR,CO2,2016,0.178075167,23213.370000000003,27165.0,CHINON B-1,8784,0.06738410954238871
France,Chooz B1-B2,PWR,CO2,1997,0.067086543,8745.21,8060.0,CHOOZ B-1,8760,0.06720000053515011
France,Chooz B1-B2,PWR,CO2,1998,0.012479408,1626.78,1206.0,CHOOZ B-1,8760,0.06719999881975437
France,Chooz B1-B2,PWR,CO2,1999,0.093553293,12195.34,8884.0,CHOOZ B-1,8760,0.06719999989176192
France,Chooz B1-B2,PWR,CO2,2000,0.119997336,15642.51,11224.0,CHOOZ B-1,8784,0.06738410903518681
France,Chooz B1-B2,PWR,CO2,2001,0.150999628,19683.88,14021.0,CHOOZ B-1,8760,0.06720000026823979
France,Chooz B1-B2,PWR,CO2,2002,0.148284241,19329.91,14047.0,CHOOZ B-1,8760,0.06719999995654403
France,Chooz B1-B2,PWR,CO2,2003,0.157219157,20494.64,14676.0,CHOOZ B-1,8760,0.06720000035716656
France,Chooz B1-B2,PWR,CO2,2004,0.159063243,20735.03,14718.0,CHOOZ B-1,8784,0.06738410923504813
France,Chooz B1-B2,PWR,CO2,2005,0.148585797,19369.22,13628.0,CHOOZ B-1,8760,0.06719999988228746
France,Chooz B1-B2,PWR,CO2,2006,0.14810274,19306.25,13730.0,CHOOZ B-1,8760,0.06720000012431208
France,Chooz B1-B2,PWR,CO2,2007,0.164308372,21418.77,14879.0,CHOOZ B-1,8760,0.06719999975348724
France,Chooz B1-B2,PWR,CO2,2008,0.17962675,23415.629999999997,16211.0,CHOOZ B-1,8784,0.06738410933209998
France,Chooz B1-B2,PWR,CO2,2009,0.126356176,16471.43,11900.0,CHOOZ B-1,8760,0.0672000003496964
France,Chooz B1-B2,PWR,CO2,2010,0.148843321,19402.79,13491.0,CHOOZ B-1,8760,0.06720000020409436
France,Chooz B1-B2,PWR,CO2,2011,0.16718286,21793.48,15120.0,CHOOZ B-1,8760,0.06719999988987532
France,Chooz B1-B2,PWR,CO2,2012,0.140281304,18286.67,12588.0,CHOOZ B-1,8784,0.06738410953640002
France,Chooz B1-B2,PWR,CO2,2013,0.158882664,20711.489999999998,14256.0,CHOOZ B-1,8760,0.06720000041715976
France,Chooz B1-B2,PWR,CO2,2014,0.163827847,21356.129999999997,14965.0,CHOOZ B-1,8760,0.06720000017418887
France,Chooz B1-B2,PWR,CO2,2015,0.159855683,20838.33,14508.0,CHOOZ B-1,8760,0.06720000033975851
France,Chooz B1-B2,PWR,CO2,2016,0.171942247,22413.9,16462.0,CHOOZ B-1,8784,0.06738410975546423
France,Chooz-A,GCR,CO2,1972,1.34341895,2139.7,7471.0,CHOOZ-A (ARDENNES),8784,5.515068494087957
France,Chooz-A,GCR,CO2,1973,1.273413242,2028.2,7534.0,CHOOZ-A (ARDENNES),8760,5.499999999960556
France,Chooz-A,GCR,CO2,1974,0.92614726,1475.1,5409.0,CHOOZ-A (ARDENNES),8760,5.499999998372992
France,Chooz-A,GCR,CO2,1975,1.265565068,2015.7,6832.0,CHOOZ-A (ARDENNES),8760,5.499999997856823
France,Chooz-A,GCR,CO2,1976,0.856392694,1364.0,5536.0,CHOOZ-A (ARDENNES),8784,5.515068492739003
France,Chooz-A,GCR,CO2,1977,1.545776256,2462.0,8145.0,CHOOZ-A (ARDENNES),8760,5.500000001039805
France,Chooz-A,GCR,CO2,1978,1.263242009,2012.0,6734.0,CHOOZ-A (ARDENNES),8760,5.49999999942346
France,Chooz-A,GCR,CO2,1979,1.058561644,1686.0,5841.0,CHOOZ-A (ARDENNES),8760,5.500000000854093
France,Chooz-A,GCR,CO2,1980,1.140810502,1817.0,5921.0,CHOOZ-A (ARDENNES),8784,5.515068491782058
France,Chooz-A,GCR,CO2,1981,1.145770548,1824.9,6016.0,CHOOZ-A (ARDENNES),8760,5.500000000263028
France,Chooz-A,GCR,CO2,1982,1.269771689,2022.4,6931.0,CHOOZ-A (ARDENNES),8760,5.499999997844145
France,Chooz-A,GCR,CO2,1983,1.194178082,1902.0,6707.0,CHOOZ-A (ARDENNES),8760,5.49999999911672
France,Chooz-A,GCR,CO2,1984,1.204223744,1918.0,6607.0,CHOOZ-A (ARDENNES),8784,5.515068491812305
France,Chooz-A,GCR,CO2,1985,1.060175228,1688.57,5736.0,CHOOZ-A (ARDENNES),8760,5.499999998389169
France,Chooz-A,GCR,CO2,1986,0.859016495,1368.18,4634.0,CHOOZ-A (ARDENNES),8760,5.499995977283691
France,Chooz-A,GCR,CO2,1987,0.51855645,825.92,2697.0,CHOOZ-A (ARDENNES),8760,5.499993343180938
France,Chooz-A,GCR,CO2,1988,1.088851199,1734.24,5869.0,CHOOZ-A (ARDENNES),8784,5.5150780353445885
France,Chooz-A,GCR,CO2,1989,1.022070776,1627.88,5818.0,CHOOZ-A (ARDENNES),8760,5.499999998623977
France,Chooz-A,GCR,CO2,1990,0.93040411,1481.88,6496.0,CHOOZ-A (ARDENNES),8760,5.5000000024293465
France,Chooz-A,GCR,CO2,1991,0.836725171,1332.68,6799.0,CHOOZ-A (ARDENNES),8760,5.499979363358046
France,Civaux,PWR,CO2,1999,0.022375759,2916.84,2608.0,CIVAUX-1,8760,0.06720000028798288
France,Civaux,PWR,CO2,2000,0.107249896,13980.79,11771.0,CIVAUX-1,8784,0.06738410965789486
France,Civaux,PWR,CO2,2001,0.085014443,11082.24,8222.0,CIVAUX-1,8760,0.0671999993394837
France,Civaux,PWR,CO2,2002,0.130682443,17035.39,13411.0,CIVAUX-1,8760,0.06719999957030628
France,Civaux,PWR,CO2,2003,0.153553764,20016.83,13980.0,CIVAUX-1,8760,0.06719999983214124
France,Civaux,PWR,CO2,2004,0.176247496,22975.12,15858.0,CIVAUX-1,8784,0.06738410963093991
France,Civaux,PWR,CO2,2005,0.148006696,19293.73,13603.0,CIVAUX-1,8760,0.0672000000497571
France,Civaux,PWR,CO2,2006,0.164611693,21458.309999999998,15000.0,CIVAUX-1,8760,0.06719999993848537
France,Civaux,PWR,CO2,2007,0.145794696,19005.38,13383.0,CIVAUX-1,8760,0.06720000005051201
France,Civaux,PWR,CO2,2008,0.162587792,21194.48,15052.0,CIVAUX-1,8784,0.06738410967987891
France,Civaux,PWR,CO2,2009,0.151796208,19787.72,14071.0,CIVAUX-1,8760,0.06719999990297011
France,Civaux,PWR,CO2,2010,0.166344088,21684.14,15325.0,CIVAUX-1,8760,0.06720000013281596
France,Civaux,PWR,CO2,2011,0.148089162,19304.48,13723.0,CIVAUX-1,8760,0.06720000016162052
France,Civaux,PWR,CO2,2012,0.123851441,16144.920000000002,11715.0,CIVAUX-1,8784,0.0673841095368698
France,Civaux,PWR,CO2,2013,0.139760888,18218.83,12769.0,CIVAUX-1,8760,0.0672000001580782
France,Civaux,PWR,CO2,2014,0.150108076,19567.66,13993.0,CIVAUX-1,8760,0.06719999968110649
France,Civaux,PWR,CO2,2015,0.157768186,20566.21,14691.0,CIVAUX-1,8760,0.06719999987163411
France,Civaux,PWR,CO2,2016,0.138410597,18042.81,12954.0,CIVAUX-1,8784,0.06738410946232876
France,Cruas 1-4,PWR,CO2,1983,0.002979507,388.4,1150.0,CRUAS-1,8760,0.0672000033985582
France,Cruas 1-4,PWR,CO2,1984,0.07342137,9571.0,13354.0,CRUAS-1,8784,0.06738410971476334
France,Cruas 1-4,PWR,CO2,1985,0.171140603,22309.4,28936.0,CRUAS-1,8760,0.06720000010219908
France,Cruas 1-4,PWR,CO2,1986,0.170782203,22262.68,27907.0,CRUAS-1,8760,0.06720000010241355
France,Cruas 1-4,PWR,CO2,1987,0.160744548,20954.199999999997,26522.0,CRUAS-1,8760,0.0672000000229071
France,Cruas 1-4,PWR,CO2,1988,0.136110685,17743.0,23688.0,CRUAS-1,8784,0.06738410962294991
France,Cruas 1-4,PWR,CO2,1989,0.171663167,22377.52,27532.0,CRUAS-1,8760,0.06719999995173728
France,Cruas 1-4,PWR,CO2,1990,0.178968329,23329.8,29029.0,CRUAS-1,8760,0.06720000008744183
France,Cruas 1-4,PWR,CO2,1991,0.157922148,20586.28,25233.0,CRUAS-1,8760,0.06720000002331651
France,Cruas 1-4,PWR,CO2,1992,0.167343957,21814.48,26278.0,CRUAS-1,8784,0.06738410992551735
France,Cruas 1-4,PWR,CO2,1993,0.173316088,22592.99,27701.0,CRUAS-1,8760,0.06720000012747317
France,Cruas 1-4,PWR,CO2,1994,0.171171288,22313.4,27547.0,CRUAS-1,8760,0.06720000012907042
France,Cruas 1-4,PWR,CO2,1995,0.171146279,22310.14,27105.0,CRUAS-1,8760,0.06719999982250224
France,Cruas 1-4,PWR,CO2,1996,0.188322017,24549.12,30252.0,CRUAS-1,8784,0.0673841097900047
France,Cruas 1-4,PWR,CO2,1997,0.167015857,21771.71,27675.0,CRUAS-1,8760,0.06719999978504215
France,Cruas 1-4,PWR,CO2,1998,0.194093315,25301.449999999997,30903.0,CRUAS-1,8760,0.06719999997628595
France,Cruas 1-4,PWR,CO2,1999,0.187415814,24430.99,29967.0,CRUAS-1,8760,0.06720000010805946
France,Cruas 1-4,PWR,CO2,2000,0.190753721,24866.11,30326.0,CRUAS-1,8784,0.0673841097487303
France,Cruas 1-4,PWR,CO2,2001,0.181166367,23616.33,28743.0,CRUAS-1,8760,0.06719999995426892
France,Cruas 1-4,PWR,CO2,2002,0.19230845,25068.78,29906.0,CRUAS-1,8760,0.06720000023934153
France,Cruas 1-4,PWR,CO2,2003,0.183530488,23924.51,28847.0,CRUAS-1,8760,0.06720000012037865
France,Cruas 1-4,PWR,CO2,2004,0.183631441,23937.67,28085.0,CRUAS-1,8784,0.06738410955385384
France,Cruas 1-4,PWR,CO2,2005,0.192135157,25046.190000000002,29218.0,CRUAS-1,8760,0.06720000029226002
France,Cruas 1-4,PWR,CO2,2006,0.178284515,23240.66,27231.0,CRUAS-1,8760,0.06719999997418317
France,Cruas 1-4,PWR,CO2,2007,0.149354531,19469.43,23403.0,CRUAS-1,8760,0.0671999997719502
France,Cruas 1-4,PWR,CO2,2008,0.176179222,22966.22,26679.0,CRUAS-1,8784,0.06738410962047738
France,Cruas 1-4,PWR,CO2,2009,0.181168438,23616.6,27641.0,CRUAS-1,8760,0.06719999986788953
France,Cruas 1-4,PWR,CO2,2010,0.17812457,23219.809999999998,26232.0,CRUAS-1,8760,0.06720000005168002
France,Cruas 1-4,PWR,CO2,2011,0.195440843,25477.11,28668.0,CRUAS-1,8760,0.06719999971268327
France,Cruas 1-4,PWR,CO2,2012,0.16931155,22070.97,25057.0,CRUAS-1,8784,0.06738410931644599
France,Cruas 1-4,PWR,CO2,2013,0.198204636,25837.39,29293.0,CRUAS-1,8760,0.0672000001300441
France,Cruas 1-4,PWR,CO2,2014,0.174009721,22683.41,26410.0,CRUAS-1,8760,0.06720000017457693
France,Cruas 1-4,PWR,CO2,2015,0.168771419,22000.559999999998,25227.0,CRUAS-1,8760,0.06719999992909272
France,Cruas 1-4,PWR,CO2,2016,0.172784241,22523.66,26739.0,CRUAS-1,8784,0.06738410955164481
France,Dampierre 1-4,PWR,CO2,1980,0.02158685,2814.0,4260.0,DAMPIERRE-1,8784,0.0673841117270789
France,Dampierre 1-4,PWR,CO2,1981,0.129132931,16833.4,21420.0,DAMPIERRE-1,8760,0.06719999973623866
France,Dampierre 1-4,PWR,CO2,1982,0.143205808,18667.9,22887.0,DAMPIERRE-1,8760,0.06719999989714964
France,Dampierre 1-4,PWR,CO2,1983,0.162070136,21127.0,25831.0,DAMPIERRE-1,8760,0.06719999959104464
France,Dampierre 1-4,PWR,CO2,1984,0.181455343,23654.0,28547.0,DAMPIERRE-1,8784,0.06738410978743553
France,Dampierre 1-4,PWR,CO2,1985,0.184260712,24019.699999999997,29533.0,DAMPIERRE-1,8760,0.06719999988009842
France,Dampierre 1-4,PWR,CO2,1986,0.185628493,24198.0,29848.0,DAMPIERRE-1,8760,0.06719999994545003
France,Dampierre 1-4,PWR,CO2,1987,0.1542184,20103.47,25024.0,DAMPIERRE-1,8760,0.0672
France,Dampierre 1-4,PWR,CO2,1988,0.142324383,18553.0,24472.0,DAMPIERRE-1,8784,0.06738410932312833
France,Dampierre 1-4,PWR,CO2,1989,0.178418608,23258.14,28997.0,DAMPIERRE-1,8760,0.06719999991744827
France,Dampierre 1-4,PWR,CO2,1990,0.13966285,18206.05,23542.0,DAMPIERRE-1,8760,0.06720000032956079
France,Dampierre 1-4,PWR,CO2,1991,0.167077304,21779.72,26568.0,DAMPIERRE-1,8760,0.0671999999559223
France,Dampierre 1-4,PWR,CO2,1992,0.165402521,21561.4,26368.0,DAMPIERRE-1,8784,0.06738410977320582
France,Dampierre 1-4,PWR,CO2,1993,0.181469917,23655.9,28737.0,DAMPIERRE-1,8760,0.06719999970070892
France,Dampierre 1-4,PWR,CO2,1994,0.157611079,20545.73,25629.0,DAMPIERRE-1,8760,0.06719999980725921
France,Dampierre 1-4,PWR,CO2,1995,0.1689016,22017.53,27705.0,DAMPIERRE-1,8760,0.06720000000000001
France,Dampierre 1-4,PWR,CO2,1996,0.179123902,23350.08,29351.0,DAMPIERRE-1,8784,0.06738410982609053
France,Dampierre 1-4,PWR,CO2,1997,0.167065567,21778.190000000002,27058.0,DAMPIERRE-1,8760,0.0671999999504091
France,Dampierre 1-4,PWR,CO2,1998,0.17115234,22310.93,27131.0,DAMPIERRE-1,8760,0.06720000010757059
France,Dampierre 1-4,PWR,CO2,1999,0.162839485,21227.29,26459.0,DAMPIERRE-1,8760,0.0672000000282655
France,Dampierre 1-4,PWR,CO2,2000,0.168206357,21926.9,26927.0,DAMPIERRE-1,8784,0.06738410992379223
France,Dampierre 1-4,PWR,CO2,2001,0.159836197,20835.79,25227.0,DAMPIERRE-1,8760,0.06719999989057292
France,Dampierre 1-4,PWR,CO2,2002,0.173534181,22621.42,27235.0,DAMPIERRE-1,8760,0.0672000000689612
France,Dampierre 1-4,PWR,CO2,2003,0.175639934,22895.92,27506.0,DAMPIERRE-1,8760,0.06719999990566006
France,Dampierre 1-4,PWR,CO2,2004,0.180075057,23474.07,28597.0,DAMPIERRE-1,8784,0.06738410938912597
France,Dampierre 1-4,PWR,CO2,2005,0.183368778,23903.43,29856.0,DAMPIERRE-1,8760,0.06719999996987881
France,Dampierre 1-4,PWR,CO2,2006,0.18893794,24629.41,30867.0,DAMPIERRE-1,8760,0.06720000009744448
France,Dampierre 1-4,PWR,CO2,2007,0.184188679,24010.31,29842.0,DAMPIERRE-1,8760,0.06719999983507084
France,Dampierre 1-4,PWR,CO2,2008,0.188213469,24534.97,29930.0,DAMPIERRE-1,8784,0.06738410977050308
France,Dampierre 1-4,PWR,CO2,2009,0.176842017,23052.62,27587.0,DAMPIERRE-1,8760,0.06720000021342476
France,Dampierre 1-4,PWR,CO2,2010,0.190799824,24872.12,29006.0,DAMPIERRE-1,8760,0.06719999976841541
France,Dampierre 1-4,PWR,CO2,2011,0.188718926,24600.86,28789.0,DAMPIERRE-1,8760,0.06719999999024424
France,Dampierre 1-4,PWR,CO2,2012,0.177288866,23110.87,26953.0,DAMPIERRE-1,8784,0.06738410968275968
France,Dampierre 1-4,PWR,CO2,2013,0.179532931,23403.4,26928.0,DAMPIERRE-1,8760,0.06719999981028398
France,Dampierre 1-4,PWR,CO2,2014,0.178471079,23264.98,27171.0,DAMPIERRE-1,8760,0.0671999998297871
France,Dampierre 1-4,PWR,CO2,2015,0.196126805,25566.53,29952.0,DAMPIERRE-1,8760,0.06719999983572272
France,Dampierre 1-4,PWR,CO2,2016,0.185933348,24237.74,27941.0,DAMPIERRE-1,8784,0.06738410960889918
France,Fessenheim 1-2,PWR,CO2,1977,0.008780493,1144.6,2674.0,FESSENHEIM-1,8760,0.0671999988467587
France,Fessenheim 1-2,PWR,CO2,1978,0.090824329,11839.599999999999,14334.0,FESSENHEIM-1,8760,0.06720000017230313
France,Fessenheim 1-2,PWR,CO2,1979,0.069524383,9063.0,11022.0,FESSENHEIM-1,8760,0.0671999994571334
France,Fessenheim 1-2,PWR,CO2,1980,0.085235069,11111.0,12953.0,FESSENHEIM-1,8784,0.0673841099897399
France,Fessenheim 1-2,PWR,CO2,1981,0.085306411,11120.3,12961.0,FESSENHEIM-1,8760,0.06720000003237322
France,Fessenheim 1-2,PWR,CO2,1982,0.060572822,7896.099999999999,10385.0,FESSENHEIM-1,8760,0.06720000009118426
France,Fessenheim 1-2,PWR,CO2,1983,0.076750685,10005.0,11907.0,FESSENHEIM-1,8760,0.06720000005997002
France,Fessenheim 1-2,PWR,CO2,1984,0.099434521,12962.0,15591.0,FESSENHEIM-1,8784,0.06738410989538651
France,Fessenheim 1-2,PWR,CO2,1985,0.091761753,11961.8,14353.0,FESSENHEIM-1,8760,0.06719999968901001
France,Fessenheim 1-2,PWR,CO2,1986,0.085793534,11183.8,13275.0,FESSENHEIM-1,8760,0.0671999998068635
France,Fessenheim 1-2,PWR,CO2,1987,0.085762083,11179.7,13482.0,FESSENHEIM-1,8760,0.0672000006332907
France,Fessenheim 1-2,PWR,CO2,1988,0.078469041,10229.0,13227.0,FESSENHEIM-1,8784,0.06738410950669664
France,Fessenheim 1-2,PWR,CO2,1989,0.068248657,8896.7,11052.0,FESSENHEIM-1,8760,0.06719999947396225
France,Fessenheim 1-2,PWR,CO2,1990,0.06588891,8589.09,11093.0,FESSENHEIM-1,8760,0.06720000041913636
France,Fessenheim 1-2,PWR,CO2,1991,0.071817852,9361.970000000001,11437.0,FESSENHEIM-1,8760,0.06719999994872873
France,Fessenheim 1-2,PWR,CO2,1992,0.054228636,7069.09,8778.0,FESSENHEIM-1,8784,0.06738411006565201
France,Fessenheim 1-2,PWR,CO2,1993,0.086867276,11323.77,14328.0,FESSENHEIM-1,8760,0.06719999944894677
France,Fessenheim 1-2,PWR,CO2,1994,0.088073655,11481.03,14315.0,FESSENHEIM-1,8760,0.06720000015678035
France,Fessenheim 1-2,PWR,CO2,1995,0.084033293,10954.34,13295.0,FESSENHEIM-1,8760,0.0671999998794998
France,Fessenheim 1-2,PWR,CO2,1996,0.094793962,12357.07,15059.0,FESSENHEIM-1,8784,0.06738410984221987
France,Fessenheim 1-2,PWR,CO2,1997,0.089257479,11635.35,14191.0,FESSENHEIM-1,8760,0.06719999965965785
France,Fessenheim 1-2,PWR,CO2,1998,0.078354357,10214.05,12524.0,FESSENHEIM-1,8760,0.0672000007166599
France,Fessenheim 1-2,PWR,CO2,1999,0.089150312,11621.380000000001,13991.0,FESSENHEIM-1,8760,0.06719999975218088
France,Fessenheim 1-2,PWR,CO2,2000,0.072976592,9513.02,11659.0,FESSENHEIM-1,8784,0.0673841097914227
France,Fessenheim 1-2,PWR,CO2,2001,0.093646422,12207.48,14971.0,FESSENHEIM-1,8760,0.06720000005898023
France,Fessenheim 1-2,PWR,CO2,2002,0.073278148,9552.33,11561.0,FESSENHEIM-1,8760,0.06720000005024952
France,Fessenheim 1-2,PWR,CO2,2003,0.088792143,11574.689999999999,13952.0,FESSENHEIM-1,8760,0.0672000004043305
France,Fessenheim 1-2,PWR,CO2,2004,0.081623683,10640.23,12935.0,FESSENHEIM-1,8784,0.06738411025626326
France,Fessenheim 1-2,PWR,CO2,2005,0.090748076,11829.66,14486.0,FESSENHEIM-1,8760,0.06719999947251232
France,Fessenheim 1-2,PWR,CO2,2006,0.089591102,11678.84,14182.0,FESSENHEIM-1,8760,0.06720000047264968
France,Fessenheim 1-2,PWR,CO2,2007,0.072751671,9483.7,11496.0,FESSENHEIM-1,8760,0.06719999978489408
France,Fessenheim 1-2,PWR,CO2,2008,0.078850762,10278.759999999998,12504.0,FESSENHEIM-1,8784,0.06738410989341127
France,Fessenheim 1-2,PWR,CO2,2009,0.067118302,8749.35,10571.0,FESSENHEIM-1,8760,0.06720000063090402
France,Fessenheim 1-2,PWR,CO2,2010,0.090171967,11754.56,14309.0,FESSENHEIM-1,8760,0.06719999990812077
France,Fessenheim 1-2,PWR,CO2,2011,0.054962312,7164.7300000000005,8718.0,FESSENHEIM-1,8760,0.0671999995980309
France,Fessenheim 1-2,PWR,CO2,2012,0.095577271,12459.18,14742.0,FESSENHEIM-1,8784,0.06738410942485783
France,Fessenheim 1-2,PWR,CO2,2013,0.07110251,9268.720000000001,11260.0,FESSENHEIM-1,8760,0.06720000038840314
France,Fessenheim 1-2,PWR,CO2,2014,0.084248627,12236.11,14685.0,FESSENHEIM-1,8760,0.06031475464996637
France,Fessenheim 1-2,PWR,CO2,2015,0.098686345,12864.47,15337.0,FESSENHEIM-1,8760,0.06719999986007974
France,Fessenheim 1-2,PWR,CO2,2016,0.06451246,8409.66,10127.0,FESSENHEIM-1,8784,0.06738410930287313
France,Flamanville 1-2,PWR,CO2,1985,0.00016171,21.08,480.0,FLAMANVILLE-1,8760,0.06720017077798862
France,Flamanville 1-2,PWR,CO2,1986,0.053223014,6938.0,6755.0,FLAMANVILLE-1,8760,0.06720000038051312
France,Flamanville 1-2,PWR,CO2,1987,0.109629589,14291.0,11966.0,FLAMANVILLE-1,8760,0.06719999997480933
France,Flamanville 1-2,PWR,CO2,1988,0.109552876,14281.0,11431.0,FLAMANVILLE-1,8784,0.06738410915089979
France,Flamanville 1-2,PWR,CO2,1989,0.104326159,13599.66,10982.0,FLAMANVILLE-1,8760,0.06720000006176625
France,Flamanville 1-2,PWR,CO2,1990,0.11437486,14909.58,12752.0,FLAMANVILLE-1,8760,0.06719999983902968
France,Flamanville 1-2,PWR,CO2,1991,0.106235759,13848.59,11913.0,FLAMANVILLE-1,8760,0.06720000006065599
France,Flamanville 1-2,PWR,CO2,1992,0.126186181,16449.27,12863.0,FLAMANVILLE-1,8784,0.06738410968413797
France,Flamanville 1-2,PWR,CO2,1993,0.132612757,17287.02,14274.0,FLAMANVILLE-1,8760,0.06720000042343909
France,Flamanville 1-2,PWR,CO2,1994,0.11913486,15530.080000000002,13226.0,FLAMANVILLE-1,8760,0.06719999984546118
France,Flamanville 1-2,PWR,CO2,1995,0.127553195,16627.47,13918.0,FLAMANVILLE-1,8760,0.06720000025259405
France,Flamanville 1-2,PWR,CO2,1996,0.137973107,17985.78,14735.0,FLAMANVILLE-1,8784,0.06738410966263349
France,Flamanville 1-2,PWR,CO2,1997,0.118136833,15399.98,12880.0,FLAMANVILLE-1,8760,0.06720000007012997
France,Flamanville 1-2,PWR,CO2,1998,0.116034992,15125.989999999998,12735.0,FLAMANVILLE-1,8760,0.06720000012693385
France,Flamanville 1-2,PWR,CO2,1999,0.109148372,14228.27,11940.0,FLAMANVILLE-1,8760,0.0671999996289078
France,Flamanville 1-2,PWR,CO2,2000,0.137646543,17943.21,14729.0,FLAMANVILLE-1,8784,0.06738410985057859
France,Flamanville 1-2,PWR,CO2,2001,0.142712931,18603.65,14989.0,FLAMANVILLE-1,8760,0.06719999976133714
France,Flamanville 1-2,PWR,CO2,2002,0.127680921,16644.120000000003,13575.0,FLAMANVILLE-1,8760,0.06720000023792184
France,Flamanville 1-2,PWR,CO2,2003,0.13483051,17576.120000000003,14455.0,FLAMANVILLE-1,8760,0.06720000020482335
France,Flamanville 1-2,PWR,CO2,2004,0.139078608,18129.89,14793.0,FLAMANVILLE-1,8784,0.0673841094828485
France,Flamanville 1-2,PWR,CO2,2005,0.144825205,18879.0,15521.0,FLAMANVILLE-1,8760,0.06719999977753059
France,Flamanville 1-2,PWR,CO2,2006,0.137443485,17916.739999999998,15113.0,FLAMANVILLE-1,8760,0.06720000003348825
France,Flamanville 1-2,PWR,CO2,2007,0.13546331,17658.61,15062.0,FLAMANVILLE-1,8760,0.06720000020386656
France,Flamanville 1-2,PWR,CO2,2008,0.085176076,11103.310000000001,9070.0,FLAMANVILLE-1,8784,0.0673841090255068
France,Flamanville 1-2,PWR,CO2,2009,0.126487047,16488.49,13609.0,FLAMANVILLE-1,8760,0.06720000022561191
France,Flamanville 1-2,PWR,CO2,2010,0.1236144,16114.02,13284.0,FLAMANVILLE-1,8760,0.0672
France,Flamanville 1-2,PWR,CO2,2011,0.145104131,18915.36,15206.0,FLAMANVILLE-1,8760,0.06719999976527012
France,Flamanville 1-2,PWR,CO2,2012,0.131462992,17137.14,14351.0,FLAMANVILLE-1,8784,0.06738410970138542
France,Flamanville 1-2,PWR,CO2,2013,0.1384992,18054.36,14865.0,FLAMANVILLE-1,8760,0.0672
France,Flamanville 1-2,PWR,CO2,2014,0.141618476,18460.98,14612.0,FLAMANVILLE-1,8760,0.06719999966198978
France,Flamanville 1-2,PWR,CO2,2015,0.124874783,16278.32,12733.0,FLAMANVILLE-1,8760,0.0671999996977575
France,Flamanville 1-2,PWR,CO2,2016,0.152442203,19871.93,16026.0,FLAMANVILLE-1,8784,0.06738410970409013
France,Golfech 1-2,PWR,CO2,1990,0.01396617,1820.59,2092.0,GOLFECH-1,8760,0.06720000065912698
France,Golfech 1-2,PWR,CO2,1991,0.073160164,9536.95,8167.0,GOLFECH-1,8760,0.0671999996476861
France,Golfech 1-2,PWR,CO2,1992,0.054204088,7065.89,6128.0,GOLFECH-1,8784,0.06738410999774974
France,Golfech 1-2,PWR,CO2,1993,0.077522257,10105.58,9720.0,GOLFECH-1,8760,0.06719999953688952
France,Golfech 1-2,PWR,CO2,1994,0.115357238,15037.64,13792.0,GOLFECH-1,8760,0.06719999979252064
France,Golfech 1-2,PWR,CO2,1995,0.114516088,14927.99,13007.0,GOLFECH-1,8760,0.06720000019292617
France,Golfech 1-2,PWR,CO2,1996,0.137152362,17878.79,15147.0,GOLFECH-1,8784,0.06738410976402766
France,Golfech 1-2,PWR,CO2,1997,0.136559298,17801.48,15414.0,GOLFECH-1,8760,0.06719999968991341
France,Golfech 1-2,PWR,CO2,1998,0.129920921,16936.12,14694.0,GOLFECH-1,8760,0.06720000023381979
France,Golfech 1-2,PWR,CO2,1999,0.133811386,17443.27,15244.0,GOLFECH-1,8760,0.06719999984865223
France,Golfech 1-2,PWR,CO2,2000,0.135350466,17643.9,15436.0,GOLFECH-1,8784,0.06738410971179841
France,Golfech 1-2,PWR,CO2,2001,0.126346817,16470.21,13733.0,GOLFECH-1,8760,0.06720000029872115
France,Golfech 1-2,PWR,CO2,2002,0.146440383,19089.55,15854.0,GOLFECH-1,8760,0.06719999974226737
France,Golfech 1-2,PWR,CO2,2003,0.137757315,17957.65,15367.0,GOLFECH-1,8760,0.06719999996658804
France,Golfech 1-2,PWR,CO2,2004,0.123849983,16144.73,13850.0,GOLFECH-1,8784,0.06738410928346278
France,Golfech 1-2,PWR,CO2,2005,0.142606762,18589.81,15729.0,GOLFECH-1,8760,0.06720000016783388
France,Golfech 1-2,PWR,CO2,2006,0.138018828,17991.739999999998,14998.0,GOLFECH-1,8760,0.06720000029346802
France,Golfech 1-2,PWR,CO2,2007,0.149126083,19439.65,16580.0,GOLFECH-1,8760,0.06720000036420408
France,Golfech 1-2,PWR,CO2,2008,0.130726707,17041.16,14199.0,GOLFECH-1,8784,0.06738410966671282
France,Golfech 1-2,PWR,CO2,2009,0.150702674,19645.17,16233.0,GOLFECH-1,8760,0.06720000001221675
France,Golfech 1-2,PWR,CO2,2010,0.137812241,17964.81,14864.0,GOLFECH-1,8760,0.06719999995324191
France,Golfech 1-2,PWR,CO2,2011,0.143286817,18678.46,15723.0,GOLFECH-1,8760,0.06720000026340502
France,Golfech 1-2,PWR,CO2,2012,0.121607759,15852.439999999999,13041.0,GOLFECH-1,8784,0.06738410964217496
France,Golfech 1-2,PWR,CO2,2013,0.147233512,19192.940000000002,16085.0,GOLFECH-1,8760,0.06719999984994482
France,Golfech 1-2,PWR,CO2,2014,0.115334762,15034.71,12613.0,GOLFECH-1,8760,0.0672000002075198
France,Golfech 1-2,PWR,CO2,2015,0.144366159,18819.16,16053.0,GOLFECH-1,8760,0.06720000004463536
France,Golfech 1-2,PWR,CO2,2016,0.152478334,19876.64,16682.0,GOLFECH-1,8784,0.06738410948007309
France,Gravelines 1-6,PWR,CO2,1980,0.021870685,2851.0,4782.0,GRAVELINES-1,8784,0.06738410980007016
France,Gravelines 1-6,PWR,CO2,1981,0.143894685,18757.7,22900.0,GRAVELINES-1,8760,0.06720000003198685
France,Gravelines 1-6,PWR,CO2,1982,0.107774685,14049.2,17787.0,GRAVELINES-1,8760,0.06720000004270706
France,Gravelines 1-6,PWR,CO2,1983,0.166734247,21735.0,25334.0,GRAVELINES-1,8760,0.06720000017115252
France,Gravelines 1-6,PWR,CO2,1984,0.199406028,25994.0,30656.0,GRAVELINES-1,8784,0.0673841097927214
France,Gravelines 1-6,PWR,CO2,1985,0.26557885,34620.1,40602.0,GRAVELINES-1,8760,0.06720000017330972
France,Gravelines 1-6,PWR,CO2,1986,0.275409534,35901.6,43011.0,GRAVELINES-1,8760,0.06719999993983555
France,Gravelines 1-6,PWR,CO2,1987,0.24305611,31684.1,39526.0,GRAVELINES-1,8760,0.06720000011362166
France,Gravelines 1-6,PWR,CO2,1988,0.248241096,32360.0,40805.0,GRAVELINES-1,8784,0.06738410961878863
France,Gravelines 1-6,PWR,CO2,1989,0.260902005,34010.44,40501.0,GRAVELINES-1,8760,0.0671999998765085
France,Gravelines 1-6,PWR,CO2,1990,0.268438915,34992.93,41681.0,GRAVELINES-1,8760,0.06719999998285367
France,Gravelines 1-6,PWR,CO2,1991,0.263304405,34323.61,39725.0,GRAVELINES-1,8760,0.06719999987763525
France,Gravelines 1-6,PWR,CO2,1992,0.26499645,34544.18,40531.0,GRAVELINES-1,8784,0.06738410976320758
France,Gravelines 1-6,PWR,CO2,1993,0.267184822,34829.45,42811.0,GRAVELINES-1,8760,0.06720000002067215
France,Gravelines 1-6,PWR,CO2,1994,0.269617753,35146.6,41941.0,GRAVELINES-1,8760,0.06719999989415762
France,Gravelines 1-6,PWR,CO2,1995,0.285249885,37184.36,44461.0,GRAVELINES-1,8760,0.06720000001613581
France,Gravelines 1-6,PWR,CO2,1996,0.273520647,35655.37,43054.0,GRAVELINES-1,8784,0.06738410969365904
France,Gravelines 1-6,PWR,CO2,1997,0.270152745,35216.34,42409.0,GRAVELINES-1,8760,0.06719999994888738
France,Gravelines 1-6,PWR,CO2,1998,0.291051562,37940.65,45450.0,GRAVELINES-1,8760,0.06720000008223369
France,Gravelines 1-6,PWR,CO2,1999,0.264390576,34465.2,41613.0,GRAVELINES-1,8760,0.0672000001671251
France,Gravelines 1-6,PWR,CO2,2000,0.272306443,35497.09,42837.0,GRAVELINES-1,8784,0.06738410938226205
France,Gravelines 1-6,PWR,CO2,2001,0.271361578,35373.92,42581.0,GRAVELINES-1,8760,0.06719999997964603
France,Gravelines 1-6,PWR,CO2,2002,0.271933698,35448.5,42781.0,GRAVELINES-1,8760,0.06719999984428113
France,Gravelines 1-6,PWR,CO2,2003,0.285038543,37156.81,44405.0,GRAVELINES-1,8760,0.06720000012595269
France,Gravelines 1-6,PWR,CO2,2004,0.296955036,38710.21,45804.0,GRAVELINES-1,8784,0.06738410967607772
France,Gravelines 1-6,PWR,CO2,2005,0.293584143,38270.79,44795.0,GRAVELINES-1,8760,0.06720000012228648
France,Gravelines 1-6,PWR,CO2,2006,0.295055178,38462.55,45069.0,GRAVELINES-1,8760,0.06719999998128048
France,Gravelines 1-6,PWR,CO2,2007,0.285855298,37263.28,43218.0,GRAVELINES-1,8760,0.06719999985186488
France,Gravelines 1-6,PWR,CO2,2008,0.289063178,37681.45,44165.0,GRAVELINES-1,8784,0.0673841095698812
France,Gravelines 1-6,PWR,CO2,2009,0.285610357,37231.35,43580.0,GRAVELINES-1,8760,0.0672000001966085
France,Gravelines 1-6,PWR,CO2,2010,0.280962203,36625.43,42250.0,GRAVELINES-1,8760,0.06720000006225182
France,Gravelines 1-6,PWR,CO2,2011,0.289122324,37689.16,42716.0,GRAVELINES-1,8760,0.06720000016556484
France,Gravelines 1-6,PWR,CO2,2012,0.245452372,31996.47,36880.0,GRAVELINES-1,8784,0.06738410942357079
France,Gravelines 1-6,PWR,CO2,2013,0.270742357,35293.2,39910.0,GRAVELINES-1,8760,0.0672000002074054
France,Gravelines 1-6,PWR,CO2,2014,0.267614028,34885.4,40354.0,GRAVELINES-1,8760,0.0672000001513527
France,Gravelines 1-6,PWR,CO2,2015,0.2888704,37656.32,43092.0,GRAVELINES-1,8760,0.06720000000000001
France,Gravelines 1-6,PWR,CO2,2016,0.240819562,31392.55,36485.0,GRAVELINES-1,8784,0.06738410968870003
France,Nogent 1-2,PWR,CO2,1987,0.003728219,486.0,893.0,NOGENT-1,8760,0.06719999679012345
France,Nogent 1-2,PWR,CO2,1988,0.059567124,7765.0,7522.0,NOGENT-1,8784,0.06738411039484868
France,Nogent 1-2,PWR,CO2,1989,0.081642707,10642.71,9323.0,NOGENT-1,8760,0.06720000012402856
France,Nogent 1-2,PWR,CO2,1990,0.108525469,14147.07,11684.0,NOGENT-1,8760,0.0672000003138459
France,Nogent 1-2,PWR,CO2,1991,0.116600898,15199.759999999998,12776.0,NOGENT-1,8760,0.06719999963683637
France,Nogent 1-2,PWR,CO2,1992,0.123697096,16124.8,13323.0,NOGENT-1,8784,0.06738410964873984
France,Nogent 1-2,PWR,CO2,1993,0.1296232,16897.31,14026.0,NOGENT-1,8760,0.06719999999999998
France,Nogent 1-2,PWR,CO2,1994,0.113345304,14775.37,13456.0,NOGENT-1,8760,0.067199999935027
France,Nogent 1-2,PWR,CO2,1995,0.11433006,14903.74,13808.0,NOGENT-1,8760,0.06719999983896659
France,Nogent 1-2,PWR,CO2,1996,0.128147102,16704.89,14451.0,NOGENT-1,8784,0.0673841099203886
France,Nogent 1-2,PWR,CO2,1997,0.13422686,17497.43,15144.0,NOGENT-1,8760,0.067199999862837
France,Nogent 1-2,PWR,CO2,1998,0.118256197,15415.54,12720.0,NOGENT-1,8760,0.06719999985209729
France,Nogent 1-2,PWR,CO2,1999,0.135491693,17662.309999999998,15016.0,NOGENT-1,8760,0.0671999999252646
France,Nogent 1-2,PWR,CO2,2000,0.143915167,18760.370000000003,15280.0,NOGENT-1,8784,0.06738410953131521
France,Nogent 1-2,PWR,CO2,2001,0.142083814,18521.64,15169.0,NOGENT-1,8760,0.06720000014253598
France,Nogent 1-2,PWR,CO2,2002,0.132071857,17216.510000000002,14979.0,NOGENT-1,8760,0.0671999997281679
France,Nogent 1-2,PWR,CO2,2003,0.148986543,19421.46,16575.0,NOGENT-1,8760,0.06720000024097056
France,Nogent 1-2,PWR,CO2,2004,0.1285088,16752.04,14196.0,NOGENT-1,8784,0.0673841095890411
France,Nogent 1-2,PWR,CO2,2005,0.129855715,16927.620000000003,13710.0,NOGENT-1,8760,0.06719999996455496
France,Nogent 1-2,PWR,CO2,2006,0.148295057,19331.32,15185.0,NOGENT-1,8760,0.06719999975790583
France,Nogent 1-2,PWR,CO2,2007,0.158929917,20717.65,16402.0,NOGENT-1,8760,0.0671999996582624
France,Nogent 1-2,PWR,CO2,2008,0.123871003,16147.470000000001,13227.0,NOGENT-1,8784,0.06738410973062653
France,Nogent 1-2,PWR,CO2,2009,0.110967069,14465.349999999999,12098.0,NOGENT-1,8760,0.06720000030694039
France,Nogent 1-2,PWR,CO2,2010,0.141439276,18437.62,15058.0,NOGENT-1,8760,0.06719999966156152
France,Nogent 1-2,PWR,CO2,2011,0.14134845,18425.78,15030.0,NOGENT-1,8760,0.06720000032563071
France,Nogent 1-2,PWR,CO2,2012,0.125119112,16310.170000000002,13393.0,NOGENT-1,8784,0.06738410941198036
France,Nogent 1-2,PWR,CO2,2013,0.143065041,18649.55,15711.0,NOGENT-1,8760,0.06719999995495869
France,Nogent 1-2,PWR,CO2,2014,0.128074378,16695.41,14410.0,NOGENT-1,8760,0.06719999995687437
France,Nogent 1-2,PWR,CO2,2015,0.121412679,15827.01,12678.0,NOGENT-1,8760,0.0671999997497948
France,Nogent 1-2,PWR,CO2,2016,0.157757217,20564.78,16581.0,NOGENT-1,8784,0.06738410982894055
France,Paluel 1-4,PWR,CO2,1984,0.021517808,2805.0,4393.0,PALUEL-1,8784,0.0673841089026738
France,Paluel 1-4,PWR,CO2,1985,0.094271781,12289.0,11399.0,PALUEL-1,8760,0.06720000012694279
France,Paluel 1-4,PWR,CO2,1986,0.196774028,25650.9,21105.0,PALUEL-1,8760,0.06720000020584072
France,Paluel 1-4,PWR,CO2,1987,0.25142926,32775.6,25757.0,PALUEL-1,8760,0.06719999992677479
France,Paluel 1-4,PWR,CO2,1988,0.227743562,29688.0,23574.0,PALUEL-1,8784,0.06738410969442199
France,Paluel 1-4,PWR,CO2,1989,0.255083529,33251.96,26562.0,PALUEL-1,8760,0.06720000006134977
France,Paluel 1-4,PWR,CO2,1990,0.224075255,29209.809999999998,24394.0,PALUEL-1,8760,0.06720000006162313
France,Paluel 1-4,PWR,CO2,1991,0.239442038,31212.98,25294.0,PALUEL-1,8760,0.06719999990004158
France,Paluel 1-4,PWR,CO2,1992,0.214696712,27987.25,22676.0,PALUEL-1,8784,0.06738410948585517
France,Paluel 1-4,PWR,CO2,1993,0.254418893,33165.32,28012.0,PALUEL-1,8760,0.06719999996019939
France,Paluel 1-4,PWR,CO2,1994,0.22015303,28698.52,24996.0,PALUEL-1,8760,0.067199999958186
France,Paluel 1-4,PWR,CO2,1995,0.25148411,32782.75,28496.0,PALUEL-1,8760,0.06720000010981385
France,Paluel 1-4,PWR,CO2,1996,0.228344833,29766.379999999997,25964.0,PALUEL-1,8784,0.06738410962542304
France,Paluel 1-4,PWR,CO2,1997,0.256310543,33411.91,28432.0,PALUEL-1,8760,0.0672000001400698
France,Paluel 1-4,PWR,CO2,1998,0.254088417,33122.24,28134.0,PALUEL-1,8760,0.06720000014854069
France,Paluel 1-4,PWR,CO2,1999,0.268048833,34942.08,29493.0,PALUEL-1,8760,0.06720000003090829
France,Paluel 1-4,PWR,CO2,2000,0.284736757,37117.47,31535.0,PALUEL-1,8784,0.06738410978679313
France,Paluel 1-4,PWR,CO2,2001,0.260762389,33992.24,29528.0,PALUEL-1,8760,0.06719999998940936
France,Paluel 1-4,PWR,CO2,2002,0.255774707,33342.06,28232.0,PALUEL-1,8760,0.06720000003958963
France,Paluel 1-4,PWR,CO2,2003,0.256860186,33483.56,28246.0,PALUEL-1,8760,0.06719999992115534
France,Paluel 1-4,PWR,CO2,2004,0.243124843,31693.06,26316.0,PALUEL-1,8784,0.06738410935744292
France,Paluel 1-4,PWR,CO2,2005,0.273492493,35651.7,28999.0,PALUEL-1,8760,0.06719999996297513
France,Paluel 1-4,PWR,CO2,2006,0.263902685,34401.6,28797.0,PALUEL-1,8760,0.06720000001744106
France,Paluel 1-4,PWR,CO2,2007,0.214974488,28023.46,22888.0,PALUEL-1,8760,0.06720000010277104
France,Paluel 1-4,PWR,CO2,2008,0.285319157,37193.39,30567.0,PALUEL-1,8784,0.06738410978638945
France,Paluel 1-4,PWR,CO2,2009,0.225644483,29414.37,24537.0,PALUEL-1,8760,0.06720000024069868
France,Paluel 1-4,PWR,CO2,2010,0.253647167,33064.72,26636.0,PALUEL-1,8760,0.06719999996733679
France,Paluel 1-4,PWR,CO2,2011,0.292273052,38099.88,31343.0,PALUEL-1,8760,0.06719999998740153
France,Paluel 1-4,PWR,CO2,2012,0.261375474,34072.16,27836.0,PALUEL-1,8784,0.06738410959610426
France,Paluel 1-4,PWR,CO2,2013,0.267465512,34866.04,28161.0,PALUEL-1,8760,0.06719999991739814
France,Paluel 1-4,PWR,CO2,2014,0.293690159,38284.61,31065.0,PALUEL-1,8760,0.06720000002194093
France,Paluel 1-4,PWR,CO2,2015,0.224449611,29258.61,24744.0,PALUEL-1,8760,0.06720000001230407
France,Paluel 1-4,PWR,CO2,2016,0.149923124,19543.550000000003,17122.0,PALUEL-1,8784,0.06738410990920277
France,Penly 1-2,PWR,CO2,1990,0.02214777,2887.12,3100.0,PENLY-1,8760,0.06720000041563912
France,Penly 1-2,PWR,CO2,1991,0.064719967,8436.71,6645.0,PENLY-1,8760,0.06719999987198803
France,Penly 1-2,PWR,CO2,1992,0.100278203,13071.98,11111.0,PENLY-1,8784,0.06738410976393783
France,Penly 1-2,PWR,CO2,1993,0.127615792,16635.63,13956.0,PENLY-1,8760,0.06720000011541492
France,Penly 1-2,PWR,CO2,1994,0.128330443,16728.79,13882.0,PENLY-1,8760,0.06719999956243099
France,Penly 1-2,PWR,CO2,1995,0.130785238,17048.79,13822.0,PENLY-1,8760,0.0671999998169958
France,Penly 1-2,PWR,CO2,1996,0.14796834,19288.73,15650.0,PENLY-1,8784,0.06738410971380697
France,Penly 1-2,PWR,CO2,1997,0.127130357,16572.35,14058.0,PENLY-1,8760,0.06720000044169958
France,Penly 1-2,PWR,CO2,1998,0.144550422,18843.18,15458.0,PENLY-1,8760,0.06720000003821011
France,Penly 1-2,PWR,CO2,1999,0.127614257,16635.43,13836.0,PENLY-1,8760,0.06719999971867274
France,Penly 1-2,PWR,CO2,2000,0.136979069,17856.199999999997,15033.0,PENLY-1,8784,0.06738410983837549
France,Penly 1-2,PWR,CO2,2001,0.14300766,18642.07,15637.0,PENLY-1,8760,0.06719999987125894
France,Penly 1-2,PWR,CO2,2002,0.119755003,15610.92,12838.0,PENLY-1,8760,0.06720000014605161
France,Penly 1-2,PWR,CO2,2003,0.149578608,19498.64,16128.0,PENLY-1,8760,0.0671999999015316
France,Penly 1-2,PWR,CO2,2004,0.135980888,17726.08,14964.0,PENLY-1,8784,0.06738410975195869
France,Penly 1-2,PWR,CO2,2005,0.134966521,17593.85,14650.0,PENLY-1,8760,0.06720000022507866
France,Penly 1-2,PWR,CO2,2006,0.148962378,19418.309999999998,16103.0,PENLY-1,8760,0.0671999999629216
France,Penly 1-2,PWR,CO2,2007,0.137792372,17962.22,14437.0,PENLY-1,8760,0.0671999997060497
France,Penly 1-2,PWR,CO2,2008,0.155098521,20218.2,16014.0,PENLY-1,8784,0.06738410978544083
France,Penly 1-2,PWR,CO2,2009,0.136799331,17832.77,14475.0,PENLY-1,8760,0.06719999975102017
France,Penly 1-2,PWR,CO2,2010,0.127451628,16614.23,13851.0,PENLY-1,8760,0.06720000031779987
France,Penly 1-2,PWR,CO2,2011,0.136930817,17849.91,14263.0,PENLY-1,8760,0.06720000027563165
France,Penly 1-2,PWR,CO2,2012,0.135230411,17628.25,14327.0,PENLY-1,8784,0.06738410960951881
France,Penly 1-2,PWR,CO2,2013,0.147711507,19255.25,15949.0,PENLY-1,8760,0.06720000006855273
France,Penly 1-2,PWR,CO2,2014,0.119137852,15530.470000000001,12661.0,PENLY-1,8760,0.06719999996909302
France,Penly 1-2,PWR,CO2,2015,0.148570148,19367.18,16366.0,PENLY-1,8760,0.06720000002478421
France,Penly 1-2,PWR,CO2,2016,0.139397117,18171.41,14737.0,PENLY-1,8784,0.06738410919835058
France,Phenix,FBR,CO2,1974,0.013123288,958.0,4716.0,PHENIX,8760,0.12000000300626305
France,Phenix,FBR,CO2,1975,0.017923288,1308.4,5932.0,PHENIX,8760,0.1200000022011617
France,Phenix,FBR,CO2,1976,0.013024658,950.8,4799.0,PHENIX,8784,0.12032877142616744
France,Phenix,FBR,CO2,1977,0.004120548,300.8,2120.0,PHENIX,8760,0.12000000159574468
France,Phenix,FBR,CO2,1978,0.016969863,1238.8,5905.0,PHENIX,8760,0.11999999990313209
France,Phenix,FBR,CO2,1979,0.023547945,1719.0,7350.0,PHENIX,8760,0.11999999895287958
France,Phenix,FBR,CO2,1980,0.018068493,1319.0,5679.0,PHENIX,8784,0.12032876611978773
France,Phenix,FBR,CO2,1981,0.019478082,1421.9,6217.0,PHENIX,8760,0.11999999881848232
France,Phenix,FBR,CO2,1982,0.013549315,989.1,5429.0,PHENIX,8760,0.11999999939338793
France,Phenix,FBR,CO2,1983,0.015369863,1122.0,5515.0,PHENIX,8760,0.11999999989304813
France,Phenix,FBR,CO2,1984,0.019369863,1414.0,6206.0,PHENIX,8784,0.12032876703818954
France,Phenix,FBR,CO2,1985,0.015794521,1153.0,6784.0,PHENIX,8760,0.12000000343451865
France,Phenix,FBR,CO2,1986,0.020809589,1519.1,6996.0,PHENIX,8760,0.11999999976301759
France,Phenix,FBR,CO2,1987,0.021320548,1556.4,7059.0,PHENIX,8760,0.120000000308404
France,Phenix,FBR,CO2,1988,0.020210959,1475.4,6300.0,PHENIX,8784,0.12032876769418463
France,Phenix,FBR,CO2,1989,0.008235342,601.18,2678.0,PHENIX,8760,0.11999999321334709
France,Phenix,FBR,CO2,1990,0.013458356,982.46,4637.0,PHENIX,8760,0.11999999853429147
France,Phenix,FBR,CO2,1993,0.000476575,34.79,286.0,PHENIX,8760,0.11999991376832422
France,Phenix,FBR,CO2,1994,0.000309589,22.6,184.0,PHENIX,8760,0.11999998407079644
France,Phenix,FBR,CO2,1998,0.005235342,382.18,3019.0,PHENIX,8760,0.1199999893244021
France,Phenix,FBR,CO2,2003,0.000846849,61.82,711.0,PHENIX,8760,0.11999995535425428
France,Phenix,FBR,CO2,2004,0.008587808,626.91,4888.0,PHENIX,8784,0.12032876405225633
France,Phenix,FBR,CO2,2005,0.011020959,804.53,6341.0,PHENIX,8760,0.12000000104408785
France,Phenix,FBR,CO2,2006,0.00809589,591.0,4601.0,PHENIX,8760,0.11999999390862945
France,Phenix,FBR,CO2,2007,0.007741644,565.14,4452.0,PHENIX,8760,0.12000000254804118
France,Phenix,FBR,CO2,2008,0.009104384,664.62,5312.0,PHENIX,8784,0.12032877291685475
France,Phenix,FBR,CO2,2009,0.003369726,245.99,1999.0,PHENIX,8760,0.11999999902435057
France,St. Alban 1-2,PWR,CO2,1985,0.009898192,1290.3,1698.0,ST. ALBAN-1,8760,0.06720000148802605
France,St. Alban 1-2,PWR,CO2,1986,0.05989315,7807.5,6934.0,ST. ALBAN-1,8760,0.06719999923150817
France,St. Alban 1-2,PWR,CO2,1987,0.10013874,13053.8,11038.0,ST. ALBAN-1,8760,0.06720000018385451
France,St. Alban 1-2,PWR,CO2,1988,0.074771507,9747.0,8029.0,ST. ALBAN-1,8784,0.06738410972483842
France,St. Alban 1-2,PWR,CO2,1989,0.099018664,12907.79,10713.0,ST. ALBAN-1,8760,0.06720000066936323
France,St. Alban 1-2,PWR,CO2,1990,0.106397698,13869.7,11441.0,ST. ALBAN-1,8760,0.06719999960201013
France,St. Alban 1-2,PWR,CO2,1991,0.121956417,15897.89,12864.0,ST. ALBAN-1,8760,0.06720000030947502
France,St. Alban 1-2,PWR,CO2,1992,0.085820383,11187.3,9180.0,ST. ALBAN-1,8784,0.06738410914805182
France,St. Alban 1-2,PWR,CO2,1993,0.105933052,13809.130000000001,12131.0,ST. ALBAN-1,8760,0.06719999996524038
France,St. Alban 1-2,PWR,CO2,1994,0.11277771,14701.380000000001,12851.0,ST. ALBAN-1,8760,0.06720000024487496
France,St. Alban 1-2,PWR,CO2,1995,0.124942367,16287.13,13960.0,ST. ALBAN-1,8760,0.06719999993368998
France,St. Alban 1-2,PWR,CO2,1996,0.126354795,16471.25,14197.0,ST. ALBAN-1,8784,0.06738410984472945
France,St. Alban 1-2,PWR,CO2,1997,0.116314915,15162.48,12905.0,ST. ALBAN-1,8760,0.06719999996042864
France,St. Alban 1-2,PWR,CO2,1998,0.113623693,14811.66,12456.0,ST. ALBAN-1,8760,0.06719999991088102
France,St. Alban 1-2,PWR,CO2,1999,0.136912789,17847.559999999998,14844.0,ST. ALBAN-1,8760,0.06719999997982919
France,St. Alban 1-2,PWR,CO2,2000,0.128550148,16757.43,13696.0,ST. ALBAN-1,8784,0.06738410961776357
France,St. Alban 1-2,PWR,CO2,2001,0.137723638,17953.260000000002,15500.0,ST. ALBAN-1,8760,0.06719999982621541
France,St. Alban 1-2,PWR,CO2,2002,0.13086709,17059.46,14225.0,ST. ALBAN-1,8760,0.06719999978897338
France,St. Alban 1-2,PWR,CO2,2003,0.137673392,17946.71,14587.0,ST. ALBAN-1,8760,0.0672000001069834
France,St. Alban 1-2,PWR,CO2,2004,0.158057392,20603.91,16992.0,ST. ALBAN-1,8784,0.0673841096824826
France,St. Alban 1-2,PWR,CO2,2005,0.129912329,16935.0,14310.0,ST. ALBAN-1,8760,0.06720000012046058
France,St. Alban 1-2,PWR,CO2,2006,0.126317129,16466.34,13634.0,ST. ALBAN-1,8760,0.06720000012388909
France,St. Alban 1-2,PWR,CO2,2007,0.129015485,16818.09,13647.0,ST. ALBAN-1,8760,0.06720000003567587
France,St. Alban 1-2,PWR,CO2,2008,0.091142378,11881.06,9897.0,ST. ALBAN-1,8784,0.06738410952827441
France,St. Alban 1-2,PWR,CO2,2009,0.133747638,17434.96,13933.0,ST. ALBAN-1,8760,0.06719999982104921
France,St. Alban 1-2,PWR,CO2,2010,0.14619406,19057.440000000002,15124.0,ST. ALBAN-1,8760,0.06719999987406491
France,St. Alban 1-2,PWR,CO2,2011,0.126931902,16546.48,13676.0,ST. ALBAN-1,8760,0.06720000033360571
France,St. Alban 1-2,PWR,CO2,2012,0.136803628,17833.33,14466.0,ST. ALBAN-1,8784,0.06738410988592708
France,St. Alban 1-2,PWR,CO2,2013,0.133153578,17357.52,14530.0,ST. ALBAN-1,8760,0.06719999995851941
France,St. Alban 1-2,PWR,CO2,2014,0.131772066,17177.43,14602.0,ST. ALBAN-1,8760,0.0672000001257464
France,St. Alban 1-2,PWR,CO2,2015,0.141722498,18474.54,15468.0,ST. ALBAN-1,8760,0.06719999970121042
France,St. Alban 1-2,PWR,CO2,2016,0.133100724,17350.63,15125.0,ST. ALBAN-1,8784,0.06738410994966754
France,St. Laurent B1-B2,PWR,CO2,1981,0.011030466,1437.9,3395.0,ST. LAURENT B-1,8760,0.06720000150219069
France,St. Laurent B1-B2,PWR,CO2,1982,0.015303343,1994.9,3792.0,ST. LAURENT B-1,8760,0.06720000234598225
France,St. Laurent B1-B2,PWR,CO2,1983,0.059781917,7793.0,9221.0,ST. LAURENT B-1,8760,0.06719999909149237
France,St. Laurent B1-B2,PWR,CO2,1984,0.077671233,10125.0,12279.0,ST. LAURENT B-1,8784,0.067384109696
France,St. Laurent B1-B2,PWR,CO2,1985,0.08381589,10926.0,13633.0,ST. LAURENT B-1,8760,0.06719999967051071
France,St. Laurent B1-B2,PWR,CO2,1986,0.085451397,11139.2,14481.0,ST. LAURENT B-1,8760,0.06719999979531743
France,St. Laurent B1-B2,PWR,CO2,1987,0.078488219,10231.5,13465.0,ST. LAURENT B-1,8760,0.06719999984752968
France,St. Laurent B1-B2,PWR,CO2,1988,0.083071781,10829.0,12726.0,ST. LAURENT B-1,8784,0.0673841097334934
France,St. Laurent B1-B2,PWR,CO2,1989,0.089322224,11643.79,14189.0,ST. LAURENT B-1,8760,0.0671999995053157
France,St. Laurent B1-B2,PWR,CO2,1990,0.086527902,11279.529999999999,13301.0,ST. LAURENT B-1,8760,0.0672000004893821
France,St. Laurent B1-B2,PWR,CO2,1991,0.077083924,10048.44,12110.0,ST. LAURENT B-1,8760,0.0672000006209919
France,St. Laurent B1-B2,PWR,CO2,1992,0.085236986,11111.25,13672.0,ST. LAURENT B-1,8784,0.06738410935079311
France,St. Laurent B1-B2,PWR,CO2,1993,0.082164657,10710.75,12970.0,ST. LAURENT B-1,8760,0.0671999995630558
France,St. Laurent B1-B2,PWR,CO2,1994,0.095264669,12418.43,14658.0,ST. LAURENT B-1,8760,0.06720000035753311
France,St. Laurent B1-B2,PWR,CO2,1995,0.074827507,9754.3,11931.0,ST. LAURENT B-1,8760,0.06720000013532494
France,St. Laurent B1-B2,PWR,CO2,1996,0.088976789,11598.76,14191.0,ST. LAURENT B-1,8784,0.06738410955791826
France,St. Laurent B1-B2,PWR,CO2,1997,0.085099211,11093.29,13551.0,ST. LAURENT B-1,8760,0.06720000003245205
France,St. Laurent B1-B2,PWR,CO2,1998,0.095476011,12445.98,14951.0,ST. LAURENT B-1,8760,0.067200000028925
France,St. Laurent B1-B2,PWR,CO2,1999,0.083681567,10908.490000000002,13220.0,ST. LAURENT B-1,8760,0.06719999990099454
France,St. Laurent B1-B2,PWR,CO2,2000,0.078405676,10220.74,12026.0,ST. LAURENT B-1,8784,0.06738410897684512
France,St. Laurent B1-B2,PWR,CO2,2001,0.098662871,12861.41,14961.0,ST. LAURENT B-1,8760,0.06719999984138597
France,St. Laurent B1-B2,PWR,CO2,2002,0.098591069,12852.05,15026.0,ST. LAURENT B-1,8760,0.06720000034547019
France,St. Laurent B1-B2,PWR,CO2,2003,0.086937162,11332.88,13238.0,ST. LAURENT B-1,8760,0.06720000027530514
France,St. Laurent B1-B2,PWR,CO2,2004,0.098443321,12832.79,15194.0,ST. LAURENT B-1,8784,0.06738410989847103
France,St. Laurent B1-B2,PWR,CO2,2005,0.08524366,11112.119999999999,13224.0,ST. LAURENT B-1,8760,0.06719999978401962
France,St. Laurent B1-B2,PWR,CO2,2006,0.099100515,12918.46,15553.0,ST. LAURENT B-1,8760,0.06719999995355484
France,St. Laurent B1-B2,PWR,CO2,2007,0.094613074,12333.490000000002,14329.0,ST. LAURENT B-1,8760,0.06720000001945921
France,St. Laurent B1-B2,PWR,CO2,2008,0.103374159,13475.560000000001,15818.0,ST. LAURENT B-1,8784,0.06738410965154694
France,St. Laurent B1-B2,PWR,CO2,2009,0.095255386,12417.220000000001,14384.0,ST. LAURENT B-1,8760,0.06719999978739201
France,St. Laurent B1-B2,PWR,CO2,2010,0.103538093,13496.93,15704.0,ST. LAURENT B-1,8760,0.06719999990219998
France,St. Laurent B1-B2,PWR,CO2,2011,0.086170729,11232.970000000001,13171.0,ST. LAURENT B-1,8760,0.06720000018160825
France,St. Laurent B1-B2,PWR,CO2,2012,0.100336197,13079.54,15299.0,ST. LAURENT B-1,8784,0.06738410941424545
France,St. Laurent B1-B2,PWR,CO2,2013,0.062923595,8202.54,9652.0,ST. LAURENT B-1,8760,0.0672000005120365
France,St. Laurent B1-B2,PWR,CO2,2014,0.09397966,12250.92,14452.0,ST. LAURENT B-1,8760,0.06719999980409636
France,St. Laurent B1-B2,PWR,CO2,2015,0.081414488,10612.96,12373.0,ST. LAURENT B-1,8760,0.06720000027136633
France,St. Laurent B1-B2,PWR,CO2,2016,0.093573469,12197.970000000001,14233.0,ST. LAURENT B-1,8784,0.06738410995403334
France,Super Phenix,FBR,CO2,1986,0.012721918,928.7,2625.0,SUPER-PHENIX,8760,0.1200000018089803
France,Super Phenix,FBR,CO2,1987,0.011124658,812.1,1489.0,SUPER-PHENIX,8760,0.12000000502401183
France,Super Phenix,FBR,CO2,1989,0.024060822,1756.44,2202.0,SUPER-PHENIX,8760,0.12000000040992005
France,Super Phenix,FBR,CO2,1990,0.008059452,588.34,595.0,SUPER-PHENIX,8760,0.11999999918414521
France,Super Phenix,FBR,CO2,1994,0.000103014,7.52,58.0,SUPER-PHENIX,8760,0.1200003510638298
France,Super Phenix,FBR,CO2,1996,0.046460411,3391.61,5692.0,SUPER-PHENIX,8784,0.12032876722972276
France,Tricastin 1-4,PWR,CO2,1980,0.031313972,4082.0,5971.0,TRICASTIN-1,8784,0.06738410829201373
France,Tricastin 1-4,PWR,CO2,1981,0.137842083,17968.7,23341.0,TRICASTIN-1,8760,0.06720000039401848
France,Tricastin 1-4,PWR,CO2,1982,0.157289424,20503.8,26360.0,TRICASTIN-1,8760,0.06719999971907646
France,Tricastin 1-4,PWR,CO2,1983,0.17833315,23247.0,28272.0,TRICASTIN-1,8760,0.06719999974190217
France,Tricastin 1-4,PWR,CO2,1984,0.193307397,25199.0,30601.0,TRICASTIN-1,8784,0.06738410949831343
France,Tricastin 1-4,PWR,CO2,1985,0.197973808,25807.3,31269.0,TRICASTIN-1,8760,0.06719999992560245
France,Tricastin 1-4,PWR,CO2,1986,0.186190028,24271.2,30091.0,TRICASTIN-1,8760,0.06720000021754177
France,Tricastin 1-4,PWR,CO2,1987,0.173833205,22660.4,27927.0,TRICASTIN-1,8760,0.06719999981465463
France,Tricastin 1-4,PWR,CO2,1988,0.155143014,20224.0,25706.0,TRICASTIN-1,8784,0.06738410971993672
France,Tricastin 1-4,PWR,CO2,1989,0.173052428,22558.62,28723.0,TRICASTIN-1,8760,0.06720000023405687
France,Tricastin 1-4,PWR,CO2,1990,0.171627343,22372.85,28554.0,TRICASTIN-1,8760,0.06720000020918211
France,Tricastin 1-4,PWR,CO2,1991,0.160005578,20857.870000000003,25470.0,TRICASTIN-1,8760,0.06719999996548065
France,Tricastin 1-4,PWR,CO2,1992,0.179634576,23416.65,28669.0,TRICASTIN-1,8784,0.06738410983569382
France,Tricastin 1-4,PWR,CO2,1993,0.181337359,23638.62,28484.0,TRICASTIN-1,8760,0.06720000003553507
France,Tricastin 1-4,PWR,CO2,1994,0.181613217,23674.58,28370.0,TRICASTIN-1,8760,0.06720000020781783
France,Tricastin 1-4,PWR,CO2,1995,0.187090707,24388.61,29115.0,TRICASTIN-1,8760,0.06720000005412362
France,Tricastin 1-4,PWR,CO2,1996,0.200989676,26200.440000000002,31009.0,TRICASTIN-1,8784,0.06738410935022465
France,Tricastin 1-4,PWR,CO2,1997,0.179880208,23448.670000000002,27744.0,TRICASTIN-1,8760,0.06719999991811902
France,Tricastin 1-4,PWR,CO2,1998,0.184647189,24070.079999999998,28942.0,TRICASTIN-1,8760,0.06719999998504367
France,Tricastin 1-4,PWR,CO2,1999,0.158853436,20707.68,24676.0,TRICASTIN-1,8760,0.06720000016225863
France,Tricastin 1-4,PWR,CO2,2000,0.174168285,22704.08,27132.0,TRICASTIN-1,8784,0.06738410961554046
France,Tricastin 1-4,PWR,CO2,2001,0.182039736,23730.18,27955.0,TRICASTIN-1,8760,0.06719999963590668
France,Tricastin 1-4,PWR,CO2,2002,0.193431211,25215.14,29800.0,TRICASTIN-1,8760,0.06720000001427713
France,Tricastin 1-4,PWR,CO2,2003,0.1871688,24398.79,29556.0,TRICASTIN-1,8760,0.0672
France,Tricastin 1-4,PWR,CO2,2004,0.181178411,23617.9,28134.0,TRICASTIN-1,8784,0.06738410960432553
France,Tricastin 1-4,PWR,CO2,2005,0.190047507,24774.05,29844.0,TRICASTIN-1,8760,0.06720000005328156
France,Tricastin 1-4,PWR,CO2,2006,0.192589524,25105.42,30255.0,TRICASTIN-1,8760,0.06720000024855191
France,Tricastin 1-4,PWR,CO2,2007,0.207712822,27076.85,31443.0,TRICASTIN-1,8760,0.06720000002659098
France,Tricastin 1-4,PWR,CO2,2008,0.183299736,23894.43,27615.0,TRICASTIN-1,8784,0.06738410922645989
France,Tricastin 1-4,PWR,CO2,2009,0.176640493,23026.35,26701.0,TRICASTIN-1,8760,0.06719999994267438
France,Tricastin 1-4,PWR,CO2,2010,0.196975934,25677.22,29748.0,TRICASTIN-1,8760,0.06719999991587873
France,Tricastin 1-4,PWR,CO2,2011,0.173188669,22576.38,26139.0,TRICASTIN-1,8760,0.06720000019666571
France,Tricastin 1-4,PWR,CO2,2012,0.184749217,24083.38,27747.0,TRICASTIN-1,8784,0.06738410979389105
France,Tricastin 1-4,PWR,CO2,2013,0.191790564,25001.27,28720.0,TRICASTIN-1,8760,0.06719999986560682
France,Tricastin 1-4,PWR,CO2,2014,0.185209721,24143.41,27473.0,TRICASTIN-1,8760,0.0672000001640199
France,Tricastin 1-4,PWR,CO2,2015,0.197155441,25700.62,28393.0,TRICASTIN-1,8760,0.06719999996731596
France,Tricastin 1-4,PWR,CO2,2016,0.161624976,21068.97,23430.0,TRICASTIN-1,8784,0.06738410986317793
Germany,Biblis A,PWR,CO2,1974,0.005995836,781.6,1840.0,BIBLIS-A,8760,0.0672000042988741
Germany,Biblis A,PWR,CO2,1975,0.060730083,7916.6,7231.0,BIBLIS-A,8760,0.06720000089432332
Germany,Biblis A,PWR,CO2,1976,0.044558357,5102.8,4617.0,BIBLIS-A,8784,0.07670310572391628
Germany,Biblis A,PWR,CO2,1977,0.108791124,6164.5,5970.0,BIBLIS-A,8760,0.1545965197891151
Germany,Biblis A,PWR,CO2,1978,0.097617205,7067.1,6524.0,BIBLIS-A,8760,0.12100107764146537
Germany,Biblis A,PWR,CO2,1979,0.096619178,6569.0,7507.0,BIBLIS-A,8760,0.12884518180544985
Germany,Biblis A,PWR,CO2,1980,0.072470136,3855.0,4119.0,BIBLIS-A,8784,0.165130395492607
Germany,Biblis A,PWR,CO2,1981,0.114684164,6844.3,6288.0,BIBLIS-A,8760,0.1467839335856114
Germany,Biblis A,PWR,CO2,1982,0.139542028,8994.3,7723.0,BIBLIS-A,8760,0.13590698167506088
Germany,Biblis A,PWR,CO2,1983,0.109361096,7766.0,6783.0,BIBLIS-A,8760,0.12335864035024467
Germany,Biblis A,PWR,CO2,1984,0.115966028,6901.0,6175.0,BIBLIS-A,8784,0.14760840312302564
Germany,Biblis A,PWR,CO2,1985,0.117715683,7564.87,6797.0,BIBLIS-A,8760,0.1363129020168225
Germany,Biblis A,PWR,CO2,1986,0.105024702,6968.1,7227.0,BIBLIS-A,8760,0.13203260422783827
Germany,Biblis A,PWR,CO2,1987,0.100422498,7467.8,7154.0,BIBLIS-A,8760,0.11779922902059509
Germany,Biblis A,PWR,CO2,1988,0.088811474,5985.45,6594.0,BIBLIS-A,8784,0.13033606288850463
Germany,Biblis A,PWR,CO2,1989,0.088961524,6430.97,5904.0,BIBLIS-A,8760,0.12117968988193072
Germany,Biblis A,PWR,CO2,1990,0.108569271,5052.68,4676.0,BIBLIS-A,8760,0.18823016972379014
Germany,Biblis A,PWR,CO2,1991,0.083223134,6930.97,6778.0,BIBLIS-A,8760,0.10518508287296006
Germany,Biblis A,PWR,CO2,1992,0.11135017,6884.79,7024.0,BIBLIS-A,8784,0.14206677230242315
Germany,Biblis A,PWR,CO2,1993,0.12030411,8240.74,8558.0,BIBLIS-A,8760,0.1278846321568209
Germany,Biblis A,PWR,CO2,1994,0.118577162,7483.59,6697.0,BIBLIS-A,8760,0.13880182360605003
Germany,Biblis A,PWR,CO2,1995,0.079501743,2509.39,2655.0,BIBLIS-A,8760,0.2775316984127617
Germany,Biblis A,PWR,CO2,1996,0.091056614,4012.52,3503.0,BIBLIS-A,8784,0.1993364014075942
Germany,Biblis A,PWR,CO2,1997,0.12635817,8002.26,7648.0,BIBLIS-A,8760,0.1383231198686371
Germany,Biblis A,PWR,CO2,1998,0.13980377,10042.35,8752.0,BIBLIS-A,8760,0.12195163733588253
Germany,Biblis A,PWR,CO2,1999,0.122421753,7251.15,6865.0,BIBLIS-A,8760,0.14789578980989224
Germany,Biblis A,PWR,CO2,2000,0.108975924,5910.11,5497.0,BIBLIS-A,8784,0.16196729272653132
Germany,Biblis A,PWR,CO2,2001,0.130213655,9532.04,8334.0,BIBLIS-A,8760,0.11966710355810509
Germany,Biblis A,PWR,CO2,2002,0.125357688,6167.67,5988.0,BIBLIS-A,8760,0.17804670919163962
Germany,Biblis A,PWR,CO2,2003,0.080454357,2695.76,2406.0,BIBLIS-A,8760,0.26144024962162804
Germany,Biblis A,PWR,CO2,2004,0.141257008,9645.47,8395.0,BIBLIS-A,8784,0.12864086024548313
Germany,Biblis A,PWR,CO2,2005,0.109302871,7355.95,6489.0,BIBLIS-A,8760,0.13016580454733923
Germany,Biblis A,PWR,CO2,2006,0.117420724,6994.49,6190.0,BIBLIS-A,8760,0.14705940565216336
Germany,Biblis A,PWR,CO2,2008,0.144532241,8472.84,7783.0,BIBLIS-A,8784,0.14984010142337162
Germany,Biblis A,PWR,CO2,2009,0.019364493,1012.97,1393.0,BIBLIS-A,8760,0.16746098964431325
Germany,Biblis A,PWR,CO2,2010,0.110560033,4674.75,6093.0,BIBLIS-A,8760,0.20717811414086315
Germany,Biblis A,PWR,CO2,2011,0.028784767,2111.32,1845.0,BIBLIS-A,8760,0.1194298159066366
Germany,Biblis B,PWR,CO2,1978,0.043403836,5658.0,6015.0,BIBLIS-B,8760,0.06720000059384941
Germany,Biblis B,PWR,CO2,1979,0.04622685,6026.0,7254.0,BIBLIS-B,8760,0.06720000099568536
Germany,Biblis B,PWR,CO2,1980,0.042897534,5592.0,5761.0,BIBLIS-B,8784,0.06738410920171674
Germany,Biblis B,PWR,CO2,1981,0.062179945,8105.6,6804.0,BIBLIS-B,8760,0.0671999997779313
Germany,Biblis B,PWR,CO2,1982,0.070544657,9196.0,7681.0,BIBLIS-B,8760,0.06719999949108307
Germany,Biblis B,PWR,CO2,1983,0.049786302,6490.0,5360.0,BIBLIS-B,8760,0.06720000085053929
Germany,Biblis B,PWR,CO2,1984,0.06302685,8216.0,7338.0,BIBLIS-B,8784,0.06738411032132424
Germany,Biblis B,PWR,CO2,1985,0.059683803,7780.21,6918.0,BIBLIS-B,8760,0.06720000029305122
Germany,Biblis B,PWR,CO2,1986,0.051570783,6722.62,6370.0,BIBLIS-B,8760,0.06719999926814249
Germany,Biblis B,PWR,CO2,1987,0.043135266,5622.99,7273.0,BIBLIS-B,8760,0.06720000038413726
Germany,Biblis B,PWR,CO2,1988,0.042895693,5591.76,6593.0,BIBLIS-B,8784,0.06738410935233272
Germany,Biblis B,PWR,CO2,1989,0.039628055,5165.8,4807.0,BIBLIS-B,8760,0.06720000034844555
Germany,Biblis B,PWR,CO2,1990,0.069808986,9100.1,8631.0,BIBLIS-B,8760,0.0671999997098933
Germany,Biblis B,PWR,CO2,1991,0.03005405,3917.76,3626.0,BIBLIS-B,8760,0.06720000153148738
Germany,Biblis B,PWR,CO2,1992,0.058535343,7630.5,7184.0,BIBLIS-B,8784,0.06738411020404954
Germany,Biblis B,PWR,CO2,1993,0.057087474,7441.76,7368.0,BIBLIS-B,8760,0.06720000003225043
Germany,Biblis B,PWR,CO2,1994,0.0611688,7973.79,7468.0,BIBLIS-B,8760,0.06720000000000001
Germany,Biblis B,PWR,CO2,1995,0.060251628,7854.23,6603.0,BIBLIS-B,8760,0.06720000067224922
Germany,Biblis B,PWR,CO2,1996,0.060275638,7857.36,6762.0,BIBLIS-B,8784,0.06738410919087327
Germany,Biblis B,PWR,CO2,1997,0.06497097,8469.43,7560.0,BIBLIS-B,8760,0.06720000014168603
Germany,Biblis B,PWR,CO2,1998,0.062766564,8182.07,7409.0,BIBLIS-B,8760,0.06719999958934597
Germany,Biblis B,PWR,CO2,1999,0.066796493,8707.4,7474.0,BIBLIS-B,8760,0.06719999984840481
Germany,Biblis B,PWR,CO2,2000,0.063638093,8295.68,7950.0,BIBLIS-B,8784,0.0673841094294862
Germany,Biblis B,PWR,CO2,2001,0.057091157,7442.24,6470.0,BIBLIS-B,8760,0.06720000098357484
Germany,Biblis B,PWR,CO2,2002,0.078044055,10173.6,8371.0,BIBLIS-B,8760,0.06720000017692852
Germany,Biblis B,PWR,CO2,2003,0.059774553,7792.04,6630.0,BIBLIS-B,8760,0.06719999952258972
Germany,Biblis B,PWR,CO2,2004,0.067264362,8768.39,7309.0,BIBLIS-B,8784,0.06738410994583954
Germany,Biblis B,PWR,CO2,2005,0.052873666,6892.46,6014.0,BIBLIS-B,8760,0.06720000031338594
Germany,Biblis B,PWR,CO2,2006,0.063764362,8312.14,6929.0,BIBLIS-B,8760,0.0672000003753546
Germany,Biblis B,PWR,CO2,2007,0.006790883,885.24,731.0,BIBLIS-B,8760,0.0672000079978311
Germany,Biblis B,PWR,CO2,2008,0.079535112,10367.97,8766.0,BIBLIS-B,8784,0.06738410931050148
Germany,Biblis B,PWR,CO2,2009,0.011593764,1511.33,1513.0,BIBLIS-B,8760,0.06719999777679263
Germany,Biblis B,PWR,CO2,2010,0.074698936,9737.54,8138.0,BIBLIS-B,8760,0.06719999911271222
Germany,Biblis B,PWR,CO2,2011,0.01258834,1640.98,1342.0,BIBLIS-B,8760,0.06720000146254067
Germany,Brokdorf,PWR,CO2,1986,0.002277129,296.84,228.0,BROKDORF,8760,0.06720000687238918
Germany,Brokdorf,PWR,CO2,1987,0.072732953,9481.26,7477.0,BROKDORF,8760,0.06719999960764708
Germany,Brokdorf,PWR,CO2,1988,0.065832757,8581.77,7014.0,BROKDORF,8784,0.0673841104443489
Germany,Brokdorf,PWR,CO2,1989,0.068974279,8991.29,7134.0,BROKDORF,8760,0.06719999955957376
Germany,Brokdorf,PWR,CO2,1990,0.063956833,8337.23,6447.0,BROKDORF,8760,0.06720000012953943
Germany,Brokdorf,PWR,CO2,1991,0.072820943,9492.73,7542.0,BROKDORF,8760,0.06720000049300887
Germany,Brokdorf,PWR,CO2,1992,0.08275749,10788.03,8461.0,BROKDORF,8784,0.06738410925442365
Germany,Brokdorf,PWR,CO2,1993,0.072471057,9447.12,7441.0,BROKDORF,8760,0.06719999950461092
Germany,Brokdorf,PWR,CO2,1994,0.078465972,10228.6,7793.0,BROKDORF,8760,0.06719999948380032
Germany,Brokdorf,PWR,CO2,1995,0.076040098,9912.37,7833.0,BROKDORF,8760,0.06719999944312006
Germany,Brokdorf,PWR,CO2,1996,0.080972855,10555.39,8212.0,BROKDORF,8784,0.0673841097600373
Germany,Brokdorf,PWR,CO2,1997,0.086296153,11249.32,8328.0,BROKDORF,8760,0.06719999966931335
Germany,Brokdorf,PWR,CO2,1998,0.08248355,10752.32,7966.0,BROKDORF,8760,0.0671999994419809
Germany,Brokdorf,PWR,CO2,1999,0.085099364,11093.31,8177.0,BROKDORF,8760,0.06719999969711475
Germany,Brokdorf,PWR,CO2,2000,0.086953962,11335.07,8397.0,BROKDORF,8784,0.06738410986504714
Germany,Brokdorf,PWR,CO2,2001,0.086035945,11215.4,8331.0,BROKDORF,8760,0.06719999983950639
Germany,Brokdorf,PWR,CO2,2002,0.086968153,11336.92,8405.0,BROKDORF,8760,0.06719999967186856
Germany,Brokdorf,PWR,CO2,2003,0.081043353,10564.58,7903.0,BROKDORF,8760,0.06719999964787998
Germany,Brokdorf,PWR,CO2,2004,0.084696624,11040.81,8327.0,BROKDORF,8784,0.06738410906591093
Germany,Brokdorf,PWR,CO2,2005,0.087457348,11400.69,8433.0,BROKDORF,8760,0.0672000000421027
Germany,Brokdorf,PWR,CO2,2006,0.085928011,11201.33,8307.0,BROKDORF,8760,0.06720000003213904
Germany,Brokdorf,PWR,CO2,2007,0.087648822,11425.65,8293.0,BROKDORF,8760,0.06720000006301612
Germany,Brokdorf,PWR,CO2,2008,0.087838685,11450.4,8320.0,BROKDORF,8784,0.06738410964158457
Germany,Brokdorf,PWR,CO2,2009,0.087907879,11459.42,8260.0,BROKDORF,8760,0.06719999965443277
Germany,Brokdorf,PWR,CO2,2010,0.087148657,11360.45,8201.0,BROKDORF,8760,0.06719999958804448
Germany,Brokdorf,PWR,CO2,2011,0.074420624,9701.26,7382.0,BROKDORF,8760,0.0671999994062627
Germany,Brokdorf,PWR,CO2,2012,0.078606433,10246.91,7369.0,BROKDORF,8784,0.0673841096947275
Germany,Brokdorf,PWR,CO2,2013,0.085504866,11146.17,8108.0,BROKDORF,8760,0.06720000019378854
Germany,Brokdorf,PWR,CO2,2014,0.084185414,10974.17,8136.0,BROKDORF,8760,0.06720000024056488
Germany,Brokdorf,PWR,CO2,2015,0.081505162,10624.78,8210.0,BROKDORF,8760,0.06720000029365314
Germany,Brokdorf,PWR,CO2,2016,0.084061447,10958.01,8194.0,BROKDORF,8784,0.06738410992944886
Germany,Brunsbüttel,BWR,CO2,1978,0.135854452,2333.5,3405.0,BRUNSBUETTEL,8760,0.5099999997943003
Germany,Brunsbüttel,BWR,CO2,1980,0.04162089,714.9,1354.0,BRUNSBUETTEL,8784,0.511397255224507
Germany,Brunsbüttel,BWR,CO2,1981,0.25979726,4462.4,7432.0,BRUNSBUETTEL,8760,0.5099999994621729
Germany,Brunsbüttel,BWR,CO2,1982,0.200227397,3439.2,5007.0,BRUNSBUETTEL,8760,0.5099999993370552
Germany,Brunsbüttel,BWR,CO2,1983,0.140657534,2416.0,3241.0,BRUNSBUETTEL,8760,0.5099999991059603
Germany,Brunsbüttel,BWR,CO2,1984,0.310541096,5334.0,7549.0,BRUNSBUETTEL,8784,0.5113972604544432
Germany,Brunsbüttel,BWR,CO2,1985,0.327500925,5625.31,7661.0,BRUNSBUETTEL,8760,0.510000000533304
Germany,Brunsbüttel,BWR,CO2,1986,0.327826952,5630.91,7802.0,BRUNSBUETTEL,8760,0.5099999999147562
Germany,Brunsbüttel,BWR,CO2,1987,0.304709281,5233.83,7837.0,BRUNSBUETTEL,8760,0.5100000002980609
Germany,Brunsbüttel,BWR,CO2,1988,0.296062568,5085.31,7800.0,BRUNSBUETTEL,8784,0.5113972594221395
Germany,Brunsbüttel,BWR,CO2,1989,0.23853387,4097.17,6730.0,BRUNSBUETTEL,8760,0.5100000002928851
Germany,Brunsbüttel,BWR,CO2,1990,0.278306301,4780.32,8527.0,BRUNSBUETTEL,8760,0.5099999993222211
Germany,Brunsbüttel,BWR,CO2,1991,0.222356507,3819.3,6317.0,BRUNSBUETTEL,8760,0.510000000345613
Germany,Brunsbüttel,BWR,CO2,1992,0.203030651,3487.35,5425.0,BRUNSBUETTEL,8784,0.5113972610675729
Germany,Brunsbüttel,BWR,CO2,1995,0.1747175,3001.03,4750.0,BRUNSBUETTEL,8760,0.51
Germany,Brunsbüttel,BWR,CO2,1996,0.273417637,4696.35,7255.0,BRUNSBUETTEL,8784,0.5113972602995943
Germany,Brunsbüttel,BWR,CO2,1997,0.297088973,5102.94,8760.0,BRUNSBUETTEL,8760,0.5100000006819598
Germany,Brunsbüttel,BWR,CO2,1998,0.232520993,3993.89,5712.0,BRUNSBUETTEL,8760,0.5099999996694952
Germany,Brunsbüttel,BWR,CO2,1999,0.362112808,6219.82,8290.0,BRUNSBUETTEL,8760,0.5099999996913094
Germany,Brunsbüttel,BWR,CO2,2000,0.336786301,5784.8,8295.0,BRUNSBUETTEL,8784,0.5113972597123496
Germany,Brunsbüttel,BWR,CO2,2001,0.33559339,5764.31,8202.0,BRUNSBUETTEL,8760,0.5099999993754673
Germany,Brunsbüttel,BWR,CO2,2002,0.050067911,859.99,1167.0,BRUNSBUETTEL,8760,0.5100000004186095
Germany,Brunsbüttel,BWR,CO2,2003,0.285612226,4905.81,6688.0,BRUNSBUETTEL,8760,0.5099999999510784
Germany,Brunsbüttel,BWR,CO2,2004,0.283712534,4873.18,6504.0,BRUNSBUETTEL,8784,0.5113972598295159
Germany,Brunsbüttel,BWR,CO2,2005,0.350900959,6027.24,7989.0,BRUNSBUETTEL,8760,0.5100000001393673
Germany,Brunsbüttel,BWR,CO2,2006,0.347416541,5967.39,7958.0,BRUNSBUETTEL,8760,0.5099999998592349
Germany,Brunsbüttel,BWR,CO2,2007,0.144841747,2487.87,3362.0,BRUNSBUETTEL,8760,0.5100000014952549
Germany,Emsland,PWR,CO2,1988,0.043686981,5694.91,4516.0,EMSLAND,8784,0.06738410986372041
Germany,Emsland,PWR,CO2,1989,0.075616953,9857.21,7794.0,EMSLAND,8760,0.06719999962261126
Germany,Emsland,PWR,CO2,1990,0.077013348,10039.24,7956.0,EMSLAND,8760,0.06720000004781237
Germany,Emsland,PWR,CO2,1991,0.071244888,9287.28,7304.0,EMSLAND,8760,0.06720000031010157
Germany,Emsland,PWR,CO2,1992,0.077924767,10158.05,7933.0,EMSLAND,8784,0.06738410948243019
Germany,Emsland,PWR,CO2,1993,0.080372274,10477.1,8147.0,EMSLAND,8760,0.06720000002290709
Germany,Emsland,PWR,CO2,1994,0.08075269,10526.69,8193.0,EMSLAND,8760,0.06719999965801216
Germany,Emsland,PWR,CO2,1995,0.080515112,10495.72,8168.0,EMSLAND,8760,0.06719999972560245
Germany,Emsland,PWR,CO2,1996,0.08098743,10557.29,8195.0,EMSLAND,8784,0.06738410947506415
Germany,Emsland,PWR,CO2,1997,0.081700088,10650.19,8298.0,EMSLAND,8760,0.06720000027041771
Germany,Emsland,PWR,CO2,1998,0.082809041,10794.75,8388.0,EMSLAND,8760,0.0671999999221844
Germany,Emsland,PWR,CO2,1999,0.082306038,10729.18,8413.0,EMSLAND,8760,0.06719999970920425
Germany,Emsland,PWR,CO2,2000,0.082864581,10801.99,8339.0,EMSLAND,8784,0.0673841097338546
Germany,Emsland,PWR,CO2,2001,0.08387074,10933.15,8257.0,EMSLAND,8760,0.06720000021951587
Germany,Emsland,PWR,CO2,2002,0.086242302,11242.3,8497.0,EMSLAND,8760,0.06720000049100275
Germany,Emsland,PWR,CO2,2003,0.085127517,11096.98,8401.0,EMSLAND,8760,0.06719999936198859
Germany,Emsland,PWR,CO2,2004,0.085512767,11147.2,8456.0,EMSLAND,8784,0.06738410949189035
Germany,Emsland,PWR,CO2,2005,0.083523079,10887.83,8239.0,EMSLAND,8760,0.06719999963629116
Germany,Emsland,PWR,CO2,2006,0.085515836,11147.6,8461.0,EMSLAND,8760,0.06720000030141017
Germany,Emsland,PWR,CO2,2007,0.084300866,10989.22,8311.0,EMSLAND,8760,0.06720000019655627
Germany,Emsland,PWR,CO2,2008,0.083586904,10896.15,8211.0,EMSLAND,8784,0.0673841095006952
Germany,Emsland,PWR,CO2,2009,0.083227047,10849.24,8194.0,EMSLAND,8760,0.06720000034288116
Germany,Emsland,PWR,CO2,2010,0.084214488,10977.96,8286.0,EMSLAND,8760,0.06720000026234384
Germany,Emsland,PWR,CO2,2011,0.084809469,11055.52,8339.0,EMSLAND,8760,0.06720000040160932
Germany,Emsland,PWR,CO2,2012,0.083214926,10847.66,8314.0,EMSLAND,8784,0.0673841095668559
Germany,Emsland,PWR,CO2,2013,0.083709336,10912.11,8328.0,EMSLAND,8760,0.06719999920821912
Germany,Emsland,PWR,CO2,2014,0.084037589,10954.9,8341.0,EMSLAND,8760,0.06719999996713799
Germany,Emsland,PWR,CO2,2015,0.079751288,10396.15,7980.0,EMSLAND,8760,0.06720000027702563
Germany,Emsland,PWR,CO2,2016,0.08085234,10539.68,8279.0,EMSLAND,8784,0.06738410981737586
Germany,Grafenrheinfeld,PWR,CO2,1982,0.062436931,8139.1,7350.0,GRAFENRHEINFELD,8760,0.06719999945448514
Germany,Grafenrheinfeld,PWR,CO2,1983,0.072201643,9412.0,7898.0,GRAFENRHEINFELD,8760,0.06719999922226945
Germany,Grafenrheinfeld,PWR,CO2,1984,0.073567124,9590.0,7890.0,GRAFENRHEINFELD,8784,0.06738411024150157
Germany,Grafenrheinfeld,PWR,CO2,1985,0.074730312,9741.63,8155.0,GRAFENRHEINFELD,8760,0.0671999997043616
Germany,Grafenrheinfeld,PWR,CO2,1986,0.066879112,8718.17,7179.0,GRAFENRHEINFELD,8760,0.06719999966965545
Germany,Grafenrheinfeld,PWR,CO2,1987,0.06413611,8360.6,7509.0,GRAFENRHEINFELD,8760,0.0672000004305911
Germany,Grafenrheinfeld,PWR,CO2,1988,0.067506159,8799.91,7604.0,GRAFENRHEINFELD,8784,0.06738410968475814
Germany,Grafenrheinfeld,PWR,CO2,1989,0.07212286,9401.73,7840.0,GRAFENRHEINFELD,8760,0.06719999974472783
Germany,Grafenrheinfeld,PWR,CO2,1990,0.06068137,7910.25,6743.0,GRAFENRHEINFELD,8760,0.0672000001517019
Germany,Grafenrheinfeld,PWR,CO2,1991,0.074821217,9753.48,8114.0,GRAFENRHEINFELD,8760,0.06720000050443534
Germany,Grafenrheinfeld,PWR,CO2,1992,0.074082247,9657.15,8074.0,GRAFENRHEINFELD,8784,0.06738410997530328
Germany,Grafenrheinfeld,PWR,CO2,1993,0.067858959,8845.9,7524.0,GRAFENRHEINFELD,8760,0.06720000009495924
Germany,Grafenrheinfeld,PWR,CO2,1994,0.074215266,9674.49,8116.0,GRAFENRHEINFELD,8760,0.06720000022326758
Germany,Grafenrheinfeld,PWR,CO2,1995,0.076298312,9946.03,8193.0,GRAFENRHEINFELD,8760,0.06719999971043722
Germany,Grafenrheinfeld,PWR,CO2,1996,0.073095957,9528.58,7886.0,GRAFENRHEINFELD,8784,0.067384110359361
Germany,Grafenrheinfeld,PWR,CO2,1997,0.077717183,10130.99,8202.0,GRAFENRHEINFELD,8760,0.06719999951436138
Germany,Grafenrheinfeld,PWR,CO2,1998,0.07016846,9146.96,7429.0,GRAFENRHEINFELD,8760,0.06719999973761775
Germany,Grafenrheinfeld,PWR,CO2,1999,0.063952614,8336.68,6737.0,GRAFENRHEINFELD,8760,0.06720000031667282
Germany,Grafenrheinfeld,PWR,CO2,2000,0.073650586,9600.88,7829.0,GRAFENRHEINFELD,8784,0.06738410931331296
Germany,Grafenrheinfeld,PWR,CO2,2001,0.081115157,10573.94,8392.0,GRAFENRHEINFELD,8760,0.06720000069226796
Germany,Grafenrheinfeld,PWR,CO2,2002,0.075868033,9889.94,7977.0,GRAFENRHEINFELD,8760,0.06720000010920187
Germany,Grafenrheinfeld,PWR,CO2,2003,0.078785403,10270.24,8196.0,GRAFENRHEINFELD,8760,0.06720000022200066
Germany,Grafenrheinfeld,PWR,CO2,2004,0.07770514,10129.42,8059.0,GRAFENRHEINFELD,8784,0.06738410982662384
Germany,Grafenrheinfeld,PWR,CO2,2005,0.077525326,10105.98,8046.0,GRAFENRHEINFELD,8760,0.06719999997625169
Germany,Grafenrheinfeld,PWR,CO2,2006,0.07230045,9424.88,7588.0,GRAFENRHEINFELD,8760,0.06720000063661288
Germany,Grafenrheinfeld,PWR,CO2,2007,0.079101688,10311.47,8236.0,GRAFENRHEINFELD,8760,0.06720000027930063
Germany,Grafenrheinfeld,PWR,CO2,2008,0.074894324,9763.01,7828.0,GRAFENRHEINFELD,8784,0.06738411022993933
Germany,Grafenrheinfeld,PWR,CO2,2009,0.080143364,10447.26,8282.0,GRAFENRHEINFELD,8760,0.06719999967838457
Germany,Grafenrheinfeld,PWR,CO2,2010,0.05747725,7492.57,5948.0,GRAFENRHEINFELD,8760,0.06720000080079333
Germany,Grafenrheinfeld,PWR,CO2,2011,0.065453336,8532.31,6793.0,GRAFENRHEINFELD,8760,0.06719999898737858
Germany,Grafenrheinfeld,PWR,CO2,2012,0.076684943,9996.43,8123.0,GRAFENRHEINFELD,8784,0.06738411005849088
Germany,Grafenrheinfeld,PWR,CO2,2013,0.074140855,9664.79,7846.0,GRAFENRHEINFELD,8760,0.06720000018624306
Germany,Grafenrheinfeld,PWR,CO2,2014,0.075584581,9852.99,8081.0,GRAFENRHEINFELD,8760,0.06720000015832758
Germany,Grafenrheinfeld,PWR,CO2,2015,0.031379331,4090.52,3815.0,GRAFENRHEINFELD,8760,0.06719999891456344
Germany,Grohnde TOT,PWR,CO2,1984,0.009312876,1214.0,1424.0,GROHNDE,8784,0.06738410443492586
Germany,Grohnde TOT,PWR,CO2,1985,0.083394357,10871.05,8406.0,GROHNDE,8760,0.06720000067334803
Germany,Grohnde TOT,PWR,CO2,1986,0.07828777,10205.37,8120.0,GROHNDE,8760,0.06720000011758516
Germany,Grohnde TOT,PWR,CO2,1987,0.074015736,9648.48,7979.0,GROHNDE,8760,0.06719999910452217
Germany,Grohnde TOT,PWR,CO2,1988,0.078310093,10208.28,8104.0,GROHNDE,8784,0.06738410945938003
Germany,Grohnde TOT,PWR,CO2,1989,0.078855978,10279.44,8058.0,GROHNDE,8760,0.06719999992995726
Germany,Grohnde TOT,PWR,CO2,1990,0.077660186,10123.56,7872.0,GROHNDE,8760,0.06719999973922218
Germany,Grohnde TOT,PWR,CO2,1991,0.076388296,9957.76,7603.0,GROHNDE,8760,0.06720000009640723
Germany,Grohnde TOT,PWR,CO2,1992,0.079967157,10424.29,7981.0,GROHNDE,8784,0.06738411029317104
Germany,Grohnde TOT,PWR,CO2,1993,0.081929611,10680.11,8147.0,GROHNDE,8760,0.0672000000337075
Germany,Grohnde TOT,PWR,CO2,1994,0.078756405,10266.46,8063.0,GROHNDE,8760,0.06719999959090085
Germany,Grohnde TOT,PWR,CO2,1995,0.082628076,10771.16,7986.0,GROHNDE,8760,0.06719999942067521
Germany,Grohnde TOT,PWR,CO2,1996,0.081237205,10589.85,7861.0,GROHNDE,8784,0.06738410919134832
Germany,Grohnde TOT,PWR,CO2,1997,0.091016493,11864.65,8760.0,GROHNDE,8760,0.06719999988874514
Germany,Grohnde TOT,PWR,CO2,1998,0.08550594,11146.31,8301.0,GROHNDE,8760,0.0672000002153179
Germany,Grohnde TOT,PWR,CO2,1999,0.086011014,11212.15,8351.0,GROHNDE,8760,0.06720000023545886
Germany,Grohnde TOT,PWR,CO2,2000,0.08481223,11055.88,8250.0,GROHNDE,8784,0.06738410948020421
Germany,Grohnde TOT,PWR,CO2,2001,0.083820876,10926.65,8310.0,GROHNDE,8760,0.0671999994289192
Germany,Grohnde TOT,PWR,CO2,2002,0.082787102,10791.89,8233.0,GROHNDE,8760,0.0672000005114952
Germany,Grohnde TOT,PWR,CO2,2003,0.083869896,10933.04,8343.0,GROHNDE,8760,0.06720000008780723
Germany,Grohnde TOT,PWR,CO2,2004,0.082047057,10695.42,8245.0,GROHNDE,8784,0.0673841091502718
Germany,Grohnde TOT,PWR,CO2,2005,0.083163452,10840.95,8364.0,GROHNDE,8760,0.06719999995572343
Germany,Grohnde TOT,PWR,CO2,2006,0.084350498,10995.69,8296.0,GROHNDE,8760,0.06719999949798512
Germany,Grohnde TOT,PWR,CO2,2007,0.082990466,10818.4,8270.0,GROHNDE,8760,0.06720000019965984
Germany,Grohnde TOT,PWR,CO2,2008,0.080900438,10545.95,8048.0,GROHNDE,8784,0.0673841092923824
Germany,Grohnde TOT,PWR,CO2,2009,0.083366893,10867.47,8288.0,GROHNDE,8760,0.06719999987853659
Germany,Grohnde TOT,PWR,CO2,2010,0.082714608,10782.44,8267.0,GROHNDE,8760,0.06719999982193268
Germany,Grohnde TOT,PWR,CO2,2011,0.073668307,9603.19,7341.0,GROHNDE,8760,0.06720000013745432
Germany,Grohnde TOT,PWR,CO2,2012,0.084449611,11008.61,8374.0,GROHNDE,8784,0.06738410962183236
Germany,Grohnde TOT,PWR,CO2,2013,0.079934707,10420.06,7847.0,GROHNDE,8760,0.06720000012667873
Germany,Grohnde TOT,PWR,CO2,2014,0.07273234,9481.18,7326.0,GROHNDE,8760,0.06720000025313305
Germany,Grohnde TOT,PWR,CO2,2015,0.075673336,9864.56,7792.0,GROHNDE,8760,0.06719999912413731
Germany,Grohnde TOT,PWR,CO2,2016,0.064560405,8415.91,6597.0,GROHNDE,8784,0.06738410908861905
Germany,Gundremmingen B-C,BWR,CO2,1984,0.433267123,7442.0,7002.0,GUNDREMMINGEN-B,8784,0.5113972599344262
Germany,Gundremmingen B-C,BWR,CO2,1985,1.065237466,18297.019999999997,15515.0,GUNDREMMINGEN-B,8760,0.510000000118052
Germany,Gundremmingen B-C,BWR,CO2,1986,0.949951267,16316.810000000001,15379.0,GUNDREMMINGEN-B,8760,0.5099999999338105
Germany,Gundremmingen B-C,BWR,CO2,1987,0.916741301,15746.380000000001,15221.0,GUNDREMMINGEN-B,8760,0.5099999997942384
Germany,Gundremmingen B-C,BWR,CO2,1988,0.846239041,14535.400000000001,15593.0,GUNDREMMINGEN-B,8784,0.5113972602160243
Germany,Gundremmingen B-C,BWR,CO2,1989,1.021059589,17538.2,16465.0,GUNDREMMINGEN-B,8760,0.5099999999794733
Germany,Gundremmingen B-C,BWR,CO2,1990,0.972669555,16707.03,15236.0,GUNDREMMINGEN-B,8760,0.510000000107739
Germany,Gundremmingen B-C,BWR,CO2,1991,0.951534829,16344.01,15229.0,GUNDREMMINGEN-B,8760,0.5100000001248163
Germany,Gundremmingen B-C,BWR,CO2,1992,0.975047226,16747.870000000003,15857.0,GUNDREMMINGEN-B,8784,0.5113972602596031
Germany,Gundremmingen B-C,BWR,CO2,1993,0.856111267,14704.970000000001,14683.0,GUNDREMMINGEN-B,8760,0.5099999999265554
Germany,Gundremmingen B-C,BWR,CO2,1994,0.950580616,16327.619999999999,15360.0,GUNDREMMINGEN-B,8760,0.5099999997648157
Germany,Gundremmingen B-C,BWR,CO2,1995,1.051346952,18058.43,15464.0,GUNDREMMINGEN-B,8760,0.5099999999734196
Germany,Gundremmingen B-C,BWR,CO2,1996,1.099171096,18879.879999999997,16079.0,GUNDREMMINGEN-B,8784,0.5113972603249598
Germany,Gundremmingen B-C,BWR,CO2,1997,1.060740034,18219.769999999997,16125.0,GUNDREMMINGEN-B,8760,0.5099999998814475
Germany,Gundremmingen B-C,BWR,CO2,1998,1.088790034,18701.57,16149.0,GUNDREMMINGEN-B,8760,0.5099999998845017
Germany,Gundremmingen B-C,BWR,CO2,1999,1.035310479,17782.98,15199.0,GUNDREMMINGEN-B,8760,0.5099999997773152
Germany,Gundremmingen B-C,BWR,CO2,2000,1.13604363,19513.22,16262.0,GUNDREMMINGEN-B,8784,0.5113972602123074
Germany,Gundremmingen B-C,BWR,CO2,2001,1.167591438,20055.1,16421.0,GUNDREMMINGEN-B,8760,0.5099999998444287
Germany,Gundremmingen B-C,BWR,CO2,2002,1.182593938,20312.79,16440.0,GUNDREMMINGEN-B,8760,0.5099999998464021
Germany,Gundremmingen B-C,BWR,CO2,2003,1.190348733,20445.989999999998,16256.0,GUNDREMMINGEN-B,8760,0.5100000000528222
Germany,Gundremmingen B-C,BWR,CO2,2004,1.091816267,18753.55,14955.0,GUNDREMMINGEN-B,8784,0.5113972602162258
Germany,Gundremmingen B-C,BWR,CO2,2005,1.18275637,20315.58,16303.0,GUNDREMMINGEN-B,8760,0.5100000000590679
Germany,Gundremmingen B-C,BWR,CO2,2006,1.20098887,20628.75,16252.0,GUNDREMMINGEN-B,8760,0.5100000000581713
Germany,Gundremmingen B-C,BWR,CO2,2007,1.186786884,20384.809999999998,16028.0,GUNDREMMINGEN-B,8760,0.5100000001883755
Germany,Gundremmingen B-C,BWR,CO2,2008,1.141031267,19598.89,15305.0,GUNDREMMINGEN-B,8784,0.5113972602187166
Germany,Gundremmingen B-C,BWR,CO2,2009,1.203102226,20665.050000000003,16147.0,GUNDREMMINGEN-B,8760,0.5099999999883861
Germany,Gundremmingen B-C,BWR,CO2,2010,1.155973801,19855.550000000003,15487.0,GUNDREMMINGEN-B,8760,0.5099999998368213
Germany,Gundremmingen B-C,BWR,CO2,2011,1.151287158,19775.05,15466.0,GUNDREMMINGEN-B,8760,0.5100000002063205
Germany,Gundremmingen B-C,BWR,CO2,2012,1.162156678,19961.75,15788.0,GUNDREMMINGEN-B,8784,0.5113972602378049
Germany,Gundremmingen B-C,BWR,CO2,2013,1.144768356,19663.08,15494.0,GUNDREMMINGEN-B,8760,0.5099999999267661
Germany,Gundremmingen B-C,BWR,CO2,2014,1.138662329,19558.199999999997,15398.0,GUNDREMMINGEN-B,8760,0.5100000001043041
Germany,Gundremmingen B-C,BWR,CO2,2015,1.174567842,20174.93,16133.0,GUNDREMMINGEN-B,8760,0.5099999997977689
Germany,Gundremmingen B-C,BWR,CO2,2016,1.073327021,18435.97,15442.0,GUNDREMMINGEN-B,8784,0.5113972604893586
Germany,Isar 1,BWR,CO2,1978,0.136593836,2346.2,4107.0,ISAR-1,8760,0.510000001432103
Germany,Isar 1,BWR,CO2,1979,0.303496575,5213.0,6825.0,ISAR-1,8760,0.5099999994245157
Germany,Isar 1,BWR,CO2,1980,0.244636986,4202.0,5791.0,ISAR-1,8784,0.5113972596439791
Germany,Isar 1,BWR,CO2,1981,0.241953082,4155.9,5880.0,ISAR-1,8760,0.5099999995957555
Germany,Isar 1,BWR,CO2,1982,0.093342808,1603.3,2232.0,ISAR-1,8760,0.5099999988024699
Germany,Isar 1,BWR,CO2,1983,0.415859589,7143.0,8627.0,ISAR-1,8760,0.509999999949601
Germany,Isar 1,BWR,CO2,1984,0.325270548,5587.0,7262.0,ISAR-1,8784,0.5113972603601217
Germany,Isar 1,BWR,CO2,1985,0.379332295,6515.59,8006.0,ISAR-1,8760,0.5100000006446077
Germany,Isar 1,BWR,CO2,1986,0.370879452,6370.4,7871.0,ISAR-1,8760,0.5099999999246515
Germany,Isar 1,BWR,CO2,1987,0.417122945,7164.7,8335.0,ISAR-1,8760,0.5099999997487683
Germany,Isar 1,BWR,CO2,1988,0.328306096,5639.14,7674.0,ISAR-1,8784,0.5113972604446777
Germany,Isar 1,BWR,CO2,1989,0.303045377,5205.25,7233.0,ISAR-1,8760,0.5100000004841266
Germany,Isar 1,BWR,CO2,1990,0.294283973,5054.76,7577.0,ISAR-1,8760,0.51000000068846
Germany,Isar 1,BWR,CO2,1991,0.393594829,6760.57,8381.0,ISAR-1,8760,0.5100000003017496
Germany,Isar 1,BWR,CO2,1992,0.341863014,5872.0,7903.0,ISAR-1,8784,0.5113972607247957
Germany,Isar 1,BWR,CO2,1993,0.324582979,5575.19,7553.0,ISAR-1,8760,0.5099999992897104
Germany,Isar 1,BWR,CO2,1994,0.299846815,5150.31,6462.0,ISAR-1,8760,0.5099999998835021
Germany,Isar 1,BWR,CO2,1995,0.375278493,6445.96,8306.0,ISAR-1,8760,0.5099999997952206
Germany,Isar 1,BWR,CO2,1996,0.338619041,5816.28,7674.0,ISAR-1,8784,0.5113972601291548
Germany,Isar 1,BWR,CO2,1997,0.349224247,5998.44,8059.0,ISAR-1,8760,0.5100000006201613
Germany,Isar 1,BWR,CO2,1998,0.36886274,6335.76,7857.0,ISAR-1,8760,0.5100000003788022
Germany,Isar 1,BWR,CO2,1999,0.438515582,7532.15,8736.0,ISAR-1,8760,0.5099999997769562
Germany,Isar 1,BWR,CO2,2000,0.386922329,6645.96,8231.0,ISAR-1,8784,0.5113972605817669
Germany,Isar 1,BWR,CO2,2001,0.342850993,5888.97,7353.0,ISAR-1,8760,0.5099999997758521
Germany,Isar 1,BWR,CO2,2002,0.440497945,7566.2,8731.0,ISAR-1,8760,0.5099999997620999
Germany,Isar 1,BWR,CO2,2003,0.366862911,6301.41,7773.0,ISAR-1,8760,0.5100000000571301
Germany,Isar 1,BWR,CO2,2004,0.39420613,6771.07,7984.0,ISAR-1,8784,0.5113972600962625
Germany,Isar 1,BWR,CO2,2005,0.427149452,7336.92,8546.0,ISAR-1,8760,0.5099999999345775
Germany,Isar 1,BWR,CO2,2006,0.396359658,6808.06,8064.0,ISAR-1,8760,0.5100000005992896
Germany,Isar 1,BWR,CO2,2007,0.393315377,6755.77,8086.0,ISAR-1,8760,0.5100000003730145
Germany,Isar 1,BWR,CO2,2008,0.441454486,7582.63,8784.0,ISAR-1,8784,0.5113972599248545
Germany,Isar 1,BWR,CO2,2009,0.395657534,6796.0,8076.0,ISAR-1,8760,0.5099999996821659
Germany,Isar 1,BWR,CO2,2010,0.365918014,6285.18,7464.0,ISAR-1,8760,0.5100000004200357
Germany,Isar 1,BWR,CO2,2011,0.090885959,1561.1,1816.0,ISAR-1,8760,0.5100000005380821
Germany,Isar 2,PWR,CO2,1988,0.046203836,6023.0,6177.0,ISAR-2,8784,0.06738411014843101
Germany,Isar 2,PWR,CO2,1989,0.059290345,7728.92,6876.0,ISAR-2,8760,0.06719999976710847
Germany,Isar 2,PWR,CO2,1990,0.071122762,9271.36,7915.0,ISAR-2,8760,0.06720000033652021
Germany,Isar 2,PWR,CO2,1991,0.074404745,9699.19,7732.0,ISAR-2,8760,0.06719999981441749
Germany,Isar 2,PWR,CO2,1992,0.075511704,9843.49,7917.0,ISAR-2,8784,0.06738410949124751
Germany,Isar 2,PWR,CO2,1993,0.078192647,10192.97,8052.0,ISAR-2,8760,0.06720000036495742
Germany,Isar 2,PWR,CO2,1994,0.080546871,10499.86,8209.0,ISAR-2,8760,0.0671999998057117
Germany,Isar 2,PWR,CO2,1995,0.077021557,10040.31,7891.0,ISAR-2,8760,0.06720000072906117
Germany,Isar 2,PWR,CO2,1996,0.078745972,10265.1,7989.0,ISAR-2,8784,0.06738410907326767
Germany,Isar 2,PWR,CO2,1997,0.083665457,10906.39,8258.0,ISAR-2,8760,0.06719999957089377
Germany,Isar 2,PWR,CO2,1998,0.08252789,10758.1,8356.0,ISAR-2,8760,0.06719999966536842
Germany,Isar 2,PWR,CO2,1999,0.089069688,11610.87,8465.0,ISAR-2,8760,0.06720000024804341
Germany,Isar 2,PWR,CO2,2000,0.086617041,11291.15,8311.0,ISAR-2,8784,0.06738410951444274
Germany,Isar 2,PWR,CO2,2001,0.089993611,11731.31,8506.0,ISAR-2,8760,0.06720000003068712
Germany,Isar 2,PWR,CO2,2002,0.088312997,11512.23,8350.0,ISAR-2,8760,0.06719999980194975
Germany,Isar 2,PWR,CO2,2003,0.089535485,11671.59,8491.0,ISAR-2,8760,0.06720000005140687
Germany,Isar 2,PWR,CO2,2004,0.088950093,11595.28,8395.0,ISAR-2,8784,0.06738410947488978
Germany,Isar 2,PWR,CO2,2005,0.085170324,11102.56,7976.0,ISAR-2,8760,0.06720000056203256
Germany,Isar 2,PWR,CO2,2006,0.090177336,11755.26,8494.0,ISAR-2,8760,0.06719999926500987
Germany,Isar 2,PWR,CO2,2007,0.087279376,11377.49,8200.0,ISAR-2,8760,0.0672000005062628
Germany,Isar 2,PWR,CO2,2008,0.087882795,11456.15,8217.0,ISAR-2,8784,0.06738410995666085
Germany,Isar 2,PWR,CO2,2009,0.088102959,11484.85,8277.0,ISAR-2,8760,0.06720000007313982
Germany,Isar 2,PWR,CO2,2010,0.087262422,11375.28,8162.0,ISAR-2,8760,0.06720000006329516
Germany,Isar 2,PWR,CO2,2011,0.089414664,11655.84,8378.0,ISAR-2,8760,0.06720000074125933
Germany,Isar 2,PWR,CO2,2012,0.087337217,11385.03,8299.0,ISAR-2,8784,0.06738411002237148
Germany,Isar 2,PWR,CO2,2013,0.087467857,11402.06,8400.0,ISAR-2,8760,0.06719999958954785
Germany,Isar 2,PWR,CO2,2014,0.082810192,10794.9,8350.0,ISAR-2,8760,0.06720000017786178
Germany,Isar 2,PWR,CO2,2015,0.080587759,10505.19,7798.0,ISAR-2,8760,0.06720000007996046
Germany,Isar 2,PWR,CO2,2016,0.086983189,11338.88,8420.0,ISAR-2,8784,0.06738410955720495
Germany,KNK II,FBR,CO2,1978,8.63e-05,6.3,1903.0,KNK II,8760,0.11999809523809524
Germany,KNK II,FBR,CO2,1979,0.000358904,26.2,1980.0,KNK II,8760,0.11999996335877863
Germany,KNK II,FBR,CO2,1980,0.000456164,33.3,2625.0,KNK II,8784,0.12032866594594598
Germany,KNK II,FBR,CO2,1981,0.000479452,35.0,3510.0,KNK II,8760,0.1199999862857143
Germany,KNK II,FBR,CO2,1982,0.00039726,29.0,3475.0,KNK II,8760,0.1199999172413793
Germany,KNK II,FBR,CO2,1983,0.000232877,17.0,1707.0,KNK II,8760,0.12000014823529413
Germany,KNK II,FBR,CO2,1984,0.00072274,52.76,4177.0,KNK II,8784,0.12032881273692192
Germany,KNK II,FBR,CO2,1985,0.000741233,54.11,3966.0,KNK II,8760,0.12000001995934209
Germany,KNK II,FBR,CO2,1986,0.000183014,13.36,1139.0,KNK II,8760,0.12000019760479043
Germany,KNK II,FBR,CO2,1987,0.000192329,14.04,1795.0,KNK II,8760,0.12000014529914531
Germany,KNK II,FBR,CO2,1990,0.000463014,33.8,4215.0,KNK II,8760,0.12000007810650888
Germany,KNK II,FBR,CO2,1991,0.000106438,7.77,1034.0,KNK II,8760,0.11999959845559846
Germany,Krümmel,BWR,CO2,1983,0.054958904,944.0,1652.0,KRUEMMEL,8760,0.5099999989830509
Germany,Krümmel,BWR,CO2,1984,0.56309589,9672.0,8112.0,KRUEMMEL,8784,0.5113972599007445
Germany,Krümmel,BWR,CO2,1985,0.54154839,9301.89,7551.0,KRUEMMEL,8760,0.5099999996129818
Germany,Krümmel,BWR,CO2,1986,0.552402192,9488.32,7780.0,KRUEMMEL,8760,0.510000000202354
Germany,Krümmel,BWR,CO2,1987,0.534465445,9180.23,7822.0,KRUEMMEL,8760,0.5099999998039265
Germany,Krümmel,BWR,CO2,1988,0.5367325,9219.17,8018.0,KRUEMMEL,8784,0.5113972602739726
Germany,Krümmel,BWR,CO2,1989,0.479817432,8241.57,7247.0,KRUEMMEL,8760,0.510000000524172
Germany,Krümmel,BWR,CO2,1990,0.514084075,8830.15,7507.0,KRUEMMEL,8760,0.509999999660255
Germany,Krümmel,BWR,CO2,1991,0.450474966,7737.57,6946.0,KRUEMMEL,8760,0.5100000002791574
Germany,Krümmel,BWR,CO2,1992,0.484674075,8324.99,7188.0,KRUEMMEL,8784,0.5113972599126245
Germany,Krümmel,BWR,CO2,1993,0.381830479,6558.5,5399.0,KRUEMMEL,8760,0.5099999993962034
Germany,Krümmel,BWR,CO2,1994,0.144373082,2479.82,2091.0,KRUEMMEL,8760,0.5099999993225315
Germany,Krümmel,BWR,CO2,1995,0.536660308,9217.93,7824.0,KRUEMMEL,8760,0.5099999997917103
Germany,Krümmel,BWR,CO2,1996,0.47986226,8242.34,6868.0,KRUEMMEL,8784,0.5113972599819954
Germany,Krümmel,BWR,CO2,1997,0.538562911,9250.61,7492.0,KRUEMMEL,8760,0.5100000000389163
Germany,Krümmel,BWR,CO2,1998,0.268453288,4611.08,3878.0,KRUEMMEL,8760,0.5100000006245825
Germany,Krümmel,BWR,CO2,1999,0.612296918,10517.1,8760.0,KRUEMMEL,8760,0.5100000001597398
Germany,Krümmel,BWR,CO2,2000,0.52530524,9022.89,7975.0,KRUEMMEL,8784,0.5113972605406916
Germany,Krümmel,BWR,CO2,2001,0.474015308,8141.91,6591.0,KRUEMMEL,8760,0.5099999997641831
Germany,Krümmel,BWR,CO2,2002,0.493926849,8483.92,7069.0,KRUEMMEL,8760,0.5099999996746787
Germany,Krümmel,BWR,CO2,2003,0.552413836,9488.52,7809.0,KRUEMMEL,8760,0.5100000003541122
Germany,Krümmel,BWR,CO2,2004,0.560456815,9626.67,7825.0,KRUEMMEL,8784,0.511397260211475
Germany,Krümmel,BWR,CO2,2005,0.538141404,9243.37,7328.0,KRUEMMEL,8760,0.5099999998961418
Germany,Krümmel,BWR,CO2,2006,0.592541986,10177.78,7941.0,KRUEMMEL,8760,0.5099999997406114
Germany,Krümmel,BWR,CO2,2007,0.317577466,5454.86,4151.0,KRUEMMEL,8760,0.5100000003959771
Germany,Krümmel,BWR,CO2,2009,0.019501096,334.96,353.0,KRUEMMEL,8760,0.5100000028660139
Germany,Mülheim-Kärlich,PWR,CO2,1987,0.02227957,2904.3,1564.0,MUELHEIM-KAERLICH,8760,0.06720002520400785
Germany,Mülheim-Kärlich,PWR,CO2,1988,0.04625264,6029.36,5884.0,MUELHEIM-KAERLICH,8784,0.0673841319410352
Germany,Neckarwestheim 1,PWR,CO2,1978,0.037853698,4934.5,6583.0,NECKARWESTHEIM-1,8760,0.06719999888134562
Germany,Neckarwestheim 1,PWR,CO2,1979,0.027409315,3573.0,4698.0,NECKARWESTHEIM-1,8760,0.06719999983207388
Germany,Neckarwestheim 1,PWR,CO2,1980,0.041984657,5473.0,7080.0,NECKARWESTHEIM-1,8784,0.06738410873159145
Germany,Neckarwestheim 1,PWR,CO2,1981,0.045638466,5949.3,7705.0,NECKARWESTHEIM-1,8760,0.06720000036306792
Germany,Neckarwestheim 1,PWR,CO2,1982,0.044348164,5781.1,7517.0,NECKARWESTHEIM-1,8760,0.06719999941879573
Germany,Neckarwestheim 1,PWR,CO2,1983,0.046387945,6047.0,7910.0,NECKARWESTHEIM-1,8760,0.06719999970233173
Germany,Neckarwestheim 1,PWR,CO2,1984,0.044815343,5842.0,7618.0,NECKARWESTHEIM-1,8784,0.06738411039233139
Germany,Neckarwestheim 1,PWR,CO2,1985,0.047265841,6161.44,8050.0,NECKARWESTHEIM-1,8760,0.06719999986366824
Germany,Neckarwestheim 1,PWR,CO2,1986,0.031859397,4153.1,5368.0,NECKARWESTHEIM-1,8760,0.06719999945101249
Germany,Neckarwestheim 1,PWR,CO2,1987,0.041387298,5395.13,6828.0,NECKARWESTHEIM-1,8760,0.06719999897685505
Germany,Neckarwestheim 1,PWR,CO2,1988,0.040422488,5269.36,6772.0,NECKARWESTHEIM-1,8784,0.06738411013709446
Germany,Neckarwestheim 1,PWR,CO2,1989,0.030834443,4019.49,6395.0,NECKARWESTHEIM-1,8760,0.06719999817887344
Germany,Neckarwestheim 1,PWR,CO2,1990,0.044140657,5754.05,7524.0,NECKARWESTHEIM-1,8760,0.06719999918665982
Germany,Neckarwestheim 1,PWR,CO2,1991,0.041458871,5404.46,7614.0,NECKARWESTHEIM-1,8760,0.06719999962253398
Germany,Neckarwestheim 1,PWR,CO2,1992,0.040427857,5270.06,7470.0,NECKARWESTHEIM-1,8784,0.06738410869857268
Germany,Neckarwestheim 1,PWR,CO2,1993,0.042648526,5559.54,7371.0,NECKARWESTHEIM-1,8760,0.06719999995683096
Germany,Neckarwestheim 1,PWR,CO2,1994,0.04838891,6307.84,8184.0,NECKARWESTHEIM-1,8760,0.06720000057071834
Germany,Neckarwestheim 1,PWR,CO2,1995,0.045766576,5966.0,8020.0,NECKARWESTHEIM-1,8760,0.067200000965471
Germany,Neckarwestheim 1,PWR,CO2,1996,0.046445479,6054.5,8301.0,NECKARWESTHEIM-1,8784,0.06738410893319019
Germany,Neckarwestheim 1,PWR,CO2,1997,0.047793238,6230.19,8305.0,NECKARWESTHEIM-1,8760,0.06719999949921271
Germany,Neckarwestheim 1,PWR,CO2,1998,0.045319879,5907.77,8185.0,NECKARWESTHEIM-1,8760,0.06719999932969631
Germany,Neckarwestheim 1,PWR,CO2,1999,0.044870038,5849.13,8022.0,NECKARWESTHEIM-1,8760,0.06719999946658733
Germany,Neckarwestheim 1,PWR,CO2,2000,0.04711211,6141.4,8284.0,NECKARWESTHEIM-1,8784,0.06738411017683264
Germany,Neckarwestheim 1,PWR,CO2,2001,0.045962498,5991.54,8038.0,NECKARWESTHEIM-1,8760,0.06719999907870097
Germany,Neckarwestheim 1,PWR,CO2,2002,0.047855605,6238.32,8239.0,NECKARWESTHEIM-1,8760,0.06719999932674182
Germany,Neckarwestheim 1,PWR,CO2,2003,0.046211353,6023.98,8304.0,NECKARWESTHEIM-1,8760,0.06719999938246807
Germany,Neckarwestheim 1,PWR,CO2,2004,0.045478597,5928.46,8270.0,NECKARWESTHEIM-1,8784,0.06738410920340189
Germany,Neckarwestheim 1,PWR,CO2,2005,0.045127408,5882.68,8069.0,NECKARWESTHEIM-1,8760,0.06719999967361814
Germany,Neckarwestheim 1,PWR,CO2,2006,0.047424866,6182.17,8250.0,NECKARWESTHEIM-1,8760,0.06720000034939189
Germany,Neckarwestheim 1,PWR,CO2,2007,0.036158586,4713.53,8153.0,NECKARWESTHEIM-1,8760,0.06719999943991022
Germany,Neckarwestheim 1,PWR,CO2,2008,0.029050576,3786.95,6990.0,NECKARWESTHEIM-1,8784,0.06738411111422121
Germany,Neckarwestheim 1,PWR,CO2,2009,0.033461688,4361.97,8317.0,NECKARWESTHEIM-1,8760,0.06720000066025214
Germany,Neckarwestheim 1,PWR,CO2,2010,0.01465566,1910.47,5949.0,NECKARWESTHEIM-1,8760,0.06719999874376462
Germany,Neckarwestheim 1,PWR,CO2,2011,0.010394367,1354.98,1799.0,NECKARWESTHEIM-1,8760,0.06719999920294027
Germany,Neckarwestheim 2,PWR,CO2,1989,0.097368734,8673.22,8205.0,NECKARWESTHEIM-2,8760,0.09834295796025007
Germany,Neckarwestheim 2,PWR,CO2,1990,0.118504898,9693.91,7958.0,NECKARWESTHEIM-2,8760,0.10708815188917578
Germany,Neckarwestheim 2,PWR,CO2,1991,0.113836417,9434.93,7932.0,NECKARWESTHEIM-2,8760,0.10569310137118135
Germany,Neckarwestheim 2,PWR,CO2,1992,0.118709567,10204.58,8094.0,NECKARWESTHEIM-2,8784,0.10218400331302219
Germany,Neckarwestheim 2,PWR,CO2,1993,0.118686936,9912.15,8163.0,NECKARWESTHEIM-2,8760,0.10489122535070595
Germany,Neckarwestheim 2,PWR,CO2,1994,0.127561172,10320.67,8215.0,NECKARWESTHEIM-2,8760,0.10827163999236483
Germany,Neckarwestheim 2,PWR,CO2,1995,0.126560383,10532.05,8351.0,NECKARWESTHEIM-2,8760,0.10526620696635508
Germany,Neckarwestheim 2,PWR,CO2,1996,0.127870093,10614.28,8419.0,NECKARWESTHEIM-2,8784,0.10582073366370587
Germany,Neckarwestheim 2,PWR,CO2,1997,0.12536183,10111.62,8028.0,NECKARWESTHEIM-2,8760,0.10860471722631981
Germany,Neckarwestheim 2,PWR,CO2,1998,0.126717874,10610.81,8411.0,NECKARWESTHEIM-2,8760,0.10461487636099413
Germany,Neckarwestheim 2,PWR,CO2,1999,0.125118269,10460.93,8435.0,NECKARWESTHEIM-2,8760,0.10477424439700868
Germany,Neckarwestheim 2,PWR,CO2,2000,0.127459759,10473.89,8450.0,NECKARWESTHEIM-2,8784,0.10689500491756168
Germany,Neckarwestheim 2,PWR,CO2,2001,0.12592697,10423.94,8363.0,NECKARWESTHEIM-2,8760,0.10582565298725817
Germany,Neckarwestheim 2,PWR,CO2,2002,0.122937874,9787.51,7777.0,NECKARWESTHEIM-2,8760,0.11003163994110861
Germany,Neckarwestheim 2,PWR,CO2,2003,0.127104274,10544.97,8408.0,NECKARWESTHEIM-2,8760,0.10558905717512711
Germany,Neckarwestheim 2,PWR,CO2,2004,0.125801622,10470.68,8165.0,NECKARWESTHEIM-2,8784,0.10553674141965946
Germany,Neckarwestheim 2,PWR,CO2,2005,0.128256033,10836.41,8371.0,NECKARWESTHEIM-2,8760,0.10368035623236847
Germany,Neckarwestheim 2,PWR,CO2,2006,0.130868471,10877.47,8405.0,NECKARWESTHEIM-2,8760,0.10539287223591515
Germany,Neckarwestheim 2,PWR,CO2,2007,0.116024483,10411.09,8002.0,NECKARWESTHEIM-2,8760,0.09762421332252434
Germany,Neckarwestheim 2,PWR,CO2,2008,0.111147419,10701.91,8245.0,NECKARWESTHEIM-2,8784,0.09122847496344111
Germany,Neckarwestheim 2,PWR,CO2,2009,0.116155507,10779.73,8307.0,NECKARWESTHEIM-2,8760,0.09439218248694542
Germany,Neckarwestheim 2,PWR,CO2,2010,0.092749962,10180.15,7864.0,NECKARWESTHEIM-2,8760,0.07981116851126949
Germany,Neckarwestheim 2,PWR,CO2,2011,0.093303595,10807.81,8319.0,NECKARWESTHEIM-2,8760,0.07562489460862099
Germany,Neckarwestheim 2,PWR,CO2,2012,0.079966543,10424.21,8098.0,NECKARWESTHEIM-2,8784,0.067384110039226
Germany,Neckarwestheim 2,PWR,CO2,2013,0.078390717,10218.79,7906.0,NECKARWESTHEIM-2,8760,0.06719999930715867
Germany,Neckarwestheim 2,PWR,CO2,2014,0.080822729,10535.82,8159.0,NECKARWESTHEIM-2,8760,0.06720000019362517
Germany,Neckarwestheim 2,PWR,CO2,2015,0.080799869,10532.84,8158.0,NECKARWESTHEIM-2,8760,0.06720000042153873
Germany,Neckarwestheim 2,PWR,CO2,2016,0.08196045,10684.13,8318.0,NECKARWESTHEIM-2,8784,0.06738411015216027
Germany,Obrigheim,PWR,CO2,1972,0.018427836,2402.2,7034.0,OBRIGHEIM,8784,0.06738411099159104
Germany,Obrigheim,PWR,CO2,1973,0.01917885,2500.1,7870.0,OBRIGHEIM,8760,0.06720000239990401
Germany,Obrigheim,PWR,CO2,1974,0.018685589,2435.8,8068.0,OBRIGHEIM,8760,0.06719999985220461
Germany,Obrigheim,PWR,CO2,1975,0.019855452,2588.3,8017.0,OBRIGHEIM,8760,0.06719999981455009
Germany,Obrigheim,PWR,CO2,1976,0.017024,2219.2,7088.0,OBRIGHEIM,8784,0.0673841095890411
Germany,Obrigheim,PWR,CO2,1977,0.016451726,2144.6,6744.0,OBRIGHEIM,8760,0.06719999988809103
Germany,Obrigheim,PWR,CO2,1978,0.017030904,2220.1,6863.0,OBRIGHEIM,8760,0.06719999956758706
Germany,Obrigheim,PWR,CO2,1979,0.018196164,2372.0,7491.0,OBRIGHEIM,8760,0.06719999858347386
Germany,Obrigheim,PWR,CO2,1980,0.016309041,2126.0,6689.0,OBRIGHEIM,8784,0.06738410919285043
Germany,Obrigheim,PWR,CO2,1981,0.018426302,2402.0,7649.0,OBRIGHEIM,8760,0.06720000229808491
Germany,Obrigheim,PWR,CO2,1982,0.018467726,2407.4,7534.0,OBRIGHEIM,8760,0.06719999990030738
Germany,Obrigheim,PWR,CO2,1983,0.014966576,1951.0,6051.0,OBRIGHEIM,8760,0.06720000295233214
Germany,Obrigheim,PWR,CO2,1984,0.019047671,2483.0,7798.0,OBRIGHEIM,8784,0.06738410876520338
Germany,Obrigheim,PWR,CO2,1985,0.019890664,2592.89,7783.0,OBRIGHEIM,8760,0.06720000333218917
Germany,Obrigheim,PWR,CO2,1986,0.020431102,2663.34,7869.0,OBRIGHEIM,8760,0.06720000207258554
Germany,Obrigheim,PWR,CO2,1987,0.019047364,2482.96,7351.0,OBRIGHEIM,8760,0.06719999864677643
Germany,Obrigheim,PWR,CO2,1988,0.020111211,2621.64,7800.0,OBRIGHEIM,8784,0.06738410972673595
Germany,Obrigheim,PWR,CO2,1989,0.019623014,2558.0,7756.0,OBRIGHEIM,8760,0.0672000010320563
Germany,Obrigheim,PWR,CO2,1990,0.009038553,1178.24,3475.0,OBRIGHEIM,8760,0.0671999968427485
Germany,Obrigheim,PWR,CO2,1991,0.008067529,1051.66,3186.0,OBRIGHEIM,8760,0.06720000193979042
Germany,Obrigheim,PWR,CO2,1992,0.014437567,1882.04,6015.0,OBRIGHEIM,8784,0.06738410901362352
Germany,Obrigheim,PWR,CO2,1993,0.020074312,2616.83,7773.0,OBRIGHEIM,8760,0.06719999889943175
Germany,Obrigheim,PWR,CO2,1994,0.020128164,2623.85,7858.0,OBRIGHEIM,8760,0.067199998719439
Germany,Obrigheim,PWR,CO2,1995,0.016611671,2165.45,6717.0,OBRIGHEIM,8760,0.06719999905793254
Germany,Obrigheim,PWR,CO2,1996,0.021287748,2775.01,8189.0,OBRIGHEIM,8784,0.06738410976248733
Germany,Obrigheim,PWR,CO2,1997,0.021244866,2769.42,8242.0,OBRIGHEIM,8760,0.06720000077994671
Germany,Obrigheim,PWR,CO2,1998,0.02116309,2758.76,8317.0,OBRIGHEIM,8760,0.06719999869506589
Germany,Obrigheim,PWR,CO2,1999,0.021501085,2802.82,8319.0,OBRIGHEIM,8760,0.0672000002140701
Germany,Obrigheim,PWR,CO2,2000,0.020407474,2660.26,7888.0,OBRIGHEIM,8784,0.06738410967950499
Germany,Obrigheim,PWR,CO2,2001,0.021456898,2797.06,8424.0,OBRIGHEIM,8760,0.06719999802649924
Germany,Obrigheim,PWR,CO2,2002,0.021794817,2841.11,8410.0,OBRIGHEIM,8760,0.06720000173171754
Germany,Obrigheim,PWR,CO2,2003,0.018795824,2450.17,7747.0,OBRIGHEIM,8760,0.06719999764914271
Germany,Obrigheim,PWR,CO2,2004,0.01989005,2592.81,8256.0,OBRIGHEIM,8784,0.06738411190947273
Germany,Obrigheim,PWR,CO2,2005,0.006579464,857.68,3127.0,OBRIGHEIM,8760,0.06720001007368716
Germany,Philippsburg 1,BWR,CO2,1979,0.098797945,1697.0,3214.0,PHILIPPSBURG-1,8760,0.5099999989393046
Germany,Philippsburg 1,BWR,CO2,1980,0.102232877,1756.0,2399.0,PHILIPPSBURG-1,8784,0.511397261712984
Germany,Philippsburg 1,BWR,CO2,1981,0.063511301,1090.9,1465.0,PHILIPPSBURG-1,8760,0.5099999970299752
Germany,Philippsburg 1,BWR,CO2,1982,0.29309863,5034.4,6237.0,PHILIPPSBURG-1,8760,0.50999999976164
Germany,Philippsburg 1,BWR,CO2,1983,0.320380137,5503.0,6567.0,PHILIPPSBURG-1,8760,0.5100000000218063
Germany,Philippsburg 1,BWR,CO2,1984,0.368236301,6325.0,7482.0,PHILIPPSBURG-1,8784,0.5113972597603161
Germany,Philippsburg 1,BWR,CO2,1985,0.356313014,6120.2,7561.0,PHILIPPSBURG-1,8760,0.5100000004313585
Germany,Philippsburg 1,BWR,CO2,1986,0.304018219,5221.96,6148.0,PHILIPPSBURG-1,8760,0.5099999997012615
Germany,Philippsburg 1,BWR,CO2,1987,0.377752226,6488.45,7582.0,PHILIPPSBURG-1,8760,0.5099999999630113
Germany,Philippsburg 1,BWR,CO2,1988,0.36093387,6199.57,7302.0,PHILIPPSBURG-1,8784,0.5113972604680647
Germany,Philippsburg 1,BWR,CO2,1989,0.358564932,6158.88,7432.0,PHILIPPSBURG-1,8760,0.5100000007014261
Germany,Philippsburg 1,BWR,CO2,1990,0.302918459,5203.07,6138.0,PHILIPPSBURG-1,8760,0.5100000001614432
Germany,Philippsburg 1,BWR,CO2,1991,0.359321199,6171.87,7304.0,PHILIPPSBURG-1,8760,0.5100000005249624
Germany,Philippsburg 1,BWR,CO2,1992,0.379182089,6513.01,7647.0,PHILIPPSBURG-1,8784,0.5113972602185471
Germany,Philippsburg 1,BWR,CO2,1993,0.268655308,4614.55,6599.0,PHILIPPSBURG-1,8760,0.5099999995839247
Germany,Philippsburg 1,BWR,CO2,1994,0.382263048,6565.93,7645.0,PHILIPPSBURG-1,8760,0.5100000000731046
Germany,Philippsburg 1,BWR,CO2,1995,0.367774041,6317.06,7671.0,PHILIPPSBURG-1,8760,0.5099999998670267
Germany,Philippsburg 1,BWR,CO2,1996,0.40344726,6929.8,8087.0,PHILIPPSBURG-1,8784,0.5113972599266934
Germany,Philippsburg 1,BWR,CO2,1997,0.373157568,6409.53,7510.0,PHILIPPSBURG-1,8760,0.5099999993260036
Germany,Philippsburg 1,BWR,CO2,1998,0.402053493,6905.86,8253.0,PHILIPPSBURG-1,8760,0.509999999808858
Germany,Philippsburg 1,BWR,CO2,1999,0.401299555,6892.91,8292.0,PHILIPPSBURG-1,8760,0.5100000002611379
Germany,Philippsburg 1,BWR,CO2,2000,0.401997021,6904.89,8187.0,PHILIPPSBURG-1,8784,0.5113972608490505
Germany,Philippsburg 1,BWR,CO2,2001,0.405027329,6956.94,8206.0,PHILIPPSBURG-1,8760,0.5100000002932323
Germany,Philippsburg 1,BWR,CO2,2002,0.381881712,6559.38,7885.0,PHILIPPSBURG-1,8760,0.509999999560934
Germany,Philippsburg 1,BWR,CO2,2003,0.372325616,6395.24,7629.0,PHILIPPSBURG-1,8760,0.5099999993995534
Germany,Philippsburg 1,BWR,CO2,2004,0.368645582,6332.03,7425.0,PHILIPPSBURG-1,8784,0.511397260007928
Germany,Philippsburg 1,BWR,CO2,2005,0.338357637,5811.79,6835.0,PHILIPPSBURG-1,8760,0.5100000000206476
Germany,Philippsburg 1,BWR,CO2,2006,0.401062603,6888.84,7983.0,PHILIPPSBURG-1,8760,0.5100000003309701
Germany,Philippsburg 1,BWR,CO2,2007,0.404324623,6944.87,8124.0,PHILIPPSBURG-1,8760,0.5099999996371423
Germany,Philippsburg 1,BWR,CO2,2008,0.356686199,6126.61,7318.0,PHILIPPSBURG-1,8784,0.5113972608042621
Germany,Philippsburg 1,BWR,CO2,2009,0.35803863,6149.84,7687.0,PHILIPPSBURG-1,8760,0.509999999804873
Germany,Philippsburg 1,BWR,CO2,2010,0.377765616,6488.68,7607.0,PHILIPPSBURG-1,8760,0.5099999994082001
Germany,Philippsburg 1,BWR,CO2,2011,0.082397021,1415.29,1650.0,PHILIPPSBURG-1,8760,0.5100000027980132
Germany,Philippsburg 2,PWR,CO2,1984,0.000199452,26.0,110.0,PHILIPPSBURG-2,8784,0.06738409107692309
Germany,Philippsburg 2,PWR,CO2,1985,0.071801359,9359.82,7896.0,PHILIPPSBURG-2,8760,0.0672000000897453
Germany,Philippsburg 2,PWR,CO2,1986,0.078517293,10235.29,7958.0,PHILIPPSBURG-2,8760,0.06719999987103442
Germany,Philippsburg 2,PWR,CO2,1987,0.07376834,9616.23,7446.0,PHILIPPSBURG-2,8760,0.06720000024957806
Germany,Philippsburg 2,PWR,CO2,1988,0.074494192,9710.85,7656.0,PHILIPPSBURG-2,8784,0.06738410978729976
Germany,Philippsburg 2,PWR,CO2,1989,0.074236438,9677.25,7575.0,PHILIPPSBURG-2,8760,0.06719999967759437
Germany,Philippsburg 2,PWR,CO2,1990,0.065330828,8516.34,6628.0,PHILIPPSBURG-2,8760,0.06720000061998464
Germany,Philippsburg 2,PWR,CO2,1991,0.07597075,9903.33,7757.0,PHILIPPSBURG-2,8760,0.06719999939414319
Germany,Philippsburg 2,PWR,CO2,1992,0.072109205,9399.95,7273.0,PHILIPPSBURG-2,8784,0.06738410914100607
Germany,Philippsburg 2,PWR,CO2,1993,0.080404724,10481.33,7946.0,PHILIPPSBURG-2,8760,0.06720000059534428
Germany,Philippsburg 2,PWR,CO2,1994,0.078896866,10284.77,7778.0,PHILIPPSBURG-2,8760,0.06720000021001928
Germany,Philippsburg 2,PWR,CO2,1995,0.080935726,10550.55,7990.0,PHILIPPSBURG-2,8760,0.06719999997725237
Germany,Philippsburg 2,PWR,CO2,1996,0.086053129,11217.64,8323.0,PHILIPPSBURG-2,8784,0.06738410977139576
Germany,Philippsburg 2,PWR,CO2,1997,0.085254247,11113.5,8358.0,PHILIPPSBURG-2,8760,0.06720000033472803
Germany,Philippsburg 2,PWR,CO2,1998,0.082323605,10731.47,8304.0,PHILIPPSBURG-2,8760,0.0671999996086277
Germany,Philippsburg 2,PWR,CO2,1999,0.08532674,11122.95,8431.0,PHILIPPSBURG-2,8760,0.06720000021577009
Germany,Philippsburg 2,PWR,CO2,2000,0.081998576,10689.1,8115.0,PHILIPPSBURG-2,8784,0.06738411012938414
Germany,Philippsburg 2,PWR,CO2,2001,0.069008647,8995.77,6749.0,PHILIPPSBURG-2,8760,0.0672000004135277
Germany,Philippsburg 2,PWR,CO2,2002,0.084791364,11053.16,8138.0,PHILIPPSBURG-2,8760,0.06719999969601452
Germany,Philippsburg 2,PWR,CO2,2003,0.084461502,11010.16,8234.0,PHILIPPSBURG-2,8760,0.0672000005013551
Germany,Philippsburg 2,PWR,CO2,2004,0.078975726,10295.05,7641.0,PHILIPPSBURG-2,8784,0.06738410956566505
Germany,Philippsburg 2,PWR,CO2,2005,0.083028515,10823.36,8099.0,PHILIPPSBURG-2,8760,0.06719999994456434
Germany,Philippsburg 2,PWR,CO2,2006,0.084047485,10956.19,8138.0,PHILIPPSBURG-2,8760,0.06720000005476356
Germany,Philippsburg 2,PWR,CO2,2007,0.085709534,11172.85,8254.0,PHILIPPSBURG-2,8760,0.06719999980667421
Germany,Philippsburg 2,PWR,CO2,2008,0.083162302,10840.8,7953.0,PHILIPPSBURG-2,8784,0.06738411009962364
Germany,Philippsburg 2,PWR,CO2,2009,0.084150357,10969.6,8104.0,PHILIPPSBURG-2,8760,0.06720000066729871
Germany,Philippsburg 2,PWR,CO2,2010,0.085857512,11192.14,8146.0,PHILIPPSBURG-2,8760,0.06719999974267656
Germany,Philippsburg 2,PWR,CO2,2011,0.082290926,10727.21,7901.0,PHILIPPSBURG-2,8760,0.067199999977627
Germany,Philippsburg 2,PWR,CO2,2012,0.078459989,10227.82,7523.0,PHILIPPSBURG-2,8784,0.06738410955374653
Germany,Philippsburg 2,PWR,CO2,2013,0.066851036,8714.51,6422.0,PHILIPPSBURG-2,8760,0.06720000038556384
Germany,Philippsburg 2,PWR,CO2,2014,0.886629436,9631.54,7197.0,PHILIPPSBURG-2,8760,0.8064000003488538
Germany,Philippsburg 2,PWR,CO2,2015,0.977748033,10621.37,7932.0,PHILIPPSBURG-2,8760,0.8064000001016817
Germany,Philippsburg 2,PWR,CO2,2016,0.892658104,9697.03,7231.0,PHILIPPSBURG-2,8784,0.8086093149692225
Germany,Stade,PWR,CO2,1972,0.025159343,3279.7,5542.0,STADE,8784,0.06738411101991036
Germany,Stade,PWR,CO2,1973,0.030052055,3917.5,6407.0,STADE,8760,0.06720000045947672
Germany,Stade,PWR,CO2,1974,0.038854795,5065.0,8061.0,STADE,8760,0.06720000082922013
Germany,Stade,PWR,CO2,1975,0.034777534,4533.5,7428.0,STADE,8760,0.06719999952354692
Germany,Stade,PWR,CO2,1976,0.039793753,5187.4,8297.0,STADE,8784,0.06738410886995412
Germany,Stade,PWR,CO2,1977,0.039552876,5156.0,8245.0,STADE,8760,0.0671999987897595
Germany,Stade,PWR,CO2,1978,0.040188055,5238.8,8332.0,STADE,8760,0.06720000034359012
Germany,Stade,PWR,CO2,1979,0.032349589,4217.0,6777.0,STADE,8760,0.06719999991463124
Germany,Stade,PWR,CO2,1980,0.031958357,4166.0,6737.0,STADE,8784,0.06738411135093615
Germany,Stade,PWR,CO2,1981,0.035418083,4617.0,7425.0,STADE,8760,0.06720000153346328
Germany,Stade,PWR,CO2,1982,0.036861808,4805.2,7753.0,STADE,8760,0.06719999960043287
Germany,Stade,PWR,CO2,1983,0.036599452,4771.0,7661.0,STADE,8760,0.06719999989939215
Germany,Stade,PWR,CO2,1984,0.037512329,4890.0,7841.0,STADE,8784,0.06738411000736196
Germany,Stade,PWR,CO2,1985,0.037291474,4861.21,7760.0,STADE,8760,0.06720000004937042
Germany,Stade,PWR,CO2,1986,0.038501917,5019.0,8060.0,STADE,8760,0.06719999858936043
Germany,Stade,PWR,CO2,1987,0.033976274,4429.05,7541.0,STADE,8760,0.06720000005418769
Germany,Stade,PWR,CO2,1988,0.034101776,4445.41,7423.0,STADE,8784,0.06738411088830952
Germany,Stade,PWR,CO2,1989,0.032123057,4187.47,6728.0,STADE,8760,0.06719999888238005
Germany,Stade,PWR,CO2,1990,0.032287683,4208.93,6902.0,STADE,8760,0.06720000168213773
Germany,Stade,PWR,CO2,1991,0.017617753,2296.6,3814.0,STADE,8760,0.06719999838021423
Germany,Stade,PWR,CO2,1992,0.032580186,4247.06,6911.0,STADE,8784,0.06738410896573158
Germany,Stade,PWR,CO2,1993,0.03451863,4499.75,7317.0,STADE,8760,0.06719999973331851
Germany,Stade,PWR,CO2,1994,0.041064876,5353.1,8760.0,STADE,8760,0.06719999883432029
Germany,Stade,PWR,CO2,1995,0.033471124,4363.2,7310.0,STADE,8760,0.067200001430143
Germany,Stade,PWR,CO2,1996,0.038655726,5039.05,8042.0,STADE,8784,0.06738410954128259
Germany,Stade,PWR,CO2,1997,0.037957336,4948.01,8054.0,STADE,8760,0.06719999825384346
Germany,Stade,PWR,CO2,1998,0.039109864,5098.25,8201.0,STADE,8760,0.06720000169469917
Germany,Stade,PWR,CO2,1999,0.035481524,4625.27,7718.0,STADE,8760,0.06720000134911043
Germany,Stade,PWR,CO2,2000,0.037724898,4917.71,7915.0,STADE,8784,0.06738410846349215
Germany,Stade,PWR,CO2,2001,0.033143255,4320.46,6979.0,STADE,8760,0.06720000041662232
Germany,Stade,PWR,CO2,2002,0.036145008,4711.76,7539.0,STADE,8760,0.06719999959250895
Germany,Stade,PWR,CO2,2003,0.034374564,4480.97,7295.0,STADE,8760,0.06719999925016236
Germany,Unterweser,PWR,CO2,1978,0.00604263,787.7,1268.0,UNTERWESER,8760,0.06719999847657739
Germany,Unterweser,PWR,CO2,1979,0.061991233,8081.0,7597.0,UNTERWESER,8760,0.06720000013364683
Germany,Unterweser,PWR,CO2,1980,0.071127671,9272.0,7832.0,UNTERWESER,8784,0.06738410936842106
Germany,Unterweser,PWR,CO2,1981,0.06922137,9023.5,7606.0,UNTERWESER,8760,0.06720000013298609
Germany,Unterweser,PWR,CO2,1982,0.06991715,9114.2,8022.0,UNTERWESER,8760,0.06719999934168659
Germany,Unterweser,PWR,CO2,1983,0.063019178,8215.0,7191.0,UNTERWESER,8760,0.06719999991235545
Germany,Unterweser,PWR,CO2,1984,0.072746302,9483.0,7908.0,UNTERWESER,8784,0.06738411017273015
Germany,Unterweser,PWR,CO2,1985,0.076189228,9931.81,8279.0,UNTERWESER,8760,0.06720000053162516
Germany,Unterweser,PWR,CO2,1986,0.055852943,7280.83,6254.0,UNTERWESER,8760,0.06720000064278386
Germany,Unterweser,PWR,CO2,1987,0.06653966,8673.92,7277.0,UNTERWESER,8760,0.06719999972330849
Germany,Unterweser,PWR,CO2,1988,0.069872504,9108.38,7627.0,UNTERWESER,8784,0.0673841094833549
Germany,Unterweser,PWR,CO2,1989,0.070924843,9245.56,7873.0,UNTERWESER,8760,0.06719999920826862
Germany,Unterweser,PWR,CO2,1990,0.065090411,8485.0,6921.0,UNTERWESER,8760,0.06720000004242781
Germany,Unterweser,PWR,CO2,1991,0.049755157,6485.94,5369.0,UNTERWESER,8760,0.06720000112859509
Germany,Unterweser,PWR,CO2,1992,0.06698114,8731.47,7646.0,UNTERWESER,8784,0.06738410986466196
Germany,Unterweser,PWR,CO2,1993,0.083039792,10824.83,8760.0,UNTERWESER,8760,0.06720000017737
Germany,Unterweser,PWR,CO2,1994,0.058960483,7685.92,7039.0,UNTERWESER,8760,0.06720000092116495
Germany,Unterweser,PWR,CO2,1995,0.061221271,7980.63,6832.0,UNTERWESER,8760,0.06719999974438108
Germany,Unterweser,PWR,CO2,1996,0.076004504,9907.73,8055.0,UNTERWESER,8784,0.0673841094918816
Germany,Unterweser,PWR,CO2,1997,0.076193983,9932.43,8291.0,UNTERWESER,8760,0.06719999950465294
Germany,Unterweser,PWR,CO2,1998,0.050768219,6618.0,5217.0,UNTERWESER,8760,0.06719999976427925
Germany,Unterweser,PWR,CO2,1999,0.06211075,8096.58,6899.0,UNTERWESER,8760,0.06719999925894636
Germany,Unterweser,PWR,CO2,2000,0.073764734,9615.76,7604.0,UNTERWESER,8784,0.06738410936379444
Germany,Unterweser,PWR,CO2,2001,0.081750181,10656.72,8378.0,UNTERWESER,8760,0.06720000014638651
Germany,Unterweser,PWR,CO2,2002,0.051970992,6774.79,5313.0,UNTERWESER,8760,0.06720000028340362
Germany,Unterweser,PWR,CO2,2003,0.070996186,9254.86,7882.0,UNTERWESER,8760,0.06719999971474447
Germany,Unterweser,PWR,CO2,2004,0.074595298,9724.03,7711.0,UNTERWESER,8784,0.06738410901981996
Germany,Unterweser,PWR,CO2,2005,0.06820217,8890.64,6742.0,UNTERWESER,8760,0.06720000013497342
Germany,Unterweser,PWR,CO2,2006,0.07971531,10391.46,8315.0,UNTERWESER,8760,0.06720000034643833
Germany,Unterweser,PWR,CO2,2007,0.069626181,9076.27,6984.0,UNTERWESER,8760,0.06720000017187677
Germany,Unterweser,PWR,CO2,2008,0.071308098,9295.52,7663.0,UNTERWESER,8784,0.0673841089935797
Germany,Unterweser,PWR,CO2,2009,0.076934104,10028.91,7868.0,UNTERWESER,8760,0.06719999990427675
Germany,Unterweser,PWR,CO2,2010,0.082073753,10698.9,8179.0,UNTERWESER,8760,0.06719999965230071
Germany,Unterweser,PWR,CO2,2011,0.018175759,2369.34,1828.0,UNTERWESER,8760,0.0672000003545291
Germany,Würgassen,BWR,CO2,1978,0.159590411,2741.2,5456.0,WUERGASSEN,8760,0.5100000001313294
Germany,Würgassen,BWR,CO2,1979,0.089017123,1529.0,3144.0,WUERGASSEN,8760,0.5099999983518639
Germany,Würgassen,BWR,CO2,1980,0.221116438,3798.0,8324.0,WUERGASSEN,8784,0.511397259450237
Germany,Würgassen,BWR,CO2,1981,0.211184247,3627.4,7372.0,WUERGASSEN,8760,0.5100000010255279
Germany,Würgassen,BWR,CO2,1982,0.064134247,1101.6,3474.0,WUERGASSEN,8760,0.5100000033769064
Germany,Würgassen,BWR,CO2,1983,0.082554795,1418.0,2420.0,WUERGASSEN,8760,0.5100000029619182
Germany,Würgassen,BWR,CO2,1984,0.260763699,4479.0,7101.0,WUERGASSEN,8784,0.5113972609993302
Germany,Würgassen,BWR,CO2,1985,0.270299418,4642.79,7947.0,WUERGASSEN,8760,0.5100000003618514
Germany,Würgassen,BWR,CO2,1986,0.280763151,4822.52,7807.0,WUERGASSEN,8760,0.5100000005723149
Germany,Würgassen,BWR,CO2,1987,0.275453562,4731.32,7929.0,WUERGASSEN,8760,0.5100000006594354
Germany,Würgassen,BWR,CO2,1988,0.271002123,4654.86,7747.0,WUERGASSEN,8784,0.5113972597311197
Germany,Würgassen,BWR,CO2,1989,0.220484178,3787.14,6241.0,WUERGASSEN,8760,0.509999999809883
Germany,Würgassen,BWR,CO2,1990,0.063545651,1091.49,1795.0,WUERGASSEN,8760,0.5100000025286534
Germany,Würgassen,BWR,CO2,1991,0.237547637,4080.23,6792.0,WUERGASSEN,8760,0.5100000000294101
Germany,Würgassen,BWR,CO2,1992,0.220534829,3788.01,6366.0,WUERGASSEN,8784,0.5113972608139893
Germany,Würgassen,BWR,CO2,1993,0.228839212,3930.65,7472.0,WUERGASSEN,8760,0.5099999992672968
Germany,Würgassen,BWR,CO2,1994,0.195870274,3364.36,5668.0,WUERGASSEN,8760,0.5100000000713361
Hungary,Paks 1-4,PWR,CO2,1982,2.99e-05,3.9,96.0,PAKS-1,8760,0.06716
Hungary,Paks 1-4,PWR,CO2,1983,0.017641534,2299.7,7106.0,PAKS-1,8760,0.06719999906074706
Hungary,Paks 1-4,PWR,CO2,1984,0.02698011,3517.05,9560.0,PAKS-1,8784,0.06738411061543054
Hungary,Paks 1-4,PWR,CO2,1985,0.046786236,6098.92,15186.0,PAKS-1,8760,0.06720000055091721
Hungary,Paks 1-4,PWR,CO2,1986,0.053556329,6981.45,17470.0,PAKS-1,8760,0.06720000029220291
Hungary,Paks 1-4,PWR,CO2,1987,0.079211157,10325.74,25461.0,PAKS-1,8760,0.06720000070890803
Hungary,Paks 1-4,PWR,CO2,1988,0.096849776,12625.06,30527.0,PAKS-1,8784,0.06738411004652652
Hungary,Paks 1-4,PWR,CO2,1989,0.100099617,13048.7,31208.0,PAKS-1,8760,0.06720000037704905
Hungary,Paks 1-4,PWR,CO2,1990,0.098904362,12892.89,30690.0,PAKS-1,8760,0.06720000024199384
Hungary,Paks 1-4,PWR,CO2,1991,0.098993117,12904.46,30102.0,PAKS-1,8760,0.0671999994513525
Hungary,Paks 1-4,PWR,CO2,1992,0.107120483,13963.92,30392.0,PAKS-1,8784,0.06738411009745116
Hungary,Paks 1-4,PWR,CO2,1993,0.105836624,13796.56,30085.0,PAKS-1,8760,0.06719999958250464
Hungary,Paks 1-4,PWR,CO2,1994,0.101483507,13229.1,30934.0,PAKS-1,8760,0.06720000009978003
Hungary,Paks 1-4,PWR,CO2,1995,0.10127577,13202.02,30705.0,PAKS-1,8760,0.06720000009089518
Hungary,Paks 1-4,PWR,CO2,1996,0.102867243,13409.48,31267.0,PAKS-1,8784,0.06738410904166306
Hungary,Paks 1-4,PWR,CO2,1997,0.100871036,13149.26,30687.0,PAKS-1,8760,0.06720000025552768
Hungary,Paks 1-4,PWR,CO2,1998,0.1006824,13124.67,30767.0,PAKS-1,8760,0.06720000000000001
Hungary,Paks 1-4,PWR,CO2,1999,0.101826948,13273.869999999999,31124.0,PAKS-1,8760,0.06720000003616128
Hungary,Paks 1-4,PWR,CO2,2000,0.102388866,13347.119999999999,30620.0,PAKS-1,8784,0.06738410975131714
Hungary,Paks 1-4,PWR,CO2,2001,0.10198045,13293.88,30628.0,PAKS-1,8760,0.0672000004513355
Hungary,Paks 1-4,PWR,CO2,2002,0.100560964,13108.84,30740.0,PAKS-1,8760,0.06719999974368442
Hungary,Paks 1-4,PWR,CO2,2003,0.081565611,10632.66,25151.0,PAKS-1,8760,0.06720000003385794
Hungary,Paks 1-4,PWR,CO2,2004,0.085990224,11209.44,25922.0,PAKS-1,8784,0.06738410907378067
Hungary,Paks 1-4,PWR,CO2,2005,0.099883288,13020.5,29832.0,PAKS-1,8760,0.06720000022118966
Hungary,Paks 1-4,PWR,CO2,2006,0.095953008,12508.16,28675.0,PAKS-1,8760,0.06719999984650021
Hungary,Paks 1-4,PWR,CO2,2007,0.106345074,13862.84,30589.0,PAKS-1,8760,0.06720000001731247
Hungary,Paks 1-4,PWR,CO2,2008,0.106368931,13865.95,30309.0,PAKS-1,8784,0.06738410926795495
Hungary,Paks 1-4,PWR,CO2,2009,0.109680679,14297.66,30704.0,PAKS-1,8760,0.0671999997230316
Hungary,Paks 1-4,PWR,CO2,2010,0.112441096,14657.5,31137.0,PAKS-1,8760,0.06720000006549548
Hungary,Paks 1-4,PWR,CO2,2011,0.112820208,14706.92,31195.0,PAKS-1,8760,0.06719999986944922
Hungary,Paks 1-4,PWR,CO2,2012,0.113253557,14763.41,31378.0,PAKS-1,8784,0.06738411008621992
Hungary,Paks 1-4,PWR,CO2,2013,0.111520624,14537.51,30470.0,PAKS-1,8760,0.06719999960378359
Hungary,Paks 1-4,PWR,CO2,2014,0.113363408,14777.73,31199.0,PAKS-1,8760,0.06719999987007477
Hungary,Paks 1-4,PWR,CO2,2015,0.114759879,14959.77,31518.0,PAKS-1,8760,0.06719999973529005
Hungary,Paks 1-4,PWR,CO2,2016,0.116472405,15183.009999999998,32125.0,PAKS-1,8784,0.06738410931165824
India,Kaiga-1,PHWR,CO2,2000,0.035126941,192.32,1173.0,KAIGA-1,8784,1.6043835781198006
India,Kaiga-1,PHWR,CO2,2001,0.226692237,1241.14,6316.0,KAIGA-1,8760,1.5999999968738416
India,Kaiga-1,PHWR,CO2,2002,0.309210959,1692.93,8082.0,KAIGA-1,8760,1.600000000496181
India,Kaiga-1,PHWR,CO2,2003,0.244021918,1336.02,7255.0,KAIGA-1,8760,1.6000000012574662
India,Kaiga-1,PHWR,CO2,2004,0.245647489,1344.92,8181.0,KAIGA-1,8784,1.6043835643577313
India,Kaiga-1,PHWR,CO2,2005,0.216178995,1183.58,7580.0,KAIGA-1,8760,1.5999999967894019
India,Kaiga-1,PHWR,CO2,2006,0.213207306,1167.31,8524.0,KAIGA-1,8760,1.6000000004797357
India,Kaiga-1,PHWR,CO2,2007,0.17283105,946.25,7250.0,KAIGA-1,8760,1.599999997886394
India,Kaiga-1,PHWR,CO2,2008,0.201466667,1103.03,8784.0,KAIGA-1,8784,1.6043835642983417
India,Kaiga-1,PHWR,CO2,2009,0.153815525,842.14,6953.0,KAIGA-1,8760,1.599999998812549
India,Kaiga-1,PHWR,CO2,2010,0.182383562,998.55,8535.0,KAIGA-1,8760,1.6000000031245307
India,Kaiga-1,PHWR,CO2,2011,0.205441096,1124.79,7900.0,KAIGA-1,8760,1.6000000008534925
India,Kaiga-1,PHWR,CO2,2012,0.238042009,1303.28,8719.0,KAIGA-1,8784,1.6043835607513353
India,Kaiga-1,PHWR,CO2,2013,0.263194521,1440.99,8049.0,KAIGA-1,8760,1.600000002748111
India,Kaiga-1,PHWR,CO2,2014,0.261760731,1433.14,8751.0,KAIGA-1,8760,1.6000000024840562
India,Kaiga-1,PHWR,CO2,2015,0.317892237,1740.46,8492.0,KAIGA-1,8760,1.5999999977707042
India,Kaiga-1,PHWR,CO2,2016,0.290286758,1589.32,7904.0,KAIGA-1,8784,1.6043835616943094
India,Kaiga-2,PHWR,CO2,2000,0.198442009,1086.47,5975.0,KAIGA-2,8784,1.6043835605732326
India,Kaiga-2,PHWR,CO2,2001,0.239008219,1308.57,6670.0,KAIGA-2,8760,1.599999998807859
India,Kaiga-2,PHWR,CO2,2002,0.284792694,1559.24,7455.0,KAIGA-2,8760,1.5999999996408507
India,Kaiga-2,PHWR,CO2,2003,0.258080365,1412.99,7535.0,KAIGA-2,8760,1.5999999981599302
India,Kaiga-2,PHWR,CO2,2004,0.235660274,1290.24,7732.0,KAIGA-2,8784,1.6043835618303572
India,Kaiga-2,PHWR,CO2,2005,0.275684018,1509.37,8428.0,KAIGA-2,8760,1.5999999984629347
India,Kaiga-2,PHWR,CO2,2006,0.194379909,1064.23,7806.0,KAIGA-2,8760,1.600000002668596
India,Kaiga-2,PHWR,CO2,2007,0.197831963,1083.13,8757.0,KAIGA-2,8760,1.599999996196209
India,Kaiga-2,PHWR,CO2,2008,0.149134247,816.51,7040.0,KAIGA-2,8784,1.6043835662122938
India,Kaiga-2,PHWR,CO2,2009,0.17716347,969.97,8589.0,KAIGA-2,8760,1.5999999971133125
India,Kaiga-2,PHWR,CO2,2010,0.145143379,794.66,7031.0,KAIGA-2,8760,1.600000000050336
India,Kaiga-2,PHWR,CO2,2011,0.217950685,1193.28,8466.0,KAIGA-2,8760,1.6000000005028159
India,Kaiga-2,PHWR,CO2,2012,0.206252055,1129.23,7940.0,KAIGA-2,8784,1.6043835632422092
India,Kaiga-2,PHWR,CO2,2013,0.280091324,1533.5,8613.0,KAIGA-2,8760,1.5999999988522986
India,Kaiga-2,PHWR,CO2,2014,0.239903196,1313.47,7979.0,KAIGA-2,8760,1.59999999768552
India,Kaiga-2,PHWR,CO2,2015,0.290827397,1592.28,7788.0,KAIGA-2,8760,1.5999999985680908
India,Kaiga-2,PHWR,CO2,2016,0.326010959,1784.91,8585.0,KAIGA-2,8784,1.6043835621157367
India,Kaiga-3,PHWR,CO2,2007,0.064536986,353.34,2181.0,KAIGA-3,8760,1.599999992528443
India,Kaiga-3,PHWR,CO2,2008,0.067952511,372.04,2532.0,KAIGA-3,8784,1.6043835518331357
India,Kaiga-3,PHWR,CO2,2009,0.136155251,745.45,6677.0,KAIGA-3,8760,1.5999999983365751
India,Kaiga-3,PHWR,CO2,2010,0.198677626,1087.76,8267.0,KAIGA-3,8760,1.6000000034566448
India,Kaiga-3,PHWR,CO2,2011,0.204988128,1122.31,7145.0,KAIGA-3,8760,1.600000001140505
India,Kaiga-3,PHWR,CO2,2012,0.227094064,1243.34,8342.0,KAIGA-3,8784,1.6043835621599887
India,Kaiga-3,PHWR,CO2,2013,0.284246575,1556.25,8477.0,KAIGA-3,8760,1.599999998072289
India,Kaiga-3,PHWR,CO2,2014,0.255512329,1398.93,7768.0,KAIGA-3,8760,1.6000000014582572
India,Kaiga-3,PHWR,CO2,2015,0.332774429,1821.94,8551.0,KAIGA-3,8760,1.5999999989242233
India,Kaiga-3,PHWR,CO2,2016,0.184186301,1008.42,4996.0,KAIGA-3,8784,1.604383558422086
India,Kaiga-4,PHWR,CO2,2011,0.213031963,1166.35,7720.0,KAIGA-4,8760,1.5999999964676128
India,Kaiga-4,PHWR,CO2,2012,0.215625571,1180.55,8585.0,KAIGA-4,8784,1.6043835633086274
India,Kaiga-4,PHWR,CO2,2013,0.216918721,1187.63,6706.0,KAIGA-4,8760,1.599999996598267
India,Kaiga-4,PHWR,CO2,2014,0.267722374,1465.78,7411.0,KAIGA-4,8760,1.5999999974348127
India,Kaiga-4,PHWR,CO2,2015,0.303603653,1662.23,7770.0,KAIGA-4,8760,1.6000000001684485
India,Kaiga-4,PHWR,CO2,2016,0.337408219,1847.31,8618.0,KAIGA-4,8784,1.604383560797051
India,Kakrapar-1,PHWR,CO2,1994,0.023795434,130.28,1049.0,KAKRAPAR-1,8760,1.6000000141234265
India,Kakrapar-1,PHWR,CO2,1995,0.198916895,1089.07,6225.0,KAKRAPAR-1,8760,1.6000000001836432
India,Kakrapar-1,PHWR,CO2,1996,0.236679452,1295.82,7539.0,KAKRAPAR-1,8784,1.6043835612723993
India,Kakrapar-1,PHWR,CO2,1997,0.165610959,906.72,5140.0,KAKRAPAR-1,8760,1.600000000926416
India,Kakrapar-1,PHWR,CO2,1998,0.1992,1090.62,5987.0,KAKRAPAR-1,8760,1.6
India,Kakrapar-1,PHWR,CO2,1999,0.257008219,1407.12,7450.0,KAKRAPAR-1,8760,1.5999999988913527
India,Kakrapar-1,PHWR,CO2,2000,0.300533333,1645.42,8445.0,KAKRAPAR-1,8784,1.6043835598643508
India,Kakrapar-1,PHWR,CO2,2001,0.277159817,1517.45,7690.0,KAKRAPAR-1,8760,1.599999997970279
India,Kakrapar-1,PHWR,CO2,2002,0.31009863,1697.79,8488.0,KAKRAPAR-1,8760,1.5999999992931988
India,Kakrapar-1,PHWR,CO2,2003,0.259256621,1419.43,7622.0,KAKRAPAR-1,8760,1.5999999999718197
India,Kakrapar-1,PHWR,CO2,2004,0.194414612,1064.42,7416.0,KAKRAPAR-1,8784,1.6043835626989345
India,Kakrapar-1,PHWR,CO2,2005,0.198977169,1089.4,7969.0,KAKRAPAR-1,8760,1.600000000403892
India,Kakrapar-1,PHWR,CO2,2006,0.180009132,985.55,7316.0,KAKRAPAR-1,8760,1.5999999962660443
India,Kakrapar-1,PHWR,CO2,2007,0.151360731,828.7,6867.0,KAKRAPAR-1,8760,1.600000004295885
India,Kakrapar-1,PHWR,CO2,2008,0.080021918,438.12,4210.0,KAKRAPAR-1,8784,1.604383565488907
India,Kakrapar-1,PHWR,CO2,2011,0.296144292,1621.39,8177.0,KAKRAPAR-1,8760,1.5999999987171498
India,Kakrapar-1,PHWR,CO2,2012,0.299669406,1640.69,8186.0,KAKRAPAR-1,8784,1.6043835595414127
India,Kakrapar-1,PHWR,CO2,2013,0.312659361,1711.81,8387.0,KAKRAPAR-1,8760,1.600000001378658
India,Kakrapar-1,PHWR,CO2,2014,0.314100457,1719.7,8543.0,KAKRAPAR-1,8760,1.6000000019305691
India,Kakrapar-1,PHWR,CO2,2015,0.281512329,1541.28,7699.0,KAKRAPAR-1,8760,1.6000000013235753
India,Kakrapar-1,PHWR,CO2,2016,0.061684018,337.72,1676.0,KAKRAPAR-1,8784,1.6043835547554186
India,Kakrapar-2,PHWR,CO2,1995,0.150781735,825.53,5401.0,KAKRAPAR-2,8760,1.5999999983041198
India,Kakrapar-2,PHWR,CO2,1996,0.242339726,1326.81,7663.0,KAKRAPAR-2,8784,1.6043835614624553
India,Kakrapar-2,PHWR,CO2,1997,0.199716895,1093.45,6139.0,KAKRAPAR-2,8760,1.6000000001829073
India,Kakrapar-2,PHWR,CO2,1998,0.235912329,1291.62,6932.0,KAKRAPAR-2,8760,1.600000001579412
India,Kakrapar-2,PHWR,CO2,1999,0.276215525,1512.28,7955.0,KAKRAPAR-2,8760,1.599999999338747
India,Kakrapar-2,PHWR,CO2,2000,0.272118721,1489.85,7697.0,KAKRAPAR-2,8784,1.604383558924724
India,Kakrapar-2,PHWR,CO2,2001,0.307842922,1685.44,8500.0,KAKRAPAR-2,8760,1.5999999980539208
India,Kakrapar-2,PHWR,CO2,2002,0.291713242,1597.13,7940.0,KAKRAPAR-2,8760,1.59999999994991
India,Kakrapar-2,PHWR,CO2,2003,0.294642922,1613.17,8515.0,KAKRAPAR-2,8760,1.599999997966736
India,Kakrapar-2,PHWR,CO2,2004,0.208591781,1142.04,7658.0,KAKRAPAR-2,8784,1.6043835630135548
India,Kakrapar-2,PHWR,CO2,2005,0.22923105,1255.04,7979.0,KAKRAPAR-2,8760,1.5999999984064253
India,Kakrapar-2,PHWR,CO2,2006,0.15812968,865.76,6473.0,KAKRAPAR-2,8760,1.5999999963038254
India,Kakrapar-2,PHWR,CO2,2007,0.184781735,1011.68,8447.0,KAKRAPAR-2,8760,1.5999999986161635
India,Kakrapar-2,PHWR,CO2,2008,0.171346119,938.12,8596.0,KAKRAPAR-2,8784,1.604383564251908
India,Kakrapar-2,PHWR,CO2,2009,0.142536986,780.39,7506.0,KAKRAPAR-2,8760,1.5999999966170761
India,Kakrapar-2,PHWR,CO2,2010,0.137190868,751.12,7530.0,KAKRAPAR-2,8760,1.6000000048993501
India,Kakrapar-2,PHWR,CO2,2011,0.29990137,1641.96,8568.0,KAKRAPAR-2,8760,1.600000000730834
India,Kakrapar-2,PHWR,CO2,2012,0.277207306,1517.71,7639.0,KAKRAPAR-2,8784,1.6043835620138232
India,Kakrapar-2,PHWR,CO2,2013,0.308560731,1689.37,8682.0,KAKRAPAR-2,8760,1.6000000021072944
India,Kakrapar-2,PHWR,CO2,2014,0.262885845,1439.3,7748.0,KAKRAPAR-2,8760,1.600000001528521
India,Kakrapar-2,PHWR,CO2,2015,0.142584475,780.65,4259.0,KAKRAPAR-2,8760,1.6000000012809836
India,Kudankulam-1,PWR,CO2,2013,2.23e-06,0.29,661.0,KUDANKULAM-1,8760,0.06736137931034483
India,Kudankulam-1,PWR,CO2,2014,0.019502038,2542.23,4212.0,KUDANKULAM-1,8760,0.06719999877273101
India,Kudankulam-1,PWR,CO2,2015,0.024646367,3212.83,3993.0,KUDANKULAM-1,8760,0.06719999966384776
India,Kudankulam-1,PWR,CO2,2016,0.044669666,5823.01,6828.0,KUDANKULAM-1,8784,0.06738410996099954
India,Kudankulam-2,PWR,CO2,2016,0.005745983,749.03,1790.0,KUDANKULAM-2,8784,0.06738410300254996
India,Madras-1,PHWR,CO2,1984,0.20380274,1115.82,6333.0,MADRAS-1,8784,1.6043835638006132
India,Madras-1,PHWR,CO2,1985,0.150151598,822.08,4827.0,MADRAS-1,8760,1.5999999981510313
India,Madras-1,PHWR,CO2,1986,0.138286758,757.12,4629.0,MADRAS-1,8760,1.6000000001056638
India,Madras-1,PHWR,CO2,1987,0.200913242,1100.0,6047.0,MADRAS-1,8760,1.5999999999272727
India,Madras-1,PHWR,CO2,1988,0.229771689,1258.0,6691.0,MADRAS-1,8784,1.6043835581685215
India,Madras-1,PHWR,CO2,1989,0.073894064,404.57,4350.0,MADRAS-1,8760,1.6000000015819265
India,Madras-1,PHWR,CO2,1990,0.157757078,863.72,7320.0,MADRAS-1,8760,1.6000000037975268
India,Madras-1,PHWR,CO2,1991,0.091305936,499.9,3546.0,MADRAS-1,8760,1.5999999987197442
India,Madras-1,PHWR,CO2,1992,0.197733333,1082.59,7412.0,MADRAS-1,8784,1.6043835589392108
India,Madras-1,PHWR,CO2,1993,0.09843653,538.94,3836.0,MADRAS-1,8760,1.6000000051953833
India,Madras-1,PHWR,CO2,1994,0.147762557,809.0,5974.0,MADRAS-1,8760,1.5999999991594562
India,Madras-1,PHWR,CO2,1995,0.19820274,1085.16,7584.0,MADRAS-1,8760,1.6000000022116552
India,Madras-1,PHWR,CO2,1996,0.112721461,617.15,4348.0,MADRAS-1,8784,1.6043835589791784
India,Madras-1,PHWR,CO2,1997,0.163108676,893.02,6451.0,MADRAS-1,8760,1.6000000019708407
India,Madras-1,PHWR,CO2,1998,0.128482192,703.44,4858.0,MADRAS-1,8760,1.6000000027294439
India,Madras-1,PHWR,CO2,1999,0.21596895,1182.43,8095.0,MADRAS-1,8760,1.600000001691432
India,Madras-1,PHWR,CO2,2000,0.12196347,667.75,4468.0,MADRAS-1,8784,1.6043835574391614
India,Madras-1,PHWR,CO2,2001,0.214518721,1174.49,7751.0,MADRAS-1,8760,1.599999996560209
India,Madras-1,PHWR,CO2,2002,0.163609132,895.76,5885.0,MADRAS-1,8760,1.5999999958917566
India,Madras-1,PHWR,CO2,2003,0.148049315,810.57,5421.0,MADRAS-1,8760,1.5999999992597798
India,Madras-1,PHWR,CO2,2006,0.223736986,1224.96,7823.0,MADRAS-1,8760,1.5999999978448276
India,Madras-1,PHWR,CO2,2007,0.127081279,695.77,5814.0,MADRAS-1,8760,1.6000000058065165
India,Madras-1,PHWR,CO2,2008,0.127477626,697.94,6791.0,MADRAS-1,8784,1.6043835670458777
India,Madras-1,PHWR,CO2,2009,0.13180274,721.62,6404.0,MADRAS-1,8760,1.6000000033258501
India,Madras-1,PHWR,CO2,2010,0.18710137,1024.38,8614.0,MADRAS-1,8760,1.60000000117144
India,Madras-1,PHWR,CO2,2011,0.204094977,1117.42,7655.0,MADRAS-1,8760,1.5999999986755202
India,Madras-1,PHWR,CO2,2012,0.240423744,1316.32,8459.0,MADRAS-1,8784,1.6043835596936915
India,Madras-1,PHWR,CO2,2013,0.230100457,1259.8,8231.0,MADRAS-1,8760,1.600000002635339
India,Madras-1,PHWR,CO2,2014,0.204984475,1122.29,7474.0,MADRAS-1,8760,1.6000000008910353
India,Madras-1,PHWR,CO2,2015,0.297948858,1631.27,8312.0,MADRAS-1,8760,1.599999997596964
India,Madras-1,PHWR,CO2,2016,0.256153425,1402.44,8130.0,MADRAS-1,8784,1.604383563788825
India,Madras-2,PHWR,CO2,1986,0.143148858,783.74,5303.0,MADRAS-2,8760,1.5999999949983412
India,Madras-2,PHWR,CO2,1987,0.194703196,1066.0,6382.0,MADRAS-2,8760,1.5999999971482177
India,Madras-2,PHWR,CO2,1988,0.117260274,642.0,3535.0,MADRAS-2,8784,1.6043835620186915
India,Madras-2,PHWR,CO2,1989,0.080038356,438.21,4350.0,MADRAS-2,8760,1.5999999967139045
India,Madras-2,PHWR,CO2,1990,0.197691324,1082.36,7726.0,MADRAS-2,8760,1.599999998373924
India,Madras-2,PHWR,CO2,1991,0.19780274,1082.97,7642.0,MADRAS-2,8760,1.6000000022161278
India,Madras-2,PHWR,CO2,1992,0.121494064,665.18,4751.0,MADRAS-2,8784,1.6043835626086174
India,Madras-2,PHWR,CO2,1993,0.173576256,950.33,6625.0,MADRAS-2,8760,1.600000002693801
India,Madras-2,PHWR,CO2,1994,0.188518721,1032.14,7071.0,MADRAS-2,8760,1.599999996085802
India,Madras-2,PHWR,CO2,1995,0.05016621,274.66,1871.0,MADRAS-2,8760,1.599999998543654
India,Madras-2,PHWR,CO2,1996,0.193956164,1061.91,7256.0,MADRAS-2,8784,1.6043835584710566
India,Madras-2,PHWR,CO2,1997,0.175013699,958.2,6464.0,MADRAS-2,8760,1.60000000338134
India,Madras-2,PHWR,CO2,1998,0.201684018,1104.22,7478.0,MADRAS-2,8760,1.5999999978989694
India,Madras-2,PHWR,CO2,1999,0.160719635,879.94,5755.0,MADRAS-2,8760,1.6000000029547468
India,Madras-2,PHWR,CO2,2000,0.232582648,1273.39,8304.0,MADRAS-2,8784,1.6043835588719872
India,Madras-2,PHWR,CO2,2001,0.204409132,1119.14,7671.0,MADRAS-2,8760,1.5999999967117606
India,Madras-2,PHWR,CO2,2002,0.004147945,22.71,183.0,MADRAS-2,8760,1.5999999207397622
India,Madras-2,PHWR,CO2,2003,0.107603653,589.13,3135.0,MADRAS-2,8760,1.600000000475277
India,Madras-2,PHWR,CO2,2004,0.232750685,1274.31,7970.0,MADRAS-2,8784,1.6043835621159688
India,Madras-2,PHWR,CO2,2005,0.269547032,1475.77,8165.0,MADRAS-2,8760,1.6000000002168362
India,Madras-2,PHWR,CO2,2006,0.198463927,1086.59,7894.0,MADRAS-2,8760,1.6000000004785615
India,Madras-2,PHWR,CO2,2007,0.177364384,971.07,8537.0,MADRAS-2,8760,1.600000003954401
India,Madras-2,PHWR,CO2,2008,0.130719635,715.69,7080.0,MADRAS-2,8784,1.6043835652866465
India,Madras-2,PHWR,CO2,2009,0.170131507,931.47,8178.0,MADRAS-2,8760,1.6000000014171147
India,Madras-2,PHWR,CO2,2010,0.147238356,806.13,7596.0,MADRAS-2,8760,1.5999999982136877
India,Madras-2,PHWR,CO2,2011,0.211110502,1155.83,8600.0,MADRAS-2,8760,1.599999997854356
India,Madras-2,PHWR,CO2,2012,0.215810046,1181.56,8339.0,MADRAS-2,8784,1.6043835641558617
India,Madras-2,PHWR,CO2,2013,0.102600913,561.74,3735.0,MADRAS-2,8760,1.599999996226012
India,Madras-2,PHWR,CO2,2014,0.216184475,1183.61,7755.0,MADRAS-2,8760,1.600000000844873
India,Madras-2,PHWR,CO2,2015,0.229077626,1254.2,7739.0,MADRAS-2,8760,1.6000000029979269
India,Madras-2,PHWR,CO2,2016,0.267685845,1465.58,7865.0,MADRAS-2,8784,1.6043835631490604
India,Narora-1,PHWR,CO2,1991,0.082056621,449.26,4331.0,NARORA-1,8760,1.5999999999109646
India,Narora-1,PHWR,CO2,1992,0.135645662,742.66,5514.0,NARORA-1,8784,1.6043835604556596
India,Narora-1,PHWR,CO2,1993,0.062021918,339.57,2032.0,NARORA-1,8760,1.6000000049474334
India,Narora-1,PHWR,CO2,1995,0.172496804,944.42,5740.0,NARORA-1,8760,1.600000003218907
India,Narora-1,PHWR,CO2,1996,0.212284932,1162.26,6407.0,NARORA-1,8784,1.6043835653709155
India,Narora-1,PHWR,CO2,1997,0.289534247,1585.2,8128.0,NARORA-1,8760,1.6000000023467071
India,Narora-1,PHWR,CO2,1998,0.271344292,1485.61,7986.0,NARORA-1,8760,1.5999999985999016
India,Narora-1,PHWR,CO2,1999,0.206138813,1128.61,6703.0,NARORA-1,8760,1.600000001665766
India,Narora-1,PHWR,CO2,2000,0.253212785,1386.34,7452.0,NARORA-1,8784,1.6043835591846156
India,Narora-1,PHWR,CO2,2001,0.285477626,1562.99,8157.0,NARORA-1,8760,1.6000000024056455
India,Narora-1,PHWR,CO2,2002,0.287578082,1574.49,7912.0,NARORA-1,8760,1.599999998932988
India,Narora-1,PHWR,CO2,2003,0.27913242,1528.25,8254.0,NARORA-1,8760,1.5999999994765255
India,Narora-1,PHWR,CO2,2004,0.204677626,1120.61,6860.0,NARORA-1,8784,1.6043835650083438
India,Narora-1,PHWR,CO2,2005,0.194474886,1064.75,6924.0,NARORA-1,8760,1.6000000012772952
India,Narora-1,PHWR,CO2,2008,0.103592694,567.17,5963.0,NARORA-1,8784,1.6043835606537724
India,Narora-1,PHWR,CO2,2009,0.100653881,551.08,6298.0,NARORA-1,8760,1.5999999955723305
India,Narora-1,PHWR,CO2,2010,0.174785388,956.95,8191.0,NARORA-1,8760,1.599999998829615
India,Narora-1,PHWR,CO2,2011,0.190789041,1044.57,8494.0,NARORA-1,8760,1.5999999991958413
India,Narora-1,PHWR,CO2,2012,0.180317808,987.24,7611.0,NARORA-1,8784,1.6043835596936915
India,Narora-1,PHWR,CO2,2013,0.223492237,1223.62,7739.0,NARORA-1,8760,1.599999996829081
India,Narora-1,PHWR,CO2,2014,0.194991781,1067.58,7750.0,NARORA-1,8760,1.600000001461249
India,Narora-1,PHWR,CO2,2015,0.286456621,1568.35,8449.0,NARORA-1,8760,1.5999999999744956
India,Narora-1,PHWR,CO2,2016,0.270305023,1479.92,7649.0,NARORA-1,8784,1.6043835626466294
India,Narora2,PHWR,CO2,1992,0.10356895,567.04,3553.0,NARORA-2,8784,1.6043835651805871
India,Narora2,PHWR,CO2,1993,0.015216438,83.31,548.0,NARORA-2,8760,1.599999962549514
India,Narora2,PHWR,CO2,1994,0.139115982,761.66,5494.0,NARORA-2,8760,1.6000000030459784
India,Narora2,PHWR,CO2,1995,0.189371689,1036.81,5798.0,NARORA-2,8760,1.599999995794794
India,Narora2,PHWR,CO2,1996,0.224204566,1227.52,6572.0,NARORA-2,8784,1.6043835601407717
India,Narora2,PHWR,CO2,1997,0.286522374,1568.71,8121.0,NARORA-2,8760,1.5999999976031263
India,Narora2,PHWR,CO2,1998,0.243514155,1333.24,6829.0,NARORA-2,8760,1.5999999983498847
India,Narora2,PHWR,CO2,1999,0.260445662,1425.94,7468.0,NARORA-2,8760,1.5999999993828633
India,Narora2,PHWR,CO2,2000,0.244887671,1340.76,7182.0,NARORA-2,8784,1.604383560118142
India,Narora2,PHWR,CO2,2001,0.24529863,1343.01,6897.0,NARORA-2,8760,1.5999999991064846
India,Narora2,PHWR,CO2,2002,0.309185388,1692.79,8416.0,NARORA-2,8760,1.5999999993383704
India,Narora2,PHWR,CO2,2003,0.235084932,1287.09,7458.0,NARORA-2,8760,1.6000000033564086
India,Narora2,PHWR,CO2,2004,0.249232877,1364.55,8447.0,NARORA-2,8784,1.6043835634956578
India,Narora2,PHWR,CO2,2005,0.223362557,1222.91,7907.0,NARORA-2,8760,1.599999999443949
India,Narora2,PHWR,CO2,2006,0.224553425,1229.43,8278.0,NARORA-2,8760,1.6000000024401553
India,Narora2,PHWR,CO2,2007,0.090748858,496.85,4808.0,NARORA-2,8760,1.5999999921102948
India,Narora2,PHWR,CO2,2010,0.052820091,289.19,2282.0,NARORA-2,8760,1.5999999901794666
India,Narora2,PHWR,CO2,2011,0.139903196,765.97,8014.0,NARORA-2,8760,1.5999999960311762
India,Narora2,PHWR,CO2,2012,0.204582648,1120.09,8495.0,NARORA-2,8784,1.6043835584926214
India,Narora2,PHWR,CO2,2013,0.194518721,1064.99,7697.0,NARORA-2,8760,1.5999999962065372
India,Narora2,PHWR,CO2,2014,0.227525114,1245.7,8646.0,NARORA-2,8760,1.5999999989082443
India,Narora2,PHWR,CO2,2015,0.264809132,1449.83,7467.0,NARORA-2,8760,1.5999999974617714
India,Narora2,PHWR,CO2,2016,0.283373516,1551.47,7906.0,NARORA-2,8784,1.6043835617472462
India,Rajasthan-1,PHWR,CO2,1973,0.039890411,218.4,2855.0,RAJASTHAN-1,8760,1.6000000016483515
India,Rajasthan-1,PHWR,CO2,1974,0.121936073,667.6,4690.0,RAJASTHAN-1,8760,1.5999999992210907
India,Rajasthan-1,PHWR,CO2,1975,0.109534247,599.7,3817.0,RAJASTHAN-1,8760,1.6000000062031015
India,Rajasthan-1,PHWR,CO2,1976,0.146465753,801.9,5728.0,RAJASTHAN-1,8784,1.6043835569921436
India,Rajasthan-1,PHWR,CO2,1977,0.083452055,456.9,3312.0,RAJASTHAN-1,8760,1.600000003939593
India,Rajasthan-1,PHWR,CO2,1978,0.027981735,153.2,1537.0,RAJASTHAN-1,8760,1.599999990861619
India,Rajasthan-1,PHWR,CO2,1979,0.209552511,1147.3,7217.0,RAJASTHAN-1,8760,1.5999999968273337
India,Rajasthan-1,PHWR,CO2,1980,0.174082192,953.1,6346.0,RAJASTHAN-1,8784,1.6043835636638337
India,Rajasthan-1,PHWR,CO2,1981,0.080639269,441.5,3732.0,RAJASTHAN-1,8760,1.59999999193658
India,Rajasthan-1,PHWR,CO2,1982,0.006977169,38.2,496.0,RAJASTHAN-1,8760,1.6000000115183244
India,Rajasthan-1,PHWR,CO2,1985,0.041324201,226.25,1914.0,RAJASTHAN-1,8760,1.600000003359116
India,Rajasthan-1,PHWR,CO2,1987,0.031022831,169.85,2555.0,RAJASTHAN-1,8760,1.599999997409479
India,Rajasthan-1,PHWR,CO2,1988,0.06876347,376.48,5793.0,RAJASTHAN-1,8784,1.604383554186145
India,Rajasthan-1,PHWR,CO2,1989,0.057136073,312.82,4779.0,RAJASTHAN-1,8760,1.5999999983377025
India,Rajasthan-1,PHWR,CO2,1990,0.066494977,364.06,5789.0,RAJASTHAN-1,8760,1.599999995934736
India,Rajasthan-1,PHWR,CO2,1991,0.036080365,197.54,2858.0,RAJASTHAN-1,8760,1.5999999868381087
India,Rajasthan-1,PHWR,CO2,1992,0.01053516,57.68,1070.0,RAJASTHAN-1,8784,1.6043835894590845
India,Rajasthan-1,PHWR,CO2,1993,0.030617352,167.63,2435.0,RAJASTHAN-1,8760,1.6000000209986278
India,Rajasthan-1,PHWR,CO2,1994,0.000531507,2.91,195.0,RAJASTHAN-1,8760,1.6000004536082473
India,Rajasthan-1,PHWR,CO2,1997,0.048336073,264.64,2792.0,RAJASTHAN-1,8760,1.5999999980350668
India,Rajasthan-1,PHWR,CO2,1998,0.103627397,567.36,5448.0,RAJASTHAN-1,8760,1.5999999959813873
India,Rajasthan-1,PHWR,CO2,1999,0.145209132,795.02,6443.0,RAJASTHAN-1,8760,1.5999999953711856
India,Rajasthan-1,PHWR,CO2,2000,0.124443836,681.33,5008.0,RAJASTHAN-1,8784,1.6043835665888775
India,Rajasthan-1,PHWR,CO2,2001,0.031632877,173.19,860.0,RAJASTHAN-1,8760,1.6000000145504936
India,Rajasthan-1,PHWR,CO2,2004,0.055494064,303.83,3785.0,RAJASTHAN-1,8784,1.604383563756048
India,Rajasthan-2,PHWR,CO2,1980,5.36e-07,25.7,478.0,RAJASTHAN-2,8784,0.00018319937743190663
India,Rajasthan-2,PHWR,CO2,1981,1.43e-05,686.0,7068.0,RAJASTHAN-2,8760,0.00018260641399416908
India,Rajasthan-2,PHWR,CO2,1982,7.78e-06,372.9,3651.0,RAJASTHAN-2,8760,0.0001827642799678198
India,Rajasthan-2,PHWR,CO2,1983,2e-05,957.2,6673.0,RAJASTHAN-2,8760,0.00018303384872544925
India,Rajasthan-2,PHWR,CO2,1984,1.89e-05,908.73,5870.0,RAJASTHAN-2,8784,0.00018269188867980587
India,Rajasthan-2,PHWR,CO2,1985,2e-05,959.92,6243.0,RAJASTHAN-2,8760,0.0001825152096008001
India,Rajasthan-2,PHWR,CO2,1986,2.25e-05,1080.48,6743.0,RAJASTHAN-2,8760,0.00018241892492225679
India,Rajasthan-2,PHWR,CO2,1987,2.15e-05,1031.1,6277.0,RAJASTHAN-2,8760,0.00018265929589758513
India,Rajasthan-2,PHWR,CO2,1988,2.57e-05,1233.98,7935.0,RAJASTHAN-2,8784,0.00018294364576411286
India,Rajasthan-2,PHWR,CO2,1989,2.26e-05,1084.21,6980.0,RAJASTHAN-2,8760,0.00018259931194141357
India,Rajasthan-2,PHWR,CO2,1990,2.45e-05,1173.83,7151.0,RAJASTHAN-2,8760,0.00018283737849603436
India,Rajasthan-2,PHWR,CO2,1991,1.87e-05,895.11,5416.0,RAJASTHAN-2,8760,0.00018300767503435334
India,Rajasthan-2,PHWR,CO2,1992,1.82e-05,874.35,5297.0,RAJASTHAN-2,8784,0.00018284302624806996
India,Rajasthan-2,PHWR,CO2,1993,2.41e-05,1153.48,6983.0,RAJASTHAN-2,8760,0.0001830252800221937
India,Rajasthan-2,PHWR,CO2,1994,1.08e-05,519.42,3244.0,RAJASTHAN-2,8760,0.0001821416194986716
India,Rajasthan-2,PHWR,CO2,1998,1.07e-05,512.37,3728.0,RAJASTHAN-2,8760,0.00018293811113062825
India,Rajasthan-2,PHWR,CO2,1999,2.42e-05,1162.33,7264.0,RAJASTHAN-2,8760,0.00018238538108798706
India,Rajasthan-2,PHWR,CO2,2000,2.73e-05,1308.11,8104.0,RAJASTHAN-2,8784,0.0001833203629664172
India,Rajasthan-2,PHWR,CO2,2001,2.81e-05,1348.28,7486.0,RAJASTHAN-2,8760,0.00018257038597323998
India,Rajasthan-2,PHWR,CO2,2002,2.98e-05,1430.87,7768.0,RAJASTHAN-2,8760,0.00018244005395318932
India,Rajasthan-2,PHWR,CO2,2003,2.9e-05,1391.45,8018.0,RAJASTHAN-2,8760,0.00018257213697940995
India,Rajasthan-2,PHWR,CO2,2004,2.18e-05,1047.75,6806.0,RAJASTHAN-2,8784,0.00018276420901932713
India,Rajasthan-2,PHWR,CO2,2005,2.37e-05,1134.78,7581.0,RAJASTHAN-2,8760,0.00018295352403108973
India,Rajasthan-2,PHWR,CO2,2006,2.14e-05,1026.82,7207.0,RAJASTHAN-2,8760,0.0001825675386143628
India,Rajasthan-2,PHWR,CO2,2007,1.06e-05,508.69,3758.0,RAJASTHAN-2,8760,0.00018253946411370386
India,Rajasthan-2,PHWR,CO2,2009,9.81e-06,470.72,2795.0,RAJASTHAN-2,8760,0.0001825620326308633
India,Rajasthan-2,PHWR,CO2,2010,3.02e-05,1449.01,8286.0,RAJASTHAN-2,8760,0.0001825743093560431
India,Rajasthan-2,PHWR,CO2,2011,3.19e-05,1528.78,8518.0,RAJASTHAN-2,8760,0.00018278889048783999
India,Rajasthan-2,PHWR,CO2,2012,2.72e-05,1304.66,7265.0,RAJASTHAN-2,8784,0.00018313185044379376
India,Rajasthan-2,PHWR,CO2,2013,3.12e-05,1498.71,8327.0,RAJASTHAN-2,8760,0.00018236483375703104
India,Rajasthan-2,PHWR,CO2,2014,2.35e-05,1129.42,6534.0,RAJASTHAN-2,8760,0.0001822705459439358
India,Rajasthan-2,PHWR,CO2,2015,2.72e-05,1304.85,8067.0,RAJASTHAN-2,8760,0.0001826048971146109
India,Rajasthan-2,PHWR,CO2,2016,1.48e-05,711.15,4360.0,RAJASTHAN-2,8784,0.00018280700274203758
India,Rajasthan-3,PHWR,CO2,2000,0.163243836,893.76,4794.0,RAJASTHAN-3,8784,1.6043835654135339
India,Rajasthan-3,PHWR,CO2,2001,0.249512329,1366.08,7317.0,RAJASTHAN-3,8760,1.600000001493324
India,Rajasthan-3,PHWR,CO2,2002,0.240721461,1317.95,6715.0,RAJASTHAN-3,8760,1.599999998755643
India,Rajasthan-3,PHWR,CO2,2003,0.263389954,1442.06,8285.0,RAJASTHAN-3,8760,1.5999999979473807
India,Rajasthan-3,PHWR,CO2,2004,0.23019726,1260.33,7711.0,RAJASTHAN-3,8784,1.6043835597343554
India,Rajasthan-3,PHWR,CO2,2005,0.27176621,1487.92,8581.0,RAJASTHAN-3,8760,1.5999999997311685
India,Rajasthan-3,PHWR,CO2,2006,0.180018265,985.6,7323.0,RAJASTHAN-3,8760,1.6000000014204545
India,Rajasthan-3,PHWR,CO2,2007,0.19050411,1043.01,7934.0,RAJASTHAN-3,8760,1.600000003451549
India,Rajasthan-3,PHWR,CO2,2008,0.174045662,952.9,7707.0,RAJASTHAN-3,8784,1.604383560717809
India,Rajasthan-3,PHWR,CO2,2009,0.184750685,1011.51,8338.0,RAJASTHAN-3,8760,1.6000000005931725
India,Rajasthan-3,PHWR,CO2,2010,0.234171689,1282.09,7699.0,RAJASTHAN-3,8760,1.5999999965993026
India,Rajasthan-3,PHWR,CO2,2011,0.306018265,1675.45,8307.0,RAJASTHAN-3,8760,1.6000000008355963
India,Rajasthan-3,PHWR,CO2,2012,0.288774429,1581.04,7932.0,RAJASTHAN-3,8784,1.604383560400749
India,Rajasthan-3,PHWR,CO2,2013,0.315943379,1729.79,8603.0,RAJASTHAN-3,8760,1.6000000000231245
India,Rajasthan-3,PHWR,CO2,2014,0.285530594,1563.28,7991.0,RAJASTHAN-3,8760,1.6000000022005016
India,Rajasthan-3,PHWR,CO2,2015,0.289656621,1585.87,8431.0,RAJASTHAN-3,8760,1.5999999999747776
India,Rajasthan-3,PHWR,CO2,2016,0.24583379,1345.94,7519.0,RAJASTHAN-3,8784,1.6043835619418398
India,Rajasthan-4,PHWR,CO2,2000,0.010494977,57.46,518.0,RAJASTHAN-4,8784,1.6043835358162202
India,Rajasthan-4,PHWR,CO2,2001,0.21932968,1200.83,6214.0,RAJASTHAN-4,8760,1.5999999973351766
India,Rajasthan-4,PHWR,CO2,2002,0.305294977,1671.49,8255.0,RAJASTHAN-4,8760,1.5999999991145626
India,Rajasthan-4,PHWR,CO2,2003,0.240770776,1318.22,7633.0,RAJASTHAN-4,8760,1.599999998300739
India,Rajasthan-4,PHWR,CO2,2004,0.264427397,1447.74,8329.0,RAJASTHAN-4,8784,1.6043835600646525
India,Rajasthan-4,PHWR,CO2,2005,0.267021005,1461.94,8074.0,RAJASTHAN-4,8760,1.6000000025992855
India,Rajasthan-4,PHWR,CO2,2006,0.206051142,1128.13,8334.0,RAJASTHAN-4,8760,1.6000000034747766
India,Rajasthan-4,PHWR,CO2,2007,0.172303196,943.36,7101.0,RAJASTHAN-4,8760,1.599999996777476
India,Rajasthan-4,PHWR,CO2,2008,0.190246575,1041.6,8626.0,RAJASTHAN-4,8784,1.6043835587557604
India,Rajasthan-4,PHWR,CO2,2009,0.157041096,859.8,7542.0,RAJASTHAN-4,8760,1.6000000011165387
India,Rajasthan-4,PHWR,CO2,2010,0.272237443,1490.5,8598.0,RAJASTHAN-4,8760,1.600000000456223
India,Rajasthan-4,PHWR,CO2,2011,0.262208219,1435.59,7299.0,RAJASTHAN-4,8760,1.5999999989133389
India,Rajasthan-4,PHWR,CO2,2012,0.316829224,1734.64,8512.0,RAJASTHAN-4,8784,1.6043835629387078
India,Rajasthan-4,PHWR,CO2,2013,0.301733333,1651.99,7999.0,RAJASTHAN-4,8760,1.5999999982324349
India,Rajasthan-4,PHWR,CO2,2014,0.324889498,1778.77,8575.0,RAJASTHAN-4,8760,1.6000000013942217
India,Rajasthan-4,PHWR,CO2,2015,0.271081279,1484.17,7362.0,RAJASTHAN-4,8760,1.60000000272206
India,Rajasthan-4,PHWR,CO2,2016,0.307252968,1682.21,8559.0,RAJASTHAN-4,8784,1.6043835614530886
India,Rajasthan-5,PHWR,CO2,2009,3.65e-05,0.2,1.0,RAJASTHAN-5,8760,1.5986999999999998
India,Rajasthan-5,PHWR,CO2,2010,0.256834703,1406.17,7158.0,RAJASTHAN-5,8760,1.5999999987768192
India,Rajasthan-5,PHWR,CO2,2011,0.318136986,1741.8,8325.0,RAJASTHAN-5,8760,1.5999999984843267
India,Rajasthan-5,PHWR,CO2,2012,0.290010959,1587.81,7590.0,RAJASTHAN-5,8784,1.6043835621743157
India,Rajasthan-5,PHWR,CO2,2013,0.336485845,1842.26,8760.0,RAJASTHAN-5,8760,1.6000000011941853
India,Rajasthan-5,PHWR,CO2,2014,0.275477626,1508.24,7329.0,RAJASTHAN-5,8760,1.600000002492972
India,Rajasthan-5,PHWR,CO2,2015,0.311210959,1703.88,8429.0,RAJASTHAN-5,8760,1.6000000004929926
India,Rajasthan-5,PHWR,CO2,2016,0.279572603,1530.66,7643.0,RAJASTHAN-5,8784,1.6043835631374697
India,Rajasthan-6,PHWR,CO2,2010,0.090383562,494.85,3041.0,RAJASTHAN-6,8760,1.6000000063049407
India,Rajasthan-6,PHWR,CO2,2011,0.286858447,1570.55,7506.0,RAJASTHAN-6,8760,1.5999999972748402
India,Rajasthan-6,PHWR,CO2,2012,0.312568037,1711.31,8317.0,RAJASTHAN-6,8784,1.604383564057944
India,Rajasthan-6,PHWR,CO2,2013,0.280038356,1533.21,7420.0,RAJASTHAN-6,8760,1.5999999990607938
India,Rajasthan-6,PHWR,CO2,2014,0.22499726,1231.86,6514.0,RAJASTHAN-6,8760,1.5999999980517268
India,Rajasthan-6,PHWR,CO2,2015,0.243596347,1333.69,7042.0,RAJASTHAN-6,8760,1.599999999790056
India,Rajasthan-6,PHWR,CO2,2016,0.210748858,1153.85,5921.0,RAJASTHAN-6,8784,1.6043835582372061
India,Tarapur-1,BWR,CO2,1972,0.037982192,652.4,5071.0,TARAPUR-1,8784,0.5113972632250153
India,Tarapur-1,BWR,CO2,1973,0.04407774,757.1,5181.0,TARAPUR-1,8760,0.5100000031699907
India,Tarapur-1,BWR,CO2,1974,0.048473288,832.6,6938.0,TARAPUR-1,8760,0.510000003459044
India,Tarapur-1,BWR,CO2,1975,0.05394589,926.6,5825.0,TARAPUR-1,8760,0.5099999961148284
India,Tarapur-1,BWR,CO2,1976,0.067336301,1156.6,7617.0,TARAPUR-1,8784,0.5113972574649835
India,Tarapur-1,BWR,CO2,1977,0.057916438,994.8,6675.0,TARAPUR-1,8760,0.5099999968636912
India,Tarapur-1,BWR,CO2,1978,0.054784247,941.0,6427.0,TARAPUR-1,8760,0.5100000039532413
India,Tarapur-1,BWR,CO2,1979,0.056233904,965.9,7143.0,TARAPUR-1,8760,0.5099999990061084
India,Tarapur-1,BWR,CO2,1980,0.052042123,893.9,5955.0,TARAPUR-1,8784,0.5113972574471418
India,Tarapur-1,BWR,CO2,1981,0.046214384,793.8,5986.0,TARAPUR-1,8760,0.5100000048374905
India,Tarapur-1,BWR,CO2,1982,0.06475137,1112.2,7872.0,TARAPUR-1,8760,0.5100000010789426
India,Tarapur-1,BWR,CO2,1983,0.0425,730.0,5396.0,TARAPUR-1,8760,0.51
India,Tarapur-1,BWR,CO2,1984,0.048138527,826.85,7688.0,TARAPUR-1,8784,0.5113972560536978
India,Tarapur-1,BWR,CO2,1985,0.046045548,790.9,6194.0,TARAPUR-1,8760,0.5100000006069035
India,Tarapur-1,BWR,CO2,1986,0.063472295,1090.23,7954.0,TARAPUR-1,8760,0.5100000038523981
India,Tarapur-1,BWR,CO2,1987,0.011258425,193.38,1533.0,TARAPUR-1,8760,0.5100000155134968
India,Tarapur-1,BWR,CO2,1988,0.063194589,1085.46,8010.0,TARAPUR-1,8784,0.5113972599414073
India,Tarapur-1,BWR,CO2,1989,0.046594555,800.33,6177.0,TARAPUR-1,8760,0.5100000022490723
India,Tarapur-1,BWR,CO2,1990,0.060848938,1045.17,7772.0,TARAPUR-1,8760,0.5099999970148397
India,Tarapur-1,BWR,CO2,1991,0.03300387,566.89,6536.0,TARAPUR-1,8760,0.5100000021168127
India,Tarapur-1,BWR,CO2,1992,0.044382808,762.34,5487.0,TARAPUR-1,8784,0.5113972577485112
India,Tarapur-1,BWR,CO2,1993,0.056337534,967.68,7291.0,TARAPUR-1,8760,0.5099999977678572
India,Tarapur-1,BWR,CO2,1994,0.016337466,280.62,2450.0,TARAPUR-1,8760,0.5100000076972417
India,Tarapur-1,BWR,CO2,1995,0.063590479,1092.26,7893.0,TARAPUR-1,8760,0.5099999963744897
India,Tarapur-1,BWR,CO2,1996,0.023480959,403.32,3872.0,TARAPUR-1,8784,0.5113972623623921
India,Tarapur-1,BWR,CO2,1997,0.057373836,985.48,7347.0,TARAPUR-1,8760,0.510000003409506
India,Tarapur-1,BWR,CO2,1998,0.067686781,1162.62,8283.0,TARAPUR-1,8760,0.510000001341797
India,Tarapur-1,BWR,CO2,1999,0.049637671,852.6,6405.0,TARAPUR-1,8760,0.5099999976073187
India,Tarapur-1,BWR,CO2,2000,0.068762671,1181.1,8337.0,TARAPUR-1,8784,0.5113972585420371
India,Tarapur-1,BWR,CO2,2001,0.063122397,1084.22,7635.0,TARAPUR-1,8760,0.5099999978971057
India,Tarapur-1,BWR,CO2,2002,0.068739966,1180.71,8394.0,TARAPUR-1,8760,0.5100000018294077
India,Tarapur-1,BWR,CO2,2003,0.064063219,1100.38,7901.0,TARAPUR-1,8760,0.5099999985823079
India,Tarapur-1,BWR,CO2,2004,0.066868219,1148.56,8111.0,TARAPUR-1,8784,0.511397258912029
India,Tarapur-1,BWR,CO2,2005,0.056183253,965.03,6552.0,TARAPUR-1,8760,0.5099999961451975
India,Tarapur-1,BWR,CO2,2006,0.054651507,938.72,6652.0,TARAPUR-1,8760,0.5100000014061702
India,Tarapur-1,BWR,CO2,2007,0.070931336,1218.35,8400.0,TARAPUR-1,8760,0.5100000027578282
India,Tarapur-1,BWR,CO2,2008,0.05617161,964.83,7045.0,TARAPUR-1,8784,0.5113972640154224
India,Tarapur-1,BWR,CO2,2009,0.070191952,1205.65,7752.0,TARAPUR-1,8760,0.5099999996018745
India,Tarapur-1,BWR,CO2,2010,0.056865582,976.75,6792.0,TARAPUR-1,8760,0.5099999982800102
India,Tarapur-1,BWR,CO2,2011,0.072829281,1250.95,8437.0,TARAPUR-1,8760,0.5100000012470522
India,Tarapur-1,BWR,CO2,2012,0.040035582,687.67,4750.0,TARAPUR-1,8784,0.5113972578242472
India,Tarapur-1,BWR,CO2,2013,0.065235171,1120.51,7606.0,TARAPUR-1,8760,0.5099999981794004
India,Tarapur-1,BWR,CO2,2014,0.055913699,960.4,6612.0,TARAPUR-1,8760,0.5100000033735943
India,Tarapur-1,BWR,CO2,2015,0.02489161,427.55,2866.0,TARAPUR-1,8760,0.5100000084200679
India,Tarapur-1,BWR,CO2,2016,0.071266678,1224.11,8317.0,TARAPUR-1,8784,0.5113972596841788
India,Tarapur-2,BWR,CO2,1972,0.012691781,218.0,1987.0,TARAPUR-2,8784,0.5113972674495412
India,Tarapur-2,BWR,CO2,1973,0.072750685,1249.6,7402.0,TARAPUR-2,8760,0.5100000004801537
India,Tarapur-2,BWR,CO2,1974,0.034756849,597.0,4016.0,TARAPUR-2,8760,0.5099999953768845
India,Tarapur-2,BWR,CO2,1975,0.053899315,925.8,5654.0,TARAPUR-2,8760,0.509999999351912
India,Tarapur-2,BWR,CO2,1976,0.066247603,1137.9,6534.0,TARAPUR-2,8784,0.5113972622831532
India,Tarapur-2,BWR,CO2,1977,0.067621575,1161.5,7650.0,TARAPUR-2,8760,0.509999997417133
India,Tarapur-2,BWR,CO2,1978,0.066725,1146.1,6678.0,TARAPUR-2,8760,0.5100000000000001
India,Tarapur-2,BWR,CO2,1979,0.057811644,993.0,6216.0,TARAPUR-2,8760,0.5100000014501511
India,Tarapur-2,BWR,CO2,1980,0.052391438,899.9,6883.0,TARAPUR-2,8784,0.511397256797422
India,Tarapur-2,BWR,CO2,1981,0.056123288,964.0,6748.0,TARAPUR-2,8760,0.5100000029875519
India,Tarapur-2,BWR,CO2,1982,0.032410616,556.7,4844.0,TARAPUR-2,8760,0.5099999931022094
India,Tarapur-2,BWR,CO2,1983,0.050516781,867.7,7519.0,TARAPUR-2,8760,0.5100000017978563
India,Tarapur-2,BWR,CO2,1984,0.046756404,803.11,5615.0,TARAPUR-2,8784,0.5113972590753446
India,Tarapur-2,BWR,CO2,1985,0.062346336,1070.89,8059.0,TARAPUR-2,8760,0.5100000031375772
India,Tarapur-2,BWR,CO2,1986,0.04480024,769.51,5615.0,TARAPUR-2,8760,0.5100000031188678
India,Tarapur-2,BWR,CO2,1987,0.067952842,1167.19,8221.0,TARAPUR-2,8760,0.5099999965044252
India,Tarapur-2,BWR,CO2,1988,0.047361301,813.5,6077.0,TARAPUR-2,8784,0.5113972562802704
India,Tarapur-2,BWR,CO2,1989,0.024863082,427.06,3052.0,TARAPUR-2,8760,0.5099999960661266
India,Tarapur-2,BWR,CO2,1990,0.044385137,762.38,7827.0,TARAPUR-2,8760,0.5100000001574018
India,Tarapur-2,BWR,CO2,1991,0.049396644,848.46,6265.0,TARAPUR-2,8760,0.5100000016971926
India,Tarapur-2,BWR,CO2,1992,0.047730411,819.84,6076.0,TARAPUR-2,8784,0.5113972607142857
India,Tarapur-2,BWR,CO2,1993,0.045394658,779.72,5750.0,TARAPUR-2,8760,0.5100000052326475
India,Tarapur-2,BWR,CO2,1994,0.049114281,843.61,6722.0,TARAPUR-2,8760,0.5100000018491957
India,Tarapur-2,BWR,CO2,1995,0.037260274,640.0,4911.0,TARAPUR-2,8760,0.510000000375
India,Tarapur-2,BWR,CO2,1996,0.021027021,361.17,3203.0,TARAPUR-2,8784,0.5113972712683778
India,Tarapur-2,BWR,CO2,1997,0.045161199,775.71,6978.0,TARAPUR-2,8760,0.5100000041768187
India,Tarapur-2,BWR,CO2,1998,0.051294589,881.06,6522.0,TARAPUR-2,8760,0.5099999995914013
India,Tarapur-2,BWR,CO2,1999,0.064246027,1103.52,7711.0,TARAPUR-2,8760,0.509999996846455
India,Tarapur-2,BWR,CO2,2000,0.059564623,1023.11,7162.0,TARAPUR-2,8784,0.5113972578041461
India,Tarapur-2,BWR,CO2,2001,0.069712808,1197.42,8364.0,TARAPUR-2,8760,0.5099999983965525
India,Tarapur-2,BWR,CO2,2002,0.067725788,1163.29,7978.0,TARAPUR-2,8760,0.5100000024757368
India,Tarapur-2,BWR,CO2,2003,0.065037808,1117.12,7890.0,TARAPUR-2,8760,0.5099999982812948
India,Tarapur-2,BWR,CO2,2004,0.072090479,1238.26,8455.0,TARAPUR-2,8784,0.5113972570671749
India,Tarapur-2,BWR,CO2,2005,0.052008356,893.32,6359.0,TARAPUR-2,8760,0.5099999983880356
India,Tarapur-2,BWR,CO2,2006,0.063509555,1090.87,7439.0,TARAPUR-2,8760,0.5100000016500591
India,Tarapur-2,BWR,CO2,2007,0.06650726,1142.36,7812.0,TARAPUR-2,8760,0.5099999978990861
India,Tarapur-2,BWR,CO2,2008,0.073646096,1264.98,8462.0,TARAPUR-2,8784,0.5113972610349571
India,Tarapur-2,BWR,CO2,2009,0.069945103,1201.41,7878.0,TARAPUR-2,8760,0.51000000189777
India,Tarapur-2,BWR,CO2,2010,0.076228116,1309.33,8760.0,TARAPUR-2,8760,0.5099999970672023
India,Tarapur-2,BWR,CO2,2011,0.066929932,1149.62,7857.0,TARAPUR-2,8760,0.5100000037577634
India,Tarapur-2,BWR,CO2,2012,0.073091849,1255.46,8723.0,TARAPUR-2,8784,0.5113972580695522
India,Tarapur-2,BWR,CO2,2013,0.024707055,424.38,2982.0,TARAPUR-2,8760,0.5100000042414817
India,Tarapur-2,BWR,CO2,2014,0.07428476,1275.95,8648.0,TARAPUR-2,8760,0.5099999981190486
India,Tarapur-2,BWR,CO2,2015,0.043130514,740.83,5677.0,TARAPUR-2,8760,0.5100000035635706
India,Tarapur-2,BWR,CO2,2016,0.032811164,563.58,3783.0,TARAPUR-2,8784,0.5113972542957521
India,Tarapur-3,PHWR,CO2,2006,0.189547032,1037.77,3599.0,TARAPUR-3,8760,1.6000000003083537
India,Tarapur-3,PHWR,CO2,2007,0.453481279,2482.81,7967.0,TARAPUR-3,8760,1.6000000016271887
India,Tarapur-3,PHWR,CO2,2008,0.291210959,1594.38,7465.0,TARAPUR-3,8784,1.6043835621721294
India,Tarapur-3,PHWR,CO2,2009,0.406394521,2225.01,8022.0,TARAPUR-3,8760,1.600000001779767
India,Tarapur-3,PHWR,CO2,2010,0.510325114,2794.03,7972.0,TARAPUR-3,8760,1.599999999513248
India,Tarapur-3,PHWR,CO2,2011,0.752913242,4122.2,8760.0,TARAPUR-3,8760,1.5999999999805927
India,Tarapur-3,PHWR,CO2,2012,0.690314155,3779.47,7923.0,TARAPUR-3,8784,1.6043835610601487
India,Tarapur-3,PHWR,CO2,2013,0.62963653,3447.26,7200.0,TARAPUR-3,8760,1.600000000812239
India,Tarapur-3,PHWR,CO2,2014,0.75433242,4129.97,8463.0,TARAPUR-3,8760,1.5999999998062937
India,Tarapur-3,PHWR,CO2,2015,0.739015525,4046.11,8352.0,TARAPUR-3,8760,1.5999999997528491
India,Tarapur-3,PHWR,CO2,2016,0.680971689,3728.32,7688.0,TARAPUR-3,8784,1.6043835604712042
India,Tarapur-4,PHWR,CO2,2005,0.180902283,990.44,2770.0,TARAPUR-4,8760,1.5999999990711198
India,Tarapur-4,PHWR,CO2,2006,0.321848402,1762.12,5454.0,TARAPUR-4,8760,1.6000000008625972
India,Tarapur-4,PHWR,CO2,2007,0.371318721,2032.97,6797.0,TARAPUR-4,8760,1.5999999980127597
India,Tarapur-4,PHWR,CO2,2008,0.31229589,1709.82,8022.0,TARAPUR-4,8784,1.6043835595325826
India,Tarapur-4,PHWR,CO2,2009,0.407174429,2229.28,8187.0,TARAPUR-4,8760,1.5999999991207923
India,Tarapur-4,PHWR,CO2,2010,0.469740639,2571.83,7526.0,TARAPUR-4,8760,1.5999999990823657
India,Tarapur-4,PHWR,CO2,2011,0.460065753,2518.86,6568.0,TARAPUR-4,8760,1.5999999985231415
India,Tarapur-4,PHWR,CO2,2012,0.621492237,3402.67,8440.0,TARAPUR-4,8784,1.6043835605004304
India,Tarapur-4,PHWR,CO2,2013,0.644825571,3530.42,7779.0,TARAPUR-4,8760,1.6000000005551749
India,Tarapur-4,PHWR,CO2,2014,0.679863014,3722.25,8409.0,TARAPUR-4,8760,1.6000000007092485
India,Tarapur-4,PHWR,CO2,2015,0.687154338,3762.17,7881.0,TARAPUR-4,8760,1.6000000002339076
India,Tarapur-4,PHWR,CO2,2016,0.735685845,4027.88,8381.0,TARAPUR-4,8784,1.6043835621915252
Iran,Bushehr-1,PWR,CO2,2011,0.000751628,97.98,361.0,BUSHEHR-1,8760,0.06720005388854867
Iran,Bushehr-1,PWR,CO2,2012,0.010189776,1328.31,1930.0,BUSHEHR-1,8784,0.06738411393725863
Iran,Bushehr-1,PWR,CO2,2013,0.02986925,3893.67,4523.0,BUSHEHR-1,8760,0.06720000154096263
Iran,Bushehr-1,PWR,CO2,2014,0.028564603,3723.6,5181.0,BUSHEHR-1,8760,0.06720000061231067
Iran,Bushehr-1,PWR,CO2,2015,0.024534443,3198.24,3992.0,BUSHEHR-1,8760,0.06719999771124119
Iran,Bushehr-1,PWR,CO2,2016,0.045444153,5923.97,6615.0,BUSHEHR-1,8784,0.06738410895936339
Italy,Enrico Fermi (Trino),PWR,CO2,1972,0.015230466,1985.4,8475.0,ENRICO FERMI,8784,0.06738411067996374
Italy,Enrico Fermi (Trino),PWR,CO2,1973,0.010409864,1357.0,6324.0,ENRICO FERMI,8760,0.067200006366986
Italy,Enrico Fermi (Trino),PWR,CO2,1974,0.01196789,1560.1,7079.0,ENRICO FERMI,8760,0.06719999769245562
Italy,Enrico Fermi (Trino),PWR,CO2,1975,0.016933479,2207.4,8706.0,ENRICO FERMI,8760,0.06719999820603424
Italy,Enrico Fermi (Trino),PWR,CO2,1976,0.011617315,1514.4,6591.0,ENRICO FERMI,8784,0.0673841091917591
Italy,Enrico Fermi (Trino),PWR,CO2,1977,0.014007671,1826.0,6952.0,ENRICO FERMI,8760,0.06719999888280394
Italy,Enrico Fermi (Trino),PWR,CO2,1978,0.016070466,2094.9,8401.0,ENRICO FERMI,8760,0.06720000103107547
Italy,Enrico Fermi (Trino),PWR,CO2,1979,0.005408219,705.0,3175.0,ENRICO FERMI,8760,0.06719999778723404
Italy,Enrico Fermi (Trino),PWR,CO2,1984,0.012511781,1631.0,6415.0,ENRICO FERMI,8784,0.06738411054812998
Italy,Enrico Fermi (Trino),PWR,CO2,1985,0.009936548,1295.3,5752.0,ENRICO FERMI,8760,0.06720000037057053
Italy,Enrico Fermi (Trino),PWR,CO2,1986,0.01546674,2016.2,8417.0,ENRICO FERMI,8760,0.0672000011903581
Italy,Enrico Fermi (Trino),PWR,CO2,1987,0.001219726,159.0,1903.0,ENRICO FERMI,8760,0.06719999849056603
Japan,Fukuschima-Daiichi-1,BWR,CO2,1972,0.150735274,2589.1,5878.0,FUKUSHIMA-DAIICHI-1,8784,0.5113972603669229
Japan,Fukuschima-Daiichi-1,BWR,CO2,1973,0.129060274,2216.8,5469.0,FUKUSHIMA-DAIICHI-1,8760,0.5100000001082641
Japan,Fukuschima-Daiichi-1,BWR,CO2,1974,0.094879795,1629.7,4934.0,FUKUSHIMA-DAIICHI-1,8760,0.5100000025771614
Japan,Fukuschima-Daiichi-1,BWR,CO2,1976,0.091048973,1563.9,4548.0,FUKUSHIMA-DAIICHI-1,8784,0.5113972625052753
Japan,Fukuschima-Daiichi-1,BWR,CO2,1978,0.087189041,1497.6,4461.0,FUKUSHIMA-DAIICHI-1,8760,0.5099999994391026
Japan,Fukuschima-Daiichi-1,BWR,CO2,1979,0.14580411,2504.4,6626.0,FUKUSHIMA-DAIICHI-1,8760,0.5100000014374699
Japan,Fukuschima-Daiichi-1,BWR,CO2,1980,0.072744863,1249.5,3323.0,FUKUSHIMA-DAIICHI-1,8784,0.5113972601776711
Japan,Fukuschima-Daiichi-1,BWR,CO2,1981,0.063156164,1084.8,2915.0,FUKUSHIMA-DAIICHI-1,8760,0.5099999969026549
Japan,Fukuschima-Daiichi-1,BWR,CO2,1982,0.137106164,2355.0,5741.0,FUKUSHIMA-DAIICHI-1,8760,0.5099999985732484
Japan,Fukuschima-Daiichi-1,BWR,CO2,1983,0.175792808,3019.5,7384.0,FUKUSHIMA-DAIICHI-1,8760,0.5099999993641331
Japan,Fukuschima-Daiichi-1,BWR,CO2,1984,0.155431233,2669.76,6222.0,FUKUSHIMA-DAIICHI-1,8784,0.5113972606796117
Japan,Fukuschima-Daiichi-1,BWR,CO2,1985,0.098931267,1699.29,4005.0,FUKUSHIMA-DAIICHI-1,8760,0.5099999993644404
Japan,Fukuschima-Daiichi-1,BWR,CO2,1986,0.146984795,2524.68,5836.0,FUKUSHIMA-DAIICHI-1,8760,0.5100000016635772
Japan,Fukuschima-Daiichi-1,BWR,CO2,1987,0.192640856,3308.89,7727.0,FUKUSHIMA-DAIICHI-1,8760,0.5099999995648087
Japan,Fukuschima-Daiichi-1,BWR,CO2,1988,0.162691164,2794.46,6431.0,FUKUSHIMA-DAIICHI-1,8784,0.5113972590682994
Japan,Fukuschima-Daiichi-1,BWR,CO2,1989,0.083881027,1440.78,3457.0,FUKUSHIMA-DAIICHI-1,8760,0.5099999975846417
Japan,Fukuschima-Daiichi-1,BWR,CO2,1990,0.136955377,2352.41,5487.0,FUKUSHIMA-DAIICHI-1,8760,0.5100000010712419
Japan,Fukuschima-Daiichi-1,BWR,CO2,1991,0.074519966,1279.99,2985.0,FUKUSHIMA-DAIICHI-1,8760,0.5100000016875132
Japan,Fukuschima-Daiichi-1,BWR,CO2,1992,0.104448699,1794.06,4166.0,FUKUSHIMA-DAIICHI-1,8784,0.5113972620848801
Japan,Fukuschima-Daiichi-1,BWR,CO2,1993,0.145586952,2500.67,5811.0,FUKUSHIMA-DAIICHI-1,8760,0.5099999998080514
Japan,Fukuschima-Daiichi-1,BWR,CO2,1994,0.194308253,3337.53,7667.0,FUKUSHIMA-DAIICHI-1,8760,0.5099999988854031
Japan,Fukuschima-Daiichi-1,BWR,CO2,1995,0.176452432,3030.83,6977.0,FUKUSHIMA-DAIICHI-1,8760,0.5100000014253521
Japan,Fukuschima-Daiichi-1,BWR,CO2,1996,0.133822021,2298.59,5276.0,FUKUSHIMA-DAIICHI-1,8784,0.5113972620014878
Japan,Fukuschima-Daiichi-1,BWR,CO2,1997,0.189731062,3258.91,7445.0,FUKUSHIMA-DAIICHI-1,8760,0.5100000009573754
Japan,Fukuschima-Daiichi-1,BWR,CO2,1998,0.191379829,3287.23,7581.0,FUKUSHIMA-DAIICHI-1,8760,0.5100000006205833
Japan,Fukuschima-Daiichi-1,BWR,CO2,1999,0.148862363,2556.93,5876.0,FUKUSHIMA-DAIICHI-1,8760,0.5099999999530688
Japan,Fukuschima-Daiichi-1,BWR,CO2,2000,0.215776575,3706.28,8517.0,FUKUSHIMA-DAIICHI-1,8784,0.511397259462318
Japan,Fukuschima-Daiichi-1,BWR,CO2,2001,0.028381849,487.5,1131.0,FUKUSHIMA-DAIICHI-1,8760,0.5099999943384615
Japan,Fukuschima-Daiichi-1,BWR,CO2,2002,0.181655479,3120.2,7146.0,FUKUSHIMA-DAIICHI-1,8760,0.5099999987308507
Japan,Fukuschima-Daiichi-1,BWR,CO2,2005,0.049563733,851.33,2050.0,FUKUSHIMA-DAIICHI-1,8760,0.5100000012686032
Japan,Fukuschima-Daiichi-1,BWR,CO2,2006,0.216261541,3714.61,8664.0,FUKUSHIMA-DAIICHI-1,8760,0.5099999997738659
Japan,Fukuschima-Daiichi-1,BWR,CO2,2007,0.035557945,610.76,1412.0,FUKUSHIMA-DAIICHI-1,8760,0.5099999970528521
Japan,Fukuschima-Daiichi-1,BWR,CO2,2008,0.176786027,3036.56,6984.0,FUKUSHIMA-DAIICHI-1,8784,0.5113972591247992
Japan,Fukuschima-Daiichi-1,BWR,CO2,2009,0.153547842,2637.41,6206.0,FUKUSHIMA-DAIICHI-1,8760,0.5099999984530278
Japan,Fukuschima-Daiichi-1,BWR,CO2,2010,0.121620445,2089.01,4876.0,FUKUSHIMA-DAIICHI-1,8760,0.5099999991383477
Japan,Fukuschima-Daiichi-1,BWR,CO2,2011,0.042453425,729.2,1671.0,FUKUSHIMA-DAIICHI-1,8760,0.5100000041140976
Japan,Fukuschima-Daiichi-2,BWR,CO2,1973,0.000346404,5.95,97.0,FUKUSHIMA-DAIICHI-2,8760,0.5099998386554622
Japan,Fukuschima-Daiichi-2,BWR,CO2,1974,0.213670205,3670.1,6474.0,FUKUSHIMA-DAIICHI-2,8760,0.5099999988556171
Japan,Fukuschima-Daiichi-2,BWR,CO2,1975,0.036218151,622.1,982.0,FUKUSHIMA-DAIICHI-2,8760,0.5100000044365858
Japan,Fukuschima-Daiichi-2,BWR,CO2,1976,0.244019863,4191.4,6918.0,FUKUSHIMA-DAIICHI-2,8784,0.5113972602452642
Japan,Fukuschima-Daiichi-2,BWR,CO2,1977,0.002893493,49.7,96.0,FUKUSHIMA-DAIICHI-2,8760,0.5099999734406439
Japan,Fukuschima-Daiichi-2,BWR,CO2,1978,0.225675,3876.3,6538.0,FUKUSHIMA-DAIICHI-2,8760,0.5099999999999999
Japan,Fukuschima-Daiichi-2,BWR,CO2,1979,0.173260274,2976.0,4752.0,FUKUSHIMA-DAIICHI-2,8760,0.5100000000806452
Japan,Fukuschima-Daiichi-2,BWR,CO2,1980,0.168195205,2889.0,4619.0,FUKUSHIMA-DAIICHI-2,8784,0.5113972588161994
Japan,Fukuschima-Daiichi-2,BWR,CO2,1981,0.223666438,3841.8,5794.0,FUKUSHIMA-DAIICHI-2,8760,0.5099999991878806
Japan,Fukuschima-Daiichi-2,BWR,CO2,1982,0.307991096,5290.2,7531.0,FUKUSHIMA-DAIICHI-2,8760,0.5100000001814677
Japan,Fukuschima-Daiichi-2,BWR,CO2,1983,0.199266781,3422.7,4934.0,FUKUSHIMA-DAIICHI-2,8760,0.5100000004557805
Japan,Fukuschima-Daiichi-2,BWR,CO2,1984,0.215336438,3698.72,5069.0,FUKUSHIMA-DAIICHI-2,8784,0.5113972594281265
Japan,Fukuschima-Daiichi-2,BWR,CO2,1985,0.248379315,4266.28,5952.0,FUKUSHIMA-DAIICHI-2,8760,0.5099999998593623
Japan,Fukuschima-Daiichi-2,BWR,CO2,1986,0.322598288,5541.1,7478.0,FUKUSHIMA-DAIICHI-2,8760,0.5100000005197524
Japan,Fukuschima-Daiichi-2,BWR,CO2,1987,0.224206712,3851.08,5260.0,FUKUSHIMA-DAIICHI-2,8760,0.5099999992521579
Japan,Fukuschima-Daiichi-2,BWR,CO2,1988,0.238771404,4101.25,5724.0,FUKUSHIMA-DAIICHI-2,8784,0.5113972600392563
Japan,Fukuschima-Daiichi-2,BWR,CO2,1989,0.37937887,6516.39,8760.0,FUKUSHIMA-DAIICHI-2,8760,0.5100000001841509
Japan,Fukuschima-Daiichi-2,BWR,CO2,1990,0.181804521,3122.76,4385.0,FUKUSHIMA-DAIICHI-2,8760,0.510000001268109
Japan,Fukuschima-Daiichi-2,BWR,CO2,1991,0.224321404,3853.05,5291.0,FUKUSHIMA-DAIICHI-2,8760,0.5099999997508468
Japan,Fukuschima-Daiichi-2,BWR,CO2,1992,0.265976062,4568.53,6261.0,FUKUSHIMA-DAIICHI-2,8784,0.5113972609587767
Japan,Fukuschima-Daiichi-2,BWR,CO2,1993,0.243746233,4186.7,5659.0,FUKUSHIMA-DAIICHI-2,8760,0.5100000002579598
Japan,Fukuschima-Daiichi-2,BWR,CO2,1994,0.131922329,2265.96,3138.0,FUKUSHIMA-DAIICHI-2,8760,0.5100000009002806
Japan,Fukuschima-Daiichi-2,BWR,CO2,1995,0.372397226,6396.47,8520.0,FUKUSHIMA-DAIICHI-2,8760,0.5099999999624794
Japan,Fukuschima-Daiichi-2,BWR,CO2,1996,0.302292603,5192.32,6948.0,FUKUSHIMA-DAIICHI-2,8784,0.5113972607142857
Japan,Fukuschima-Daiichi-2,BWR,CO2,1997,0.268906815,4618.87,6197.0,FUKUSHIMA-DAIICHI-2,8760,0.5099999998700981
Japan,Fukuschima-Daiichi-2,BWR,CO2,1998,0.231488767,3976.16,5352.0,FUKUSHIMA-DAIICHI-2,8760,0.5099999997283812
Japan,Fukuschima-Daiichi-2,BWR,CO2,1999,0.183878288,3158.38,4216.0,FUKUSHIMA-DAIICHI-2,8760,0.5100000009118598
Japan,Fukuschima-Daiichi-2,BWR,CO2,2000,0.300833048,5167.25,6904.0,FUKUSHIMA-DAIICHI-2,8784,0.5113972603671199
Japan,Fukuschima-Daiichi-2,BWR,CO2,2001,0.349112466,5996.52,8036.0,FUKUSHIMA-DAIICHI-2,8760,0.5100000003602089
Japan,Fukuschima-Daiichi-2,BWR,CO2,2002,0.296977192,5101.02,6815.0,FUKUSHIMA-DAIICHI-2,8760,0.5100000003763953
Japan,Fukuschima-Daiichi-2,BWR,CO2,2003,0.093215308,1601.11,2136.0,FUKUSHIMA-DAIICHI-2,8760,0.5099999988008319
Japan,Fukuschima-Daiichi-2,BWR,CO2,2004,0.21375113,3671.49,4949.0,FUKUSHIMA-DAIICHI-2,8784,0.5113972599462344
Japan,Fukuschima-Daiichi-2,BWR,CO2,2005,0.199397192,3424.94,4735.0,FUKUSHIMA-DAIICHI-2,8760,0.5100000005605938
Japan,Fukuschima-Daiichi-2,BWR,CO2,2006,0.187436062,3219.49,4447.0,FUKUSHIMA-DAIICHI-2,8760,0.5100000009690976
Japan,Fukuschima-Daiichi-2,BWR,CO2,2007,0.342320616,5879.86,7891.0,FUKUSHIMA-DAIICHI-2,8760,0.5099999993469233
Japan,Fukuschima-Daiichi-2,BWR,CO2,2008,0.307956164,5289.6,7101.0,FUKUSHIMA-DAIICHI-2,8784,0.5113972596370235
Japan,Fukuschima-Daiichi-2,BWR,CO2,2009,0.285465514,4903.29,6592.0,FUKUSHIMA-DAIICHI-2,8760,0.510000000538414
Japan,Fukuschima-Daiichi-2,BWR,CO2,2010,0.278886747,4790.29,6493.0,FUKUSHIMA-DAIICHI-2,8760,0.5100000007765709
Japan,Fukuschima-Daiichi-2,BWR,CO2,2011,0.073307842,1259.17,1671.0,FUKUSHIMA-DAIICHI-2,8760,0.5099999967597703
Japan,Fukuschima-Daiichi-3,BWR,CO2,1974,0.016575,284.7,1140.0,FUKUSHIMA-DAIICHI-3,8760,0.51
Japan,Fukuschima-Daiichi-3,BWR,CO2,1975,0.172433562,2961.8,6069.0,FUKUSHIMA-DAIICHI-3,8760,0.5100000010534135
Japan,Fukuschima-Daiichi-3,BWR,CO2,1976,0.279865411,4807.1,7641.0,FUKUSHIMA-DAIICHI-3,8784,0.511397260349067
Japan,Fukuschima-Daiichi-3,BWR,CO2,1977,0.126399658,2171.1,3575.0,FUKUSHIMA-DAIICHI-3,8760,0.5100000018792318
Japan,Fukuschima-Daiichi-3,BWR,CO2,1978,0.160318151,2753.7,4368.0,FUKUSHIMA-DAIICHI-3,8760,0.5100000010022878
Japan,Fukuschima-Daiichi-3,BWR,CO2,1979,0.286222945,4916.3,7190.0,FUKUSHIMA-DAIICHI-3,8760,0.509999999633871
Japan,Fukuschima-Daiichi-3,BWR,CO2,1980,0.249585616,4287.0,6110.0,FUKUSHIMA-DAIICHI-3,8784,0.5113972593757873
Japan,Fukuschima-Daiichi-3,BWR,CO2,1981,0.216738356,3722.8,5173.0,FUKUSHIMA-DAIICHI-3,8760,0.5099999996131943
Japan,Fukuschima-Daiichi-3,BWR,CO2,1982,0.168067123,2886.8,4037.0,FUKUSHIMA-DAIICHI-3,8760,0.5099999991270611
Japan,Fukuschima-Daiichi-3,BWR,CO2,1983,0.234856164,4034.0,5643.0,FUKUSHIMA-DAIICHI-3,8760,0.5099999991670798
Japan,Fukuschima-Daiichi-3,BWR,CO2,1984,0.261830856,4497.33,6041.0,FUKUSHIMA-DAIICHI-3,8784,0.5113972599529053
Japan,Fukuschima-Daiichi-3,BWR,CO2,1985,0.337592055,5798.64,7738.0,FUKUSHIMA-DAIICHI-3,8760,0.5100000003104176
Japan,Fukuschima-Daiichi-3,BWR,CO2,1986,0.246511644,4234.2,5621.0,FUKUSHIMA-DAIICHI-3,8760,0.510000000340088
Japan,Fukuschima-Daiichi-3,BWR,CO2,1987,0.218254384,3748.84,5086.0,FUKUSHIMA-DAIICHI-3,8760,0.5100000010243168
Japan,Fukuschima-Daiichi-3,BWR,CO2,1988,0.298256267,5122.99,6822.0,FUKUSHIMA-DAIICHI-3,8784,0.5113972600625807
Japan,Fukuschima-Daiichi-3,BWR,CO2,1989,0.332238801,5706.69,7616.0,FUKUSHIMA-DAIICHI-3,8760,0.5099999994322453
Japan,Fukuschima-Daiichi-3,BWR,CO2,1990,0.169973801,2919.55,3985.0,FUKUSHIMA-DAIICHI-3,8760,0.50999999889024
Japan,Fukuschima-Daiichi-3,BWR,CO2,1991,0.261463493,4491.02,6003.0,FUKUSHIMA-DAIICHI-3,8760,0.50999999970608
Japan,Fukuschima-Daiichi-3,BWR,CO2,1992,0.35506363,6098.74,8120.0,FUKUSHIMA-DAIICHI-3,8784,0.5113972600766716
Japan,Fukuschima-Daiichi-3,BWR,CO2,1993,0.24477089,4204.3,5655.0,FUKUSHIMA-DAIICHI-3,8760,0.5099999991437338
Japan,Fukuschima-Daiichi-3,BWR,CO2,1994,0.244654452,4202.3,5647.0,FUKUSHIMA-DAIICHI-3,8760,0.5099999998857768
Japan,Fukuschima-Daiichi-3,BWR,CO2,1995,0.347366473,5966.53,8036.0,FUKUSHIMA-DAIICHI-3,8760,0.5100000005832536
Japan,Fukuschima-Daiichi-3,BWR,CO2,1996,0.285835788,4909.65,6525.0,FUKUSHIMA-DAIICHI-3,8784,0.5113972608621795
Japan,Fukuschima-Daiichi-3,BWR,CO2,1997,0.146517295,2516.65,3345.0,FUKUSHIMA-DAIICHI-3,8760,0.5100000016688853
Japan,Fukuschima-Daiichi-3,BWR,CO2,1998,0.153272466,2632.68,3622.0,FUKUSHIMA-DAIICHI-3,8760,0.5100000008204567
Japan,Fukuschima-Daiichi-3,BWR,CO2,1999,0.297854555,5116.09,6792.0,FUKUSHIMA-DAIICHI-3,8760,0.5100000003518311
Japan,Fukuschima-Daiichi-3,BWR,CO2,2000,0.34538411,5932.48,7859.0,FUKUSHIMA-DAIICHI-3,8784,0.5113972608824641
Japan,Fukuschima-Daiichi-3,BWR,CO2,2001,0.328200137,5637.32,7506.0,FUKUSHIMA-DAIICHI-3,8760,0.5100000000212868
Japan,Fukuschima-Daiichi-3,BWR,CO2,2002,0.207685856,3567.31,4747.0,FUKUSHIMA-DAIICHI-3,8760,0.5099999995963345
Japan,Fukuschima-Daiichi-3,BWR,CO2,2003,0.144590822,2483.56,3290.0,FUKUSHIMA-DAIICHI-3,8760,0.5100000002899064
Japan,Fukuschima-Daiichi-3,BWR,CO2,2004,0.231110925,3969.67,5225.0,FUKUSHIMA-DAIICHI-3,8784,0.5113972610317734
Japan,Fukuschima-Daiichi-3,BWR,CO2,2005,0.297141952,5103.85,6987.0,FUKUSHIMA-DAIICHI-3,8760,0.5099999999059533
Japan,Fukuschima-Daiichi-3,BWR,CO2,2006,0.23764661,4081.93,5509.0,FUKUSHIMA-DAIICHI-3,8760,0.5100000008819358
Japan,Fukuschima-Daiichi-3,BWR,CO2,2007,0.251090582,4312.85,5840.0,FUKUSHIMA-DAIICHI-3,8760,0.5099999996104664
Japan,Fukuschima-Daiichi-3,BWR,CO2,2008,0.388254384,6668.84,8784.0,FUKUSHIMA-DAIICHI-3,8784,0.5113972608513625
Japan,Fukuschima-Daiichi-3,BWR,CO2,2009,0.235065753,4037.6,5380.0,FUKUSHIMA-DAIICHI-3,8760,0.5099999990786606
Japan,Fukuschima-Daiichi-3,BWR,CO2,2010,0.282597637,4854.03,6473.0,FUKUSHIMA-DAIICHI-3,8760,0.5100000000247218
Japan,Fukuschima-Daiichi-3,BWR,CO2,2011,0.074044315,1271.82,1671.0,FUKUSHIMA-DAIICHI-3,8760,0.5099999995282352
Japan,Fukuschima-Daiichi-4,BWR,CO2,1978,0.184158904,3163.2,5894.0,FUKUSHIMA-DAIICHI-4,8760,0.5099999996965099
Japan,Fukuschima-Daiichi-4,BWR,CO2,1979,0.228067808,3917.4,6213.0,FUKUSHIMA-DAIICHI-4,8760,0.5099999995098791
Japan,Fukuschima-Daiichi-4,BWR,CO2,1980,0.251332192,4317.0,6326.0,FUKUSHIMA-DAIICHI-4,8784,0.5113972607199444
Japan,Fukuschima-Daiichi-4,BWR,CO2,1981,0.271738014,4667.5,6585.0,FUKUSHIMA-DAIICHI-4,8760,0.5100000005656133
Japan,Fukuschima-Daiichi-4,BWR,CO2,1982,0.333869521,5734.7,7776.0,FUKUSHIMA-DAIICHI-4,8760,0.5100000006905331
Japan,Fukuschima-Daiichi-4,BWR,CO2,1983,0.280511644,4818.2,6485.0,FUKUSHIMA-DAIICHI-4,8760,0.5100000002988668
Japan,Fukuschima-Daiichi-4,BWR,CO2,1984,0.258095514,4433.17,5924.0,FUKUSHIMA-DAIICHI-4,8784,0.5113972608711148
Japan,Fukuschima-Daiichi-4,BWR,CO2,1985,0.256690103,4409.03,5889.0,FUKUSHIMA-DAIICHI-4,8760,0.5100000005171206
Japan,Fukuschima-Daiichi-4,BWR,CO2,1986,0.251229726,4315.24,5733.0,FUKUSHIMA-DAIICHI-4,8760,0.5099999999443832
Japan,Fukuschima-Daiichi-4,BWR,CO2,1987,0.347222089,5964.05,7927.0,FUKUSHIMA-DAIICHI-4,8760,0.5099999999396384
Japan,Fukuschima-Daiichi-4,BWR,CO2,1988,0.309137432,5309.89,7066.0,FUKUSHIMA-DAIICHI-4,8784,0.5113972610897777
Japan,Fukuschima-Daiichi-4,BWR,CO2,1989,0.246421404,4232.65,5661.0,FUKUSHIMA-DAIICHI-4,8760,0.5099999997731918
Japan,Fukuschima-Daiichi-4,BWR,CO2,1990,0.248815377,4273.77,5715.0,FUKUSHIMA-DAIICHI-4,8760,0.5100000005896433
Japan,Fukuschima-Daiichi-4,BWR,CO2,1991,0.377457055,6483.38,8630.0,FUKUSHIMA-DAIICHI-4,8760,0.5100000002776329
Japan,Fukuschima-Daiichi-4,BWR,CO2,1992,0.237694349,4082.75,5475.0,FUKUSHIMA-DAIICHI-4,8784,0.5113972595961056
Japan,Fukuschima-Daiichi-4,BWR,CO2,1993,0.24490363,4206.58,5597.0,FUKUSHIMA-DAIICHI-4,8760,0.5099999997147326
Japan,Fukuschima-Daiichi-4,BWR,CO2,1994,0.368136164,6323.28,8416.0,FUKUSHIMA-DAIICHI-4,8760,0.5099999994686302
Japan,Fukuschima-Daiichi-4,BWR,CO2,1995,0.319370616,5485.66,7339.0,FUKUSHIMA-DAIICHI-4,8760,0.5099999992999931
Japan,Fukuschima-Daiichi-4,BWR,CO2,1996,0.288178527,4949.89,6545.0,FUKUSHIMA-DAIICHI-4,8784,0.5113972595690005
Japan,Fukuschima-Daiichi-4,BWR,CO2,1997,0.265293733,4556.81,6038.0,FUKUSHIMA-DAIICHI-4,8760,0.5100000002370078
Japan,Fukuschima-Daiichi-4,BWR,CO2,1998,0.316793836,5441.4,7216.0,FUKUSHIMA-DAIICHI-4,8760,0.5100000006174882
Japan,Fukuschima-Daiichi-4,BWR,CO2,1999,0.342942979,5890.55,7826.0,FUKUSHIMA-DAIICHI-4,8760,0.5099999993277368
Japan,Fukuschima-Daiichi-4,BWR,CO2,2000,0.257090068,4415.9,5856.0,FUKUSHIMA-DAIICHI-4,8784,0.5113972592930094
Japan,Fukuschima-Daiichi-4,BWR,CO2,2001,0.341074144,5858.45,7772.0,FUKUSHIMA-DAIICHI-4,8760,0.5100000002457988
Japan,Fukuschima-Daiichi-4,BWR,CO2,2002,0.272915205,4687.72,6191.0,FUKUSHIMA-DAIICHI-4,8760,0.509999999104042
Japan,Fukuschima-Daiichi-4,BWR,CO2,2004,0.275317911,4728.99,6262.0,FUKUSHIMA-DAIICHI-4,8784,0.5113972603503075
Japan,Fukuschima-Daiichi-4,BWR,CO2,2005,0.088236986,1515.6,2188.0,FUKUSHIMA-DAIICHI-4,8760,0.5099999982581157
Japan,Fukuschima-Daiichi-4,BWR,CO2,2006,0.280116336,4811.41,6500.0,FUKUSHIMA-DAIICHI-4,8760,0.5100000006983401
Japan,Fukuschima-Daiichi-4,BWR,CO2,2007,0.294042363,5050.61,6852.0,FUKUSHIMA-DAIICHI-4,8760,0.5099999999762405
Japan,Fukuschima-Daiichi-4,BWR,CO2,2008,0.256762877,4410.28,6111.0,FUKUSHIMA-DAIICHI-4,8784,0.5113972608469304
Japan,Fukuschima-Daiichi-4,BWR,CO2,2009,0.317999555,5462.11,7261.0,FUKUSHIMA-DAIICHI-4,8760,0.510000000329543
Japan,Fukuschima-Daiichi-4,BWR,CO2,2010,0.351689247,6040.78,7992.0,FUKUSHIMA-DAIICHI-4,8760,0.5100000006158145
Japan,Fukuschima-Daiichi-5,BWR,CO2,1977,0.050947603,875.1,2040.0,FUKUSHIMA-DAIICHI-5,8760,0.5100000026054166
Japan,Fukuschima-Daiichi-5,BWR,CO2,1978,0.279842123,4806.7,7690.0,FUKUSHIMA-DAIICHI-5,8760,0.5099999994757318
Japan,Fukuschima-Daiichi-5,BWR,CO2,1979,0.226973288,3898.6,5847.0,FUKUSHIMA-DAIICHI-5,8760,0.5100000007387268
Japan,Fukuschima-Daiichi-5,BWR,CO2,1980,0.249329452,4282.6,6467.0,FUKUSHIMA-DAIICHI-5,8784,0.511397260161584
Japan,Fukuschima-Daiichi-5,BWR,CO2,1981,0.265124315,4553.9,6616.0,FUKUSHIMA-DAIICHI-5,8760,0.5099999998682448
Japan,Fukuschima-Daiichi-5,BWR,CO2,1982,0.236445548,4061.3,5789.0,FUKUSHIMA-DAIICHI-5,8760,0.5100000001181887
Japan,Fukuschima-Daiichi-5,BWR,CO2,1983,0.310820548,5338.8,7328.0,FUKUSHIMA-DAIICHI-5,8760,0.5100000000899079
Japan,Fukuschima-Daiichi-5,BWR,CO2,1984,0.27313411,4691.48,6293.0,FUKUSHIMA-DAIICHI-5,8784,0.5113972610434234
Japan,Fukuschima-Daiichi-5,BWR,CO2,1985,0.239422295,4112.43,5547.0,FUKUSHIMA-DAIICHI-5,8760,0.510000001021294
Japan,Fukuschima-Daiichi-5,BWR,CO2,1986,0.242038082,4157.36,5622.0,FUKUSHIMA-DAIICHI-5,8760,0.5099999995958975
Japan,Fukuschima-Daiichi-5,BWR,CO2,1987,0.232586199,3995.01,5399.0,FUKUSHIMA-DAIICHI-5,8760,0.5100000008110117
Japan,Fukuschima-Daiichi-5,BWR,CO2,1988,0.346561884,5952.71,7973.0,FUKUSHIMA-DAIICHI-5,8784,0.5113972609208243
Japan,Fukuschima-Daiichi-5,BWR,CO2,1989,0.277503459,4766.53,6401.0,FUKUSHIMA-DAIICHI-5,8760,0.5100000001762289
Japan,Fukuschima-Daiichi-5,BWR,CO2,1990,0.230347089,3956.55,5354.0,FUKUSHIMA-DAIICHI-5,8760,0.5099999999090116
Japan,Fukuschima-Daiichi-5,BWR,CO2,1991,0.382838836,6575.82,8760.0,FUKUSHIMA-DAIICHI-5,8760,0.510000000510963
Japan,Fukuschima-Daiichi-5,BWR,CO2,1992,0.281852432,4841.23,6488.0,FUKUSHIMA-DAIICHI-5,8784,0.5113972611687526
Japan,Fukuschima-Daiichi-5,BWR,CO2,1993,0.236351233,4059.68,5448.0,FUKUSHIMA-DAIICHI-5,8760,0.5100000002660308
Japan,Fukuschima-Daiichi-5,BWR,CO2,1994,0.247210856,4246.21,5723.0,FUKUSHIMA-DAIICHI-5,8760,0.5099999996608741
Japan,Fukuschima-Daiichi-5,BWR,CO2,1995,0.342251918,5878.68,7885.0,FUKUSHIMA-DAIICHI-5,8760,0.5100000002857784
Japan,Fukuschima-Daiichi-5,BWR,CO2,1996,0.329920514,5666.87,7521.0,FUKUSHIMA-DAIICHI-5,8784,0.5113972607411146
Japan,Fukuschima-Daiichi-5,BWR,CO2,1997,0.268354315,4609.38,6139.0,FUKUSHIMA-DAIICHI-5,8760,0.5099999998698307
Japan,Fukuschima-Daiichi-5,BWR,CO2,1998,0.312631747,5369.91,7217.0,FUKUSHIMA-DAIICHI-5,8760,0.5100000006927491
Japan,Fukuschima-Daiichi-5,BWR,CO2,1999,0.358288973,6154.14,8184.0,FUKUSHIMA-DAIICHI-5,8760,0.510000000565473
Japan,Fukuschima-Daiichi-5,BWR,CO2,2000,0.095888733,1647.03,2187.0,FUKUSHIMA-DAIICHI-5,8784,0.5113972609314948
Japan,Fukuschima-Daiichi-5,BWR,CO2,2001,0.343791815,5905.13,7869.0,FUKUSHIMA-DAIICHI-5,8760,0.5099999998983934
Japan,Fukuschima-Daiichi-5,BWR,CO2,2002,0.383692911,6590.49,8760.0,FUKUSHIMA-DAIICHI-5,8760,0.5100000000546242
Japan,Fukuschima-Daiichi-5,BWR,CO2,2003,0.158575068,2723.76,3627.0,FUKUSHIMA-DAIICHI-5,8760,0.5099999984139572
Japan,Fukuschima-Daiichi-5,BWR,CO2,2004,0.318535753,5471.32,7281.0,FUKUSHIMA-DAIICHI-5,8784,0.5113972595922007
Japan,Fukuschima-Daiichi-5,BWR,CO2,2005,0.162580548,2792.56,3781.0,FUKUSHIMA-DAIICHI-5,8760,0.5100000001718853
Japan,Fukuschima-Daiichi-5,BWR,CO2,2006,0.27112089,4656.9,6241.0,FUKUSHIMA-DAIICHI-5,8760,0.5099999992269536
Japan,Fukuschima-Daiichi-5,BWR,CO2,2007,0.313775753,5389.56,7205.0,FUKUSHIMA-DAIICHI-5,8760,0.5099999993097766
Japan,Fukuschima-Daiichi-5,BWR,CO2,2008,0.228840959,3930.68,5100.0,FUKUSHIMA-DAIICHI-5,8784,0.5113972604882616
Japan,Fukuschima-Daiichi-5,BWR,CO2,2009,0.333018356,5720.08,7282.0,FUKUSHIMA-DAIICHI-5,8760,0.5099999997482553
Japan,Fukuschima-Daiichi-5,BWR,CO2,2010,0.342793356,5887.98,7501.0,FUKUSHIMA-DAIICHI-5,8760,0.509999999755434
Japan,Fukuschima-Daiichi-5,BWR,CO2,2011,0.001590548,27.32,48.0,FUKUSHIMA-DAIICHI-5,8760,0.5100000175695462
Japan,Fukuschima-Daiichi-6,BWR,CO2,1979,0.188373973,3235.6,4164.0,FUKUSHIMA-DAIICHI-6,8760,0.5100000010755347
Japan,Fukuschima-Daiichi-6,BWR,CO2,1980,0.374995548,6441.1,6289.0,FUKUSHIMA-DAIICHI-6,8784,0.5113972603486981
Japan,Fukuschima-Daiichi-6,BWR,CO2,1981,0.431904795,7418.6,7756.0,FUKUSHIMA-DAIICHI-6,8760,0.5100000005661446
Japan,Fukuschima-Daiichi-6,BWR,CO2,1982,0.388118151,6666.5,6577.0,FUKUSHIMA-DAIICHI-6,8760,0.5100000004140104
Japan,Fukuschima-Daiichi-6,BWR,CO2,1983,0.313673288,5387.8,5308.0,FUKUSHIMA-DAIICHI-6,8760,0.510000000534541
Japan,Fukuschima-Daiichi-6,BWR,CO2,1984,0.345428356,5933.24,5708.0,FUKUSHIMA-DAIICHI-6,8784,0.5113972600306071
Japan,Fukuschima-Daiichi-6,BWR,CO2,1985,0.31349863,5384.8,5196.0,FUKUSHIMA-DAIICHI-6,8760,0.5099999997771505
Japan,Fukuschima-Daiichi-6,BWR,CO2,1986,0.453151301,7783.54,7390.0,FUKUSHIMA-DAIICHI-6,8760,0.509999999583737
Japan,Fukuschima-Daiichi-6,BWR,CO2,1987,0.453480822,7789.2,7406.0,FUKUSHIMA-DAIICHI-6,8760,0.5100000000924356
Japan,Fukuschima-Daiichi-6,BWR,CO2,1988,0.325623356,5593.06,5385.0,FUKUSHIMA-DAIICHI-6,8784,0.5113972600158052
Japan,Fukuschima-Daiichi-6,BWR,CO2,1989,0.298568904,5128.36,4956.0,FUKUSHIMA-DAIICHI-6,8760,0.5099999998128057
Japan,Fukuschima-Daiichi-6,BWR,CO2,1990,0.449863664,7727.07,7394.0,FUKUSHIMA-DAIICHI-6,8760,0.5099999995651651
Japan,Fukuschima-Daiichi-6,BWR,CO2,1991,0.404545274,6948.66,6627.0,FUKUSHIMA-DAIICHI-6,8760,0.510000000034539
Japan,Fukuschima-Daiichi-6,BWR,CO2,1992,0.303532089,5213.61,4993.0,FUKUSHIMA-DAIICHI-6,8784,0.5113972602047334
Japan,Fukuschima-Daiichi-6,BWR,CO2,1993,0.380225377,6530.93,6168.0,FUKUSHIMA-DAIICHI-6,8760,0.5100000003858561
Japan,Fukuschima-Daiichi-6,BWR,CO2,1994,0.470375445,8079.39,7679.0,FUKUSHIMA-DAIICHI-6,8760,0.5099999997772109
Japan,Fukuschima-Daiichi-6,BWR,CO2,1995,0.398850274,6850.84,6517.0,FUKUSHIMA-DAIICHI-6,8760,0.5100000000350322
Japan,Fukuschima-Daiichi-6,BWR,CO2,1996,0.358499726,6157.76,5804.0,FUKUSHIMA-DAIICHI-6,8784,0.5113972602348906
Japan,Fukuschima-Daiichi-6,BWR,CO2,1997,0.541888973,9307.74,8760.0,FUKUSHIMA-DAIICHI-6,8760,0.5100000003738825
Japan,Fukuschima-Daiichi-6,BWR,CO2,1998,0.368468014,6328.98,6026.0,FUKUSHIMA-DAIICHI-6,8760,0.5100000004171289
Japan,Fukuschima-Daiichi-6,BWR,CO2,1999,0.463453185,7960.49,7523.0,FUKUSHIMA-DAIICHI-6,8760,0.5100000000753723
Japan,Fukuschima-Daiichi-6,BWR,CO2,2000,0.436386507,7495.58,7074.0,FUKUSHIMA-DAIICHI-6,8784,0.5113972604505589
Japan,Fukuschima-Daiichi-6,BWR,CO2,2001,0.452879418,7778.87,7417.0,FUKUSHIMA-DAIICHI-6,8760,0.5100000002159697
Japan,Fukuschima-Daiichi-6,BWR,CO2,2002,0.365087808,6270.92,5912.0,FUKUSHIMA-DAIICHI-6,8760,0.5099999996938248
Japan,Fukuschima-Daiichi-6,BWR,CO2,2003,0.26920024,4623.91,4338.0,FUKUSHIMA-DAIICHI-6,8760,0.5100000005190413
Japan,Fukuschima-Daiichi-6,BWR,CO2,2004,0.063388459,1088.79,1028.0,FUKUSHIMA-DAIICHI-6,8784,0.5113972610475849
Japan,Fukuschima-Daiichi-6,BWR,CO2,2005,0.464964555,7986.45,7503.0,FUKUSHIMA-DAIICHI-6,8760,0.5100000002253817
Japan,Fukuschima-Daiichi-6,BWR,CO2,2006,0.309829075,5321.77,5004.0,FUKUSHIMA-DAIICHI-6,8760,0.5099999994362778
Japan,Fukuschima-Daiichi-6,BWR,CO2,2007,0.397841918,6833.52,6552.0,FUKUSHIMA-DAIICHI-6,8760,0.5100000002458469
Japan,Fukuschima-Daiichi-6,BWR,CO2,2008,0.490469212,8424.53,7883.0,FUKUSHIMA-DAIICHI-6,8784,0.5113972599311771
Japan,Fukuschima-Daiichi-6,BWR,CO2,2009,0.415160377,7130.99,6552.0,FUKUSHIMA-DAIICHI-6,8760,0.5100000003533872
Japan,Fukuschima-Daiichi-6,BWR,CO2,2010,0.329844829,5665.57,5142.0,FUKUSHIMA-DAIICHI-6,8760,0.5100000003600696
Japan,Fukushima-Daini-1,BWR,CO2,1981,0.055465411,952.7,2014.0,FUKUSHIMA-DAINI-1,8760,0.5100000003778734
Japan,Fukushima-Daini-1,BWR,CO2,1982,0.436865068,7503.8,7343.0,FUKUSHIMA-DAINI-1,8760,0.5099999994242918
Japan,Fukushima-Daini-1,BWR,CO2,1983,0.365744521,6282.2,6130.0,FUKUSHIMA-DAINI-1,8760,0.5100000006303524
Japan,Fukushima-Daini-1,BWR,CO2,1984,0.369366918,6344.42,6175.0,FUKUSHIMA-DAINI-1,8784,0.5113972605394977
Japan,Fukushima-Daini-1,BWR,CO2,1985,0.474657466,8152.94,7776.0,FUKUSHIMA-DAINI-1,8760,0.5100000002649351
Japan,Fukushima-Daini-1,BWR,CO2,1986,0.450676404,7741.03,7404.0,FUKUSHIMA-DAINI-1,8760,0.5099999998759854
Japan,Fukushima-Daini-1,BWR,CO2,1987,0.407073733,6992.09,6710.0,FUKUSHIMA-DAINI-1,8760,0.5100000001544602
Japan,Fukushima-Daini-1,BWR,CO2,1988,0.346944384,5959.28,5744.0,FUKUSHIMA-DAINI-1,8784,0.5113972609201112
Japan,Fukushima-Daini-1,BWR,CO2,1989,0.363650959,6246.24,6029.0,FUKUSHIMA-DAINI-1,8760,0.5100000001344809
Japan,Fukushima-Daini-1,BWR,CO2,1990,0.478387568,8217.01,7914.0,FUKUSHIMA-DAINI-1,8760,0.5099999994742612
Japan,Fukushima-Daini-1,BWR,CO2,1991,0.360443664,6191.15,5927.0,FUKUSHIMA-DAINI-1,8760,0.5099999994572899
Japan,Fukushima-Daini-1,BWR,CO2,1992,0.40180024,6901.51,6656.0,FUKUSHIMA-DAINI-1,8784,0.5113972606226753
Japan,Fukushima-Daini-1,BWR,CO2,1993,0.326792397,5613.14,5384.0,FUKUSHIMA-DAINI-1,8760,0.5099999995938101
Japan,Fukushima-Daini-1,BWR,CO2,1994,0.483751301,8309.14,7936.0,FUKUSHIMA-DAINI-1,8760,0.509999999610068
Japan,Fukushima-Daini-1,BWR,CO2,1995,0.44989161,7727.55,7333.0,FUKUSHIMA-DAINI-1,8760,0.5100000004658656
Japan,Fukushima-Daini-1,BWR,CO2,1996,0.393641404,6761.37,6425.0,FUKUSHIMA-DAINI-1,8784,0.5113972601316006
Japan,Fukushima-Daini-1,BWR,CO2,1997,0.425281781,7304.84,6993.0,FUKUSHIMA-DAINI-1,8760,0.5100000002135571
Japan,Fukushima-Daini-1,BWR,CO2,1998,0.447941267,7694.05,7318.0,FUKUSHIMA-DAINI-1,8760,0.5099999998596317
Japan,Fukushima-Daini-1,BWR,CO2,1999,0.430203048,7389.37,7011.0,FUKUSHIMA-DAINI-1,8760,0.5100000000649582
Japan,Fukushima-Daini-1,BWR,CO2,2000,0.479086199,8229.01,7824.0,FUKUSHIMA-DAINI-1,8784,0.5113972606687802
Japan,Fukushima-Daini-1,BWR,CO2,2001,0.343647432,5902.65,5645.0,FUKUSHIMA-DAINI-1,8760,0.5100000007318747
Japan,Fukushima-Daini-1,BWR,CO2,2002,0.537838082,9238.16,8760.0,FUKUSHIMA-DAINI-1,8760,0.5099999998181456
Japan,Fukushima-Daini-1,BWR,CO2,2003,0.188588219,3239.28,3061.0,FUKUSHIMA-DAINI-1,8760,0.5099999995184115
Japan,Fukushima-Daini-1,BWR,CO2,2004,0.392963733,6749.73,6522.0,FUKUSHIMA-DAINI-1,8784,0.5113972604344174
Japan,Fukushima-Daini-1,BWR,CO2,2005,0.32638661,5606.17,5382.0,FUKUSHIMA-DAINI-1,8760,0.5100000006421497
Japan,Fukushima-Daini-1,BWR,CO2,2006,0.398614486,6846.79,6473.0,FUKUSHIMA-DAINI-1,8760,0.5099999996144178
Japan,Fukushima-Daini-1,BWR,CO2,2007,0.401226781,6891.66,6547.0,FUKUSHIMA-DAINI-1,8760,0.5100000002263605
Japan,Fukushima-Daini-1,BWR,CO2,2008,0.543398014,9333.66,8784.0,FUKUSHIMA-DAINI-1,8784,0.5113972605575947
Japan,Fukushima-Daini-1,BWR,CO2,2009,0.436295103,7494.01,7096.0,FUKUSHIMA-DAINI-1,8760,0.510000000304243
Japan,Fukushima-Daini-1,BWR,CO2,2010,0.388135616,6666.8,6304.0,FUKUSHIMA-DAINI-1,8760,0.5099999994240115
Japan,Fukushima-Daini-1,BWR,CO2,2011,0.103284315,1774.06,1671.0,FUKUSHIMA-DAINI-1,8760,0.5099999996617928
Japan,Fukushima-Daini-2,BWR,CO2,1983,0.093220548,1601.2,2476.0,FUKUSHIMA-DAINI-2,8760,0.5100000002997751
Japan,Fukushima-Daini-2,BWR,CO2,1984,0.508382089,8732.21,8315.0,FUKUSHIMA-DAINI-2,8784,0.5113972602326331
Japan,Fukushima-Daini-2,BWR,CO2,1985,0.393567466,6760.1,6534.0,FUKUSHIMA-DAINI-2,8760,0.5100000003195219
Japan,Fukushima-Daini-2,BWR,CO2,1986,0.411252705,7063.87,6727.0,FUKUSHIMA-DAINI-2,8760,0.5099999994054251
Japan,Fukushima-Daini-2,BWR,CO2,1987,0.398501541,6844.85,6607.0,FUKUSHIMA-DAINI-2,8760,0.50999999987728
Japan,Fukushima-Daini-2,BWR,CO2,1988,0.444119178,7628.4,7238.0,FUKUSHIMA-DAINI-2,8784,0.51139726017933
Japan,Fukushima-Daini-2,BWR,CO2,1989,0.483729178,8308.76,7920.0,FUKUSHIMA-DAINI-2,8760,0.5099999999133444
Japan,Fukushima-Daini-2,BWR,CO2,1990,0.364529486,6261.33,5956.0,FUKUSHIMA-DAINI-2,8760,0.5099999995783644
Japan,Fukushima-Daini-2,BWR,CO2,1991,0.400975856,6887.35,6579.0,FUKUSHIMA-DAINI-2,8760,0.509999999790921
Japan,Fukushima-Daini-2,BWR,CO2,1992,0.472523151,8116.28,7656.0,FUKUSHIMA-DAINI-2,8784,0.5113972606149615
Japan,Fukushima-Daini-2,BWR,CO2,1993,0.395058459,6785.71,6427.0,FUKUSHIMA-DAINI-2,8760,0.5100000001237895
Japan,Fukushima-Daini-2,BWR,CO2,1994,0.410922021,7058.19,6696.0,FUKUSHIMA-DAINI-2,8760,0.5100000005610504
Japan,Fukushima-Daini-2,BWR,CO2,1995,0.395114932,6786.68,6435.0,FUKUSHIMA-DAINI-2,8760,0.5100000006365409
Japan,Fukushima-Daini-2,BWR,CO2,1996,0.543063253,9327.91,8784.0,FUKUSHIMA-DAINI-2,8784,0.5113972598740769
Japan,Fukushima-Daini-2,BWR,CO2,1997,0.431147945,7405.6,7021.0,FUKUSHIMA-DAINI-2,8760,0.5099999997569407
Japan,Fukushima-Daini-2,BWR,CO2,1998,0.433562877,7447.08,7104.0,FUKUSHIMA-DAINI-2,8760,0.5100000003383877
Japan,Fukushima-Daini-2,BWR,CO2,1999,0.479236404,8231.59,7765.0,FUKUSHIMA-DAINI-2,8760,0.5099999998833761
Japan,Fukushima-Daini-2,BWR,CO2,2000,0.516665514,8874.49,8372.0,FUKUSHIMA-DAINI-2,8784,0.5113972605722695
Japan,Fukushima-Daini-2,BWR,CO2,2001,0.393671096,6761.88,6378.0,FUKUSHIMA-DAINI-2,8760,0.5100000001419723
Japan,Fukushima-Daini-2,BWR,CO2,2002,0.270441473,4645.23,4398.0,FUKUSHIMA-DAINI-2,8760,0.5100000007491555
Japan,Fukushima-Daini-2,BWR,CO2,2004,0.184545479,3169.84,2978.0,FUKUSHIMA-DAINI-2,8784,0.5113972590212755
Japan,Fukushima-Daini-2,BWR,CO2,2005,0.442089075,7593.53,7128.0,FUKUSHIMA-DAINI-2,8760,0.5099999996049268
Japan,Fukushima-Daini-2,BWR,CO2,2006,0.457497945,7858.2,7413.0,FUKUSHIMA-DAINI-2,8760,0.5099999997709399
Japan,Fukushima-Daini-2,BWR,CO2,2007,0.279052089,4793.13,4593.0,FUKUSHIMA-DAINI-2,8760,0.5099999999248925
Japan,Fukushima-Daini-2,BWR,CO2,2008,0.45971726,7896.32,7416.0,FUKUSHIMA-DAINI-2,8784,0.5113972599692009
Japan,Fukushima-Daini-2,BWR,CO2,2009,0.525192295,9020.95,8497.0,FUKUSHIMA-DAINI-2,8760,0.5100000004655828
Japan,Fukushima-Daini-2,BWR,CO2,2010,0.407743253,7003.59,6625.0,FUKUSHIMA-DAINI-2,8760,0.5099999994688439
Japan,Fukushima-Daini-2,BWR,CO2,2011,0.10348226,1777.46,1671.0,FUKUSHIMA-DAINI-2,8760,0.5099999986497586
Japan,Fukushima-Daini-3,BWR,CO2,1984,0.002231541,38.33,240.0,FUKUSHIMA-DAINI-3,8784,0.5113972382989825
Japan,Fukushima-Daini-3,BWR,CO2,1985,0.368781233,6334.36,6758.0,FUKUSHIMA-DAINI-3,8760,0.5100000001704987
Japan,Fukushima-Daini-3,BWR,CO2,1986,0.398070137,6837.44,6559.0,FUKUSHIMA-DAINI-3,8760,0.5100000000175504
Japan,Fukushima-Daini-3,BWR,CO2,1987,0.434306918,7459.86,7104.0,FUKUSHIMA-DAINI-3,8760,0.5100000002252053
Japan,Fukushima-Daini-3,BWR,CO2,1988,0.488408253,8389.13,8126.0,FUKUSHIMA-DAINI-3,8784,0.5113972598293268
Japan,Fukushima-Daini-3,BWR,CO2,1989,0.006995616,120.16,144.0,FUKUSHIMA-DAINI-3,8760,0.5099999680426098
Japan,Fukushima-Daini-3,BWR,CO2,1990,0.053150616,912.94,1037.0,FUKUSHIMA-DAINI-3,8760,0.509999995793809
Japan,Fukushima-Daini-3,BWR,CO2,1991,0.448001815,7695.09,7344.0,FUKUSHIMA-DAINI-3,8760,0.5099999999220283
Japan,Fukushima-Daini-3,BWR,CO2,1992,0.438575548,7533.18,7195.0,FUKUSHIMA-DAINI-3,8784,0.5113972603378653
Japan,Fukushima-Daini-3,BWR,CO2,1993,0.396499966,6810.47,6494.0,FUKUSHIMA-DAINI-3,8760,0.5100000003171586
Japan,Fukushima-Daini-3,BWR,CO2,1994,0.281871644,4841.56,4669.0,FUKUSHIMA-DAINI-3,8760,0.5100000002974248
Japan,Fukushima-Daini-3,BWR,CO2,1995,0.523537705,8992.53,8557.0,FUKUSHIMA-DAINI-3,8760,0.5099999995329456
Japan,Fukushima-Daini-3,BWR,CO2,1996,0.469279178,8060.56,7642.0,FUKUSHIMA-DAINI-3,8784,0.511397260184404
Japan,Fukushima-Daini-3,BWR,CO2,1997,0.435907945,7487.36,7120.0,FUKUSHIMA-DAINI-3,8760,0.5099999997595949
Japan,Fukushima-Daini-3,BWR,CO2,1998,0.482327842,8284.69,7905.0,FUKUSHIMA-DAINI-3,8760,0.5099999995075253
Japan,Fukushima-Daini-3,BWR,CO2,1999,0.498751473,8566.79,8127.0,FUKUSHIMA-DAINI-3,8760,0.5100000004062198
Japan,Fukushima-Daini-3,BWR,CO2,2000,0.445020411,7643.88,7258.0,FUKUSHIMA-DAINI-3,8784,0.5113972603211981
Japan,Fukushima-Daini-3,BWR,CO2,2001,0.191424075,3287.99,3185.0,FUKUSHIMA-DAINI-3,8760,0.5099999990875885
Japan,Fukushima-Daini-3,BWR,CO2,2002,0.356499897,6123.41,5806.0,FUKUSHIMA-DAINI-3,8760,0.5099999996276585
Japan,Fukushima-Daini-3,BWR,CO2,2004,0.399519795,6862.34,6508.0,FUKUSHIMA-DAINI-3,8784,0.5113972608876856
Japan,Fukushima-Daini-3,BWR,CO2,2005,0.020929212,359.49,390.0,FUKUSHIMA-DAINI-3,8760,0.5099999919886505
Japan,Fukushima-Daini-3,BWR,CO2,2006,0.505188185,8677.35,8221.0,FUKUSHIMA-DAINI-3,8760,0.5100000000691455
Japan,Fukushima-Daini-3,BWR,CO2,2007,0.375100925,6442.91,6154.0,FUKUSHIMA-DAINI-3,8760,0.5100000004656281
Japan,Fukushima-Daini-3,BWR,CO2,2008,0.391826712,6730.2,6427.0,FUKUSHIMA-DAINI-3,8784,0.5113972598448784
Japan,Fukushima-Daini-3,BWR,CO2,2009,0.540464349,9283.27,8760.0,FUKUSHIMA-DAINI-3,8760,0.5099999997026908
Japan,Fukushima-Daini-3,BWR,CO2,2010,0.440398973,7564.5,7186.0,FUKUSHIMA-DAINI-3,8760,0.5100000004600437
Japan,Fukushima-Daini-3,BWR,CO2,2011,0.10241976,1759.21,1671.0,FUKUSHIMA-DAINI-3,8760,0.5099999986357513
Japan,Fukushima-Daini-4,BWR,CO2,1986,0.001609178,27.64,172.0,FUKUSHIMA-DAINI-4,8760,0.5099999739507959
Japan,Fukushima-Daini-4,BWR,CO2,1987,0.324417055,5572.34,6169.0,FUKUSHIMA-DAINI-4,8760,0.5100000003230241
Japan,Fukushima-Daini-4,BWR,CO2,1988,0.40813274,7010.28,6739.0,FUKUSHIMA-DAINI-4,8784,0.511397260617265
Japan,Fukushima-Daini-4,BWR,CO2,1989,0.532001027,9137.9,8728.0,FUKUSHIMA-DAINI-4,8760,0.5099999996191684
Japan,Fukushima-Daini-4,BWR,CO2,1990,0.410529041,7051.44,6757.0,FUKUSHIMA-DAINI-4,8760,0.5099999998808754
Japan,Fukushima-Daini-4,BWR,CO2,1991,0.423771575,7278.9,7029.0,FUKUSHIMA-DAINI-4,8760,0.5099999995878498
Japan,Fukushima-Daini-4,BWR,CO2,1992,0.343593288,5901.72,5646.0,FUKUSHIMA-DAINI-4,8784,0.5113972607633028
Japan,Fukushima-Daini-4,BWR,CO2,1993,0.526827671,9049.04,8608.0,FUKUSHIMA-DAINI-4,8760,0.5099999997745618
Japan,Fukushima-Daini-4,BWR,CO2,1994,0.392132945,6735.46,6481.0,FUKUSHIMA-DAINI-4,8760,0.5099999997327577
Japan,Fukushima-Daini-4,BWR,CO2,1995,0.453101233,7782.68,7385.0,FUKUSHIMA-DAINI-4,8760,0.5100000001387697
Japan,Fukushima-Daini-4,BWR,CO2,1996,0.39837113,6842.61,6470.0,FUKUSHIMA-DAINI-4,8784,0.5113972600981205
Japan,Fukushima-Daini-4,BWR,CO2,1997,0.54003411,9275.88,8760.0,FUKUSHIMA-DAINI-4,8760,0.5100000003881034
Japan,Fukushima-Daini-4,BWR,CO2,1998,0.470119281,8074.99,7678.0,FUKUSHIMA-DAINI-4,8760,0.510000000193189
Japan,Fukushima-Daini-4,BWR,CO2,1999,0.473671233,8136.0,7699.0,FUKUSHIMA-DAINI-4,8760,0.5100000001327434
Japan,Fukushima-Daini-4,BWR,CO2,2000,0.389206267,6685.19,6329.0,FUKUSHIMA-DAINI-4,8784,0.511397260111979
Japan,Fukushima-Daini-4,BWR,CO2,2001,0.538537295,9250.17,8760.0,FUKUSHIMA-DAINI-4,8760,0.5100000004540457
Japan,Fukushima-Daini-4,BWR,CO2,2002,0.348535514,5986.61,5668.0,FUKUSHIMA-DAINI-4,8760,0.5100000004409841
Japan,Fukushima-Daini-4,BWR,CO2,2004,0.084414897,1449.95,1360.0,FUKUSHIMA-DAINI-4,8784,0.5113972586971964
Japan,Fukushima-Daini-4,BWR,CO2,2005,0.31123274,5345.88,5048.0,FUKUSHIMA-DAINI-4,8760,0.5100000004489439
Japan,Fukushima-Daini-4,BWR,CO2,2006,0.335559623,5763.73,5482.0,FUKUSHIMA-DAINI-4,8760,0.5099999995627832
Japan,Fukushima-Daini-4,BWR,CO2,2007,0.364347842,6258.21,5911.0,FUKUSHIMA-DAINI-4,8760,0.5099999993480563
Japan,Fukushima-Daini-4,BWR,CO2,2008,0.415967295,7144.85,6766.0,FUKUSHIMA-DAINI-4,8784,0.5113972608634191
Japan,Fukushima-Daini-4,BWR,CO2,2009,0.384082979,6597.19,6394.0,FUKUSHIMA-DAINI-4,8760,0.5099999993997445
Japan,Fukushima-Daini-4,BWR,CO2,2010,0.461865548,7933.22,7488.0,FUKUSHIMA-DAINI-4,8760,0.510000000060505
Japan,Fukushima-Daini-4,BWR,CO2,2011,0.06222524,1068.81,1049.0,FUKUSHIMA-DAINI-4,8760,0.510000002245488
Japan,Genkai 1-4,PWR,CO2,1975,0.014196383,1850.6,4469.0,GENKAI-1,8760,0.06719999734140279
Japan,Genkai 1-4,PWR,CO2,1976,0.028020712,3652.7,7022.0,GENKAI-1,8784,0.06738410879842309
Japan,Genkai 1-4,PWR,CO2,1977,0.029035617,3785.0,7764.0,GENKAI-1,8760,0.06720000129986789
Japan,Genkai 1-4,PWR,CO2,1978,0.026203397,3415.8,6681.0,GENKAI-1,8760,0.06719999933251361
Japan,Genkai 1-4,PWR,CO2,1979,0.017028603,2219.8,4390.0,GENKAI-1,8760,0.06720000102711955
Japan,Genkai 1-4,PWR,CO2,1980,0.039596603,5161.7,10882.0,GENKAI-1,8784,0.06738411003196622
Japan,Genkai 1-4,PWR,CO2,1981,0.05277885,6880.1,13262.0,GENKAI-1,8760,0.06720000087208035
Japan,Genkai 1-4,PWR,CO2,1982,0.056328329,7342.799999999999,14003.0,GENKAI-1,8760,0.06720000027782319
Japan,Genkai 1-4,PWR,CO2,1983,0.058548383,7632.2,14734.0,GENKAI-1,8760,0.0671999993553628
Japan,Genkai 1-4,PWR,CO2,1984,0.053263441,6943.27,13431.0,GENKAI-1,8784,0.06738410946772919
Japan,Genkai 1-4,PWR,CO2,1985,0.053293743,6947.219999999999,13479.0,GENKAI-1,8760,0.06720000067365076
Japan,Genkai 1-4,PWR,CO2,1986,0.057525502,7498.860000000001,14185.0,GENKAI-1,8760,0.06720000073611188
Japan,Genkai 1-4,PWR,CO2,1987,0.05858605,7637.110000000001,14711.0,GENKAI-1,8760,0.0672000007856375
Japan,Genkai 1-4,PWR,CO2,1988,0.044677643,5824.049999999999,11373.0,GENKAI-1,8784,0.06738410832874032
Japan,Genkai 1-4,PWR,CO2,1989,0.041613676,5424.639999999999,10540.0,GENKAI-1,8760,0.06719999884969326
Japan,Genkai 1-4,PWR,CO2,1990,0.056617074,7380.44,13919.0,GENKAI-1,8760,0.0672000000325184
Japan,Genkai 1-4,PWR,CO2,1991,0.054388888,7089.98,13683.0,GENKAI-1,8760,0.06720000040620708
Japan,Genkai 1-4,PWR,CO2,1992,0.051951583,6772.26,13035.0,GENKAI-1,8784,0.06738410886055762
Japan,Genkai 1-4,PWR,CO2,1993,0.064774586,8443.83,15363.0,GENKAI-1,8760,0.06719999968734566
Japan,Genkai 1-4,PWR,CO2,1994,0.117675869,15339.89,20176.0,GENKAI-1,8760,0.06720000028944145
Japan,Genkai 1-4,PWR,CO2,1995,0.117303583,15291.36,21655.0,GENKAI-1,8760,0.06719999967824968
Japan,Genkai 1-4,PWR,CO2,1996,0.118198433,15408.01,22188.0,GENKAI-1,8784,0.06738410965932655
Japan,Genkai 1-4,PWR,CO2,1997,0.162650696,21202.68,26784.0,GENKAI-1,8760,0.06720000004527729
Japan,Genkai 1-4,PWR,CO2,1998,0.189266192,24672.2,29332.0,GENKAI-1,8760,0.06720000007782038
Japan,Genkai 1-4,PWR,CO2,1999,0.194619178,25370.0,30175.0,GENKAI-1,8760,0.06719999997162003
Japan,Genkai 1-4,PWR,CO2,2000,0.185642302,24199.8,29310.0,GENKAI-1,8784,0.0673841098177671
Japan,Genkai 1-4,PWR,CO2,2001,0.161409797,21040.92,23313.0,GENKAI-1,8760,0.06719999989163973
Japan,Genkai 1-4,PWR,CO2,2002,0.197152296,25700.210000000003,30358.0,GENKAI-1,8760,0.06720000003735378
Japan,Genkai 1-4,PWR,CO2,2003,0.202979671,26459.85,30820.0,GENKAI-1,8760,0.06719999992290206
Japan,Genkai 1-4,PWR,CO2,2004,0.192307529,25068.66,30094.0,GENKAI-1,8784,0.06738410967064055
Japan,Genkai 1-4,PWR,CO2,2005,0.186551957,24318.38,28154.0,GENKAI-1,8760,0.06720000030100688
Japan,Genkai 1-4,PWR,CO2,2006,0.194694279,25379.79,29714.0,GENKAI-1,8760,0.06719999984397033
Japan,Genkai 1-4,PWR,CO2,2007,0.196691945,25640.2,29773.0,GENKAI-1,8760,0.06719999992979775
Japan,Genkai 1-4,PWR,CO2,2008,0.179508536,23400.22,27733.0,GENKAI-1,8784,0.06738410921880221
Japan,Genkai 1-4,PWR,CO2,2009,0.18257189,23799.55,27989.0,GENKAI-1,8760,0.06719999984873663
Japan,Genkai 1-4,PWR,CO2,2010,0.2032632,26496.809999999998,31360.0,GENKAI-1,8760,0.06720000000000001
Japan,Genkai 1-4,PWR,CO2,2011,0.10588434,13802.779999999999,16642.0,GENKAI-1,8760,0.06720000017387802
Japan,Hamaoka-1,BWR,CO2,1974,0.008919178,153.2,1488.0,HAMAOKA-1,8760,0.5099999953002612
Japan,Hamaoka-1,BWR,CO2,1975,0.102931507,1768.0,5430.0,HAMAOKA-1,8760,0.5100000007466063
Japan,Hamaoka-1,BWR,CO2,1976,0.14674726,2520.6,5650.0,HAMAOKA-1,8784,0.5113972593192097
Japan,Hamaoka-1,BWR,CO2,1977,0.13102226,2250.5,5194.0,HAMAOKA-1,8760,0.5099999989335703
Japan,Hamaoka-1,BWR,CO2,1978,0.003254452,55.9,283.0,HAMAOKA-1,8760,0.5099999914132379
Japan,Hamaoka-1,BWR,CO2,1979,0.178092466,3059.0,6980.0,HAMAOKA-1,8760,0.5100000007061132
Japan,Hamaoka-1,BWR,CO2,1980,0.17767911,3051.9,6916.0,HAMAOKA-1,8784,0.5113972614567974
Japan,Hamaoka-1,BWR,CO2,1981,0.139388356,2394.2,5052.0,HAMAOKA-1,8760,0.5099999993985465
Japan,Hamaoka-1,BWR,CO2,1982,0.174517808,2997.6,6237.0,HAMAOKA-1,8760,0.5099999993594876
Japan,Hamaoka-1,BWR,CO2,1983,0.177853767,3054.9,6236.0,HAMAOKA-1,8760,0.5099999996464696
Japan,Hamaoka-1,BWR,CO2,1984,0.138413767,2377.46,4822.0,HAMAOKA-1,8784,0.5113972598184616
Japan,Hamaoka-1,BWR,CO2,1985,0.258324315,4437.1,8760.0,HAMAOKA-1,8760,0.5099999998647765
Japan,Hamaoka-1,BWR,CO2,1986,0.169989521,2919.82,5804.0,HAMAOKA-1,8760,0.510000001356248
Japan,Hamaoka-1,BWR,CO2,1987,0.191583014,3290.72,6560.0,HAMAOKA-1,8760,0.510000000802256
Japan,Hamaoka-1,BWR,CO2,1988,0.107047603,1838.7,3649.0,HAMAOKA-1,8784,0.5113972615173764
Japan,Hamaoka-1,BWR,CO2,1989,0.113569897,1950.73,3904.0,HAMAOKA-1,8760,0.5099999988312067
Japan,Hamaoka-1,BWR,CO2,1990,0.118801473,2040.59,4015.0,HAMAOKA-1,8760,0.5100000017053892
Japan,Hamaoka-1,BWR,CO2,1991,0.125914692,2162.77,4319.0,HAMAOKA-1,8760,0.5100000008877504
Japan,Hamaoka-1,BWR,CO2,1992,0.158942432,2730.07,5384.0,HAMAOKA-1,8784,0.5113972618606848
Japan,Hamaoka-1,BWR,CO2,1993,0.167242158,2872.63,5681.0,HAMAOKA-1,8760,0.5100000014203012
Japan,Hamaoka-1,BWR,CO2,1994,0.095599966,1642.07,3216.0,HAMAOKA-1,8760,0.5100000013154129
Japan,Hamaoka-1,BWR,CO2,1995,0.203744418,3499.61,6892.0,HAMAOKA-1,8760,0.5100000004800535
Japan,Hamaoka-1,BWR,CO2,1996,0.213214349,3662.27,7158.0,HAMAOKA-1,8784,0.5113972595182769
Japan,Hamaoka-1,BWR,CO2,1997,0.239743664,4117.95,8086.0,HAMAOKA-1,8760,0.5099999991840601
Japan,Hamaoka-1,BWR,CO2,1998,0.21015726,3609.76,7070.0,HAMAOKA-1,8760,0.5099999993351358
Japan,Hamaoka-1,BWR,CO2,1999,0.167594966,2878.69,5630.0,HAMAOKA-1,8760,0.5100000007503414
Japan,Hamaoka-1,BWR,CO2,2000,0.186184932,3198.0,6268.0,HAMAOKA-1,8784,0.5113972616285178
Japan,Hamaoka-1,BWR,CO2,2001,0.178722397,3069.82,6000.0,HAMAOKA-1,8760,0.5099999992572855
Japan,Hamaoka-2,BWR,CO2,1978,0.155899315,2677.8,4386.0,HAMAOKA-2,8760,0.5099999997759355
Japan,Hamaoka-2,BWR,CO2,1979,0.254097603,4364.5,5905.0,HAMAOKA-2,8760,0.5100000005223966
Japan,Hamaoka-2,BWR,CO2,1980,0.274171575,4709.3,6261.0,HAMAOKA-2,8784,0.5113972596351899
Japan,Hamaoka-2,BWR,CO2,1981,0.293273288,5037.4,6527.0,HAMAOKA-2,8760,0.5100000005717236
Japan,Hamaoka-2,BWR,CO2,1982,0.362332877,6223.6,8074.0,HAMAOKA-2,8760,0.5100000004049102
Japan,Hamaoka-2,BWR,CO2,1983,0.284581164,4888.1,6250.0,HAMAOKA-2,8760,0.5099999993126163
Japan,Hamaoka-2,BWR,CO2,1984,0.273266849,4693.76,5877.0,HAMAOKA-2,8784,0.5113972596843468
Japan,Hamaoka-2,BWR,CO2,1985,0.256000205,4397.18,5553.0,HAMAOKA-2,8760,0.5099999990448423
Japan,Hamaoka-2,BWR,CO2,1986,0.282099863,4845.48,6145.0,HAMAOKA-2,8760,0.5099999999752347
Japan,Hamaoka-2,BWR,CO2,1987,0.407649521,7001.98,8760.0,HAMAOKA-2,8760,0.5100000005655544
Japan,Hamaoka-2,BWR,CO2,1988,0.233804726,4015.94,5108.0,HAMAOKA-2,8784,0.511397260214047
Japan,Hamaoka-2,BWR,CO2,1989,0.268565651,4613.01,5864.0,HAMAOKA-2,8760,0.5100000005983079
Japan,Hamaoka-2,BWR,CO2,1990,0.339306027,5828.08,7289.0,HAMAOKA-2,8760,0.5099999994028909
Japan,Hamaoka-2,BWR,CO2,1991,0.308530205,5299.46,6625.0,HAMAOKA-2,8760,0.5099999992074664
Japan,Hamaoka-2,BWR,CO2,1992,0.251481815,4319.57,5421.0,HAMAOKA-2,8784,0.5113972601346893
Japan,Hamaoka-2,BWR,CO2,1993,0.311348014,5347.86,6657.0,HAMAOKA-2,8760,0.5100000004936555
Japan,Hamaoka-2,BWR,CO2,1994,0.26418524,4537.77,5643.0,HAMAOKA-2,8760,0.510000000528894
Japan,Hamaoka-2,BWR,CO2,1995,0.403003048,6922.17,8577.0,HAMAOKA-2,8760,0.5100000000693423
Japan,Hamaoka-2,BWR,CO2,1996,0.358205719,6152.71,7613.0,HAMAOKA-2,8784,0.5113972600197311
Japan,Hamaoka-2,BWR,CO2,1997,0.297293904,5106.46,6350.0,HAMAOKA-2,8760,0.5099999998120028
Japan,Hamaoka-2,BWR,CO2,1998,0.30226,5191.76,6462.0,HAMAOKA-2,8760,0.51
Japan,Hamaoka-2,BWR,CO2,1999,0.303993767,5221.54,6481.0,HAMAOKA-2,8760,0.5099999997931645
Japan,Hamaoka-2,BWR,CO2,2000,0.289516986,4972.88,6146.0,HAMAOKA-2,8784,0.5113972597416386
Japan,Hamaoka-2,BWR,CO2,2001,0.298908322,5134.19,6362.0,HAMAOKA-2,8760,0.5100000001402364
Japan,Hamaoka-2,BWR,CO2,2002,0.009546781,163.98,198.0,HAMAOKA-2,8760,0.5100000095133553
Japan,Hamaoka-2,BWR,CO2,2003,0.40462911,6950.1,8617.0,HAMAOKA-2,8760,0.5100000005179781
Japan,Hamaoka-2,BWR,CO2,2004,0.055385651,951.33,1225.0,HAMAOKA-2,8784,0.5113972631831225
Japan,Hamaoka-3,BWR,CO2,1987,0.325249589,5586.64,6360.0,HAMAOKA-3,8760,0.5099999999355606
Japan,Hamaoka-3,BWR,CO2,1988,0.411421541,7066.77,6862.0,HAMAOKA-3,8784,0.5113972601547807
Japan,Hamaoka-3,BWR,CO2,1989,0.497307637,8541.99,8167.0,HAMAOKA-3,8760,0.5100000000140483
Japan,Hamaoka-3,BWR,CO2,1990,0.384320514,6601.27,6366.0,HAMAOKA-3,8760,0.510000000399923
Japan,Hamaoka-3,BWR,CO2,1991,0.393744452,6763.14,6472.0,HAMAOKA-3,8760,0.509999999929027
Japan,Hamaoka-3,BWR,CO2,1992,0.383396575,6585.4,6371.0,HAMAOKA-3,8784,0.5113972598171713
Japan,Hamaoka-3,BWR,CO2,1993,0.510465171,8767.99,8359.0,HAMAOKA-3,8760,0.5099999997673355
Japan,Hamaoka-3,BWR,CO2,1994,0.377869829,6490.47,6784.0,HAMAOKA-3,8760,0.5100000003143069
Japan,Hamaoka-3,BWR,CO2,1995,0.449785068,7725.72,7429.0,HAMAOKA-3,8760,0.5099999994408287
Japan,Hamaoka-3,BWR,CO2,1996,0.401220959,6891.56,6573.0,HAMAOKA-3,8784,0.5113972603961947
Japan,Hamaoka-3,BWR,CO2,1997,0.472140651,8109.71,7863.0,HAMAOKA-3,8760,0.5100000003403328
Japan,Hamaoka-3,BWR,CO2,1998,0.53565661,9200.69,8760.0,HAMAOKA-3,8760,0.5100000003912749
Japan,Hamaoka-3,BWR,CO2,1999,0.44353,7618.28,7255.0,HAMAOKA-3,8760,0.51
Japan,Hamaoka-3,BWR,CO2,2000,0.448635822,7705.98,7340.0,HAMAOKA-3,8784,0.5113972603676625
Japan,Hamaoka-3,BWR,CO2,2001,0.377074555,6476.81,6171.0,HAMAOKA-3,8760,0.5100000002779145
Japan,Hamaoka-3,BWR,CO2,2002,0.369745925,6350.93,6044.0,HAMAOKA-3,8760,0.5100000004723717
Japan,Hamaoka-3,BWR,CO2,2003,0.086549795,1486.62,1403.0,HAMAOKA-3,8760,0.5100000028252009
Japan,Hamaoka-3,BWR,CO2,2004,0.543911507,9342.48,8784.0,HAMAOKA-3,8784,0.5113972604156498
Japan,Hamaoka-3,BWR,CO2,2005,0.337286404,5793.39,5473.0,HAMAOKA-3,8760,0.5099999998342939
Japan,Hamaoka-3,BWR,CO2,2006,0.37242226,6396.9,6081.0,HAMAOKA-3,8760,0.5099999996248183
Japan,Hamaoka-3,BWR,CO2,2007,0.535415,9196.54,8760.0,HAMAOKA-3,8760,0.5099999999999999
Japan,Hamaoka-3,BWR,CO2,2008,0.400715034,6882.87,6625.0,HAMAOKA-3,8784,0.5113972599592903
Japan,Hamaoka-3,BWR,CO2,2009,0.374762671,6437.1,6085.0,HAMAOKA-3,8760,0.5099999996830871
Japan,Hamaoka-3,BWR,CO2,2010,0.491067705,8434.81,7974.0,HAMAOKA-3,8760,0.5099999995020634
Japan,Hamaoka-4,BWR,CO2,1993,0.342186712,5877.56,6326.0,HAMAOKA-4,8760,0.5099999995100007
Japan,Hamaoka-4,BWR,CO2,1994,0.413962808,7110.42,6576.0,HAMAOKA-4,8760,0.5099999997299738
Japan,Hamaoka-4,BWR,CO2,1995,0.555759692,9545.99,8760.0,HAMAOKA-4,8760,0.5100000002011316
Japan,Hamaoka-4,BWR,CO2,1996,0.483293699,8301.28,7615.0,HAMAOKA-4,8784,0.5113972606653432
Japan,Hamaoka-4,BWR,CO2,1997,0.458941199,7882.99,7302.0,HAMAOKA-4,8760,0.5100000004110116
Japan,Hamaoka-4,BWR,CO2,1998,0.41650524,7154.09,6604.0,HAMAOKA-4,8760,0.5100000003354724
Japan,Hamaoka-4,BWR,CO2,1999,0.555706712,9545.08,8760.0,HAMAOKA-4,8760,0.5099999996982739
Japan,Hamaoka-4,BWR,CO2,2000,0.479356336,8233.65,7577.0,HAMAOKA-4,8784,0.5113972606831722
Japan,Hamaoka-4,BWR,CO2,2001,0.510787123,8773.52,8046.0,HAMAOKA-4,8760,0.509999999712772
Japan,Hamaoka-4,BWR,CO2,2002,0.374723082,6436.42,5906.0,HAMAOKA-4,8760,0.5099999997389854
Japan,Hamaoka-4,BWR,CO2,2003,0.217144726,3729.78,3415.0,HAMAOKA-4,8760,0.509999999935653
Japan,Hamaoka-4,BWR,CO2,2004,0.423818733,7279.71,6668.0,HAMAOKA-4,8784,0.5113972604227366
Japan,Hamaoka-4,BWR,CO2,2005,0.55864911,9595.62,8760.0,HAMAOKA-4,8760,0.510000000375171
Japan,Hamaoka-4,BWR,CO2,2006,0.37979339,6523.51,6423.0,HAMAOKA-4,8760,0.5099999994481498
Japan,Hamaoka-4,BWR,CO2,2007,0.449505034,7720.91,7098.0,HAMAOKA-4,8760,0.5099999997202402
Japan,Hamaoka-4,BWR,CO2,2008,0.541064007,9293.57,8512.0,HAMAOKA-4,8784,0.5113972604163954
Japan,Hamaoka-4,BWR,CO2,2009,0.282219795,4847.54,4480.0,HAMAOKA-4,8760,0.5100000008664188
Japan,Hamaoka-4,BWR,CO2,2010,0.437397774,7512.95,6870.0,HAMAOKA-4,8760,0.5100000000319449
Japan,Hamaoka-4,BWR,CO2,2011,0.14478411,2486.88,2297.0,HAMAOKA-4,8760,0.5100000014475969
Japan,Hamaoka-5,BWR,CO2,2004,0.217015479,3727.56,3754.0,HAMAOKA-5,8784,0.5113972592087049
Japan,Hamaoka-5,BWR,CO2,2005,0.691086096,11870.42,8760.0,HAMAOKA-5,8760,0.5100000000808733
Japan,Hamaoka-5,BWR,CO2,2006,0.197082979,3385.19,2515.0,HAMAOKA-5,8760,0.5099999988301985
Japan,Hamaoka-5,BWR,CO2,2007,0.445536233,7652.74,6159.0,HAMAOKA-5,8760,0.510000000141126
Japan,Hamaoka-5,BWR,CO2,2008,0.437589897,7516.25,6075.0,HAMAOKA-5,8784,0.5113972599697988
Japan,Hamaoka-5,BWR,CO2,2009,0.077912979,1338.27,1076.0,HAMAOKA-5,8760,0.5099999970409558
Japan,Hamaoka-5,BWR,CO2,2011,0.195233938,3353.43,2557.0,HAMAOKA-5,8760,0.5099999990696094
Japan,Higashi-Dori-1,BWR,CO2,2005,0.160080034,2749.61,3536.0,HIGASHI DORI-1 (TOHOKU),8760,0.5099999992144341
Japan,Higashi-Dori-1,BWR,CO2,2006,0.539652192,9269.32,8760.0,HIGASHI DORI-1 (TOHOKU),8760,0.510000000207135
Japan,Higashi-Dori-1,BWR,CO2,2007,0.358096267,6150.83,5827.0,HIGASHI DORI-1 (TOHOKU),8760,0.509999999824414
Japan,Higashi-Dori-1,BWR,CO2,2008,0.36531137,6274.76,5947.0,HIGASHI DORI-1 (TOHOKU),8784,0.511397260465739
Japan,Higashi-Dori-1,BWR,CO2,2009,0.41129113,7064.53,6696.0,HIGASHI DORI-1 (TOHOKU),8760,0.5099999998301373
Japan,Higashi-Dori-1,BWR,CO2,2010,0.541378973,9298.98,8760.0,HIGASHI DORI-1 (TOHOKU),8760,0.5100000003742347
Japan,Higashi-Dori-1,BWR,CO2,2011,0.053037671,911.0,865.0,HIGASHI DORI-1 (TOHOKU),8760,0.5099999977607025
Japan,Ikata 1-3,PWR,CO2,1977,0.017691397,2306.2,5901.0,IKATA-1,8760,0.06719999901136069
Japan,Ikata 1-3,PWR,CO2,1978,0.024072329,3138.0,6272.0,IKATA-1,8760,0.0672000006500956
Japan,Ikata 1-3,PWR,CO2,1979,0.019672876,2564.5,4984.0,IKATA-1,8760,0.06719999756677714
Japan,Ikata 1-3,PWR,CO2,1980,0.023991014,3127.4,6006.0,IKATA-1,8784,0.06738411043550553
Japan,Ikata 1-3,PWR,CO2,1981,0.030083507,3921.6000000000004,8597.0,IKATA-1,8760,0.06720000033659729
Japan,Ikata 1-3,PWR,CO2,1982,0.059844055,7801.1,14769.0,IKATA-1,8760,0.06720000023073669
Japan,Ikata 1-3,PWR,CO2,1983,0.063230904,8242.6,15552.0,IKATA-1,8760,0.0671999998835319
Japan,Ikata 1-3,PWR,CO2,1984,0.054425633,7094.77,13440.0,IKATA-1,8784,0.06738410974168295
Japan,Ikata 1-3,PWR,CO2,1985,0.056523638,7368.26,13957.0,IKATA-1,8760,0.06719999957656217
Japan,Ikata 1-3,PWR,CO2,1986,0.064577436,8418.130000000001,15804.0,IKATA-1,8760,0.06720000039913851
Japan,Ikata 1-3,PWR,CO2,1987,0.064857743,8454.67,15897.0,IKATA-1,8760,0.06720000055354022
Japan,Ikata 1-3,PWR,CO2,1988,0.054277117,7075.41,13462.0,IKATA-1,8784,0.06738410858565086
Japan,Ikata 1-3,PWR,CO2,1989,0.056114224,7314.889999999999,13919.0,IKATA-1,8760,0.06719999921256506
Japan,Ikata 1-3,PWR,CO2,1990,0.063879124,8327.099999999999,15692.0,IKATA-1,8760,0.06720000074936053
Japan,Ikata 1-3,PWR,CO2,1991,0.060668943,7908.63,14915.0,IKATA-1,8760,0.06720000059175862
Japan,Ikata 1-3,PWR,CO2,1992,0.054889743,7155.27,13634.0,IKATA-1,8784,0.0673841102448964
Japan,Ikata 1-3,PWR,CO2,1993,0.054334115,7082.84,13429.0,IKATA-1,8760,0.06719999991528822
Japan,Ikata 1-3,PWR,CO2,1994,0.080528383,10497.449999999999,19146.0,IKATA-1,8760,0.06719999953131475
Japan,Ikata 1-3,PWR,CO2,1995,0.113622005,14811.44,22589.0,IKATA-1,8760,0.0671999997164354
Japan,Ikata 1-3,PWR,CO2,1996,0.098361698,12822.15,20324.0,IKATA-1,8784,0.06738410915735661
Japan,Ikata 1-3,PWR,CO2,1997,0.110727189,14434.08,22833.0,IKATA-1,8760,0.06719999997505903
Japan,Ikata 1-3,PWR,CO2,1998,0.108860164,14190.7,22261.0,IKATA-1,8760,0.0671999997632252
Japan,Ikata 1-3,PWR,CO2,1999,0.105985293,13815.94,21392.0,IKATA-1,8760,0.06719999990445817
Japan,Ikata 1-3,PWR,CO2,2000,0.103940986,13549.45,20631.0,IKATA-1,8784,0.06738410939366542
Japan,Ikata 1-3,PWR,CO2,2001,0.106123683,13833.98,21554.0,IKATA-1,8760,0.0672000005117833
Japan,Ikata 1-3,PWR,CO2,2002,0.11388674,14845.95,22721.0,IKATA-1,8760,0.06720000016166025
Japan,Ikata 1-3,PWR,CO2,2003,0.103572614,13501.43,20529.0,IKATA-1,8760,0.06720000019553483
Japan,Ikata 1-3,PWR,CO2,2004,0.112694093,14690.48,21416.0,IKATA-1,8784,0.06738410949894082
Japan,Ikata 1-3,PWR,CO2,2005,0.1083992,14130.61,21476.0,IKATA-1,8760,0.0672
Japan,Ikata 1-3,PWR,CO2,2006,0.099150762,12925.01,19685.0,IKATA-1,8760,0.06720000024139247
Japan,Ikata 1-3,PWR,CO2,2007,0.118975989,15509.369999999999,23832.0,IKATA-1,8760,0.06719999997678824
Japan,Ikata 1-3,PWR,CO2,2008,0.10947417,14270.74,21970.0,IKATA-1,8784,0.06738410967335962
Japan,Ikata 1-3,PWR,CO2,2009,0.106630443,13900.039999999999,20269.0,IKATA-1,8760,0.06719999947338282
Japan,Ikata 1-3,PWR,CO2,2010,0.108635781,14161.45,21601.0,IKATA-1,8760,0.06720000011015821
Japan,Ikata 1-3,PWR,CO2,2011,0.080268789,10463.61,17516.0,IKATA-1,8760,0.06719999996559503
Japan,Ikata 1-3,PWR,CO2,2012,0.001295671,168.9,312.0,IKATA-2,8784,0.06738409747779751
Japan,Ikata 1-3,PWR,CO2,2016,0.02184793,2848.03,3322.0,IKATA-3,8784,0.06738419789117389
Japan,Kashiwazaki Kariwa-1,BWR,CO2,1985,0.288778185,4960.19,5793.0,KASHIWAZAKI KARIWA-1,8760,0.5100000001209632
Japan,Kashiwazaki Kariwa-1,BWR,CO2,1986,0.390285651,6703.73,6463.0,KASHIWAZAKI KARIWA-1,8760,0.5100000004117111
Japan,Kashiwazaki Kariwa-1,BWR,CO2,1987,0.535352705,9195.47,8760.0,KASHIWAZAKI KARIWA-1,8760,0.5099999995432534
Japan,Kashiwazaki Kariwa-1,BWR,CO2,1988,0.405190925,6959.75,6660.0,KASHIWAZAKI KARIWA-1,8784,0.5113972607062035
Japan,Kashiwazaki Kariwa-1,BWR,CO2,1989,0.375067158,6442.33,6236.0,KASHIWAZAKI KARIWA-1,8760,0.5100000006333112
Japan,Kashiwazaki Kariwa-1,BWR,CO2,1990,0.348581507,5987.4,5711.0,KASHIWAZAKI KARIWA-1,8760,0.510000000220463
Japan,Kashiwazaki Kariwa-1,BWR,CO2,1991,0.52581,9031.56,8618.0,KASHIWAZAKI KARIWA-1,8760,0.51
Japan,Kashiwazaki Kariwa-1,BWR,CO2,1992,0.405094863,6958.1,6728.0,KASHIWAZAKI KARIWA-1,8784,0.5113972602566793
Japan,Kashiwazaki Kariwa-1,BWR,CO2,1993,0.400215514,6874.29,6575.0,KASHIWAZAKI KARIWA-1,8760,0.5100000003840397
Japan,Kashiwazaki Kariwa-1,BWR,CO2,1994,0.408713185,7020.25,6744.0,KASHIWAZAKI KARIWA-1,8760,0.510000000085467
Japan,Kashiwazaki Kariwa-1,BWR,CO2,1995,0.537666336,9235.21,8760.0,KASHIWAZAKI KARIWA-1,8760,0.5100000003638251
Japan,Kashiwazaki Kariwa-1,BWR,CO2,1996,0.396726438,6814.36,6469.0,KASHIWAZAKI KARIWA-1,8784,0.5113972598148616
Japan,Kashiwazaki Kariwa-1,BWR,CO2,1997,0.459924521,7899.88,7525.0,KASHIWAZAKI KARIWA-1,8760,0.5100000005012734
Japan,Kashiwazaki Kariwa-1,BWR,CO2,1998,0.35957387,6176.21,5960.0,KASHIWAZAKI KARIWA-1,8760,0.5100000001942939
Japan,Kashiwazaki Kariwa-1,BWR,CO2,1999,0.535549486,9198.85,8760.0,KASHIWAZAKI KARIWA-1,8760,0.5099999997130075
Japan,Kashiwazaki Kariwa-1,BWR,CO2,2000,0.449145822,7714.74,7346.0,KASHIWAZAKI KARIWA-1,8784,0.5113972603675561
Japan,Kashiwazaki Kariwa-1,BWR,CO2,2001,0.41164161,7070.55,6743.0,KASHIWAZAKI KARIWA-1,8760,0.5100000005091542
Japan,Kashiwazaki Kariwa-1,BWR,CO2,2002,0.343854692,5906.21,5628.0,KASHIWAZAKI KARIWA-1,8760,0.5100000003250816
Japan,Kashiwazaki Kariwa-1,BWR,CO2,2004,0.378234281,6496.73,6171.0,KASHIWAZAKI KARIWA-1,8784,0.5113972605147513
Japan,Kashiwazaki Kariwa-1,BWR,CO2,2005,0.181989658,3125.94,3051.0,KASHIWAZAKI KARIWA-1,8760,0.5100000013052074
Japan,Kashiwazaki Kariwa-1,BWR,CO2,2006,0.366747637,6299.43,5899.0,KASHIWAZAKI KARIWA-1,8760,0.5100000000190493
Japan,Kashiwazaki Kariwa-1,BWR,CO2,2007,0.184310856,3165.81,2952.0,KASHIWAZAKI KARIWA-1,8760,0.5099999995451401
Japan,Kashiwazaki Kariwa-1,BWR,CO2,2010,0.308027192,5290.82,5022.0,KASHIWAZAKI KARIWA-1,8760,0.5100000003628927
Japan,Kashiwazaki Kariwa-1,BWR,CO2,2011,0.326350514,5605.55,5208.0,KASHIWAZAKI KARIWA-1,8760,0.5100000004709617
Japan,Kashiwazaki Kariwa-2,BWR,CO2,1990,0.313584212,5386.27,6071.0,KASHIWAZAKI KARIWA-2,8760,0.509999999465307
Japan,Kashiwazaki Kariwa-2,BWR,CO2,1991,0.386716815,6642.43,6440.0,KASHIWAZAKI KARIWA-2,8760,0.5099999999096716
Japan,Kashiwazaki Kariwa-2,BWR,CO2,1992,0.526700171,9046.85,8623.0,KASHIWAZAKI KARIWA-2,8784,0.511397260047862
Japan,Kashiwazaki Kariwa-2,BWR,CO2,1993,0.419909897,7212.57,6911.0,KASHIWAZAKI KARIWA-2,8760,0.5099999996838852
Japan,Kashiwazaki Kariwa-2,BWR,CO2,1994,0.424484178,7291.14,6962.0,KASHIWAZAKI KARIWA-2,8760,0.50999999990125
Japan,Kashiwazaki Kariwa-2,BWR,CO2,1995,0.448098459,7696.75,7329.0,KASHIWAZAKI KARIWA-2,8760,0.5100000001091369
Japan,Kashiwazaki Kariwa-2,BWR,CO2,1996,0.512973836,8811.08,8396.0,KASHIWAZAKI KARIWA-2,8784,0.5113972606563554
Japan,Kashiwazaki Kariwa-2,BWR,CO2,1997,0.424089452,7284.36,6913.0,KASHIWAZAKI KARIWA-2,8760,0.5099999999341054
Japan,Kashiwazaki Kariwa-2,BWR,CO2,1998,0.474023459,8142.05,7769.0,KASHIWAZAKI KARIWA-2,8760,0.5100000001031681
Japan,Kashiwazaki Kariwa-2,BWR,CO2,1999,0.477911336,8208.83,7814.0,KASHIWAZAKI KARIWA-2,8760,0.5100000004093154
Japan,Kashiwazaki Kariwa-2,BWR,CO2,2000,0.47390411,8140.0,7760.0,KASHIWAZAKI KARIWA-2,8784,0.5113972607174447
Japan,Kashiwazaki Kariwa-2,BWR,CO2,2001,0.442202603,7595.48,7223.0,KASHIWAZAKI KARIWA-2,8760,0.5100000003001786
Japan,Kashiwazaki Kariwa-2,BWR,CO2,2002,0.341525925,5866.21,5532.0,KASHIWAZAKI KARIWA-2,8760,0.5100000005114035
Japan,Kashiwazaki Kariwa-2,BWR,CO2,2004,0.271317671,4660.28,4361.0,KASHIWAZAKI KARIWA-2,8784,0.5113972598350314
Japan,Kashiwazaki Kariwa-2,BWR,CO2,2005,0.371926815,6388.39,6035.0,KASHIWAZAKI KARIWA-2,8760,0.5099999999060797
Japan,Kashiwazaki Kariwa-2,BWR,CO2,2006,0.543228596,9330.75,8760.0,KASHIWAZAKI KARIWA-2,8760,0.5100000001028856
Japan,Kashiwazaki Kariwa-2,BWR,CO2,2007,0.106557979,1830.29,1786.0,KASHIWAZAKI KARIWA-2,8760,0.5099999978364084
Japan,Kashiwazaki Kariwa-3,BWR,CO2,1992,0.003087363,53.03,367.0,KASHIWAZAKI KARIWA-3,8784,0.5113972580049029
Japan,Kashiwazaki Kariwa-3,BWR,CO2,1993,0.377750479,6488.42,6755.0,KASHIWAZAKI KARIWA-3,8760,0.5099999993896819
Japan,Kashiwazaki Kariwa-3,BWR,CO2,1994,0.422929144,7264.43,6961.0,KASHIWAZAKI KARIWA-3,8760,0.5100000001982261
Japan,Kashiwazaki Kariwa-3,BWR,CO2,1995,0.538752123,9253.86,8760.0,KASHIWAZAKI KARIWA-3,8760,0.5099999997276812
Japan,Kashiwazaki Kariwa-3,BWR,CO2,1996,0.461187877,7921.58,7508.0,KASHIWAZAKI KARIWA-3,8784,0.5113972605929625
Japan,Kashiwazaki Kariwa-3,BWR,CO2,1997,0.46669774,8016.22,7601.0,KASHIWAZAKI KARIWA-3,8760,0.510000000299393
Japan,Kashiwazaki Kariwa-3,BWR,CO2,1998,0.392864178,6748.02,6467.0,KASHIWAZAKI KARIWA-3,8760,0.509999999893302
Japan,Kashiwazaki Kariwa-3,BWR,CO2,1999,0.525617877,9028.26,8568.0,KASHIWAZAKI KARIWA-3,8760,0.5100000002791235
Japan,Kashiwazaki Kariwa-3,BWR,CO2,2000,0.46255661,7945.09,7539.0,KASHIWAZAKI KARIWA-3,8784,0.511397260728324
Japan,Kashiwazaki Kariwa-3,BWR,CO2,2001,0.40670113,6985.69,6639.0,KASHIWAZAKI KARIWA-3,8760,0.5099999998282203
Japan,Kashiwazaki Kariwa-3,BWR,CO2,2002,0.324603356,5575.54,5300.0,KASHIWAZAKI KARIWA-3,8760,0.509999999741729
Japan,Kashiwazaki Kariwa-3,BWR,CO2,2004,0.381334452,6549.98,6093.0,KASHIWAZAKI KARIWA-3,8784,0.5113972602004891
Japan,Kashiwazaki Kariwa-3,BWR,CO2,2005,0.352908356,6061.72,5772.0,KASHIWAZAKI KARIWA-3,8760,0.5099999997624437
Japan,Kashiwazaki Kariwa-3,BWR,CO2,2006,0.426829247,7331.42,6924.0,KASHIWAZAKI KARIWA-3,8760,0.5100000005074051
Japan,Kashiwazaki Kariwa-3,BWR,CO2,2007,0.294245548,5054.1,4714.0,KASHIWAZAKI KARIWA-3,8760,0.5100000000949724
Japan,Kashiwazaki Kariwa-4,BWR,CO2,1993,0.000675342,11.6,74.0,KASHIWAZAKI KARIWA-4,8760,0.5099996482758621
Japan,Kashiwazaki Kariwa-4,BWR,CO2,1994,0.351649658,6040.1,6638.0,KASHIWAZAKI KARIWA-4,8760,0.5100000006754855
Japan,Kashiwazaki Kariwa-4,BWR,CO2,1995,0.35993774,6182.46,5889.0,KASHIWAZAKI KARIWA-4,8760,0.510000000388195
Japan,Kashiwazaki Kariwa-4,BWR,CO2,1996,0.469711164,8067.98,7651.0,KASHIWAZAKI KARIWA-4,8784,0.5113972598563705
Japan,Kashiwazaki Kariwa-4,BWR,CO2,1997,0.437616678,7516.71,7207.0,KASHIWAZAKI KARIWA-4,8760,0.5099999999042134
Japan,Kashiwazaki Kariwa-4,BWR,CO2,1998,0.539033322,9258.69,8760.0,KASHIWAZAKI KARIWA-4,8760,0.5100000000777648
Japan,Kashiwazaki Kariwa-4,BWR,CO2,1999,0.474005411,8141.74,7719.0,KASHIWAZAKI KARIWA-4,8760,0.5100000000442166
Japan,Kashiwazaki Kariwa-4,BWR,CO2,2000,0.402814418,6918.93,6602.0,KASHIWAZAKI KARIWA-4,8784,0.5113972605174499
Japan,Kashiwazaki Kariwa-4,BWR,CO2,2001,0.325528459,5591.43,5343.0,KASHIWAZAKI KARIWA-4,8760,0.5100000001502298
Japan,Kashiwazaki Kariwa-4,BWR,CO2,2002,0.537937055,9239.86,8760.0,KASHIWAZAKI KARIWA-4,8760,0.5100000001948081
Japan,Kashiwazaki Kariwa-4,BWR,CO2,2003,0.243695582,4185.83,3946.0,KASHIWAZAKI KARIWA-4,8760,0.5099999995986458
Japan,Kashiwazaki Kariwa-4,BWR,CO2,2004,0.327408356,5623.72,5258.0,KASHIWAZAKI KARIWA-4,8784,0.5113972600172129
Japan,Kashiwazaki Kariwa-4,BWR,CO2,2005,0.418712329,7192.0,6755.0,KASHIWAZAKI KARIWA-4,8760,0.5100000002836484
Japan,Kashiwazaki Kariwa-4,BWR,CO2,2006,0.163974315,2816.5,2772.0,KASHIWAZAKI KARIWA-4,8760,0.5099999997869697
Japan,Kashiwazaki Kariwa-4,BWR,CO2,2007,0.294686267,5061.67,4714.0,KASHIWAZAKI KARIWA-4,8760,0.5099999997866317
Japan,Kashiwazaki Kariwa-5,BWR,CO2,1989,0.060634692,1041.49,1850.0,KASHIWAZAKI KARIWA-5,8760,0.5100000018435126
Japan,Kashiwazaki Kariwa-5,BWR,CO2,1990,0.460550377,7910.63,7597.0,KASHIWAZAKI KARIWA-5,8760,0.5100000003185587
Japan,Kashiwazaki Kariwa-5,BWR,CO2,1991,0.412967842,7093.33,6789.0,KASHIWAZAKI KARIWA-5,8760,0.5099999994248117
Japan,Kashiwazaki Kariwa-5,BWR,CO2,1992,0.406223151,6977.48,6715.0,KASHIWAZAKI KARIWA-5,8784,0.5113972606706146
Japan,Kashiwazaki Kariwa-5,BWR,CO2,1993,0.53784274,9238.24,8760.0,KASHIWAZAKI KARIWA-5,8760,0.5100000002597898
Japan,Kashiwazaki Kariwa-5,BWR,CO2,1994,0.416540753,7154.7,6825.0,KASHIWAZAKI KARIWA-5,8760,0.509999999480062
Japan,Kashiwazaki Kariwa-5,BWR,CO2,1995,0.437128801,7508.33,7183.0,KASHIWAZAKI KARIWA-5,8760,0.5099999995684793
Japan,Kashiwazaki Kariwa-5,BWR,CO2,1996,0.460270925,7905.83,7524.0,KASHIWAZAKI KARIWA-5,8784,0.5113972606544791
Japan,Kashiwazaki Kariwa-5,BWR,CO2,1997,0.519263836,8919.12,8472.0,KASHIWAZAKI KARIWA-5,8760,0.5100000003767188
Japan,Kashiwazaki Kariwa-5,BWR,CO2,1998,0.428059418,7352.55,6995.0,KASHIWAZAKI KARIWA-5,8760,0.5100000002284921
Japan,Kashiwazaki Kariwa-5,BWR,CO2,1999,0.45246839,7771.81,7383.0,KASHIWAZAKI KARIWA-5,8760,0.5099999995367874
Japan,Kashiwazaki Kariwa-5,BWR,CO2,2000,0.410023116,7042.75,6712.0,KASHIWAZAKI KARIWA-5,8784,0.5113972597272373
Japan,Kashiwazaki Kariwa-5,BWR,CO2,2001,0.535532603,9198.56,8760.0,KASHIWAZAKI KARIWA-5,8760,0.510000000247865
Japan,Kashiwazaki Kariwa-5,BWR,CO2,2002,0.476876199,8191.05,7743.0,KASHIWAZAKI KARIWA-5,8760,0.5100000003955537
Japan,Kashiwazaki Kariwa-5,BWR,CO2,2003,0.087509247,1503.1,1392.0,KASHIWAZAKI KARIWA-5,8760,0.5100000024748853
Japan,Kashiwazaki Kariwa-5,BWR,CO2,2004,0.357163014,6134.8,5738.0,KASHIWAZAKI KARIWA-5,8784,0.5113972607054834
Japan,Kashiwazaki Kariwa-5,BWR,CO2,2005,0.398969041,6852.88,6446.0,KASHIWAZAKI KARIWA-5,8760,0.5099999998774238
Japan,Kashiwazaki Kariwa-5,BWR,CO2,2006,0.489069041,8400.48,7848.0,KASHIWAZAKI KARIWA-5,8760,0.5099999999000058
Japan,Kashiwazaki Kariwa-5,BWR,CO2,2010,0.04541911,780.14,888.0,KASHIWAZAKI KARIWA-5,8760,0.5100000046145564
Japan,Kashiwazaki Kariwa-5,BWR,CO2,2011,0.547380788,9402.07,8760.0,KASHIWAZAKI KARIWA-5,8760,0.5100000003063155
Japan,Kashiwazaki Kariwa-5,BWR,CO2,2012,0.034303322,589.21,576.0,KASHIWAZAKI KARIWA-5,8784,0.5113972614992957
Japan,Kashiwazaki Kariwa-6,BWR,CO2,1996,0.329707432,5663.21,5240.0,KASHIWAZAKI KARIWA-6,8784,0.5113972610388808
Japan,Kashiwazaki Kariwa-6,BWR,CO2,1997,0.591591267,10161.45,7752.0,KASHIWAZAKI KARIWA-6,8760,0.5099999998937159
Japan,Kashiwazaki Kariwa-6,BWR,CO2,1998,0.623077363,10702.27,8217.0,KASHIWAZAKI KARIWA-6,8760,0.5099999999887874
Japan,Kashiwazaki Kariwa-6,BWR,CO2,1999,0.565331507,9710.4,7480.0,KASHIWAZAKI KARIWA-6,8760,0.5100000001359367
Japan,Kashiwazaki Kariwa-6,BWR,CO2,2000,0.547935034,9411.59,7183.0,KASHIWAZAKI KARIWA-6,8784,0.5113972600438396
Japan,Kashiwazaki Kariwa-6,BWR,CO2,2001,0.539690034,9269.97,7079.0,KASHIWAZAKI KARIWA-6,8760,0.5099999997669896
Japan,Kashiwazaki Kariwa-6,BWR,CO2,2002,0.669761575,11504.14,8760.0,KASHIWAZAKI KARIWA-6,8760,0.5099999997392243
Japan,Kashiwazaki Kariwa-6,BWR,CO2,2003,0.489112705,8401.23,6163.0,KASHIWAZAKI KARIWA-6,8760,0.5099999995000732
Japan,Kashiwazaki Kariwa-6,BWR,CO2,2004,0.502733664,8635.19,6410.0,KASHIWAZAKI KARIWA-6,8784,0.511397259883801
Japan,Kashiwazaki Kariwa-6,BWR,CO2,2005,0.647772774,11126.45,8232.0,KASHIWAZAKI KARIWA-6,8760,0.5100000000215702
Japan,Kashiwazaki Kariwa-6,BWR,CO2,2006,0.491760514,8446.71,6301.0,KASHIWAZAKI KARIWA-6,8760,0.5100000003125478
Japan,Kashiwazaki Kariwa-6,BWR,CO2,2007,0.218797568,3758.17,2787.0,KASHIWAZAKI KARIWA-6,8760,0.5099999988505044
Japan,Kashiwazaki Kariwa-6,BWR,CO2,2009,0.212719486,3653.77,2818.0,KASHIWAZAKI KARIWA-6,8760,0.5099999992774586
Japan,Kashiwazaki Kariwa-6,BWR,CO2,2010,0.554368253,9522.09,7089.0,KASHIWAZAKI KARIWA-6,8760,0.5099999996093295
Japan,Kashiwazaki Kariwa-6,BWR,CO2,2011,0.638100822,10960.32,8147.0,KASHIWAZAKI KARIWA-6,8760,0.5100000000656916
Japan,Kashiwazaki Kariwa-6,BWR,CO2,2012,0.160471267,2756.33,2040.0,KASHIWAZAKI KARIWA-6,8784,0.5113972598810738
Japan,Kashiwazaki Kariwa-7,BWR,CO2,1996,0.003396507,58.34,257.0,KASHIWAZAKI KARIWA-7,8784,0.5113972829619472
Japan,Kashiwazaki Kariwa-7,BWR,CO2,1997,0.473201404,8127.93,6764.0,KASHIWAZAKI KARIWA-7,8760,0.5099999998818887
Japan,Kashiwazaki Kariwa-7,BWR,CO2,1998,0.565634829,9715.61,7452.0,KASHIWAZAKI KARIWA-7,8760,0.5100000002099713
Japan,Kashiwazaki Kariwa-7,BWR,CO2,1999,0.491685993,8445.43,6458.0,KASHIWAZAKI KARIWA-7,8760,0.5099999998437024
Japan,Kashiwazaki Kariwa-7,BWR,CO2,2000,0.654394041,11240.18,8587.0,KASHIWAZAKI KARIWA-7,8784,0.511397260199036
Japan,Kashiwazaki Kariwa-7,BWR,CO2,2001,0.586754418,10078.37,7752.0,KASHIWAZAKI KARIWA-7,8760,0.5100000001666937
Japan,Kashiwazaki Kariwa-7,BWR,CO2,2002,0.465168904,7989.96,6089.0,KASHIWAZAKI KARIWA-7,8760,0.5099999998798492
Japan,Kashiwazaki Kariwa-7,BWR,CO2,2003,0.336418938,5778.49,4302.0,KASHIWAZAKI KARIWA-7,8760,0.5099999994600666
Japan,Kashiwazaki Kariwa-7,BWR,CO2,2004,0.629067534,10805.16,8057.0,KASHIWAZAKI KARIWA-7,8784,0.5113972600735205
Japan,Kashiwazaki Kariwa-7,BWR,CO2,2005,0.464442911,7977.49,6007.0,KASHIWAZAKI KARIWA-7,8760,0.510000000045127
Japan,Kashiwazaki Kariwa-7,BWR,CO2,2006,0.475431781,8166.24,6250.0,KASHIWAZAKI KARIWA-7,8760,0.5100000001910304
Japan,Kashiwazaki Kariwa-7,BWR,CO2,2007,0.370190719,6358.57,4714.0,KASHIWAZAKI KARIWA-7,8760,0.5099999997546618
Japan,Kashiwazaki Kariwa-7,BWR,CO2,2009,0.312421575,5366.3,4338.0,KASHIWAZAKI KARIWA-7,8760,0.5099999994409555
Japan,Kashiwazaki Kariwa-7,BWR,CO2,2010,0.525943904,9033.86,7041.0,KASHIWAZAKI KARIWA-7,8760,0.5099999998937331
Japan,Kashiwazaki Kariwa-7,BWR,CO2,2011,0.427833527,7348.67,5616.0,KASHIWAZAKI KARIWA-7,8760,0.5099999995264449
Japan,Mihama 1-3,PWR,CO2,1972,0.02192937,2858.65,8684.0,MIHAMA-1,8784,0.06738411000996974
Japan,Mihama 1-3,PWR,CO2,1973,0.026501041,3454.6000000000004,10434.0,MIHAMA-1,8760,0.06719999975684594
Japan,Mihama 1-3,PWR,CO2,1974,0.026961315,3514.6000000000004,8917.0,MIHAMA-1,8760,0.06719999982928355
Japan,Mihama 1-3,PWR,CO2,1975,0.001996822,260.3,818.0,MIHAMA-2,8760,0.06720000276603919
Japan,Mihama 1-3,PWR,CO2,1976,0.041756055,5443.2,12296.0,MIHAMA-2,8784,0.06738410992063493
Japan,Mihama 1-3,PWR,CO2,1977,0.047151233,6146.5,9838.0,MIHAMA-2,8760,0.06720000017570976
Japan,Mihama 1-3,PWR,CO2,1978,0.053192329,6934.0,12448.0,MIHAMA-1,8760,0.06720000029420249
Japan,Mihama 1-3,PWR,CO2,1979,0.020558136,2679.9,5265.0,MIHAMA-1,8760,0.0671999967759991
Japan,Mihama 1-3,PWR,CO2,1980,0.066304767,8643.3,17058.0,MIHAMA-1,8784,0.0673841094637465
Japan,Mihama 1-3,PWR,CO2,1981,0.074977864,9773.9,17520.0,MIHAMA-1,8760,0.06720000088398696
Japan,Mihama 1-3,PWR,CO2,1982,0.05807737,7570.800000000001,12365.0,MIHAMA-1,8760,0.06720000015850372
Japan,Mihama 1-3,PWR,CO2,1983,0.056891397,7416.2,13323.0,MIHAMA-1,8760,0.06719999969256493
Japan,Mihama 1-3,PWR,CO2,1984,0.083368274,10867.65,20417.0,MIHAMA-1,8784,0.06738410961118549
Japan,Mihama 1-3,PWR,CO2,1985,0.077559693,10110.46,19722.0,MIHAMA-1,8760,0.06719999986944214
Japan,Mihama 1-3,PWR,CO2,1986,0.098629731,12857.09,24342.0,MIHAMA-1,8760,0.06719999965466525
Japan,Mihama 1-3,PWR,CO2,1987,0.075564789,9850.41,19345.0,MIHAMA-1,8760,0.06719999996345329
Japan,Mihama 1-3,PWR,CO2,1988,0.073335836,9559.849999999999,19098.0,MIHAMA-1,8784,0.067384109941474
Japan,Mihama 1-3,PWR,CO2,1989,0.079152702,10318.119999999999,19364.0,MIHAMA-1,8760,0.0672000005349812
Japan,Mihama 1-3,PWR,CO2,1990,0.09115235,11882.36,21412.0,MIHAMA-1,8760,0.06719999949504979
Japan,Mihama 1-3,PWR,CO2,1991,0.054198871,7065.21,14060.0,MIHAMA-1,8760,0.06719999971126124
Japan,Mihama 1-3,PWR,CO2,1992,0.044117107,5750.98,9606.0,MIHAMA-1,8784,0.06738410981919604
Japan,Mihama 1-3,PWR,CO2,1993,0.047484317,6189.92,11251.0,MIHAMA-1,8760,0.06719999885620492
Japan,Mihama 1-3,PWR,CO2,1994,0.062744931,8179.25,12168.0,MIHAMA-1,8760,0.06719999945716296
Japan,Mihama 1-3,PWR,CO2,1995,0.051582828,6724.1900000000005,11672.0,MIHAMA-2,8760,0.06720000078522469
Japan,Mihama 1-3,PWR,CO2,1996,0.080545874,10499.73,20970.0,MIHAMA-1,8784,0.06738410961196147
Japan,Mihama 1-3,PWR,CO2,1997,0.088528252,11540.29,21463.0,MIHAMA-1,8760,0.06719999995840659
Japan,Mihama 1-3,PWR,CO2,1998,0.089735474,11697.66,22320.0,MIHAMA-1,8760,0.06720000002051692
Japan,Mihama 1-3,PWR,CO2,1999,0.084936964,11072.14,21232.0,MIHAMA-1,8760,0.06719999969653563
Japan,Mihama 1-3,PWR,CO2,2000,0.084428898,11005.91,21693.0,MIHAMA-1,8784,0.06738410908611829
Japan,Mihama 1-3,PWR,CO2,2001,0.091053008,11869.41,21511.0,MIHAMA-1,8760,0.06719999983823964
Japan,Mihama 1-3,PWR,CO2,2002,0.084520647,11017.87,21147.0,MIHAMA-1,8760,0.06720000033763332
Japan,Mihama 1-3,PWR,CO2,2003,0.095064603,12392.35,23643.0,MIHAMA-1,8760,0.06720000018398446
Japan,Mihama 1-3,PWR,CO2,2004,0.069100317,9007.720000000001,16878.0,MIHAMA-1,8784,0.06738410880089522
Japan,Mihama 1-3,PWR,CO2,2005,0.036210367,4720.28,11492.0,MIHAMA-1,8760,0.06719999977120002
Japan,Mihama 1-3,PWR,CO2,2006,0.042623364,5556.26,14157.0,MIHAMA-1,8760,0.06719999939527667
Japan,Mihama 1-3,PWR,CO2,2007,0.06208183,8092.8099999999995,13724.0,MIHAMA-1,8760,0.06719999985172023
Japan,Mihama 1-3,PWR,CO2,2008,0.073323255,9558.21,17288.0,MIHAMA-1,8784,0.06738410977787683
Japan,Mihama 1-3,PWR,CO2,2009,0.092263145,12027.16,21393.0,MIHAMA-1,8760,0.06719999985033874
Japan,Mihama 1-3,PWR,CO2,2010,0.079924504,10418.73,19781.0,MIHAMA-1,8760,0.06719999990785824
Japan,Mihama 1-3,PWR,CO2,2011,0.049871759,6501.139999999999,11390.0,MIHAMA-2,8760,0.06720000012920811
Japan,Ohi (Oi) 1-4,PWR,CO2,1978,0.037169424,1899.2,3483.0,OHI-1,8760,0.17144279393428813
Japan,Ohi (Oi) 1-4,PWR,CO2,1979,0.060071124,8438.0,8380.0,OHI-1,8760,0.062363480237022983
Japan,Ohi (Oi) 1-4,PWR,CO2,1980,0.065219288,9356.9,8611.0,OHI-1,8784,0.061226071219314095
Japan,Ohi (Oi) 1-4,PWR,CO2,1981,0.089688219,8067.1,7606.0,OHI-1,8760,0.09739172669732618
Japan,Ohi (Oi) 1-4,PWR,CO2,1982,0.129346192,15308.400000000001,13953.0,OHI-1,8760,0.07401639896527396
Japan,Ohi (Oi) 1-4,PWR,CO2,1983,0.110917896,15656.400000000001,13952.0,OHI-1,8760,0.06206029284893079
Japan,Ohi (Oi) 1-4,PWR,CO2,1984,0.088890795,12808.619999999999,11500.0,OHI-1,8784,0.0609602551469245
Japan,Ohi (Oi) 1-4,PWR,CO2,1985,0.091915024,12637.029999999999,11477.0,OHI-1,8760,0.06371557321934031
Japan,Ohi (Oi) 1-4,PWR,CO2,1986,0.147906203,14997.74,13424.0,OHI-1,8760,0.08639023868129467
Japan,Ohi (Oi) 1-4,PWR,CO2,1987,0.07303405,15659.849999999999,14219.0,OHI-1,8760,0.04085468749700668
Japan,Ohi (Oi) 1-4,PWR,CO2,1988,0.067945721,9394.64,8578.0,OHI-1,8784,0.06352933303074945
Japan,Ohi (Oi) 1-4,PWR,CO2,1989,0.117174707,12572.960000000001,11294.0,OHI-1,8760,0.08163952110879219
Japan,Ohi (Oi) 1-4,PWR,CO2,1990,0.095061381,12132.21,10988.0,OHI-1,8760,0.06863858254679074
Japan,Ohi (Oi) 1-4,PWR,CO2,1991,0.110635364,14640.16,14291.0,OHI-1,8760,0.06619912546310969
Japan,Ohi (Oi) 1-4,PWR,CO2,1992,0.183630597,24415.46,22661.0,OHI-1,8784,0.06606515560419504
Japan,Ohi (Oi) 1-4,PWR,CO2,1993,0.257607364,31661.34,28223.0,OHI-1,8760,0.07127432094282807
Japan,Ohi (Oi) 1-4,PWR,CO2,1994,0.224064745,29600.510000000002,26459.0,OHI-1,8760,0.06630991041032738
Japan,Ohi (Oi) 1-4,PWR,CO2,1995,0.195591047,25008.22,22652.0,OHI-1,8760,0.06851257593383295
Japan,Ohi (Oi) 1-4,PWR,CO2,1996,0.266540515,33773.03,29972.0,OHI-1,8784,0.06932430651795235
Japan,Ohi (Oi) 1-4,PWR,CO2,1997,0.23563143,29308.510000000002,25974.0,OHI-1,8760,0.07042771286564892
Japan,Ohi (Oi) 1-4,PWR,CO2,1998,0.238936888,33619.91,29821.0,OHI-1,8760,0.062257368888851854
Japan,Ohi (Oi) 1-4,PWR,CO2,1999,0.219630619,29240.58,25877.0,OHI-1,8760,0.06579774486142204
Japan,Ohi (Oi) 1-4,PWR,CO2,2000,0.265797403,31639.010000000002,28108.0,OHI-1,8784,0.07379385094388224
Japan,Ohi (Oi) 1-4,PWR,CO2,2001,0.252057917,34254.86,30235.0,OHI-1,8760,0.06445880534674497
Japan,Ohi (Oi) 1-4,PWR,CO2,2002,0.272482883,35337.2,31141.0,OHI-1,8760,0.06754779821491233
Japan,Ohi (Oi) 1-4,PWR,CO2,2003,0.270782247,35640.06,30984.0,OHI-1,8760,0.06655579378149194
Japan,Ohi (Oi) 1-4,PWR,CO2,2004,0.207423464,27543.7,23969.0,OHI-1,8784,0.06614970783794479
Japan,Ohi (Oi) 1-4,PWR,CO2,2005,0.263596603,32005.92,28274.0,OHI-1,8760,0.07214622301999131
Japan,Ohi (Oi) 1-4,PWR,CO2,2006,0.227857403,32808.15,28703.0,OHI-1,8760,0.060839481966523556
Japan,Ohi (Oi) 1-4,PWR,CO2,2007,0.26186114,32341.55,28258.0,OHI-1,8760,0.07092744739816119
Japan,Ohi (Oi) 1-4,PWR,CO2,2008,0.206027298,28356.690000000002,24863.0,OHI-1,8784,0.06382069929995356
Japan,Ohi (Oi) 1-4,PWR,CO2,2009,0.237297008,31210.54,27283.0,OHI-1,8760,0.06660319847333625
Japan,Ohi (Oi) 1-4,PWR,CO2,2010,0.185251683,27298.27,24035.0,OHI-1,8760,0.0594471643470447
Japan,Ohi (Oi) 1-4,PWR,CO2,2011,0.133392997,20779.469999999998,18124.0,OHI-1,8760,0.056234478248001527
Japan,Ohi (Oi) 1-4,PWR,CO2,2012,0.072203408,9412.23,8266.0,OHI-3,8784,0.06738410938449231
Japan,Ohi (Oi) 1-4,PWR,CO2,2013,0.106990685,13947.0,12070.0,OHI-3,8760,0.06720000004302
Japan,Onagawa-1,BWR,CO2,1983,0.005856849,100.6,766.0,ONAGAWA-1,8760,0.5099999725646123
Japan,Onagawa-1,BWR,CO2,1984,0.207156062,3558.21,7683.0,ONAGAWA-1,8784,0.5113972611532203
Japan,Onagawa-1,BWR,CO2,1985,0.189745034,3259.15,6681.0,ONAGAWA-1,8760,0.5099999993372505
Japan,Onagawa-1,BWR,CO2,1986,0.195999521,3366.58,6871.0,ONAGAWA-1,8760,0.510000001176268
Japan,Onagawa-1,BWR,CO2,1987,0.18407274,3161.72,6500.0,ONAGAWA-1,8760,0.5100000007590806
Japan,Onagawa-1,BWR,CO2,1988,0.198563493,3410.62,6949.0,ONAGAWA-1,8784,0.5113972598858859
Japan,Onagawa-1,BWR,CO2,1989,0.175456884,3013.73,6177.0,ONAGAWA-1,8760,0.5100000012741686
Japan,Onagawa-1,BWR,CO2,1990,0.165963082,2850.66,5908.0,ONAGAWA-1,8760,0.5099999994106629
Japan,Onagawa-1,BWR,CO2,1991,0.19479613,3345.91,6954.0,ONAGAWA-1,8760,0.5099999996413532
Japan,Onagawa-1,BWR,CO2,1992,0.23989387,4120.53,8342.0,ONAGAWA-1,8784,0.5113972605659952
Japan,Onagawa-1,BWR,CO2,1993,0.133908767,2300.08,4666.0,ONAGAWA-1,8760,0.5099999995304512
Japan,Onagawa-1,BWR,CO2,1994,0.199623082,3428.82,6961.0,ONAGAWA-1,8760,0.5099999995100355
Japan,Onagawa-1,BWR,CO2,1995,0.170954212,2936.39,6000.0,ONAGAWA-1,8760,0.5099999990192039
Japan,Onagawa-1,BWR,CO2,1996,0.216992774,3727.17,7523.0,ONAGAWA-1,8784,0.511397260338541
Japan,Onagawa-1,BWR,CO2,1997,0.192393425,3304.64,6708.0,ONAGAWA-1,8760,0.5100000009078145
Japan,Onagawa-1,BWR,CO2,1998,0.195589075,3359.53,6841.0,ONAGAWA-1,8760,0.5099999991070179
Japan,Onagawa-1,BWR,CO2,1999,0.246860377,4240.19,8517.0,ONAGAWA-1,8760,0.510000000594313
Japan,Onagawa-1,BWR,CO2,2000,0.214776952,3689.11,7436.0,ONAGAWA-1,8784,0.5113972601435034
Japan,Onagawa-1,BWR,CO2,2001,0.199407089,3425.11,6873.0,ONAGAWA-1,8760,0.509999999894894
Japan,Onagawa-1,BWR,CO2,2002,0.182992774,3143.17,6001.0,ONAGAWA-1,8760,0.5100000000763559
Japan,Onagawa-1,BWR,CO2,2003,0.108059452,1856.08,3725.0,ONAGAWA-1,8760,0.5099999997413904
Japan,Onagawa-1,BWR,CO2,2004,0.174593493,2998.9,6020.0,ONAGAWA-1,8784,0.5113972598326052
Japan,Onagawa-1,BWR,CO2,2005,0.110534349,1898.59,3799.0,ONAGAWA-1,8760,0.5099999985462896
Japan,Onagawa-1,BWR,CO2,2007,0.125880342,2162.18,4351.0,ONAGAWA-1,8760,0.5099999981130156
Japan,Onagawa-1,BWR,CO2,2008,0.030903904,530.82,1057.0,ONAGAWA-1,8784,0.511397258460495
Japan,Onagawa-1,BWR,CO2,2009,0.181489555,3117.35,6531.0,ONAGAWA-1,8760,0.5100000005774135
Japan,Onagawa-1,BWR,CO2,2010,0.154928801,2661.13,5338.0,ONAGAWA-1,8760,0.509999998782472
Japan,Onagawa-1,BWR,CO2,2011,0.049570137,851.44,1671.0,ONAGAWA-1,8760,0.5100000001409376
Japan,Onagawa-2,BWR,CO2,1994,0.000887842,15.25,123.0,ONAGAWA-2,8760,0.5099997324590164
Japan,Onagawa-2,BWR,CO2,1995,0.261788938,4496.61,6510.0,ONAGAWA-2,8760,0.509999999306144
Japan,Onagawa-2,BWR,CO2,1996,0.301299966,5175.27,6545.0,ONAGAWA-2,8784,0.5113972606924855
Japan,Onagawa-2,BWR,CO2,1997,0.403552055,6931.6,8760.0,ONAGAWA-2,8760,0.5100000002596803
Japan,Onagawa-2,BWR,CO2,1998,0.328805616,5647.72,7185.0,ONAGAWA-2,8760,0.5099999993200796
Japan,Onagawa-2,BWR,CO2,1999,0.340068699,5841.19,7383.0,ONAGAWA-2,8760,0.5099991274449214
Japan,Onagawa-2,BWR,CO2,2000,0.341082295,5858.59,7402.0,ONAGAWA-2,8784,0.5113972609928327
Japan,Onagawa-2,BWR,CO2,2001,0.379656575,6521.16,8238.0,ONAGAWA-2,8760,0.5099999995399591
Japan,Onagawa-2,BWR,CO2,2002,0.305237911,5242.91,6368.0,ONAGAWA-2,8760,0.5100000000686641
Japan,Onagawa-2,BWR,CO2,2003,0.19051411,3272.36,4139.0,ONAGAWA-2,8760,0.5100000011001233
Japan,Onagawa-2,BWR,CO2,2004,0.409885137,7040.38,8784.0,ONAGAWA-2,8784,0.5113972602910639
Japan,Onagawa-2,BWR,CO2,2005,0.109293116,1877.27,2367.0,ONAGAWA-2,8760,0.5099999979544765
Japan,Onagawa-2,BWR,CO2,2006,0.144658938,2484.73,3188.0,ONAGAWA-2,8760,0.5099999987443303
Japan,Onagawa-2,BWR,CO2,2007,0.301844315,5184.62,6491.0,ONAGAWA-2,8760,0.5099999998842731
Japan,Onagawa-2,BWR,CO2,2008,0.37571339,6453.43,8086.0,ONAGAWA-2,8784,0.5113972597146014
Japan,Onagawa-2,BWR,CO2,2009,0.199706918,3430.26,4330.0,ONAGAWA-2,8760,0.5100000004897588
Japan,Onagawa-2,BWR,CO2,2010,0.343815685,5905.54,7417.0,ONAGAWA-2,8760,0.5100000001015995
Japan,Onagawa-3,BWR,CO2,2001,0.091277192,1567.82,2973.0,ONAGAWA-3,8760,0.5100000012246304
Japan,Onagawa-3,BWR,CO2,2002,0.387304247,6652.52,8064.0,ONAGAWA-3,8760,0.5100000005591866
Japan,Onagawa-3,BWR,CO2,2003,0.348048219,5978.24,7332.0,ONAGAWA-3,8760,0.5099999997390536
Japan,Onagawa-3,BWR,CO2,2004,0.311396918,5348.7,6548.0,ONAGAWA-3,8784,0.5113972605889282
Japan,Onagawa-3,BWR,CO2,2005,0.255106541,4381.83,5460.0,ONAGAWA-3,8760,0.5099999998082994
Japan,Onagawa-3,BWR,CO2,2006,0.162904829,2798.13,3476.0,ONAGAWA-3,8760,0.5100000007290583
Japan,Onagawa-3,BWR,CO2,2007,0.131658014,2261.42,2887.0,ONAGAWA-3,8760,0.510000001167408
Japan,Onagawa-3,BWR,CO2,2008,0.378552158,6502.19,7921.0,ONAGAWA-3,8784,0.5113972609031727
Japan,Onagawa-3,BWR,CO2,2009,0.198284041,3405.82,4202.0,ONAGAWA-3,8760,0.5099999997533633
Japan,Onagawa-3,BWR,CO2,2010,0.311051678,5342.77,6540.0,ONAGAWA-3,8760,0.5099999998652384
Japan,Onagawa-3,BWR,CO2,2011,0.076607705,1315.85,1671.0,ONAGAWA-3,8760,0.5099999968081469
Japan,Sendai 1-2,PWR,CO2,1983,0.005111343,666.3,1760.0,SENDAI-1,8760,0.06720000702386314
Japan,Sendai 1-2,PWR,CO2,1984,0.046562619,6069.77,7487.0,SENDAI-1,8784,0.06738410933132556
Japan,Sendai 1-2,PWR,CO2,1985,0.066788362,8706.34,11291.0,SENDAI-1,8760,0.06720000035835953
Japan,Sendai 1-2,PWR,CO2,1986,0.092671485,12080.39,14336.0,SENDAI-1,8760,0.06720000004966727
Japan,Sendai 1-2,PWR,CO2,1987,0.093542707,12193.96,14472.0,SENDAI-1,8760,0.06720000010825032
Japan,Sendai 1-2,PWR,CO2,1988,0.100438531,13092.880000000001,15421.0,SENDAI-1,8784,0.06738410924899639
Japan,Sendai 1-2,PWR,CO2,1989,0.094975233,12380.7,14591.0,SENDAI-1,8760,0.06720000008723255
Japan,Sendai 1-2,PWR,CO2,1990,0.094471924,12315.09,14616.0,SENDAI-1,8760,0.06720000050669545
Japan,Sendai 1-2,PWR,CO2,1991,0.086347014,11255.95,13416.0,SENDAI-1,8760,0.06720000023454262
Japan,Sendai 1-2,PWR,CO2,1992,0.10048709,13099.21,15419.0,SENDAI-1,8784,0.06738410931346242
Japan,Sendai 1-2,PWR,CO2,1993,0.095439496,12441.22,14385.0,SENDAI-1,8760,0.06720000007716286
Japan,Sendai 1-2,PWR,CO2,1994,0.0870464,11347.119999999999,13319.0,SENDAI-1,8760,0.0672
Japan,Sendai 1-2,PWR,CO2,1995,0.087749085,11438.72,13572.0,SENDAI-1,8760,0.06720000005245343
Japan,Sendai 1-2,PWR,CO2,1996,0.096233162,12544.68,14774.0,SENDAI-1,8784,0.0673841098384335
Japan,Sendai 1-2,PWR,CO2,1997,0.101006893,13166.970000000001,15483.0,SENDAI-1,8760,0.06719999989974913
Japan,Sendai 1-2,PWR,CO2,1998,0.08584355,11190.32,13284.0,SENDAI-1,8760,0.06719999946382231
Japan,Sendai 1-2,PWR,CO2,1999,0.08987509,11715.86,13694.0,SENDAI-1,8760,0.06719999969272422
Japan,Sendai 1-2,PWR,CO2,2000,0.099911441,13024.17,15223.0,SENDAI-1,8784,0.06738410952436892
Japan,Sendai 1-2,PWR,CO2,2001,0.104153786,13577.189999999999,15874.0,SENDAI-1,8760,0.06719999980555624
Japan,Sendai 1-2,PWR,CO2,2002,0.096492526,12578.49,14590.0,SENDAI-1,8760,0.0671999999809198
Japan,Sendai 1-2,PWR,CO2,2003,0.096894038,12630.830000000002,14593.0,SENDAI-1,8760,0.06719999975298535
Japan,Sendai 1-2,PWR,CO2,2004,0.098524252,12843.34,14817.0,SENDAI-1,8784,0.06738410955156525
Japan,Sendai 1-2,PWR,CO2,2005,0.106696186,13908.61,16200.0,SENDAI-1,8760,0.06719999981018951
Japan,Sendai 1-2,PWR,CO2,2006,0.098964581,12900.74,14878.0,SENDAI-1,8760,0.0672000001209233
Japan,Sendai 1-2,PWR,CO2,2007,0.090966783,11858.17,13656.0,SENDAI-1,8760,0.06719999958509618
Japan,Sendai 1-2,PWR,CO2,2008,0.095808866,12489.369999999999,14293.0,SENDAI-1,8784,0.06738410976246201
Japan,Sendai 1-2,PWR,CO2,2009,0.108934115,14200.34,16115.0,SENDAI-1,8760,0.06719999995774749
Japan,Sendai 1-2,PWR,CO2,2010,0.081983157,10687.09,12201.0,SENDAI-1,8760,0.06720000068493856
Japan,Sendai 1-2,PWR,CO2,2011,0.061681085,8040.57,8930.0,SENDAI-1,8760,0.06720000007462157
Japan,Shika-1,BWR,CO2,1993,0.165012945,2834.34,6576.0,SHIKA-1,8760,0.5099999993649315
Japan,Shika-1,BWR,CO2,1994,0.192844623,3312.39,6584.0,SHIKA-1,8760,0.50999999923922
Japan,Shika-1,BWR,CO2,1995,0.203605856,3497.23,6974.0,SHIKA-1,8760,0.5099999995882455
Japan,Shika-1,BWR,CO2,1996,0.201129795,3454.7,6848.0,SHIKA-1,8784,0.5113972614930384
Japan,Shika-1,BWR,CO2,1997,0.258018082,4431.84,8760.0,SHIKA-1,8760,0.5099999996209249
Japan,Shika-1,BWR,CO2,1998,0.205550377,3530.63,7047.0,SHIKA-1,8760,0.5100000007137536
Japan,Shika-1,BWR,CO2,1999,0.193617774,3325.67,6607.0,SHIKA-1,8760,0.5100000000721658
Japan,Shika-1,BWR,CO2,2000,0.219083425,3763.08,7462.0,SHIKA-1,8784,0.511397261073376
Japan,Shika-1,BWR,CO2,2001,0.257760171,4427.41,8760.0,SHIKA-1,8760,0.5099999995392339
Japan,Shika-1,BWR,CO2,2002,0.205925308,3537.07,7010.0,SHIKA-1,8760,0.5099999994571779
Japan,Shika-1,BWR,CO2,2003,0.088714384,1523.8,3029.0,SHIKA-1,8760,0.5100000025200156
Japan,Shika-1,BWR,CO2,2004,0.205801301,3534.94,6958.0,SHIKA-1,8784,0.5113972593548971
Japan,Shika-1,BWR,CO2,2005,0.244741781,4203.8,8226.0,SHIKA-1,8760,0.5100000003710928
Japan,Shika-1,BWR,CO2,2006,0.16930661,2908.09,5777.0,SHIKA-1,8760,0.5100000012379259
Japan,Shika-1,BWR,CO2,2007,0.052885137,908.38,1778.0,SHIKA-1,8760,0.5100000001321032
Japan,Shika-1,BWR,CO2,2009,0.189091815,3247.93,6367.0,SHIKA-1,8760,0.5099999998152669
Japan,Shika-1,BWR,CO2,2010,0.18581,3191.56,6287.0,SHIKA-1,8760,0.51
Japan,Shika-1,BWR,CO2,2011,0.042474966,729.57,1416.0,SHIKA-1,8760,0.5100000029606481
Japan,Shika-2,BWR,CO2,2005,0.118644281,2037.89,2554.0,SHIKA-2,8760,0.5100000007654976
Japan,Shika-2,BWR,CO2,2006,0.264772089,4547.85,3539.0,SHIKA-2,8760,0.5099999999208417
Japan,Shika-2,BWR,CO2,2008,0.371550719,6381.93,5610.0,SHIKA-2,8784,0.5113972600288627
Japan,Shika-2,BWR,CO2,2009,0.328767192,5647.06,5044.0,SHIKA-2,8760,0.5100000003399999
Japan,Shika-2,BWR,CO2,2010,0.540227397,9279.2,8038.0,SHIKA-2,8760,0.5099999997542891
Japan,Shika-2,BWR,CO2,2011,0.081979589,1408.12,1263.0,SHIKA-2,8760,0.5099999997443401
Japan,Shimane-1,BWR,CO2,1973,0.002503425,43.0,430.0,SHIMANE-1,8760,0.5100000697674418
Japan,Shimane-1,BWR,CO2,1974,0.175030137,3006.4,7279.0,SHIMANE-1,8760,0.5100000000399149
Japan,Shimane-1,BWR,CO2,1975,0.171519521,2946.1,7010.0,SHIMANE-1,8760,0.5100000013441499
Japan,Shimane-1,BWR,CO2,1976,0.163182534,2802.9,6697.0,SHIMANE-1,8784,0.5113972595012308
Japan,Shimane-1,BWR,CO2,1977,0.109399658,1879.1,4489.0,SHIMANE-1,8760,0.5100000021712522
Japan,Shimane-1,BWR,CO2,1978,0.157296575,2701.8,6394.0,SHIMANE-1,8760,0.5099999988896291
Japan,Shimane-1,BWR,CO2,1979,0.152743836,2623.6,6341.0,SHIMANE-1,8760,0.510000001280683
Japan,Shimane-1,BWR,CO2,1980,0.159206164,2734.6,6466.0,SHIMANE-1,8784,0.5113972590419075
Japan,Shimane-1,BWR,CO2,1981,0.133502397,2293.1,5430.0,SHIMANE-1,8760,0.5099999990057128
Japan,Shimane-1,BWR,CO2,1982,0.137793151,2366.8,5499.0,SHIMANE-1,8760,0.5100000011661315
Japan,Shimane-1,BWR,CO2,1983,0.156964726,2696.1,6268.0,SHIMANE-1,8760,0.5099999999109825
Japan,Shimane-1,BWR,CO2,1984,0.174115514,2990.69,6912.0,SHIMANE-1,8784,0.5113972611591305
Japan,Shimane-1,BWR,CO2,1985,0.220673973,3790.4,8705.0,SHIMANE-1,8760,0.5100000009181089
Japan,Shimane-1,BWR,CO2,1986,0.124037705,2130.53,4903.0,SHIMANE-1,8760,0.5099999980286595
Japan,Shimane-1,BWR,CO2,1987,0.175310753,3011.22,6937.0,SHIMANE-1,8760,0.5099999987646204
Japan,Shimane-1,BWR,CO2,1988,0.137112568,2355.11,5398.0,SHIMANE-1,8784,0.5113972584346378
Japan,Shimane-1,BWR,CO2,1989,0.152319418,2616.31,5965.0,SHIMANE-1,8760,0.5100000006421258
Japan,Shimane-1,BWR,CO2,1990,0.218060514,3745.51,8565.0,SHIMANE-1,8760,0.510000000704844
Japan,Shimane-1,BWR,CO2,1991,0.181138493,3111.32,7123.0,SHIMANE-1,8760,0.5099999995757428
Japan,Shimane-1,BWR,CO2,1992,0.155520308,2671.29,6134.0,SHIMANE-1,8784,0.5113972595532496
Japan,Shimane-1,BWR,CO2,1993,0.148405925,2549.09,5849.0,SHIMANE-1,8760,0.5100000011768905
Japan,Shimane-1,BWR,CO2,1994,0.171631301,2948.02,6733.0,SHIMANE-1,8760,0.5099999989009573
Japan,Shimane-1,BWR,CO2,1995,0.173762705,2984.63,6862.0,SHIMANE-1,8760,0.5099999985927903
Japan,Shimane-1,BWR,CO2,1996,0.130729418,2245.47,5154.0,SHIMANE-1,8784,0.5113972610241954
Japan,Shimane-1,BWR,CO2,1997,0.17020726,2923.56,6712.0,SHIMANE-1,8760,0.5099999991790831
Japan,Shimane-1,BWR,CO2,1998,0.223873699,3845.36,8760.0,SHIMANE-1,8760,0.5100000008425739
Japan,Shimane-1,BWR,CO2,1999,0.195576849,3359.32,7657.0,SHIMANE-1,8760,0.5099999991784051
Japan,Shimane-1,BWR,CO2,2000,0.08041,1381.16,3149.0,SHIMANE-1,8784,0.5113972602739725
Japan,Shimane-1,BWR,CO2,2001,0.165610856,2844.61,6488.0,SHIMANE-1,8760,0.5099999994937794
Japan,Shimane-1,BWR,CO2,2002,0.197550479,3393.22,7730.0,SHIMANE-1,8760,0.5099999988329669
Japan,Shimane-1,BWR,CO2,2003,0.160043938,2748.99,6253.0,SHIMANE-1,8760,0.5099999988650378
Japan,Shimane-1,BWR,CO2,2004,0.229258973,3937.86,8784.0,SHIMANE-1,8784,0.5113972611601225
Japan,Shimane-1,BWR,CO2,2005,0.138694384,2382.28,5349.0,SHIMANE-1,8760,0.5100000016119012
Japan,Shimane-1,BWR,CO2,2006,0.157160925,2699.47,6025.0,SHIMANE-1,8760,0.5100000011113293
Japan,Shimane-1,BWR,CO2,2007,0.166893425,2866.64,6441.0,SHIMANE-1,8760,0.5100000010465214
Japan,Shimane-1,BWR,CO2,2008,0.159430308,2738.45,6142.0,SHIMANE-1,8784,0.5113972595709252
Japan,Shimane-1,BWR,CO2,2009,0.14748024,2533.19,5667.0,SHIMANE-1,8760,0.510000000947422
Japan,Shimane-1,BWR,CO2,2010,0.056467363,969.91,2151.0,SHIMANE-1,8760,0.5099999998762772
Japan,Shimane-2,BWR,CO2,1988,0.076681644,1317.12,2474.0,SHIMANE-2,8784,0.5113972613702624
Japan,Shimane-2,BWR,CO2,1989,0.340702123,5852.06,7485.0,SHIMANE-2,8760,0.5099999995693825
Japan,Shimane-2,BWR,CO2,1990,0.298286541,5123.51,6592.0,SHIMANE-2,8760,0.5099999998360499
Japan,Shimane-2,BWR,CO2,1991,0.322796233,5544.5,7121.0,SHIMANE-2,8760,0.5100000001947876
Japan,Shimane-2,BWR,CO2,1992,0.321145137,5516.14,7072.0,SHIMANE-2,8784,0.5113972602957865
Japan,Shimane-2,BWR,CO2,1993,0.393381164,6756.9,8592.0,SHIMANE-2,8760,0.5099999995027306
Japan,Shimane-2,BWR,CO2,1994,0.3229575,5547.27,7071.0,SHIMANE-2,8760,0.51
Japan,Shimane-2,BWR,CO2,1995,0.312264966,5363.61,6888.0,SHIMANE-2,8760,0.5100000004027139
Japan,Shimane-2,BWR,CO2,1996,0.325077842,5583.69,7166.0,SHIMANE-2,8784,0.5113972595412711
Japan,Shimane-2,BWR,CO2,1997,0.401898048,6903.19,8760.0,SHIMANE-2,8760,0.5100000000695332
Japan,Shimane-2,BWR,CO2,1998,0.347130103,5962.47,7600.0,SHIMANE-2,8760,0.5100000003823919
Japan,Shimane-2,BWR,CO2,1999,0.335267945,5758.72,7319.0,SHIMANE-2,8760,0.5099999996874305
Japan,Shimane-2,BWR,CO2,2000,0.354203151,6083.96,7747.0,SHIMANE-2,8784,0.5113972607288674
Japan,Shimane-2,BWR,CO2,2001,0.401772877,6901.04,8760.0,SHIMANE-2,8760,0.5100000003651624
Japan,Shimane-2,BWR,CO2,2002,0.352522363,6055.09,7678.0,SHIMANE-2,8760,0.509999999980182
Japan,Shimane-2,BWR,CO2,2003,0.281561918,4836.24,6133.0,SHIMANE-2,8760,0.5100000003473774
Japan,Shimane-2,BWR,CO2,2004,0.238556575,4097.56,5202.0,SHIMANE-2,8784,0.5113972595398236
Japan,Shimane-2,BWR,CO2,2005,0.343927466,5907.46,7544.0,SHIMANE-2,8760,0.5100000003656394
Japan,Shimane-2,BWR,CO2,2006,0.296067808,5085.4,6469.0,SHIMANE-2,8760,0.5099999996224486
Japan,Shimane-2,BWR,CO2,2007,0.317993733,5462.01,6970.0,SHIMANE-2,8760,0.5100000001977294
Japan,Shimane-2,BWR,CO2,2008,0.273839726,4703.6,6001.0,SHIMANE-2,8784,0.5113972602228081
Japan,Shimane-2,BWR,CO2,2009,0.31286113,5373.85,6799.0,SHIMANE-2,8760,0.5099999997766964
Japan,Shimane-2,BWR,CO2,2010,0.112038151,1924.42,2438.0,SHIMANE-2,8760,0.5100000014341983
Japan,Shimane-2,BWR,CO2,2011,0.402990822,6921.96,8760.0,SHIMANE-2,8760,0.5100000001040168
Japan,Shimane-2,BWR,CO2,2012,0.028625788,491.69,625.0,SHIMANE-2,8784,0.5113972661473692
Japan,Takahama 1-4,PWR,CO2,1974,0.020408548,2660.4,4392.0,TAKAHAMA-1,8760,0.06720000018042399
Japan,Takahama 1-4,PWR,CO2,1975,0.06251211,8148.9,12470.0,TAKAHAMA-1,8760,0.06720000044177742
Japan,Takahama 1-4,PWR,CO2,1976,0.052923069,6898.9,11114.0,TAKAHAMA-1,8784,0.0673841102343852
Japan,Takahama 1-4,PWR,CO2,1977,0.039321205,5125.8,6998.0,TAKAHAMA-1,8760,0.06719999918061571
Japan,Takahama 1-4,PWR,CO2,1978,0.053183124,6932.8,9839.0,TAKAHAMA-1,8760,0.06720000090006924
Japan,Takahama 1-4,PWR,CO2,1979,0.022475945,2929.9,4095.0,TAKAHAMA-1,8760,0.06719999938564457
Japan,Takahama 1-4,PWR,CO2,1980,0.064869479,8456.2,11054.0,TAKAHAMA-1,8784,0.06738410911946263
Japan,Takahama 1-4,PWR,CO2,1981,0.06714937,8753.4,11378.0,TAKAHAMA-1,8760,0.0672000001370896
Japan,Takahama 1-4,PWR,CO2,1982,0.06141589,8006.0,10492.0,TAKAHAMA-1,8760,0.06719999955033724
Japan,Takahama 1-4,PWR,CO2,1983,0.071078576,9265.6,12048.0,TAKAHAMA-1,8760,0.0672000006216543
Japan,Takahama 1-4,PWR,CO2,1984,0.075023967,9779.910000000002,14279.0,TAKAHAMA-1,8784,0.06738410947830806
Japan,Takahama 1-4,PWR,CO2,1985,0.166058641,21646.93,27252.0,TAKAHAMA-1,8760,0.06719999996119543
Japan,Takahama 1-4,PWR,CO2,1986,0.16697006,21765.74,26978.0,TAKAHAMA-1,8760,0.06719999988973496
Japan,Takahama 1-4,PWR,CO2,1987,0.160651343,20942.050000000003,26310.0,TAKAHAMA-1,8760,0.06720000022347382
Japan,Takahama 1-4,PWR,CO2,1988,0.148818619,19399.559999999998,23966.0,TAKAHAMA-1,8784,0.06738414424327151
Japan,Takahama 1-4,PWR,CO2,1989,0.166148778,21658.68,26829.0,TAKAHAMA-1,8760,0.06719999996675698
Japan,Takahama 1-4,PWR,CO2,1990,0.152987321,19943.0,24596.0,TAKAHAMA-1,8760,0.06719996650253222
Japan,Takahama 1-4,PWR,CO2,1991,0.143793578,18744.52,23306.0,TAKAHAMA-1,8760,0.06719999996158878
Japan,Takahama 1-4,PWR,CO2,1992,0.165905983,21627.03,26834.0,TAKAHAMA-1,8784,0.06738410936092473
Japan,Takahama 1-4,PWR,CO2,1993,0.169322521,22072.4,27445.0,TAKAHAMA-1,8760,0.06720000017940958
Japan,Takahama 1-4,PWR,CO2,1994,0.157333995,20509.61,25066.0,TAKAHAMA-1,8760,0.06720000020478205
Japan,Takahama 1-4,PWR,CO2,1995,0.171517107,22358.48,27985.0,TAKAHAMA-1,8760,0.067200000059038
Japan,Takahama 1-4,PWR,CO2,1996,0.162735079,21213.68,26321.0,TAKAHAMA-1,8784,0.06738410940185767
Japan,Takahama 1-4,PWR,CO2,1997,0.176835726,23051.8,28272.0,TAKAHAMA-1,8760,0.06719999998958867
Japan,Takahama 1-4,PWR,CO2,1998,0.200630664,26153.64,32305.0,TAKAHAMA-1,8760,0.06720000033035554
Japan,Takahama 1-4,PWR,CO2,1999,0.18432285,24027.8,29681.0,TAKAHAMA-1,8760,0.06720000024971076
Japan,Takahama 1-4,PWR,CO2,2000,0.190675321,24855.89,30777.0,TAKAHAMA-1,8784,0.06738410974879597
Japan,Takahama 1-4,PWR,CO2,2001,0.195144888,25438.52,31403.0,TAKAHAMA-1,8760,0.06720002652984529
Japan,Takahama 1-4,PWR,CO2,2002,0.189960822,24762.75,30345.0,TAKAHAMA-1,8760,0.06720000002907593
Japan,Takahama 1-4,PWR,CO2,2003,0.196106017,25563.82,30306.0,TAKAHAMA-1,8760,0.0672000001924595
Japan,Takahama 1-4,PWR,CO2,2004,0.18026983,23499.46,28004.0,TAKAHAMA-1,8784,0.06738410953783619
Japan,Takahama 1-4,PWR,CO2,2005,0.190581348,24843.64,29597.0,TAKAHAMA-1,8760,0.06720000001932085
Japan,Takahama 1-4,PWR,CO2,2006,0.186359102,24293.24,28917.0,TAKAHAMA-1,8760,0.0672000002272237
Japan,Takahama 1-4,PWR,CO2,2007,0.177740088,23169.690000000002,27404.0,TAKAHAMA-1,8760,0.06720000012430032
Japan,Takahama 1-4,PWR,CO2,2008,0.131106357,17090.64,20459.0,TAKAHAMA-1,8784,0.06738414944601256
Japan,Takahama 1-4,PWR,CO2,2009,0.191121633,24914.07,29456.0,TAKAHAMA-1,8760,0.067200000043349
Japan,Takahama 1-4,PWR,CO2,2010,0.181964329,23720.35,27913.0,TAKAHAMA-1,8760,0.06720000008600212
Japan,Takahama 1-4,PWR,CO2,2011,0.144487057,18834.92,21728.0,TAKAHAMA-1,8760,0.06719999975152537
Japan,Takahama 1-4,PWR,CO2,2012,0.008284241,1079.91,1223.0,TAKAHAMA-3,8784,0.06738410880906741
Japan,Tomari 1-2,PWR,CO2,1988,0.000421611,54.96,375.0,TOMARI-1,8784,0.06738411615720524
Japan,Tomari 1-2,PWR,CO2,1989,0.027670214,3607.01,7095.0,TOMARI-1,8760,0.06720000073190814
Japan,Tomari 1-2,PWR,CO2,1990,0.034565731,4505.89,9093.0,TOMARI-1,8760,0.06719999901462308
Japan,Tomari 1-2,PWR,CO2,1991,0.052303693,6818.16,12649.0,TOMARI-1,8760,0.06719999980639939
Japan,Tomari 1-2,PWR,CO2,1992,0.055891989,7285.92,13536.0,TOMARI-1,8784,0.06738410953949536
Japan,Tomari 1-2,PWR,CO2,1993,0.066300548,8642.75,15852.0,TOMARI-1,8760,0.06720000005553788
Japan,Tomari 1-2,PWR,CO2,1994,0.064557567,8415.54,15440.0,TOMARI-1,8760,0.06719999987166599
Japan,Tomari 1-2,PWR,CO2,1995,0.062199124,8108.1,14742.0,TOMARI-1,8760,0.06720000076960077
Japan,Tomari 1-2,PWR,CO2,1996,0.05894629,7684.07,14152.0,TOMARI-1,8784,0.06738410911925581
Japan,Tomari 1-2,PWR,CO2,1997,0.065748757,8570.82,15703.0,TOMARI-1,8760,0.06720000085406065
Japan,Tomari 1-2,PWR,CO2,1998,0.071424702,9310.720000000001,16133.0,TOMARI-1,8760,0.067200000592865
Japan,Tomari 1-2,PWR,CO2,1999,0.064037457,8347.74,14330.0,TOMARI-1,8760,0.06719999943936922
Japan,Tomari 1-2,PWR,CO2,2000,0.06348697,8275.98,15075.0,TOMARI-1,8784,0.06738410973443629
Japan,Tomari 1-2,PWR,CO2,2001,0.067316757,8775.220000000001,15995.0,TOMARI-1,8760,0.06720000083416712
Japan,Tomari 1-2,PWR,CO2,2002,0.066689019,8693.39,15842.0,TOMARI-1,8760,0.06719999982055333
Japan,Tomari 1-2,PWR,CO2,2003,0.056488504,7363.68,13193.0,TOMARI-1,8760,0.0671999998696304
Japan,Tomari 1-2,PWR,CO2,2004,0.058712395,7653.58,13624.0,TOMARI-1,8784,0.06738411013930735
Japan,Tomari 1-2,PWR,CO2,2005,0.069588745,9071.39,16187.0,TOMARI-1,8760,0.06719999980157396
Japan,Tomari 1-2,PWR,CO2,2006,0.065616734,8553.61,15347.0,TOMARI-1,8760,0.06719999974747504
Japan,Tomari 1-2,PWR,CO2,2007,0.066093731,8615.79,15460.0,TOMARI-1,8760,0.0671999994846671
Japan,Tomari 1-2,PWR,CO2,2008,0.047020055,6129.4,10989.0,TOMARI-1,8784,0.06738410988351225
Japan,Tomari 1-2,PWR,CO2,2009,0.064167255,8364.66,14891.0,TOMARI-1,8760,0.06720000021519106
Japan,Tomari 1-2,PWR,CO2,2010,0.06166045,8037.88,14388.0,TOMARI-1,8760,0.06720000074646548
Japan,Tomari 1-2,PWR,CO2,2011,0.035988822,4691.4,8352.0,TOMARI-1,8760,0.06720000015347231
Japan,Tsuruga 2,PWR,CO2,1986,0.011917643,1553.55,2506.0,TSURUGA-2,8760,0.06719999528821088
Japan,Tsuruga 2,PWR,CO2,1987,0.06713349,8751.33,8028.0,TSURUGA-2,8760,0.06719999958863396
Japan,Tsuruga 2,PWR,CO2,1988,0.060907134,7939.68,7243.0,TSURUGA-2,8784,0.06738410931624449
Japan,Tsuruga 2,PWR,CO2,1989,0.057593162,7507.68,6814.0,TSURUGA-2,8760,0.06720000041557446
Japan,Tsuruga 2,PWR,CO2,1990,0.055240471,7200.99,6462.0,TSURUGA-2,8760,0.06719999971670562
Japan,Tsuruga 2,PWR,CO2,1991,0.071029326,9259.18,8338.0,TSURUGA-2,8760,0.06719999997407979
Japan,Tsuruga 2,PWR,CO2,1992,0.062280362,8118.69,7310.0,TSURUGA-2,8784,0.06738410997439243
Japan,Tsuruga 2,PWR,CO2,1993,0.060173917,7844.1,7086.0,TSURUGA-2,8760,0.0671999990974108
Japan,Tsuruga 2,PWR,CO2,1994,0.059947617,7814.6,7080.0,TSURUGA-2,8760,0.06720000062959076
Japan,Tsuruga 2,PWR,CO2,1995,0.070732296,9220.46,8290.0,TSURUGA-2,8760,0.06720000010411628
Japan,Tsuruga 2,PWR,CO2,1996,0.062077764,8092.28,7325.0,TSURUGA-2,8784,0.06738410917269298
Japan,Tsuruga 2,PWR,CO2,1997,0.050033238,6522.19,5946.0,TSURUGA-2,8760,0.06719999952163308
Japan,Tsuruga 2,PWR,CO2,1998,0.065470521,8534.55,7724.0,TSURUGA-2,8760,0.06720000046399635
Japan,Tsuruga 2,PWR,CO2,1999,0.039366312,5131.68,4615.0,TSURUGA-2,8760,0.06719999943878029
Japan,Tsuruga 2,PWR,CO2,2000,0.068993228,8993.76,8087.0,TSURUGA-2,8784,0.06738411017772322
Japan,Tsuruga 2,PWR,CO2,2001,0.061927715,8072.72,7267.0,TSURUGA-2,8760,0.06719999992567562
Japan,Tsuruga 2,PWR,CO2,2002,0.066705512,8695.54,7742.0,TSURUGA-2,8760,0.06719999966879572
Japan,Tsuruga 2,PWR,CO2,2003,0.064905688,8460.92,7418.0,TSURUGA-2,8760,0.06720000034038852
Japan,Tsuruga 2,PWR,CO2,2004,0.072470521,9447.05,8367.0,TSURUGA-2,8784,0.067384110009368
Japan,Tsuruga 2,PWR,CO2,2005,0.059019474,7693.61,6854.0,TSURUGA-2,8760,0.06720000003119472
Japan,Tsuruga 2,PWR,CO2,2006,0.047951036,6250.76,5634.0,TSURUGA-2,8760,0.06720000053753464
Japan,Tsuruga 2,PWR,CO2,2007,0.046528483,6065.32,5688.0,TSURUGA-2,8760,0.06720000116729209
Japan,Tsuruga 2,PWR,CO2,2008,0.007615233,992.7,957.0,TSURUGA-2,8784,0.06738411067996374
Japan,Tsuruga 2,PWR,CO2,2009,0.066748011,8701.08,7680.0,TSURUGA-2,8760,0.06720000004137416
Japan,Tsuruga 2,PWR,CO2,2010,0.047394334,6178.19,5446.0,TSURUGA-2,8760,0.06719999965038305
Japan,Tsuruga 2,PWR,CO2,2011,0.027055517,3526.88,3041.0,TSURUGA-2,8760,0.06719999799256
Kazakhstan,Aktau,FBR,CO2,1992,0.006355342,463.94,7332.0,AKTAU,8784,0.12032875830495322
Kazakhstan,Aktau,FBR,CO2,1993,0.006083699,444.11,7335.0,AKTAU,8760,0.12000000729548985
Kazakhstan,Aktau,FBR,CO2,1994,0.005179041,378.07,5877.0,AKTAU,8760,0.11999999777818922
Kazakhstan,Aktau,FBR,CO2,1995,0.001139589,83.19,1683.0,AKTAU,8760,0.11999999567255681
Kazakhstan,Aktau,FBR,CO2,1996,0.001227123,89.58,1746.0,AKTAU,8784,0.1203287389149364
Kazakhstan,Aktau,FBR,CO2,1997,0.00414726,302.75,5889.0,AKTAU,8760,0.11999999207266722
Kazakhstan,Aktau,FBR,CO2,1998,0.001248767,91.16,1787.0,AKTAU,8760,0.11999998815269856
Lithuania,Ignalina,LWGR,CO2,1984,0.691674201,4660.82,6489.0,IGNALINA-1,8784,1.3035616439991247
Lithuania,Ignalina,LWGR,CO2,1985,1.298797945,8751.9,7483.0,IGNALINA-1,8760,1.2999999997943303
Lithuania,Ignalina,LWGR,CO2,1986,1.356843836,9143.04,7055.0,IGNALINA-1,8760,1.3000000003674923
Lithuania,Ignalina,LWGR,CO2,1987,1.36122911,9172.59,8327.0,IGNALINA-1,8760,1.3000000003924737
Lithuania,Ignalina,LWGR,CO2,1988,1.737403995,11707.43,11203.0,IGNALINA-1,8784,1.303561643510147
Lithuania,Ignalina,LWGR,CO2,1989,2.281059247,15370.830000000002,13597.0,IGNALINA-1,8760,1.3000000002420167
Lithuania,Ignalina,LWGR,CO2,1990,2.330064498,15701.05,13916.0,IGNALINA-1,8760,1.3000000001579513
Lithuania,Ignalina,LWGR,CO2,1991,2.317123858,15613.849999999999,13497.0,IGNALINA-1,8760,1.2999999997489409
Lithuania,Ignalina,LWGR,CO2,1992,1.980483219,13345.41,12214.0,IGNALINA-1,8784,1.303561643718402
Lithuania,Ignalina,LWGR,CO2,1993,1.637934703,11037.16,12445.0,IGNALINA-1,8760,1.2999999998441627
Lithuania,Ignalina,LWGR,CO2,1994,0.983571689,6627.76,9176.0,IGNALINA-1,8760,1.299999999342161
Lithuania,Ignalina,LWGR,CO2,1995,1.578578425,10637.19,11490.0,IGNALINA-1,8760,1.3000000002820291
Lithuania,Ignalina,LWGR,CO2,1996,1.87961153,12665.689999999999,12210.0,IGNALINA-1,8784,1.303561644057292
Lithuania,Ignalina,LWGR,CO2,1997,1.610547146,10852.61,11364.0,IGNALINA-1,8760,1.2999999999041705
Lithuania,Ignalina,LWGR,CO2,1998,1.823530479,12287.79,12892.0,IGNALINA-1,8760,1.2999999996777287
Lithuania,Ignalina,LWGR,CO2,1999,1.29351484,8716.3,12440.0,IGNALINA-1,8760,1.2999999998164362
Lithuania,Ignalina,LWGR,CO2,2000,1.100682991,7416.91,9629.0,IGNALINA-1,8784,1.3035616439924445
Lithuania,Ignalina,LWGR,CO2,2001,1.475100799,9939.91,11433.0,IGNALINA-1,8760,1.2999999999235405
Lithuania,Ignalina,LWGR,CO2,2002,1.913975457,12897.25,13144.0,IGNALINA-1,8760,1.3000000002574192
Lithuania,Ignalina,LWGR,CO2,2003,2.114656279,14249.529999999999,13455.0,IGNALINA-1,8760,1.3000000002835181
Lithuania,Ignalina,LWGR,CO2,2004,2.065326027,13917.12,12715.0,IGNALINA-1,8784,1.3035616435848794
Lithuania,Ignalina,LWGR,CO2,2005,1.416358904,9544.08,7826.0,IGNALINA-2,8760,1.299999999899414
Lithuania,Ignalina,LWGR,CO2,2006,1.178988699,7944.57,7526.0,IGNALINA-2,8760,1.3000000004078258
Lithuania,Ignalina,LWGR,CO2,2007,1.346724315,9074.85,7746.0,IGNALINA-2,8760,1.2999999999338832
Lithuania,Ignalina,LWGR,CO2,2008,1.35639863,9140.04,7558.0,IGNALINA-2,8784,1.303561643703966
Lithuania,Ignalina,LWGR,CO2,2009,1.487778767,10025.34,8243.0,IGNALINA-2,8760,1.2999999998922729
Mexico,Laguna Verde-1,BWR,CO2,1989,0.018116644,311.18,2182.0,LAGUNA VERDE-1,8760,0.5100000046275467
Mexico,Laguna Verde-1,BWR,CO2,1990,0.161605959,2775.82,5370.0,LAGUNA VERDE-1,8760,0.5100000003026133
Mexico,Laguna Verde-1,BWR,CO2,1991,0.236491541,4062.09,7022.0,LAGUNA VERDE-1,8760,0.50999999979321
Mexico,Laguna Verde-1,BWR,CO2,1992,0.218114658,3746.44,7024.0,LAGUNA VERDE-1,8784,0.5113972613659901
Mexico,Laguna Verde-1,BWR,CO2,1993,0.275051849,4724.42,7851.0,LAGUNA VERDE-1,8760,0.5099999994158013
Mexico,Laguna Verde-1,BWR,CO2,1994,0.236483973,4061.96,7095.0,LAGUNA VERDE-1,8760,0.5100000008567293
Mexico,Laguna Verde-1,BWR,CO2,1995,0.241845959,4154.06,7128.0,LAGUNA VERDE-1,8760,0.5100000002022117
Mexico,Laguna Verde-1,BWR,CO2,1996,0.200410205,3442.34,6628.0,LAGUNA VERDE-1,8784,0.5113972590505296
Mexico,Laguna Verde-1,BWR,CO2,1997,0.303834247,5218.8,8577.0,LAGUNA VERDE-1,8760,0.5100000007128075
Mexico,Laguna Verde-1,BWR,CO2,1998,0.256889212,4412.45,7359.0,LAGUNA VERDE-1,8760,0.5099999993473013
Mexico,Laguna Verde-1,BWR,CO2,1999,0.259131815,4450.97,7466.0,LAGUNA VERDE-1,8760,0.5099999998651978
Mexico,Laguna Verde-1,BWR,CO2,2000,0.266507021,4577.65,7409.0,LAGUNA VERDE-1,8784,0.5113972611414154
Mexico,Laguna Verde-1,BWR,CO2,2001,0.24127774,4144.3,6808.0,LAGUNA VERDE-1,8760,0.5100000005791087
Mexico,Laguna Verde-1,BWR,CO2,2002,0.244302226,4196.25,6876.0,LAGUNA VERDE-1,8760,0.5099999999428061
Mexico,Laguna Verde-1,BWR,CO2,2003,0.315282466,5415.44,8642.0,LAGUNA VERDE-1,8760,0.5100000003988596
Mexico,Laguna Verde-1,BWR,CO2,2004,0.242709932,4168.9,6818.0,LAGUNA VERDE-1,8784,0.5113972613130563
Mexico,Laguna Verde-1,BWR,CO2,2005,0.291547089,5007.75,7884.0,LAGUNA VERDE-1,8760,0.5099999999281114
Mexico,Laguna Verde-1,BWR,CO2,2006,0.321936336,5529.73,8624.0,LAGUNA VERDE-1,8760,0.5100000006076246
Mexico,Laguna Verde-1,BWR,CO2,2007,0.29267887,5027.19,7963.0,LAGUNA VERDE-1,8760,0.510000000238702
Mexico,Laguna Verde-1,BWR,CO2,2008,0.221105377,3797.81,6169.0,LAGUNA VERDE-1,8784,0.5113972609393308
Mexico,Laguna Verde-1,BWR,CO2,2009,0.317555925,5454.49,8534.0,LAGUNA VERDE-1,8760,0.5100000005500057
Mexico,Laguna Verde-1,BWR,CO2,2010,0.10983339,1886.55,3391.0,LAGUNA VERDE-1,8760,0.5099999980917549
Mexico,Laguna Verde-1,BWR,CO2,2011,0.28654024,4921.75,7598.0,LAGUNA VERDE-1,8760,0.5100000004876314
Mexico,Laguna Verde-1,BWR,CO2,2012,0.199030993,3418.65,5209.0,LAGUNA VERDE-1,8784,0.5113972598867974
Mexico,Laguna Verde-1,BWR,CO2,2013,0.33298226,5719.46,8585.0,LAGUNA VERDE-1,8760,0.5099999995803799
Mexico,Laguna Verde-1,BWR,CO2,2014,0.283875548,4875.98,7461.0,LAGUNA VERDE-1,8760,0.5100000000984418
Mexico,Laguna Verde-1,BWR,CO2,2015,0.276061952,4741.77,7033.0,LAGUNA VERDE-1,8760,0.5099999998987719
Mexico,Laguna Verde-1,BWR,CO2,2016,0.296717534,5096.56,6716.0,LAGUNA VERDE-1,8784,0.5113972598489961
Mexico,Laguna Verde-2,BWR,CO2,1995,0.19674589,3379.4,5687.0,LAGUNA VERDE-2,8760,0.5099999989347221
Mexico,Laguna Verde-2,BWR,CO2,1996,0.213571815,3668.41,6657.0,LAGUNA VERDE-2,8784,0.5113972601099659
Mexico,Laguna Verde-2,BWR,CO2,1997,0.279774007,4805.53,7897.0,LAGUNA VERDE-2,8760,0.5100000002746836
Mexico,Laguna Verde-2,BWR,CO2,1998,0.256857192,4411.9,7609.0,LAGUNA VERDE-2,8760,0.5100000004351867
Mexico,Laguna Verde-2,BWR,CO2,1999,0.297533185,5110.57,8459.0,LAGUNA VERDE-2,8760,0.5100000001174038
Mexico,Laguna Verde-2,BWR,CO2,2000,0.194397911,3339.07,5865.0,LAGUNA VERDE-2,8784,0.5113972603820824
Mexico,Laguna Verde-2,BWR,CO2,2001,0.246154178,4228.06,6952.0,LAGUNA VERDE-2,8760,0.5099999998297091
Mexico,Laguna Verde-2,BWR,CO2,2002,0.300469178,5161.0,8273.0,LAGUNA VERDE-2,8760,0.5099999998604922
Mexico,Laguna Verde-2,BWR,CO2,2003,0.268089418,4604.83,7359.0,LAGUNA VERDE-2,8760,0.5100000003648344
Mexico,Laguna Verde-2,BWR,CO2,2004,0.266537877,4578.18,7449.0,LAGUNA VERDE-2,8784,0.5113972608259176
Mexico,Laguna Verde-2,BWR,CO2,2005,0.309161301,5310.3,8611.0,LAGUNA VERDE-2,8760,0.509999999389865
Mexico,Laguna Verde-2,BWR,CO2,2006,0.283539623,4870.21,8003.0,LAGUNA VERDE-2,8760,0.5099999994825686
Mexico,Laguna Verde-2,BWR,CO2,2007,0.286449418,4920.19,8013.0,LAGUNA VERDE-2,8760,0.5100000003414503
Mexico,Laguna Verde-2,BWR,CO2,2008,0.323753938,5560.95,8730.0,LAGUNA VERDE-2,8784,0.5113972597113803
Mexico,Laguna Verde-2,BWR,CO2,2009,0.270931678,4653.65,7386.0,LAGUNA VERDE-2,8760,0.5099999998452828
Mexico,Laguna Verde-2,BWR,CO2,2010,0.215753288,3705.88,6289.0,LAGUNA VERDE-2,8760,0.5100000007771432
Mexico,Laguna Verde-2,BWR,CO2,2011,0.255676507,4391.62,7111.0,LAGUNA VERDE-2,8760,0.5100000003005725
Mexico,Laguna Verde-2,BWR,CO2,2012,0.290711062,4993.39,6854.0,LAGUNA VERDE-2,8784,0.5113972609005105
Mexico,Laguna Verde-2,BWR,CO2,2013,0.329385479,5657.68,8522.0,LAGUNA VERDE-2,8760,0.5099999993000665
Mexico,Laguna Verde-2,BWR,CO2,2014,0.258238151,4435.62,6705.0,LAGUNA VERDE-2,8760,0.5100000006222355
Mexico,Laguna Verde-2,BWR,CO2,2015,0.375103836,6442.96,8600.0,LAGUNA VERDE-2,8760,0.5100000005214995
Mexico,Laguna Verde-2,BWR,CO2,2016,0.301326747,5175.73,7194.0,LAGUNA VERDE-2,8784,0.5113972609946811
Netherlands,Borssele,PWR,CO2,1973,0.00476,620.5,2682.0,BORSSELE,8760,0.0672
Netherlands,Borssele,PWR,CO2,1974,0.02296537,2993.7,6840.0,BORSSELE,8760,0.06720000040084176
Netherlands,Borssele,PWR,CO2,1975,0.021302247,2776.9,6494.0,BORSSELE,8760,0.06720000133962332
Netherlands,Borssele,PWR,CO2,1976,0.025118685,3274.4,7521.0,BORSSELE,8784,0.06738410977278281
Netherlands,Borssele,PWR,CO2,1977,0.024106083,3142.4,7318.0,BORSSELE,8760,0.06720000225305499
Netherlands,Borssele,PWR,CO2,1978,0.026267069,3424.1,7997.0,BORSSELE,8760,0.06720000129669111
Netherlands,Borssele,PWR,CO2,1979,0.022246576,2900.0,6785.0,BORSSELE,8760,0.0672000019862069
Netherlands,Borssele,PWR,CO2,1980,0.02756274,3593.0,8496.0,BORSSELE,8784,0.06738411025883663
Netherlands,Borssele,PWR,CO2,1981,0.023384219,3048.3,7094.0,BORSSELE,8760,0.06719999948823935
Netherlands,Borssele,PWR,CO2,1982,0.025437041,3315.9,7489.0,BORSSELE,8760,0.06719999974667511
Netherlands,Borssele,PWR,CO2,1983,0.02339726,3050.0,6959.0,BORSSELE,8760,0.06719999921311476
Netherlands,Borssele,PWR,CO2,1984,0.023489315,3062.0,6895.0,BORSSELE,8784,0.06738410939255389
Netherlands,Borssele,PWR,CO2,1985,0.025017041,3261.15,7299.0,BORSSELE,8760,0.06719999974242215
Netherlands,Borssele,PWR,CO2,1986,0.027416986,3574.0,8053.0,BORSSELE,8760,0.06719999926133184
Netherlands,Borssele,PWR,CO2,1987,0.022637271,2950.93,6756.0,BORSSELE,8760,0.06719999930869251
Netherlands,Borssele,PWR,CO2,1988,0.023263397,3032.55,6763.0,BORSSELE,8784,0.06738410883513875
Netherlands,Borssele,PWR,CO2,1989,0.026249808,3421.85,7711.0,BORSSELE,8760,0.06719999943890001
Netherlands,Borssele,PWR,CO2,1990,0.022138104,2885.86,6636.0,BORSSELE,8760,0.06719999966734352
Netherlands,Borssele,PWR,CO2,1991,0.020931189,2728.53,6221.0,BORSSELE,8760,0.06719999986806081
Netherlands,Borssele,PWR,CO2,1992,0.021712197,2830.34,6412.0,BORSSELE,8784,0.06738410878127715
Netherlands,Borssele,PWR,CO2,1993,0.025531014,3328.15,7376.0,BORSSELE,8760,0.06720000079323349
Netherlands,Borssele,PWR,CO2,1994,0.025483605,3321.97,7489.0,BORSSELE,8760,0.06719999873568998
Netherlands,Borssele,PWR,CO2,1995,0.025980548,3386.75,7654.0,BORSSELE,8760,0.06720000014172879
Netherlands,Borssele,PWR,CO2,1996,0.027004888,3520.28,7978.0,BORSSELE,8784,0.06738411040939925
Netherlands,Borssele,PWR,CO2,1999,0.027648657,3604.2,8363.0,BORSSELE,8760,0.0671999987015149
Netherlands,Borssele,PWR,CO2,2000,0.028375583,3698.96,8262.0,BORSSELE,8784,0.06738410825529338
Netherlands,Borssele,PWR,CO2,2001,0.028741578,3746.67,8404.0,BORSSELE,8760,0.06719999980782936
Netherlands,Borssele,PWR,CO2,2002,0.028282992,3686.89,8284.0,BORSSELE,8760,0.06720000052076412
Netherlands,Borssele,PWR,CO2,2003,0.029061008,3788.31,8431.0,BORSSELE,8760,0.06719999949317769
Netherlands,Borssele,PWR,CO2,2004,0.027652417,3604.69,8073.0,BORSSELE,8784,0.06738411095766904
Netherlands,Borssele,PWR,CO2,2005,0.028935353,3771.93,8430.0,BORSSELE,8760,0.06719999901376748
Netherlands,Borssele,PWR,CO2,2006,0.025104953,3272.61,7542.0,BORSSELE,8760,0.0671999988632926
Netherlands,Borssele,PWR,CO2,2007,0.030637907,3993.87,8346.0,BORSSELE,8760,0.0672000003305065
Netherlands,Borssele,PWR,CO2,2008,0.030175869,3933.64,8161.0,BORSSELE,8784,0.06738411072085906
Netherlands,Borssele,PWR,CO2,2009,0.030820483,4017.67,8352.0,BORSSELE,8760,0.0672000017622154
Netherlands,Borssele,PWR,CO2,2010,0.028804559,3754.88,7807.0,BORSSELE,8760,0.06720000022370888
Netherlands,Borssele,PWR,CO2,2011,0.03005006,3917.24,8092.0,BORSSELE,8760,0.06719999938732374
Netherlands,Borssele,PWR,CO2,2012,0.028434805,3706.68,7722.0,BORSSELE,8784,0.0673841084528473
Netherlands,Borssele,PWR,CO2,2013,0.020995628,2736.93,5737.0,BORSSELE,8760,0.0672000019291688
Netherlands,Borssele,PWR,CO2,2014,0.029714597,3873.51,8054.0,BORSSELE,8760,0.06719999941138657
Netherlands,Borssele,PWR,CO2,2015,0.029623464,3861.63,8020.0,BORSSELE,8760,0.06720000223739715
Netherlands,Borssele,PWR,CO2,2016,0.028765666,3749.81,7836.0,BORSSELE,8784,0.06738411016664844
Netherlands,Dodewaard,BWR,CO2,1978,0.023753425,408.0,8246.0,DODEWAARD,8760,0.5100000073529412
Netherlands,Dodewaard,BWR,CO2,1979,0.022297945,383.0,7993.0,DODEWAARD,8760,0.5099999953002611
Netherlands,Dodewaard,BWR,CO2,1980,0.022181507,381.0,7853.0,DODEWAARD,8784,0.5113972637480315
Netherlands,Dodewaard,BWR,CO2,1981,0.02340411,402.0,8219.0,DODEWAARD,8760,0.5100000089552239
Netherlands,Dodewaard,BWR,CO2,1982,0.021832192,375.0,7678.0,DODEWAARD,8760,0.51000000512
Netherlands,Dodewaard,BWR,CO2,1983,0.01909589,328.0,6737.0,DODEWAARD,8760,0.5099999890243903
Netherlands,Dodewaard,BWR,CO2,1984,0.025791096,443.0,8159.0,DODEWAARD,8784,0.5113972624469526
Netherlands,Dodewaard,BWR,CO2,1985,0.02479089,425.82,8118.0,DODEWAARD,8760,0.5099999915457235
Netherlands,Dodewaard,BWR,CO2,1986,0.023706267,407.19,7766.0,DODEWAARD,8760,0.5099999973476755
Netherlands,Dodewaard,BWR,CO2,1987,0.023923425,410.92,7672.0,DODEWAARD,8760,0.5100000073006912
Netherlands,Dodewaard,BWR,CO2,1988,0.025119829,431.47,8021.0,DODEWAARD,8784,0.5113972650149489
Netherlands,Dodewaard,BWR,CO2,1989,0.021092226,362.29,6863.0,DODEWAARD,8760,0.5099999993375471
Netherlands,Dodewaard,BWR,CO2,1990,0.023817466,409.1,7657.0,DODEWAARD,8760,0.5100000052798827
Netherlands,Dodewaard,BWR,CO2,1991,0.024048596,413.07,7500.0,DODEWAARD,8760,0.5100000023240613
Netherlands,Dodewaard,BWR,CO2,1992,0.024244795,416.44,7626.0,DODEWAARD,8784,0.5113972703870906
Netherlands,Dodewaard,BWR,CO2,1993,0.025186199,432.61,7966.0,DODEWAARD,8760,0.5100000074894246
Netherlands,Dodewaard,BWR,CO2,1994,0.024257603,416.66,7717.0,DODEWAARD,8760,0.5100000054720875
Netherlands,Dodewaard,BWR,CO2,1995,0.023132226,397.33,7494.0,DODEWAARD,8760,0.5099999993959681
Netherlands,Dodewaard,BWR,CO2,1996,0.023126986,397.24,7523.0,DODEWAARD,8784,0.5113972536099083
Netherlands,Dodewaard,BWR,CO2,1997,0.004111438,70.62,1416.0,DODEWAARD,8760,0.509999955819881
Pakistan,Chasnupp 1-4,PWR,CO2,2000,0.004059233,529.15,1860.0,CHASNUPP-1,8784,0.06738411163564206
Pakistan,Chasnupp 1-4,PWR,CO2,2001,0.012133972,1581.75,5918.0,CHASNUPP-1,8760,0.06719999666192508
Pakistan,Chasnupp 1-4,PWR,CO2,2002,0.010402192,1356.0,4790.0,CHASNUPP-1,8760,0.0672000014159292
Pakistan,Chasnupp 1-4,PWR,CO2,2003,0.013883397,1809.8,6879.0,CHASNUPP-1,8760,0.0671999987401923
Pakistan,Chasnupp 1-4,PWR,CO2,2004,0.013430104,1750.71,5949.0,CHASNUPP-1,8784,0.06738410903918982
Pakistan,Chasnupp 1-4,PWR,CO2,2005,0.016532964,2155.19,7458.0,CHASNUPP-1,8760,0.06719999844097273
Pakistan,Chasnupp 1-4,PWR,CO2,2006,0.019430543,2532.91,8569.0,CHASNUPP-1,8760,0.06720000184767719
Pakistan,Chasnupp 1-4,PWR,CO2,2007,0.01495223,1949.13,6669.0,CHASNUPP-1,8760,0.0671999993843407
Pakistan,Chasnupp 1-4,PWR,CO2,2008,0.010405643,1356.45,4795.0,CHASNUPP-1,8784,0.06738410417781708
Pakistan,Chasnupp 1-4,PWR,CO2,2009,0.016461469,2145.87,7379.0,CHASNUPP-1,8760,0.06720000206909085
Pakistan,Chasnupp 1-4,PWR,CO2,2010,0.016077064,2095.76,7160.0,CHASNUPP-1,8760,0.06720000412260946
Pakistan,Chasnupp 1-4,PWR,CO2,2011,0.027866904,3632.65,12774.0,CHASNUPP-1,8760,0.06719999973573011
Pakistan,Chasnupp 1-4,PWR,CO2,2012,0.036093228,4705.01,16234.0,CHASNUPP-1,8784,0.06738411071432367
Pakistan,Chasnupp 1-4,PWR,CO2,2013,0.029844624,3890.46,13789.0,CHASNUPP-1,8760,0.06719999851945528
Republic of Korea,Hanbit 1-6,PWR,CO2,1986,0.018931989,2467.92,2928.0,HANBIT-1,8760,0.06719999985412817
Republic of Korea,Hanbit 1-6,PWR,CO2,1987,0.07879085,10270.95,11696.0,HANBIT-1,8760,0.06720000058417186
Republic of Korea,Hanbit 1-6,PWR,CO2,1988,0.095740822,12480.5,13929.0,HANBIT-1,8784,0.06738410964688915
Republic of Korea,Hanbit 1-6,PWR,CO2,1989,0.093244066,12155.029999999999,13582.0,HANBIT-1,8760,0.06720000017770421
Republic of Korea,Hanbit 1-6,PWR,CO2,1990,0.098667321,12861.99,14264.0,HANBIT-1,8760,0.06720000030788392
Republic of Korea,Hanbit 1-6,PWR,CO2,1991,0.102875912,13410.61,14816.0,HANBIT-1,8760,0.06719999978524467
Republic of Korea,Hanbit 1-6,PWR,CO2,1992,0.102656208,13381.970000000001,14859.0,HANBIT-1,8784,0.06738410944517137
Republic of Korea,Hanbit 1-6,PWR,CO2,1993,0.104746389,13654.439999999999,15109.0,HANBIT-1,8760,0.06719999997363496
Republic of Korea,Hanbit 1-6,PWR,CO2,1994,0.117852997,15362.98,16438.0,HANBIT-1,8760,0.06719999985159131
Republic of Korea,Hanbit 1-6,PWR,CO2,1995,0.142388592,18561.37,20050.0,HANBIT-1,8760,0.06720000010344064
Republic of Korea,Hanbit 1-6,PWR,CO2,1996,0.21460435,27975.21,29598.0,HANBIT-1,8784,0.06738410937397789
Republic of Korea,Hanbit 1-6,PWR,CO2,1997,0.221627441,28890.72,30762.0,HANBIT-1,8760,0.06719999997092492
Republic of Korea,Hanbit 1-6,PWR,CO2,1998,0.222027957,28942.93,30339.0,HANBIT-1,8760,0.06720000025291151
Republic of Korea,Hanbit 1-6,PWR,CO2,1999,0.21841634,28472.13,30104.0,HANBIT-1,8760,0.06720000008429296
Republic of Korea,Hanbit 1-6,PWR,CO2,2000,0.221494805,28873.43,30458.0,HANBIT-1,8784,0.06738410944318012
Republic of Korea,Hanbit 1-6,PWR,CO2,2001,0.240742312,31382.48,32670.0,HANBIT-1,8760,0.06719999990822906
Republic of Korea,Hanbit 1-6,PWR,CO2,2002,0.283759517,36990.08,38806.0,HANBIT-1,8760,0.06719999980859732
Republic of Korea,Hanbit 1-6,PWR,CO2,2003,0.346962959,45229.1,46731.0,HANBIT-1,8760,0.06720000001857213
Republic of Korea,Hanbit 1-6,PWR,CO2,2004,0.319190104,41608.71,43095.0,HANBIT-1,8784,0.06738410956590578
Republic of Korea,Hanbit 1-6,PWR,CO2,2005,0.359944526,46921.34,49059.0,HANBIT-1,8760,0.06719999999488506
Republic of Korea,Hanbit 1-6,PWR,CO2,2006,0.365308329,47620.55,49232.0,HANBIT-1,8760,0.06720000004283865
Republic of Korea,Hanbit 1-6,PWR,CO2,2007,0.348173557,45386.91,46766.0,HANBIT-1,8760,0.06720000016127999
Republic of Korea,Hanbit 1-6,PWR,CO2,2008,0.364260898,47484.01,48730.0,HANBIT-1,8784,0.06738410947247295
Republic of Korea,Hanbit 1-6,PWR,CO2,2009,0.37267885,48581.35,49666.0,HANBIT-1,8760,0.06720000012350419
Republic of Korea,Hanbit 1-6,PWR,CO2,2010,0.371181962,48386.22,49350.0,HANBIT-1,8760,0.06720000006448117
Republic of Korea,Hanbit 1-6,PWR,CO2,2011,0.369446729,48160.020000000004,49188.0,HANBIT-1,8760,0.06720000004235878
Republic of Korea,Hanbit 1-6,PWR,CO2,2012,0.339527003,44259.77,45399.0,HANBIT-1,8784,0.06738410964069629
Republic of Korea,Hanbit 1-6,PWR,CO2,2013,0.323682992,42194.39,43061.0,HANBIT-1,8760,0.06720000004550368
Republic of Korea,Hanbit 1-6,PWR,CO2,2014,0.33061794,43098.41,43695.0,HANBIT-1,8760,0.0672000000556865
Republic of Korea,Hanbit 1-6,PWR,CO2,2015,0.311089819,40552.78,41302.0,HANBIT-1,8760,0.06719999996153161
Republic of Korea,Hanbit 1-6,PWR,CO2,2016,0.314938247,41054.45,41851.0,HANBIT-1,8784,0.06738410967990073
Republic of Korea,Hanul 1-6,PWR,CO2,1989,0.039931529,5205.36,5821.0,HANUL-1,8760,0.06720000039190374
Republic of Korea,Hanul 1-6,PWR,CO2,1990,0.089856986,11713.5,13551.0,HANUL-1,8760,0.06719999977461903
Republic of Korea,Hanul 1-6,PWR,CO2,1991,0.106748888,13915.48,15573.0,HANUL-1,8760,0.06720000020696376
Republic of Korea,Hanul 1-6,PWR,CO2,1992,0.108146357,14097.650000000001,15361.0,HANUL-1,8784,0.06738411010969912
Republic of Korea,Hanul 1-6,PWR,CO2,1993,0.108991496,14207.82,15344.0,HANUL-1,8760,0.06720000006756842
Republic of Korea,Hanul 1-6,PWR,CO2,1994,0.105619069,13768.2,14608.0,HANUL-1,8760,0.06720000032248223
Republic of Korea,Hanul 1-6,PWR,CO2,1995,0.114792943,14964.08,15921.0,HANUL-1,8760,0.06720000031274893
Republic of Korea,Hanul 1-6,PWR,CO2,1996,0.113611266,14810.04,15782.0,HANUL-1,8784,0.06738410973528769
Republic of Korea,Hanul 1-6,PWR,CO2,1997,0.106293983,13856.18,14857.0,HANUL-1,8760,0.06719999964492378
Republic of Korea,Hanul 1-6,PWR,CO2,1998,0.152305195,19854.07,22075.0,HANUL-1,8760,0.06720000021154353
Republic of Korea,Hanul 1-6,PWR,CO2,1999,0.167959803,21894.760000000002,23536.0,HANUL-1,8760,0.06720000010413449
Republic of Korea,Hanul 1-6,PWR,CO2,2000,0.219390664,28599.14,30029.0,HANUL-1,8784,0.06738410989197578
Republic of Korea,Hanul 1-6,PWR,CO2,2001,0.229718136,29945.4,31236.0,HANUL-1,8760,0.06719999971147488
Republic of Korea,Hanul 1-6,PWR,CO2,2002,0.201682926,26290.809999999998,28263.0,HANUL-1,8760,0.06719999999087134
Republic of Korea,Hanul 1-6,PWR,CO2,2003,0.226688383,29550.45,32159.0,HANUL-1,8760,0.06719999983350507
Republic of Korea,Hanul 1-6,PWR,CO2,2004,0.267727485,34900.19,37507.0,HANUL-1,8784,0.06738410960628008
Republic of Korea,Hanul 1-6,PWR,CO2,2005,0.336112767,43814.700000000004,45347.0,HANUL-1,8760,0.06719999997535073
Republic of Korea,Hanul 1-6,PWR,CO2,2006,0.358247112,46700.07,48186.0,HANUL-1,8760,0.06719999993832985
Republic of Korea,Hanul 1-6,PWR,CO2,2007,0.355990312,46405.88,47798.0,HANUL-1,8760,0.0671999999379389
Republic of Korea,Hanul 1-6,PWR,CO2,2008,0.376740383,49110.8,50357.0,HANUL-1,8784,0.06738410948858499
Republic of Korea,Hanul 1-6,PWR,CO2,2009,0.371626817,48444.21,49768.0,HANUL-1,8760,0.06720000010156013
Republic of Korea,Hanul 1-6,PWR,CO2,2010,0.367814981,47947.31,49188.0,HANUL-1,8760,0.06720000003253572
Republic of Korea,Hanul 1-6,PWR,CO2,2011,0.343803178,44817.2,46001.0,HANUL-1,8760,0.06719999998393474
Republic of Korea,Hanul 1-6,PWR,CO2,2012,0.287663255,37498.96,38326.0,HANUL-1,8784,0.06738410963717394
Republic of Korea,Hanul 1-6,PWR,CO2,2013,0.329184493,42911.55,43711.0,HANUL-1,8760,0.06719999996923906
Republic of Korea,Hanul 1-6,PWR,CO2,2014,0.323642028,42189.05,43026.0,HANUL-1,8760,0.06720000012515097
Republic of Korea,Hanul 1-6,PWR,CO2,2015,0.361325655,47101.38,47966.0,HANUL-1,8760,0.06720000003821544
Republic of Korea,Hanul 1-6,PWR,CO2,2016,0.305274795,39794.75,41587.0,HANUL-1,8784,0.06738410969487181
Republic of Korea,Kori 1-4,PWR,CO2,1978,0.016441753,2143.3,5601.0,KORI-1,8760,0.06719999826435868
Republic of Korea,Kori 1-4,PWR,CO2,1979,0.022647014,2952.2,6558.0,KORI-1,8760,0.06720000089424837
Republic of Korea,Kori 1-4,PWR,CO2,1980,0.024995945,3258.4,6982.0,KORI-1,8784,0.06738410903510925
Republic of Korea,Kori 1-4,PWR,CO2,1981,0.020774466,2708.1,6092.0,KORI-1,8760,0.06720000079760717
Republic of Korea,Kori 1-4,PWR,CO2,1982,0.027303452,3559.2,6904.0,KORI-1,8760,0.06719999986513824
Republic of Korea,Kori 1-4,PWR,CO2,1983,0.023516855,3065.59,6142.0,KORI-1,8760,0.06720000058716266
Republic of Korea,Kori 1-4,PWR,CO2,1984,0.056173983,7322.68,13197.0,KORI-1,8784,0.06738410891531516
Republic of Korea,Kori 1-4,PWR,CO2,1985,0.054548833,7110.83,14109.0,KORI-1,8760,0.067200000151881
Republic of Korea,Kori 1-4,PWR,CO2,1986,0.09847086,12836.380000000001,19488.0,KORI-1,8760,0.06719999981303139
Republic of Korea,Kori 1-4,PWR,CO2,1987,0.15716891,20488.09,29276.0,KORI-1,8760,0.06720000017571184
Republic of Korea,Kori 1-4,PWR,CO2,1988,0.143869524,18754.42,25735.0,KORI-1,8784,0.06738410992267424
Republic of Korea,Kori 1-4,PWR,CO2,1989,0.157781688,20567.97,27612.0,KORI-1,8760,0.06720000014002354
Republic of Korea,Kori 1-4,PWR,CO2,1990,0.160467924,20918.14,28980.0,KORI-1,8760,0.06720000029830568
Republic of Korea,Kori 1-4,PWR,CO2,1991,0.16243805,21174.96,29273.0,KORI-1,8760,0.06720000028335354
Republic of Korea,Kori 1-4,PWR,CO2,1992,0.165360866,21555.97,28843.0,KORI-1,8784,0.06738410968951988
Republic of Korea,Kori 1-4,PWR,CO2,1993,0.168533917,21969.6,29356.0,KORI-1,8760,0.06719999967773652
Republic of Korea,Kori 1-4,PWR,CO2,1994,0.16813555,21917.670000000002,28946.0,KORI-1,8760,0.06719999972624827
Republic of Korea,Kori 1-4,PWR,CO2,1995,0.169087628,22041.78,31761.0,KORI-1,8760,0.06720000023954509
Republic of Korea,Kori 1-4,PWR,CO2,1996,0.176748504,23040.43,30182.0,KORI-1,8784,0.06738410954726105
Republic of Korea,Kori 1-4,PWR,CO2,1997,0.165166936,21530.69,28672.0,KORI-1,8760,0.06719999959871234
Republic of Korea,Kori 1-4,PWR,CO2,1998,0.182710203,23817.58,30324.0,KORI-1,8760,0.0672000000957276
Republic of Korea,Kori 1-4,PWR,CO2,1999,0.177866664,23186.19,29956.0,KORI-1,8760,0.06720000037263561
Republic of Korea,Kori 1-4,PWR,CO2,2000,0.190688898,24857.66,31721.0,KORI-1,8784,0.06738410936636836
Republic of Korea,Kori 1-4,PWR,CO2,2001,0.188939243,24629.58,31604.0,KORI-1,8760,0.0671999997027964
Republic of Korea,Kori 1-4,PWR,CO2,2002,0.194684383,25378.5,32804.0,KORI-1,8760,0.06719999980613511
Republic of Korea,Kori 1-4,PWR,CO2,2003,0.194687222,25378.87,32289.0,KORI-1,8760,0.06720000002837007
Republic of Korea,Kori 1-4,PWR,CO2,2004,0.190478553,24830.24,32032.0,KORI-1,8784,0.06738410943881332
Republic of Korea,Kori 1-4,PWR,CO2,2005,0.193777874,25260.33,31964.0,KORI-1,8760,0.06720000000950105
Republic of Korea,Kori 1-4,PWR,CO2,2006,0.188777995,24608.56,31512.0,KORI-1,8760,0.06720000017067232
Republic of Korea,Kori 1-4,PWR,CO2,2007,0.175429666,22868.510000000002,28094.0,KORI-1,8760,0.06720000009445302
Republic of Korea,Kori 1-4,PWR,CO2,2008,0.195243386,25451.37,32389.0,KORI-1,8784,0.06738410948502968
Republic of Korea,Kori 1-4,PWR,CO2,2009,0.195133304,25437.02,32095.0,KORI-1,8760,0.06719999996225973
Republic of Korea,Kori 1-4,PWR,CO2,2010,0.214522038,26946.420000000002,33415.0,KORI-1,8760,0.06973887636576584
Republic of Korea,Kori 1-4,PWR,CO2,2011,0.260799748,26130.08,32466.0,KORI-1,8760,0.08743202441324327
Republic of Korea,Kori 1-4,PWR,CO2,2012,0.272748997,23063.09,27760.0,KORI-1,8784,0.10388144822085853
Republic of Korea,Kori 1-4,PWR,CO2,2013,0.218235759,22560.18,27015.0,KORI-1,8760,0.08473980477283426
Republic of Korea,Shin Kori 1-3,PWR,CO2,2010,0.007809776,1018.06,2051.0,SHIN-KORI-1,8760,0.06720000565781978
Republic of Korea,Shin Kori 1-3,PWR,CO2,2011,0.060349819,7867.03,8008.0,SHIN-KORI-1,8760,0.06719999980170407
Republic of Korea,Shin Kori 1-3,PWR,CO2,2012,0.095826664,12491.689999999999,13117.0,SHIN-KORI-1,8784,0.06738411028259587
Republic of Korea,Shin Kori 1-3,PWR,CO2,2013,0.045171364,5888.41,5907.0,SHIN-KORI-1,8760,0.06719999942938756
Republic of Korea,Shin Kori 1-3,PWR,CO2,2014,0.120622312,15723.98,16015.0,SHIN-KORI-1,8760,0.06719999981684027
Republic of Korea,Shin Kori 1-3,PWR,CO2,2015,0.114844417,14970.79,15260.0,SHIN-KORI-1,8760,0.06720000032863997
Republic of Korea,Shin Kori 1-3,PWR,CO2,2016,0.139685019,15357.689999999999,15502.0,SHIN-KORI-1,8784,0.07989438560721046
Republic of Korea,Shin-Wolsong 1-2,PWR,CO2,2012,0.038084757,4964.62,6256.0,SHIN-WOLSONG-1,8784,0.06738411106751373
Republic of Korea,Shin-Wolsong 1-2,PWR,CO2,2013,0.025283157,3295.84,3353.0,SHIN-WOLSONG-1,8760,0.0672000022209816
Republic of Korea,Shin-Wolsong 1-2,PWR,CO2,2014,0.06606297,8611.78,8677.0,SHIN-WOLSONG-1,8760,0.067200000139344
Republic of Korea,Shin-Wolsong 1-2,PWR,CO2,2015,0.087351638,11386.91,12175.0,SHIN-WOLSONG-1,8760,0.06719999972600117
Republic of Korea,Shin-Wolsong 1-2,PWR,CO2,2016,0.112132405,14617.26,14850.0,SHIN-WOLSONG-1,8784,0.06738410930092234
Republic of Korea,Wolsong 1-4,PHWR,CO2,1982,0.055762557,305.3,744.0,WOLSONG-1,8760,1.5999999977726824
Republic of Korea,Wolsong 1-4,PHWR,CO2,1983,0.528438356,2893.2,6255.0,WOLSONG-1,8760,1.5999999995022811
Republic of Korea,Wolsong 1-4,PHWR,CO2,1984,0.674553425,3693.18,6202.0,WOLSONG-1,8784,1.6043835624583695
Republic of Korea,Wolsong 1-4,PHWR,CO2,1985,0.958266667,5246.51,8277.0,WOLSONG-1,8760,1.6000000005565602
Republic of Korea,Wolsong 1-4,PHWR,CO2,1986,0.807380822,4420.41,7079.0,WOLSONG-1,8760,1.600000000162881
Republic of Korea,Wolsong 1-4,PHWR,CO2,1987,0.941696804,5155.79,8185.0,WOLSONG-1,8760,1.6000000005896284
Republic of Korea,Wolsong 1-4,PHWR,CO2,1988,0.806456621,4415.35,7033.0,WOLSONG-1,8784,1.6043835616347515
Republic of Korea,Wolsong 1-4,PHWR,CO2,1989,0.922951598,5053.16,8036.0,WOLSONG-1,8760,1.5999999996991983
Republic of Korea,Wolsong 1-4,PHWR,CO2,1990,0.871291324,4770.32,7532.0,WOLSONG-1,8760,1.599999999631052
Republic of Korea,Wolsong 1-4,PHWR,CO2,1991,0.924560731,5061.97,7927.0,WOLSONG-1,8760,1.6000000007032835
Republic of Korea,Wolsong 1-4,PHWR,CO2,1992,0.884628311,4843.34,7510.0,WOLSONG-1,8784,1.604383562546507
Republic of Korea,Wolsong 1-4,PHWR,CO2,1993,1.024894977,5611.3,8671.0,WOLSONG-1,8760,1.5999999997362464
Republic of Korea,Wolsong 1-4,PHWR,CO2,1994,0.837099543,4583.12,7150.0,WOLSONG-1,8760,1.5999999992756027
Republic of Korea,Wolsong 1-4,PHWR,CO2,1995,0.848787215,4647.11,7266.0,WOLSONG-1,8760,1.6000000007316375
Republic of Korea,Wolsong 1-4,PHWR,CO2,1996,0.823411872,4508.18,7029.0,WOLSONG-1,8784,1.6043835613591293
Republic of Korea,Wolsong 1-4,PHWR,CO2,1997,1.641013699,8984.55,14028.0,WOLSONG-1,8760,1.6000000003606192
Republic of Korea,Wolsong 1-4,PHWR,CO2,1998,2.303072146,12609.32,19200.0,WOLSONG-1,8760,1.5999999999175214
Republic of Korea,Wolsong 1-4,PHWR,CO2,1999,2.924310502,16010.6,24057.0,WOLSONG-1,8760,1.5999999998451027
Republic of Korea,Wolsong 1-4,PHWR,CO2,2000,3.873413699,21206.940000000002,31653.0,WOLSONG-1,8784,1.6043835617970341
Republic of Korea,Wolsong 1-4,PHWR,CO2,2001,3.76703379,20624.510000000002,30860.0,WOLSONG-1,8760,1.6000000000193944
Republic of Korea,Wolsong 1-4,PHWR,CO2,2002,3.885585388,21273.579999999998,32314.0,WOLSONG-1,8760,1.5999999999473526
Republic of Korea,Wolsong 1-4,PHWR,CO2,2003,3.952865753,21641.94,32131.0,WOLSONG-1,8760,1.5999999998281116
Republic of Korea,Wolsong 1-4,PHWR,CO2,2004,3.95510137,21654.18,32231.0,WOLSONG-1,8784,1.604383561699404
Republic of Korea,Wolsong 1-4,PHWR,CO2,2005,3.943981735,21593.3,32518.0,WOLSONG-1,8760,1.5999999999351653
Republic of Korea,Wolsong 1-4,PHWR,CO2,2006,4.063835616,22249.5,33674.0,WOLSONG-1,8760,1.599999999827412
Republic of Korea,Wolsong 1-4,PHWR,CO2,2007,4.006889498,21937.72,32299.0,WOLSONG-1,8760,1.600000000113047
Republic of Korea,Wolsong 1-4,PHWR,CO2,2008,4.056315982,22208.329999999998,32868.0,WOLSONG-1,8784,1.6043835617485873
Republic of Korea,Wolsong 1-4,PHWR,CO2,2009,3.408367123,18660.81,26781.0,WOLSONG-1,8760,1.5999999998649574
Republic of Korea,Wolsong 1-4,PHWR,CO2,2010,3.21313242,17591.9,24803.0,WOLSONG-2,8760,1.5999999999545242
Republic of Korea,Wolsong 1-4,PHWR,CO2,2011,3.79710137,20789.13,29854.0,WOLSONG-1,8760,1.6000000000577226
Republic of Korea,Wolsong 1-4,PHWR,CO2,2012,3.885258447,21271.79,30996.0,WOLSONG-1,8784,1.6043835614420787
Republic of Korea,Wolsong 1-4,PHWR,CO2,2013,2.85203105,15614.87,22905.0,WOLSONG-2,8760,1.599999999871917
Republic of Korea,Wolsong 1-4,PHWR,CO2,2014,2.764224658,15134.130000000001,22632.0,WOLSONG-2,8760,1.600000000269589
Republic of Korea,Wolsong 1-4,PHWR,CO2,2015,3.442916895,18849.97,28657.0,WOLSONG-1,8760,1.60000000001061
Republic of Korea,Wolsong 1-4,PHWR,CO2,2016,2.866182648,15692.349999999999,24229.0,WOLSONG-1,8784,1.6043835614189081
Romania,Cernavoda,PHWR,CO2,1996,0.21670137,1186.44,2686.0,CERNAVODA-1,8784,1.6043835626580358
Romania,Cernavoda,PHWR,CO2,1997,0.904710502,4953.29,7753.0,CERNAVODA-1,8760,1.5999999994993226
Romania,Cernavoda,PHWR,CO2,1998,0.896562557,4908.68,7585.0,CERNAVODA-1,8760,1.5999999998614698
Romania,Cernavoda,PHWR,CO2,1999,0.879092237,4813.03,7389.0,CERNAVODA-1,8760,1.5999999991938552
Romania,Cernavoda,PHWR,CO2,2000,0.922986301,5053.35,7791.0,CERNAVODA-1,8784,1.60438356100092
Romania,Cernavoda,PHWR,CO2,2001,0.922348858,5049.86,7717.0,CERNAVODA-1,8760,1.599999999223741
Romania,Cernavoda,PHWR,CO2,2002,0.932642922,5106.22,7854.0,CERNAVODA-1,8760,1.599999999357646
Romania,Cernavoda,PHWR,CO2,2003,0.829483105,4541.42,7024.0,CERNAVODA-1,8760,1.5999999999559609
Romania,Cernavoda,PHWR,CO2,2004,0.939234703,5142.31,7892.0,CERNAVODA-1,8784,1.6043835613084392
Romania,Cernavoda,PHWR,CO2,2005,0.933873973,5112.96,7878.0,CERNAVODA-1,8760,1.6000000006806232
Romania,Cernavoda,PHWR,CO2,2006,0.945746119,5177.96,7987.0,CERNAVODA-1,8760,1.600000000471228
Romania,Cernavoda,PHWR,CO2,2007,1.292885845,7078.55,11256.0,CERNAVODA-1,8760,1.6000000003107981
Romania,Cernavoda,PHWR,CO2,2008,1.887413699,10333.59,16080.0,CERNAVODA-1,8784,1.6043835619582352
Romania,Cernavoda,PHWR,CO2,2009,1.976237443,10819.9,16753.0,CERNAVODA-1,8760,1.6000000000628471
Romania,Cernavoda,PHWR,CO2,2010,1.955205479,10704.75,16533.0,CERNAVODA-1,8760,1.599999999630071
Romania,Cernavoda,PHWR,CO2,2011,1.974608219,10810.98,16746.0,CERNAVODA-1,8760,1.5999999998557024
Romania,Cernavoda,PHWR,CO2,2012,1.929410046,10563.52,16353.0,CERNAVODA-1,8784,1.6043835619248128
Romania,Cernavoda,PHWR,CO2,2013,1.953561644,10695.75,16586.0,CERNAVODA-1,8760,1.6000000001346328
Romania,Cernavoda,PHWR,CO2,2014,1.964142466,10753.68,16712.0,CERNAVODA-1,8760,1.6000000002008612
Romania,Cernavoda,PHWR,CO2,2015,1.95610411,10709.67,16791.0,CERNAVODA-1,8760,1.6000000003361448
Romania,Cernavoda,PHWR,CO2,2016,1.897388128,10388.2,16273.0,CERNAVODA-1,8784,1.6043835617673898
Russian Federation,Balakovo 1-4,PWR,CO2,1985,0.000376811,49.12,96.0,BALAKOVO-1,8760,0.06720000732899024
Russian Federation,Balakovo 1-4,PWR,CO2,1986,0.037343792,4868.03,6082.0,BALAKOVO-1,8760,0.06720000039441006
Russian Federation,Balakovo 1-4,PWR,CO2,1987,0.043665731,5692.14,6903.0,BALAKOVO-1,8760,0.06719999921997702
Russian Federation,Balakovo 1-4,PWR,CO2,1988,0.095932679,12505.51,14303.0,BALAKOVO-1,8784,0.06738410927151312
Russian Federation,Balakovo 1-4,PWR,CO2,1989,0.136539814,17798.94,20559.0,BALAKOVO-1,8760,0.06720000014832345
Russian Federation,Balakovo 1-4,PWR,CO2,1990,0.091551869,11934.439999999999,13748.0,BALAKOVO-1,8760,0.06720000037203254
Russian Federation,Balakovo 1-4,PWR,CO2,1991,0.112485819,14663.330000000002,16749.0,BALAKOVO-1,8760,0.06719999989361215
Russian Federation,Balakovo 1-4,PWR,CO2,1992,0.136976843,17855.91,20469.0,BALAKOVO-1,8784,0.06738410917796965
Russian Federation,Balakovo 1-4,PWR,CO2,1993,0.116274257,15157.18,19044.0,BALAKOVO-1,8760,0.06719999969123544
Russian Federation,Balakovo 1-4,PWR,CO2,1994,0.105147517,13706.73,20320.0,BALAKOVO-1,8760,0.06719999948346542
Russian Federation,Balakovo 1-4,PWR,CO2,1995,0.095947408,12507.43,22342.0,BALAKOVO-1,8760,0.06719999984649125
Russian Federation,Balakovo 1-4,PWR,CO2,1996,0.130109786,16960.739999999998,22254.0,BALAKOVO-1,8784,0.06738410943296108
Russian Federation,Balakovo 1-4,PWR,CO2,1997,0.118454729,15441.42,22008.0,BALAKOVO-1,8760,0.06720000013211219
Russian Federation,Balakovo 1-4,PWR,CO2,1998,0.138194192,18014.6,24727.0,BALAKOVO-1,8760,0.06720000010658023
Russian Federation,Balakovo 1-4,PWR,CO2,1999,0.148287386,19330.32,24099.0,BALAKOVO-1,8760,0.06719999986342698
Russian Federation,Balakovo 1-4,PWR,CO2,2000,0.200419704,26126.14,29894.0,BALAKOVO-1,8784,0.06738410955219562
Russian Federation,Balakovo 1-4,PWR,CO2,2001,0.204941205,26715.55,29737.0,BALAKOVO-1,8760,0.06719999984278818
Russian Federation,Balakovo 1-4,PWR,CO2,2002,0.205293622,26761.489999999998,29110.0,BALAKOVO-1,8760,0.06720000002690434
Russian Federation,Balakovo 1-4,PWR,CO2,2003,0.210528778,27443.93,28939.0,BALAKOVO-1,8760,0.06719999997376469
Russian Federation,Balakovo 1-4,PWR,CO2,2004,0.213931814,27887.54,29562.0,BALAKOVO-1,8784,0.06738410968396638
Russian Federation,Balakovo 1-4,PWR,CO2,2005,0.210531617,27444.3,30085.0,BALAKOVO-1,8760,0.0672000001792722
Russian Federation,Balakovo 1-4,PWR,CO2,2006,0.222938608,29061.64,30811.0,BALAKOVO-1,8760,0.06719999993393352
Russian Federation,Balakovo 1-4,PWR,CO2,2007,0.219511715,28614.920000000002,30895.0,BALAKOVO-1,8760,0.06719999997903191
Russian Federation,Balakovo 1-4,PWR,CO2,2008,0.229954641,29976.23,31505.0,BALAKOVO-1,8784,0.06738410956094212
Russian Federation,Balakovo 1-4,PWR,CO2,2009,0.22953725,29921.82,31560.0,BALAKOVO-1,8760,0.06720000020052257
Russian Federation,Balakovo 1-4,PWR,CO2,2010,0.233025512,30376.54,30707.0,BALAKOVO-1,8760,0.06719999990518999
Russian Federation,Balakovo 1-4,PWR,CO2,2011,0.237516943,30962.03,31350.0,BALAKOVO-1,8760,0.06720000015115289
Russian Federation,Balakovo 1-4,PWR,CO2,2012,0.232152143,30262.69,30715.0,BALAKOVO-1,8784,0.06738410974411066
Russian Federation,Balakovo 1-4,PWR,CO2,2013,0.247129228,32215.06,32563.0,BALAKOVO-1,8760,0.06720000016389849
Russian Federation,Balakovo 1-4,PWR,CO2,2014,0.218335792,28461.63,28749.0,BALAKOVO-1,8760,0.06720000006745924
Russian Federation,Balakovo 1-4,PWR,CO2,2015,0.240052745,31292.59,31498.0,BALAKOVO-1,8760,0.0671999999424784
Russian Federation,Balakovo 1-4,PWR,CO2,2016,0.246371386,32116.27,32060.0,BALAKOVO-1,8784,0.06738410950661455
Russian Federation,Beloyarsk-3,FBR,CO2,1982,0.037958904,2771.0,5555.0,BELOYARSK-3,8760,0.11999999965355468
Russian Federation,Beloyarsk-3,FBR,CO2,1983,0.048564521,3545.21,6737.0,BELOYARSK-3,8760,0.12000000111700011
Russian Federation,Beloyarsk-3,FBR,CO2,1984,0.049097397,3584.11,6848.0,BELOYARSK-3,8784,0.12032876648540362
Russian Federation,Beloyarsk-3,FBR,CO2,1985,0.048792192,3561.83,6544.0,BELOYARSK-3,8760,0.12000000053904875
Russian Federation,Beloyarsk-3,FBR,CO2,1986,0.049325068,3600.73,6818.0,BELOYARSK-3,8760,0.11999999880024328
Russian Federation,Beloyarsk-3,FBR,CO2,1987,0.053356027,3894.99,6714.0,BELOYARSK-3,8760,0.11999999910654457
Russian Federation,Beloyarsk-3,FBR,CO2,1988,0.051536849,3762.19,6810.0,BELOYARSK-3,8784,0.1203287663876625
Russian Federation,Beloyarsk-3,FBR,CO2,1989,0.05060863,3694.43,6800.0,BELOYARSK-3,8760,0.11999999967518671
Russian Federation,Beloyarsk-3,FBR,CO2,1990,0.043808219,3198.0,6627.0,BELOYARSK-3,8760,0.11999999951219513
Russian Federation,Beloyarsk-3,FBR,CO2,1991,0.046493151,3394.0,6631.0,BELOYARSK-3,8760,0.12000000081319977
Russian Federation,Beloyarsk-3,FBR,CO2,1992,0.056095479,4094.97,7449.0,BELOYARSK-3,8784,0.1203287661535982
Russian Federation,Beloyarsk-3,FBR,CO2,1993,0.053629041,3914.92,7065.0,BELOYARSK-3,8760,0.11999999978543623
Russian Federation,Beloyarsk-3,FBR,CO2,1994,0.052200959,3810.67,6977.0,BELOYARSK-3,8760,0.12000000022043367
Russian Federation,Beloyarsk-3,FBR,CO2,1995,0.046757123,3413.27,6953.0,BELOYARSK-3,8760,0.11999999926170504
Russian Federation,Beloyarsk-3,FBR,CO2,1996,0.050990822,3722.33,7010.0,BELOYARSK-3,8784,0.12032876731724484
Russian Federation,Beloyarsk-3,FBR,CO2,1997,0.048572603,3545.8,6596.0,BELOYARSK-3,8760,0.12000000064301426
Russian Federation,Beloyarsk-3,FBR,CO2,1998,0.031990822,2335.33,4385.0,BELOYARSK-3,8760,0.12000000030830761
Russian Federation,Beloyarsk-3,FBR,CO2,1999,0.050972466,3720.99,6972.0,BELOYARSK-3,8760,0.12000000058049068
Russian Federation,Beloyarsk-3,FBR,CO2,2000,0.048846849,3565.82,6820.0,BELOYARSK-3,8784,0.12032876634715155
Russian Federation,Beloyarsk-3,FBR,CO2,2001,0.05330274,3891.1,7214.0,BELOYARSK-3,8760,0.12000000061679217
Russian Federation,Beloyarsk-3,FBR,CO2,2002,0.05170411,3774.4,7069.0,BELOYARSK-3,8760,0.12000000095379397
Russian Federation,Beloyarsk-3,FBR,CO2,2003,0.050592877,3693.28,6836.0,BELOYARSK-3,8760,0.12000000068232032
Russian Federation,Beloyarsk-3,FBR,CO2,2004,0.053803288,3927.64,7185.0,BELOYARSK-3,8784,0.12032876785856138
Russian Federation,Beloyarsk-3,FBR,CO2,2005,0.052092466,3802.75,6977.0,BELOYARSK-3,8760,0.12000000056801
Russian Federation,Beloyarsk-3,FBR,CO2,2006,0.052670411,3844.94,7001.0,BELOYARSK-3,8760,0.12000000009362956
Russian Federation,Beloyarsk-3,FBR,CO2,2007,0.052033151,3798.42,7089.0,BELOYARSK-3,8760,0.1200000007266179
Russian Federation,Beloyarsk-3,FBR,CO2,2008,0.051794932,3781.03,6918.0,BELOYARSK-3,8784,0.12032876826896374
Russian Federation,Beloyarsk-3,FBR,CO2,2009,0.051186301,3736.6,6734.0,BELOYARSK-3,8760,0.11999999913290156
Russian Federation,Beloyarsk-3,FBR,CO2,2010,0.050270548,3669.75,6541.0,BELOYARSK-3,8760,0.1200000001307991
Russian Federation,Beloyarsk-3,FBR,CO2,2011,0.054366164,3968.73,7141.0,BELOYARSK-3,8760,0.11999999915338157
Russian Federation,Beloyarsk-3,FBR,CO2,2012,0.054458904,3975.5,7250.0,BELOYARSK-3,8784,0.12032876688114703
Russian Federation,Beloyarsk-3,FBR,CO2,2013,0.05261726,3841.06,7398.0,BELOYARSK-3,8760,0.11999999937517249
Russian Federation,Beloyarsk-3,FBR,CO2,2014,0.057848082,4222.91,7455.0,BELOYARSK-3,8760,0.11999999960217007
Russian Federation,Beloyarsk-3,FBR,CO2,2015,0.057810411,4220.16,7414.0,BELOYARSK-3,8760,0.12000000008530483
Russian Federation,Beloyarsk-3,FBR,CO2,2016,0.059002329,4307.17,7517.0,BELOYARSK-3,8784,0.12032876759821415
Russian Federation,Beloyarsk-4,FBR,CO2,2015,0.000473288,34.55,23.0,BELOYARSK-4,8760,0.12000008335745298
Russian Federation,Beloyarsk-4,FBR,CO2,2016,0.047355616,3456.96,5453.0,BELOYARSK-4,8784,0.12032876600944183
Russian Federation,Bilibino 1,LWGR,CO2,1974,0.007546233,50.85,6913.0,BILIBINO-1,8760,1.3000000212389382
Russian Federation,Bilibino 1,LWGR,CO2,1975,0.008380251,56.47,7105.0,BILIBINO-1,8760,1.299999978041438
Russian Federation,Bilibino 1,LWGR,CO2,1976,0.008236301,55.5,7830.0,BILIBINO-1,8784,1.3035615852972973
Russian Federation,Bilibino 1,LWGR,CO2,1977,0.006486644,43.71,6846.0,BILIBINO-1,8760,1.3000000329444064
Russian Federation,Bilibino 1,LWGR,CO2,1978,0.00798847,53.83,7466.0,BILIBINO-1,8760,1.2999999479843953
Russian Federation,Bilibino 1,LWGR,CO2,1979,0.00961347,64.78,7574.0,BILIBINO-1,8760,1.299999956776783
Russian Federation,Bilibino 1,LWGR,CO2,1980,0.008815068,59.4,8065.0,BILIBINO-1,8784,1.303561570909091
Russian Federation,Bilibino 1,LWGR,CO2,1981,0.007531393,50.75,7260.0,BILIBINO-1,8760,1.300000052807882
Russian Federation,Bilibino 1,LWGR,CO2,1982,0.010727968,72.29,7627.0,BILIBINO-1,8760,1.2999999955733847
Russian Federation,Bilibino 1,LWGR,CO2,1983,0.010376256,69.92,7810.0,BILIBINO-1,8760,1.3000000366132722
Russian Federation,Bilibino 1,LWGR,CO2,1984,0.011559018,77.89,7854.0,BILIBINO-1,8784,1.3035616139684172
Russian Federation,Bilibino 1,LWGR,CO2,1985,0.011532306,77.71,8025.0,BILIBINO-1,8760,1.30000000720628
Russian Federation,Bilibino 1,LWGR,CO2,1986,0.01086153,73.19,7603.0,BILIBINO-1,8760,1.3000000382565924
Russian Federation,Bilibino 1,LWGR,CO2,1987,0.011386872,76.73,7117.0,BILIBINO-1,8760,1.2999999833181284
Russian Federation,Bilibino 1,LWGR,CO2,1988,0.011809817,79.58,7895.0,BILIBINO-1,8784,1.3035616050263885
Russian Federation,Bilibino 1,LWGR,CO2,1989,0.010517237,70.87,7841.0,BILIBINO-1,8760,1.2999999452518696
Russian Federation,Bilibino 1,LWGR,CO2,1990,0.011373516,76.64,7397.0,BILIBINO-1,8760,1.3000000020876827
Russian Federation,Bilibino 1,LWGR,CO2,1991,0.010630023,71.63,6802.0,BILIBINO-1,8760,1.3000000206617341
Russian Federation,Bilibino 1,LWGR,CO2,1992,0.009951826,67.06,7477.0,BILIBINO-1,8784,1.303561580435431
Russian Federation,Bilibino 1,LWGR,CO2,1993,0.007897945,53.22,7492.0,BILIBINO-1,8760,1.2999999661781285
Russian Federation,Bilibino 1,LWGR,CO2,1994,0.007357763,49.58,7501.0,BILIBINO-1,8760,1.300000078257362
Russian Federation,Bilibino 1,LWGR,CO2,1995,0.003941553,26.56,3624.0,BILIBINO-1,8760,1.3000001611445786
Russian Federation,Bilibino 1,LWGR,CO2,1996,0.004397146,29.63,4572.0,BILIBINO-1,8784,1.3035616086398922
Russian Federation,Bilibino 1,LWGR,CO2,1997,0.00522968,35.24,4877.0,BILIBINO-1,8760,1.2999999091940975
Russian Federation,Bilibino 1,LWGR,CO2,1998,0.008230365,55.46,8414.0,BILIBINO-1,8760,1.2999999531193653
Russian Federation,Bilibino 1,LWGR,CO2,1999,0.004961073,33.43,4779.0,BILIBINO-1,8760,1.2999999844451091
Russian Federation,Bilibino 1,LWGR,CO2,2000,0.008718607,58.75,7616.0,BILIBINO-1,8784,1.303561598093617
Russian Federation,Bilibino 1,LWGR,CO2,2001,0.006808676,45.88,6393.0,BILIBINO-1,8760,1.3000000383609414
Russian Federation,Bilibino 1,LWGR,CO2,2002,0.007357763,49.58,7375.0,BILIBINO-1,8760,1.300000078257362
Russian Federation,Bilibino 1,LWGR,CO2,2003,0.003825799,25.78,4805.0,BILIBINO-1,8760,1.2999999705197827
Russian Federation,Bilibino 1,LWGR,CO2,2004,0.005133219,34.59,7434.0,BILIBINO-1,8784,1.3035615986123155
Russian Federation,Bilibino 1,LWGR,CO2,2005,0.003882192,26.16,6904.0,BILIBINO-1,8760,1.3000000733944954
Russian Federation,Bilibino 1,LWGR,CO2,2006,0.003542352,23.87,7162.0,BILIBINO-1,8760,1.3000001474654377
Russian Federation,Bilibino 1,LWGR,CO2,2007,0.004219064,28.43,7154.0,BILIBINO-1,8760,1.3000000225114317
Russian Federation,Bilibino 1,LWGR,CO2,2008,0.004373402,29.47,6261.0,BILIBINO-1,8784,1.3035616955548017
Russian Federation,Bilibino 1,LWGR,CO2,2010,0.001242123,8.37,1481.0,BILIBINO-1,8760,1.2999996989247313
Russian Federation,Bilibino 1,LWGR,CO2,2011,0.00566153,38.15,6363.0,BILIBINO-1,8760,1.3000000733944954
Russian Federation,Bilibino 1,LWGR,CO2,2012,0.005985046,40.33,6559.0,BILIBINO-1,8784,1.3035617174311929
Russian Federation,Bilibino 1,LWGR,CO2,2013,0.005594749,37.7,6326.0,BILIBINO-1,8760,1.3000000328912467
Russian Federation,Bilibino 1,LWGR,CO2,2014,0.006599429,44.47,7007.0,BILIBINO-1,8760,1.299999955925343
Russian Federation,Bilibino 1,LWGR,CO2,2015,0.005909361,39.82,6991.0,BILIBINO-1,8760,1.3000000592667003
Russian Federation,Bilibino 1,LWGR,CO2,2016,0.007108447,47.9,7417.0,BILIBINO-1,8784,1.303561554237996
Russian Federation,Bilibino 2,LWGR,CO2,1975,0.0094621,63.76,7365.0,BILIBINO-2,8760,1.2999999372647428
Russian Federation,Bilibino 2,LWGR,CO2,1976,0.009809361,66.1,7901.0,BILIBINO-2,8784,1.303561679636914
Russian Federation,Bilibino 2,LWGR,CO2,1977,0.00846484,57.04,7865.0,BILIBINO-2,8760,1.299999971949509
Russian Federation,Bilibino 2,LWGR,CO2,1978,0.008994635,60.61,7929.0,BILIBINO-2,8760,1.3000000428972118
Russian Federation,Bilibino 2,LWGR,CO2,1979,0.010365868,69.85,8170.0,BILIBINO-2,8760,1.3000000526843236
Russian Federation,Bilibino 2,LWGR,CO2,1980,0.0065371,44.05,5666.0,BILIBINO-2,8784,1.3035615527809308
Russian Federation,Bilibino 2,LWGR,CO2,1981,0.0061379,41.36,6520.0,BILIBINO-2,8760,1.3000000967117988
Russian Federation,Bilibino 2,LWGR,CO2,1982,0.009485845,63.92,7028.0,BILIBINO-2,8760,1.3000000344180225
Russian Federation,Bilibino 2,LWGR,CO2,1983,0.010946119,73.76,7880.0,BILIBINO-2,8760,1.3000000330802604
Russian Federation,Bilibino 2,LWGR,CO2,1984,0.011520434,77.63,7891.0,BILIBINO-2,8784,1.3035616676027308
Russian Federation,Bilibino 2,LWGR,CO2,1985,0.011575342,78.0,7940.0,BILIBINO-2,8760,1.2999999476923079
Russian Federation,Bilibino 2,LWGR,CO2,1986,0.011328995,76.34,7679.0,BILIBINO-2,8760,1.299999950222688
Russian Federation,Bilibino 2,LWGR,CO2,1987,0.013121689,88.42,7794.0,BILIBINO-2,8760,1.2999999506898892
Russian Federation,Bilibino 2,LWGR,CO2,1988,0.011140525,75.07,7927.0,BILIBINO-2,8784,1.3035616304782205
Russian Federation,Bilibino 2,LWGR,CO2,1989,0.011101941,74.81,7943.0,BILIBINO-2,8760,1.3000000422403422
Russian Federation,Bilibino 2,LWGR,CO2,1990,0.010776941,72.62,7274.0,BILIBINO-2,8760,1.3000000435141834
Russian Federation,Bilibino 2,LWGR,CO2,1991,0.008582078,57.83,4821.0,BILIBINO-2,8760,1.3000000567179666
Russian Federation,Bilibino 2,LWGR,CO2,1992,0.010126941,68.24,7857.0,BILIBINO-2,8784,1.3035616902696368
Russian Federation,Bilibino 2,LWGR,CO2,1993,0.007783676,52.45,7072.0,BILIBINO-2,8760,1.300000033555767
Russian Federation,Bilibino 2,LWGR,CO2,1994,0.007098059,47.83,6763.0,BILIBINO-2,8760,1.2999999339326784
Russian Federation,Bilibino 2,LWGR,CO2,1995,0.006744863,45.45,8677.0,BILIBINO-2,8760,1.299999997359736
Russian Federation,Bilibino 2,LWGR,CO2,1996,0.002497603,16.83,2894.0,BILIBINO-2,8784,1.3035617796791445
Russian Federation,Bilibino 2,LWGR,CO2,1997,0.006546005,44.11,8050.0,BILIBINO-2,8760,1.3000000861482657
Russian Federation,Bilibino 2,LWGR,CO2,1998,0.002694977,18.16,3727.0,BILIBINO-2,8760,1.2999999185022026
Russian Federation,Bilibino 2,LWGR,CO2,1999,0.008037443,54.16,7355.0,BILIBINO-2,8760,1.3000000125553914
Russian Federation,Bilibino 2,LWGR,CO2,2000,0.007191553,48.46,6656.0,BILIBINO-2,8784,1.303561732397854
Russian Federation,Bilibino 2,LWGR,CO2,2001,0.008415868,56.71,7439.0,BILIBINO-2,8760,1.3000000648915535
Russian Federation,Bilibino 2,LWGR,CO2,2002,0.004455023,30.02,5744.0,BILIBINO-2,8760,1.3000000493004662
Russian Federation,Bilibino 2,LWGR,CO2,2003,0.004934361,33.25,7162.0,BILIBINO-2,8760,1.3000000709774435
Russian Federation,Bilibino 2,LWGR,CO2,2004,0.002659361,17.92,5851.0,BILIBINO-2,8784,1.3035617758928568
Russian Federation,Bilibino 2,LWGR,CO2,2005,0.003759018,25.33,7351.0,BILIBINO-2,8760,1.2999999084090013
Russian Federation,Bilibino 2,LWGR,CO2,2006,0.003018493,20.34,7248.0,BILIBINO-2,8760,1.299999935103245
Russian Federation,Bilibino 2,LWGR,CO2,2007,0.00391484,26.38,7478.0,BILIBINO-2,8760,1.2999999393479909
Russian Federation,Bilibino 2,LWGR,CO2,2008,0.004492123,30.27,6490.0,BILIBINO-2,8784,1.303561560356789
Russian Federation,Bilibino 2,LWGR,CO2,2009,0.006298174,42.44,7388.0,BILIBINO-2,8760,1.3000000999057493
Russian Federation,Bilibino 2,LWGR,CO2,2010,0.00713516,48.08,7627.0,BILIBINO-2,8760,1.30000003327787
Russian Federation,Bilibino 2,LWGR,CO2,2011,0.003221804,21.71,4977.0,BILIBINO-2,8760,1.3000001400276369
Russian Federation,Bilibino 2,LWGR,CO2,2012,0.00419532,28.27,5461.0,BILIBINO-2,8784,1.3035617573399363
Russian Federation,Bilibino 2,LWGR,CO2,2013,0.006399087,43.12,6904.0,BILIBINO-2,8760,1.3000000491651207
Russian Federation,Bilibino 2,LWGR,CO2,2014,0.006078539,40.96,6457.0,BILIBINO-2,8760,1.3000000400390623
Russian Federation,Bilibino 2,LWGR,CO2,2015,0.005903425,39.78,6331.0,BILIBINO-2,8760,1.3000000754147814
Russian Federation,Bilibino 2,LWGR,CO2,2016,0.005311301,35.79,6506.0,BILIBINO-2,8784,1.303561553059514
Russian Federation,Bilibino 3,LWGR,CO2,1975,7.42e-05,0.5,240.0,BILIBINO-3,8760,1.299984
Russian Federation,Bilibino 3,LWGR,CO2,1976,0.007598174,51.2,6655.0,BILIBINO-3,8784,1.303561726875
Russian Federation,Bilibino 3,LWGR,CO2,1977,0.006900685,46.5,7533.0,BILIBINO-3,8760,1.3000000129032259
Russian Federation,Bilibino 3,LWGR,CO2,1978,0.009180137,61.86,7514.0,BILIBINO-3,8760,1.3000000019398643
Russian Federation,Bilibino 3,LWGR,CO2,1979,0.009218721,62.12,7837.0,BILIBINO-3,8760,1.2999999349645845
Russian Federation,Bilibino 3,LWGR,CO2,1980,0.011787557,79.43,8130.0,BILIBINO-3,8784,1.3035616352511643
Russian Federation,Bilibino 3,LWGR,CO2,1981,0.013323516,89.78,8480.0,BILIBINO-3,8760,1.300000001782134
Russian Federation,Bilibino 3,LWGR,CO2,1982,0.011774201,79.34,8323.0,BILIBINO-3,8760,1.300000009579027
Russian Federation,Bilibino 3,LWGR,CO2,1983,0.010805137,72.81,7782.0,BILIBINO-3,8760,1.3000000016481252
Russian Federation,Bilibino 3,LWGR,CO2,1984,0.011349772,76.48,7876.0,BILIBINO-3,8784,1.303561679497908
Russian Federation,Bilibino 3,LWGR,CO2,1985,0.0103629,69.83,7119.0,BILIBINO-3,8760,1.3000000572819705
Russian Federation,Bilibino 3,LWGR,CO2,1986,0.011443265,77.11,8001.0,BILIBINO-3,8760,1.3000000181558813
Russian Federation,Bilibino 3,LWGR,CO2,1987,0.013221119,89.09,7801.0,BILIBINO-3,8760,1.3000000273880346
Russian Federation,Bilibino 3,LWGR,CO2,1988,0.011383904,76.71,7815.0,BILIBINO-3,8784,1.3035616312866642
Russian Federation,Bilibino 3,LWGR,CO2,1989,0.01102032,74.26,7756.0,BILIBINO-3,8760,1.3000000430918395
Russian Federation,Bilibino 3,LWGR,CO2,1990,0.010943151,73.74,8024.0,BILIBINO-3,8760,1.3000000374288039
Russian Federation,Bilibino 3,LWGR,CO2,1991,0.009822717,66.19,6749.0,BILIBINO-3,8760,1.3000000138993806
Russian Federation,Bilibino 3,LWGR,CO2,1992,0.010524658,70.92,7727.0,BILIBINO-3,8784,1.3035617015228427
Russian Federation,Bilibino 3,LWGR,CO2,1993,0.007804452,52.59,7218.0,BILIBINO-3,8760,1.2999999908727893
Russian Federation,Bilibino 3,LWGR,CO2,1994,0.006635046,44.71,6342.0,BILIBINO-3,8760,1.3000000662044284
Russian Federation,Bilibino 3,LWGR,CO2,1995,0.002567352,17.3,3293.0,BILIBINO-3,8760,1.300000203468208
Russian Federation,Bilibino 3,LWGR,CO2,1996,0.007808904,52.62,7142.0,BILIBINO-3,8784,1.3035616255416194
Russian Federation,Bilibino 3,LWGR,CO2,1997,0.003833219,25.83,3769.0,BILIBINO-3,8760,1.2999999396051105
Russian Federation,Bilibino 3,LWGR,CO2,1998,0.003436986,23.16,4200.0,BILIBINO-3,8760,1.2999998860103625
Russian Federation,Bilibino 3,LWGR,CO2,1999,0.00763379,51.44,6607.0,BILIBINO-3,8760,1.3000000077760496
Russian Federation,Bilibino 3,LWGR,CO2,2000,0.006712215,45.23,7569.0,BILIBINO-3,8784,1.3035617192129119
Russian Federation,Bilibino 3,LWGR,CO2,2001,0.008004795,53.94,7383.0,BILIBINO-3,8760,1.3000000778642937
Russian Federation,Bilibino 3,LWGR,CO2,2002,0.004560388,30.73,6250.0,BILIBINO-3,8760,1.2999999635535309
Russian Federation,Bilibino 3,LWGR,CO2,2003,0.005256393,35.42,7097.0,BILIBINO-3,8760,1.3000000756634669
Russian Federation,Bilibino 3,LWGR,CO2,2004,0.004613813,31.09,7166.0,BILIBINO-3,8784,1.3035617044708907
Russian Federation,Bilibino 3,LWGR,CO2,2005,0.003022945,20.37,6102.0,BILIBINO-3,8760,1.299999911634757
Russian Federation,Bilibino 3,LWGR,CO2,2006,0.003895548,26.25,6542.0,BILIBINO-3,8760,1.300000018285714
Russian Federation,Bilibino 3,LWGR,CO2,2007,0.00407363,27.45,7257.0,BILIBINO-3,8760,1.299999956284153
Russian Federation,Bilibino 3,LWGR,CO2,2008,0.004938813,33.28,7335.0,BILIBINO-3,8784,1.3035617004807691
Russian Federation,Bilibino 3,LWGR,CO2,2009,0.006614269,44.57,7972.0,BILIBINO-3,8760,1.2999999201256451
Russian Federation,Bilibino 3,LWGR,CO2,2010,0.004999658,33.69,6035.0,BILIBINO-3,8760,1.3000001211041854
Russian Federation,Bilibino 3,LWGR,CO2,2011,0.003293037,22.19,4885.0,BILIBINO-3,8760,1.3000001856692203
Russian Federation,Bilibino 3,LWGR,CO2,2012,0.005139155,34.63,7253.0,BILIBINO-3,8784,1.3035615801328329
Russian Federation,Bilibino 3,LWGR,CO2,2013,0.00650742,43.85,7436.0,BILIBINO-3,8760,1.2999999817559862
Russian Federation,Bilibino 3,LWGR,CO2,2014,0.006692922,45.1,6615.0,BILIBINO-3,8760,1.2999999272727272
Russian Federation,Bilibino 3,LWGR,CO2,2015,0.00766347,51.64,7337.0,BILIBINO-3,8760,1.2999999457784663
Russian Federation,Bilibino 3,LWGR,CO2,2016,0.00730137,49.2,7410.0,BILIBINO-3,8784,1.303561668292683
Russian Federation,Bilibino 4,LWGR,CO2,1976,8.9e-05,0.6,120.0,BILIBINO-4,8784,1.30296
Russian Federation,Bilibino 4,LWGR,CO2,1977,0.007813356,52.65,7392.0,BILIBINO-4,8760,1.2999999726495728
Russian Federation,Bilibino 4,LWGR,CO2,1978,0.008651826,58.3,7827.0,BILIBINO-4,8760,1.2999999272727272
Russian Federation,Bilibino 4,LWGR,CO2,1979,0.01105,74.46,7552.0,BILIBINO-4,8760,1.3
Russian Federation,Bilibino 4,LWGR,CO2,1980,0.01151895,77.62,8347.0,BILIBINO-4,8784,1.3035616696727645
Russian Federation,Bilibino 4,LWGR,CO2,1981,0.011613927,78.26,7734.0,BILIBINO-4,8760,1.300000006644518
Russian Federation,Bilibino 4,LWGR,CO2,1982,0.011517466,77.61,7976.0,BILIBINO-4,8760,1.3000000278314652
Russian Federation,Bilibino 4,LWGR,CO2,1983,0.01120879,75.53,7923.0,BILIBINO-4,8760,1.3000000052959089
Russian Federation,Bilibino 4,LWGR,CO2,1984,0.011725228,79.01,7744.0,BILIBINO-4,8784,1.3035616093152766
Russian Federation,Bilibino 4,LWGR,CO2,1985,0.01205468,81.23,7919.0,BILIBINO-4,8760,1.2999999606056873
Russian Federation,Bilibino 4,LWGR,CO2,1986,0.011061872,74.54,7083.0,BILIBINO-4,8760,1.2999999828280118
Russian Federation,Bilibino 4,LWGR,CO2,1987,0.014179795,95.55,8154.0,BILIBINO-4,8760,1.300000043956044
Russian Federation,Bilibino 4,LWGR,CO2,1988,0.011256279,75.85,7617.0,BILIBINO-4,8784,1.3035616972445616
Russian Federation,Bilibino 4,LWGR,CO2,1989,0.010591438,71.37,7853.0,BILIBINO-4,8760,1.2999999562841529
Russian Federation,Bilibino 4,LWGR,CO2,1990,0.011173174,75.29,7588.0,BILIBINO-4,8760,1.3000000563155796
Russian Federation,Bilibino 4,LWGR,CO2,1991,0.0091,61.32,6139.0,BILIBINO-4,8760,1.3
Russian Federation,Bilibino 4,LWGR,CO2,1992,0.010364384,69.84,7756.0,BILIBINO-4,8784,1.3035616989690721
Russian Federation,Bilibino 4,LWGR,CO2,1993,0.008310502,56.0,6918.0,BILIBINO-4,8760,1.2999999557142858
Russian Federation,Bilibino 4,LWGR,CO2,1994,0.005707534,38.46,5266.0,BILIBINO-4,8760,1.2999999438377536
Russian Federation,Bilibino 4,LWGR,CO2,1995,0.004434247,29.88,5083.0,BILIBINO-4,8760,1.300000124497992
Russian Federation,Bilibino 4,LWGR,CO2,1996,0.005220776,35.18,5109.0,BILIBINO-4,8784,1.3035615799886298
Russian Federation,Bilibino 4,LWGR,CO2,1997,0.00224532,15.13,2490.0,BILIBINO-4,8760,1.3000002115003304
Russian Federation,Bilibino 4,LWGR,CO2,1998,0.005533904,37.29,5510.0,BILIBINO-4,8760,1.2999999742558328
Russian Federation,Bilibino 4,LWGR,CO2,1999,0.004257648,28.69,3993.0,BILIBINO-4,8760,1.299999877309167
Russian Federation,Bilibino 4,LWGR,CO2,2000,0.008288242,55.85,7740.0,BILIBINO-4,8784,1.3035616423992837
Russian Federation,Bilibino 4,LWGR,CO2,2001,0.005259361,35.44,5931.0,BILIBINO-4,8760,1.3000000665914222
Russian Federation,Bilibino 4,LWGR,CO2,2002,0.004915068,33.12,6419.0,BILIBINO-4,8760,1.2999998695652175
Russian Federation,Bilibino 4,LWGR,CO2,2003,0.003638813,24.52,5849.0,BILIBINO-4,8760,1.3000000766721045
Russian Federation,Bilibino 4,LWGR,CO2,2004,0.003873288,26.1,7303.0,BILIBINO-4,8784,1.3035617544827585
Russian Federation,Bilibino 4,LWGR,CO2,2005,0.003702626,24.95,7300.0,BILIBINO-4,8760,1.300000150701403
Russian Federation,Bilibino 4,LWGR,CO2,2006,0.003742694,25.22,6626.0,BILIBINO-4,8760,1.2999999777954006
Russian Federation,Bilibino 4,LWGR,CO2,2007,0.002904224,19.57,5983.0,BILIBINO-4,8760,1.3000001144609095
Russian Federation,Bilibino 4,LWGR,CO2,2008,0.004385274,29.55,7023.0,BILIBINO-4,8784,1.3035616519796953
Russian Federation,Bilibino 4,LWGR,CO2,2009,0.006253653,42.14,7663.0,BILIBINO-4,8760,1.3000000066445183
Russian Federation,Bilibino 4,LWGR,CO2,2010,0.0055621,37.48,7272.0,BILIBINO-4,8760,1.2999998932764143
Russian Federation,Bilibino 4,LWGR,CO2,2011,0.004866096,32.79,5944.0,BILIBINO-4,8760,1.300000029277219
Russian Federation,Bilibino 4,LWGR,CO2,2012,0.003635845,24.5,5886.0,BILIBINO-4,8784,1.3035617338775511
Russian Federation,Bilibino 4,LWGR,CO2,2013,0.006749315,45.48,7472.0,BILIBINO-4,8760,1.299999986807388
Russian Federation,Bilibino 4,LWGR,CO2,2014,0.00681016,45.89,7187.0,BILIBINO-4,8760,1.300000034865984
Russian Federation,Bilibino 4,LWGR,CO2,2015,0.00602363,40.59,6307.0,BILIBINO-4,8760,1.299999970436068
Russian Federation,Bilibino 4,LWGR,CO2,2016,0.006459932,43.53,7163.0,BILIBINO-4,8784,1.3035617433494142
Russian Federation,Kalinin 1-4,PWR,CO2,1984,0.009849557,1283.96,2821.0,KALININ-1,8784,0.06738411530577276
Russian Federation,Kalinin 1-4,PWR,CO2,1985,0.034425731,4487.64,5824.0,KALININ-1,8760,0.06719999901061582
Russian Federation,Kalinin 1-4,PWR,CO2,1986,0.040640121,5297.73,5946.0,KALININ-1,8760,0.06720000074748997
Russian Federation,Kalinin 1-4,PWR,CO2,1987,0.102307321,13336.49,14577.0,KALININ-1,8760,0.06720000029692971
Russian Federation,Kalinin 1-4,PWR,CO2,1988,0.089914828,11721.04,12633.0,KALININ-1,8784,0.06738411004074724
Russian Federation,Kalinin 1-4,PWR,CO2,1989,0.097502904,12710.2,13430.0,KALININ-1,8760,0.06719999992447011
Russian Federation,Kalinin 1-4,PWR,CO2,1990,0.091904976,11980.470000000001,12518.0,KALININ-1,8760,0.06720000048078247
Russian Federation,Kalinin 1-4,PWR,CO2,1991,0.086012855,11212.39,12315.0,KALININ-1,8760,0.06720000016053669
Russian Federation,Kalinin 1-4,PWR,CO2,1992,0.094184789,12277.66,13533.0,KALININ-1,8784,0.06738410955963922
Russian Federation,Kalinin 1-4,PWR,CO2,1993,0.082768843,10789.51,13211.0,KALININ-1,8760,0.06719999932156326
Russian Federation,Kalinin 1-4,PWR,CO2,1994,0.068284329,8901.35,12429.0,KALININ-1,8760,0.06720000022917871
Russian Federation,Kalinin 1-4,PWR,CO2,1995,0.080308603,10468.8,13548.0,KALININ-1,8760,0.06720000021779002
Russian Federation,Kalinin 1-4,PWR,CO2,1996,0.069246992,9026.84,13129.0,KALININ-1,8784,0.06738410980232284
Russian Federation,Kalinin 1-4,PWR,CO2,1997,0.069637304,9077.72,12312.0,KALININ-1,8760,0.06719999989424658
Russian Federation,Kalinin 1-4,PWR,CO2,1998,0.084748866,11047.619999999999,13776.0,KALININ-1,8760,0.06720000019551724
Russian Federation,Kalinin 1-4,PWR,CO2,1999,0.093238926,12154.36,13744.0,KALININ-1,8760,0.067199999980254
Russian Federation,Kalinin 1-4,PWR,CO2,2000,0.097489557,12708.46,14225.0,KALININ-1,8784,0.06738411016661343
Russian Federation,Kalinin 1-4,PWR,CO2,2001,0.102307628,13336.529999999999,14090.0,KALININ-1,8760,0.0672000003959051
Russian Federation,Kalinin 1-4,PWR,CO2,2002,0.109328953,14251.810000000001,15122.0,KALININ-1,8760,0.06719999973898051
Russian Federation,Kalinin 1-4,PWR,CO2,2003,0.111121336,14485.46,14949.0,KALININ-1,8760,0.06719999940353982
Russian Federation,Kalinin 1-4,PWR,CO2,2004,0.110008548,14340.4,15213.0,KALININ-1,8784,0.06738410962260467
Russian Federation,Kalinin 1-4,PWR,CO2,2005,0.132699288,17298.3,19381.0,KALININ-1,8760,0.06720000016649036
Russian Federation,Kalinin 1-4,PWR,CO2,2006,0.154235507,20105.7,21204.0,KALININ-1,8760,0.06720000006565302
Russian Federation,Kalinin 1-4,PWR,CO2,2007,0.165445479,21567.0,22535.0,KALININ-1,8760,0.06719999981638615
Russian Federation,Kalinin 1-4,PWR,CO2,2008,0.168690948,21990.07,22702.0,KALININ-1,8784,0.06738410961092893
Russian Federation,Kalinin 1-4,PWR,CO2,2009,0.161444011,21045.38,22470.0,KALININ-1,8760,0.0672000000171059
Russian Federation,Kalinin 1-4,PWR,CO2,2010,0.163641589,21331.85,22018.0,KALININ-1,8760,0.06719999998312383
Russian Federation,Kalinin 1-4,PWR,CO2,2011,0.171122422,22307.03,23262.0,KALININ-1,8760,0.06720000003227682
Russian Federation,Kalinin 1-4,PWR,CO2,2012,0.205165129,26744.739999999998,29246.0,KALININ-1,8784,0.06738410966552676
Russian Federation,Kalinin 1-4,PWR,CO2,2013,0.218229238,28447.739999999998,28827.0,KALININ-1,8760,0.06719999989032521
Russian Federation,Kalinin 1-4,PWR,CO2,2014,0.205369567,26771.39,27628.0,KALININ-1,8760,0.06719999995965843
Russian Federation,Kalinin 1-4,PWR,CO2,2015,0.242960526,31671.64,32278.0,KALININ-1,8760,0.06719999999242224
Russian Federation,Kalinin 1-4,PWR,CO2,2016,0.197002324,25680.66,26407.0,KALININ-1,8784,0.06738410983269122
Russian Federation,Kola 1-4,PWR,CO2,1973,0.007043726,918.2,4180.0,KOLA-1,8760,0.06719999973861904
Russian Federation,Kola 1-4,PWR,CO2,1974,0.01552274,2023.5,8944.0,KOLA-1,8760,0.06720000118606374
Russian Federation,Kola 1-4,PWR,CO2,1975,0.018401983,2398.83,11875.0,KOLA-1,8760,0.06719999794900014
Russian Federation,Kola 1-4,PWR,CO2,1976,0.033483857,4364.860000000001,15330.0,KOLA-1,8784,0.06738410851390422
Russian Federation,Kola 1-4,PWR,CO2,1977,0.036271814,4728.29,14500.0,KOLA-1,8760,0.06720000055834138
Russian Federation,Kola 1-4,PWR,CO2,1978,0.045730136,5961.25,15650.0,KOLA-1,8760,0.06719999855063954
Russian Federation,Kola 1-4,PWR,CO2,1979,0.04213954,5493.1900000000005,13895.0,KOLA-1,8760,0.06720000043690459
Russian Federation,Kola 1-4,PWR,CO2,1980,0.051652098,6733.219999999999,16038.0,KOLA-1,8784,0.06738410876697926
Russian Federation,Kola 1-4,PWR,CO2,1981,0.053139167,6927.07,20630.0,KOLA-1,8760,0.06719999984408992
Russian Federation,Kola 1-4,PWR,CO2,1982,0.055249753,7202.200000000001,21869.0,KOLA-1,8760,0.06719999948349115
Russian Federation,Kola 1-4,PWR,CO2,1983,0.06712229,8749.869999999999,22665.0,KOLA-1,8760,0.06719999958856532
Russian Federation,Kola 1-4,PWR,CO2,1984,0.070778783,9226.52,25354.0,KOLA-1,8784,0.06738410905433467
Russian Federation,Kola 1-4,PWR,CO2,1985,0.08440389,11002.65,29438.0,KOLA-1,8760,0.0671999996728061
Russian Federation,Kola 1-4,PWR,CO2,1986,0.084133633,10967.42,29953.0,KOLA-1,8760,0.06720000009847348
Russian Federation,Kola 1-4,PWR,CO2,1987,0.098134936,12792.59,30757.0,KOLA-1,8760,0.06719999932460902
Russian Federation,Kola 1-4,PWR,CO2,1988,0.090947683,11855.68,30608.0,KOLA-1,8784,0.06738411018785932
Russian Federation,Kola 1-4,PWR,CO2,1989,0.089607211,11680.94,29430.0,KOLA-1,8760,0.06720000003081944
Russian Federation,Kola 1-4,PWR,CO2,1990,0.088477852,11533.72,28753.0,KOLA-1,8760,0.0671999999583829
Russian Federation,Kola 1-4,PWR,CO2,1991,0.085923024,11200.68,28565.0,KOLA-1,8760,0.06719999948574551
Russian Federation,Kola 1-4,PWR,CO2,1992,0.076526071,9975.72,27171.0,KOLA-1,8784,0.06738410938398433
Russian Federation,Kola 1-4,PWR,CO2,1993,0.072926115,9506.439999999999,27120.0,KOLA-1,8760,0.0671999999368849
Russian Federation,Kola 1-4,PWR,CO2,1994,0.051980274,6776.0,19113.0,KOLA-1,8760,0.06720000003541912
Russian Federation,Kola 1-4,PWR,CO2,1995,0.065988559,8602.08,26349.0,KOLA-1,8760,0.0672000000976508
Russian Federation,Kola 1-4,PWR,CO2,1996,0.063066433,8221.16,25429.0,KOLA-1,8784,0.06738410972076933
Russian Federation,Kola 1-4,PWR,CO2,1997,0.062706422,8174.23,25859.0,KOLA-1,8760,0.0672000000880817
Russian Federation,Kola 1-4,PWR,CO2,1998,0.060458904,7881.25,26728.0,KOLA-1,8760,0.06719999987819192
Russian Federation,Kola 1-4,PWR,CO2,1999,0.061439902,8009.13,26011.0,KOLA-1,8760,0.06720000068921343
Russian Federation,Kola 1-4,PWR,CO2,2000,0.062532822,8151.6,27096.0,KOLA-1,8784,0.06738410967760931
Russian Federation,Kola 1-4,PWR,CO2,2001,0.068703255,8955.96,27878.0,KOLA-1,8760,0.06720000020098349
Russian Federation,Kola 1-4,PWR,CO2,2002,0.068460307,8924.29,26414.0,KOLA-1,8760,0.06720000014791092
Russian Federation,Kola 1-4,PWR,CO2,2003,0.070971331,9251.619999999999,25901.0,KOLA-1,8760,0.06719999952008406
Russian Federation,Kola 1-4,PWR,CO2,2004,0.072385676,9435.99,28608.0,KOLA-1,8784,0.06738410892593145
Russian Federation,Kola 1-4,PWR,CO2,2005,0.071587869,9331.99,29831.0,KOLA-1,8760,0.06720000047578277
Russian Federation,Kola 1-4,PWR,CO2,2006,0.075534795,9846.5,29911.0,KOLA-1,8760,0.0672000004265475
Russian Federation,Kola 1-4,PWR,CO2,2007,0.073385238,9566.29,29360.0,KOLA-1,8760,0.06719999967385475
Russian Federation,Kola 1-4,PWR,CO2,2008,0.076180483,9930.67,30358.0,KOLA-1,8784,0.06738411030393719
Russian Federation,Kola 1-4,PWR,CO2,2009,0.070425293,9180.44,29083.0,KOLA-1,8760,0.06719999985621604
Russian Federation,Kola 1-4,PWR,CO2,2010,0.076214543,9935.11,28872.0,KOLA-1,8760,0.06720000047105669
Russian Federation,Kola 1-4,PWR,CO2,2011,0.075284943,9813.93,28830.0,KOLA-1,8760,0.06720000047687318
Russian Federation,Kola 1-4,PWR,CO2,2012,0.070772264,9225.67,28956.0,KOLA-1,8784,0.06738411052812424
Russian Federation,Kola 1-4,PWR,CO2,2013,0.073878652,9630.61,28524.0,KOLA-1,8760,0.06719999995015892
Russian Federation,Kola 1-4,PWR,CO2,2014,0.073896757,9632.97,29312.0,KOLA-1,8760,0.06720000075989024
Russian Federation,Kola 1-4,PWR,CO2,2015,0.066468317,8664.619999999999,27057.0,KOLA-1,8760,0.06719999918288397
Russian Federation,Kola 1-4,PWR,CO2,2016,0.070275014,9160.85,25797.0,KOLA-1,8784,0.06738410987801349
Russian Federation,Kursk 1,LWGR,CO2,1976,0.000357648,2.41,312.0,KURSK-1,8784,1.303560179253112
Russian Federation,Kursk 1,LWGR,CO2,1977,0.540905365,3644.87,6899.0,KURSK-1,8760,1.2999999992866687
Russian Federation,Kursk 1,LWGR,CO2,1978,0.750632763,5058.11,7573.0,KURSK-1,8760,1.300000000767085
Russian Federation,Kursk 1,LWGR,CO2,1979,0.880059932,5930.25,7528.0,KURSK-1,8760,1.3000000007284684
Russian Federation,Kursk 1,LWGR,CO2,1980,0.961298059,6477.67,7669.0,KURSK-1,8784,1.3035616433464503
Russian Federation,Kursk 1,LWGR,CO2,1981,0.910112785,6132.76,7885.0,KURSK-1,8760,1.2999999994456004
Russian Federation,Kursk 1,LWGR,CO2,1982,1.040359132,7010.42,7788.0,KURSK-1,8760,1.2999999994750673
Russian Federation,Kursk 1,LWGR,CO2,1983,0.997300342,6720.27,7456.0,KURSK-1,8760,1.2999999993928815
Russian Federation,Kursk 1,LWGR,CO2,1984,0.988351712,6659.97,7369.0,KURSK-1,8784,1.3035616434019974
Russian Federation,Kursk 1,LWGR,CO2,1985,0.941873744,6346.78,7186.0,KURSK-1,8760,1.299999999596646
Russian Federation,Kursk 1,LWGR,CO2,1986,0.842297603,5675.79,6598.0,KURSK-1,8760,1.3000000004017063
Russian Federation,Kursk 1,LWGR,CO2,1987,1.042178539,7022.68,7407.0,KURSK-1,8760,1.300000000233529
Russian Federation,Kursk 1,LWGR,CO2,1988,0.985088356,6637.98,7350.0,KURSK-1,8784,1.3035616436180888
Russian Federation,Kursk 1,LWGR,CO2,1989,0.852632306,5745.43,6582.0,KURSK-1,8760,1.3000000000974687
Russian Federation,Kursk 1,LWGR,CO2,1990,0.755440982,5090.51,6817.0,KURSK-1,8760,1.30000000045575
Russian Federation,Kursk 1,LWGR,CO2,1991,0.617808676,4163.08,7038.0,KURSK-1,8760,1.300000000422764
Russian Federation,Kursk 1,LWGR,CO2,1992,0.544521918,3669.24,6103.0,KURSK-1,8784,1.3035616442947315
Russian Federation,Kursk 1,LWGR,CO2,1993,0.713725228,4809.41,8145.0,KURSK-1,8760,1.2999999994344422
Russian Federation,Kursk 1,LWGR,CO2,1994,0.231594406,1560.59,2686.0,KURSK-1,8760,1.2999999977957055
Russian Federation,Kursk 1,LWGR,CO2,1997,0.004119635,27.76,61.0,KURSK-1,8760,1.3000000936599423
Russian Federation,Kursk 1,LWGR,CO2,1998,0.669088927,4508.63,7845.0,KURSK-1,8760,1.3000000001153342
Russian Federation,Kursk 1,LWGR,CO2,1999,0.676273059,4557.04,7464.0,KURSK-1,8760,1.2999999993065674
Russian Federation,Kursk 1,LWGR,CO2,2000,0.511940297,3449.69,5531.0,KURSK-1,8784,1.303561644335578
Russian Federation,Kursk 1,LWGR,CO2,2001,0.192339155,1296.07,2042.0,KURSK-1,8760,1.299999998302561
Russian Federation,Kursk 1,LWGR,CO2,2002,0.365469178,2462.7,3439.0,KURSK-1,8760,1.2999999997076381
Russian Federation,Kursk 1,LWGR,CO2,2003,0.95759395,6452.71,7262.0,KURSK-1,8760,1.3000000003099472
Russian Federation,Kursk 1,LWGR,CO2,2004,0.979649429,6601.33,7363.0,KURSK-1,8784,1.303561643537893
Russian Federation,Kursk 1,LWGR,CO2,2005,0.923053425,6219.96,7651.0,KURSK-1,8760,1.3000000004823182
Russian Federation,Kursk 1,LWGR,CO2,2006,0.866323858,5837.69,7089.0,KURSK-1,8760,1.2999999993285016
Russian Federation,Kursk 1,LWGR,CO2,2007,0.999661416,6736.18,7670.0,KURSK-1,8760,1.3000000006175605
Russian Federation,Kursk 1,LWGR,CO2,2008,0.959355479,6464.58,7596.0,KURSK-1,8784,1.3035616432213692
Russian Federation,Kursk 1,LWGR,CO2,2009,1.06273516,7161.2,8068.0,KURSK-1,8760,1.3000000002234262
Russian Federation,Kursk 1,LWGR,CO2,2010,0.837094635,5640.73,5991.0,KURSK-1,8760,1.3000000004609333
Russian Federation,Kursk 1,LWGR,CO2,2011,1.135986301,7654.8,8620.0,KURSK-1,8760,1.2999999995767362
Russian Federation,Kursk 1,LWGR,CO2,2012,0.888735502,5988.71,6392.0,KURSK-1,8784,1.3035616434203694
Russian Federation,Kursk 1,LWGR,CO2,2013,1.003129566,6759.55,7217.0,KURSK-1,8760,1.2999999997277922
Russian Federation,Kursk 1,LWGR,CO2,2014,0.931596918,6277.53,6846.0,KURSK-1,8760,1.3000000002676213
Russian Federation,Kursk 1,LWGR,CO2,2015,1.016439726,6849.24,7482.0,KURSK-1,8760,1.2999999999649596
Russian Federation,Kursk 1,LWGR,CO2,2016,0.785617009,5293.85,6143.0,KURSK-1,8784,1.3035616436158939
Russian Federation,Kursk 2,LWGR,CO2,1979,0.536309361,3613.9,6734.0,KURSK-2,8760,1.3000000006530341
Russian Federation,Kursk 2,LWGR,CO2,1980,0.950412785,6404.32,7658.0,KURSK-2,8784,1.3035616433032704
Russian Federation,Kursk 2,LWGR,CO2,1981,0.947676256,6385.88,7874.0,KURSK-2,8760,1.3000000004008845
Russian Federation,Kursk 2,LWGR,CO2,1982,0.871977968,5875.79,6443.0,KURSK-2,8760,1.2999999999455394
Russian Federation,Kursk 2,LWGR,CO2,1983,0.847024201,5707.64,7104.0,KURSK-2,8760,1.3000000001331549
Russian Federation,Kursk 2,LWGR,CO2,1984,0.938864155,6326.5,7219.0,KURSK-2,8784,1.3035616434869202
Russian Federation,Kursk 2,LWGR,CO2,1985,0.958666895,6459.94,7598.0,KURSK-2,8760,1.3000000000309602
Russian Federation,Kursk 2,LWGR,CO2,1986,0.833619064,5617.31,6575.0,KURSK-2,8760,1.3000000001139334
Russian Federation,Kursk 2,LWGR,CO2,1987,1.068001941,7196.69,7539.0,KURSK-2,8760,1.3000000004390908
Russian Federation,Kursk 2,LWGR,CO2,1988,0.849698402,5725.66,6609.0,KURSK-2,8784,1.3035616441018154
Russian Federation,Kursk 2,LWGR,CO2,1989,0.914778539,6164.2,6797.0,KURSK-2,8760,1.3000000002660523
Russian Federation,Kursk 2,LWGR,CO2,1990,0.710800228,4789.7,6874.0,KURSK-2,8760,1.2999999994321148
Russian Federation,Kursk 2,LWGR,CO2,1991,0.649400457,4375.96,7361.0,KURSK-2,8760,1.3000000007586907
Russian Federation,Kursk 2,LWGR,CO2,1992,0.32030605,2158.37,3552.0,KURSK-2,8784,1.3035616429064527
Russian Federation,Kursk 2,LWGR,CO2,1993,0.658629566,4438.15,7432.0,KURSK-2,8760,1.2999999995854128
Russian Federation,Kursk 2,LWGR,CO2,1994,0.625093721,4212.17,7385.0,KURSK-2,8760,1.2999999990408746
Russian Federation,Kursk 2,LWGR,CO2,1995,0.704220091,4745.36,7708.0,KURSK-2,8760,1.299999999401521
Russian Federation,Kursk 2,LWGR,CO2,1996,0.622711872,4196.12,7099.0,KURSK-2,8784,1.303561643529737
Russian Federation,Kursk 2,LWGR,CO2,1997,0.646183105,4354.28,7076.0,KURSK-2,8760,1.2999999999540681
Russian Federation,Kursk 2,LWGR,CO2,1998,0.250064498,1685.05,2805.0,KURSK-2,8760,1.3000000014717665
Russian Federation,Kursk 2,LWGR,CO2,1999,0.550287329,3708.09,6066.0,KURSK-2,8760,1.3000000005501484
Russian Federation,Kursk 2,LWGR,CO2,2000,0.544346804,3668.06,6211.0,KURSK-2,8784,1.303561644666663
Russian Federation,Kursk 2,LWGR,CO2,2001,0.707602169,4768.15,7667.0,KURSK-2,8760,1.300000000092279
Russian Federation,Kursk 2,LWGR,CO2,2002,0.449326598,3027.77,4770.0,KURSK-2,8760,1.2999999994979805
Russian Federation,Kursk 2,LWGR,CO2,2003,0.557432877,3756.24,5834.0,KURSK-2,8760,1.3000000006708836
Russian Federation,Kursk 2,LWGR,CO2,2004,0.547909932,3692.07,4318.0,KURSK-2,8784,1.3035616450088976
Russian Federation,Kursk 2,LWGR,CO2,2005,1.023471005,6896.62,7782.0,KURSK-2,8760,1.3000000005509944
Russian Federation,Kursk 2,LWGR,CO2,2006,0.975655936,6574.42,7320.0,KURSK-2,8760,1.299999999902653
Russian Federation,Kursk 2,LWGR,CO2,2007,0.850142123,5728.65,6207.0,KURSK-2,8760,1.299999999560106
Russian Federation,Kursk 2,LWGR,CO2,2008,1.014436301,6835.74,7351.0,KURSK-2,8784,1.3035616433603383
Russian Federation,Kursk 2,LWGR,CO2,2009,0.953949201,6428.15,6778.0,KURSK-2,8760,1.3000000001182301
Russian Federation,Kursk 2,LWGR,CO2,2010,1.105396233,7448.67,8076.0,KURSK-2,8760,1.3000000001449923
Russian Federation,Kursk 2,LWGR,CO2,2011,0.94512226,6368.67,6539.0,KURSK-2,8760,1.2999999996231553
Russian Federation,Kursk 2,LWGR,CO2,2012,1.098467352,7401.98,7802.0,KURSK-2,8784,1.3035616443124676
Russian Federation,Kursk 2,LWGR,CO2,2013,0.235121918,1584.36,1606.0,KURSK-2,8760,1.3000000010603652
Russian Federation,Kursk 2,LWGR,CO2,2014,0.934897374,6299.77,7011.0,KURSK-2,8760,1.2999999994031526
Russian Federation,Kursk 2,LWGR,CO2,2015,0.972952055,6556.2,7160.0,KURSK-2,8760,1.3000000002745493
Russian Federation,Kursk 2,LWGR,CO2,2016,0.842653767,5678.19,6425.0,KURSK-2,8784,1.303561643644894
Russian Federation,Kursk 3,LWGR,CO2,1983,0.116338128,783.94,1731.0,KURSK-3,8760,1.300000001632778
Russian Federation,Kursk 3,LWGR,CO2,1984,0.813129224,5479.24,6830.0,KURSK-3,8784,1.3035616442455524
Russian Federation,Kursk 3,LWGR,CO2,1985,0.929106735,6260.75,7250.0,KURSK-3,8760,1.2999999997763845
Russian Federation,Kursk 3,LWGR,CO2,1986,0.713937443,4810.84,6269.0,KURSK-3,8760,1.3000000001413474
Russian Federation,Kursk 3,LWGR,CO2,1987,0.810118151,5458.95,6185.0,KURSK-3,8760,1.3000000005055916
Russian Federation,Kursk 3,LWGR,CO2,1988,0.993348402,6693.64,7471.0,KURSK-3,8784,1.3035616440633198
Russian Federation,Kursk 3,LWGR,CO2,1989,0.875644977,5900.5,7200.0,KURSK-3,8760,1.2999999997491738
Russian Federation,Kursk 3,LWGR,CO2,1990,1.022402511,6889.42,8096.0,KURSK-3,8760,1.2999999994716536
Russian Federation,Kursk 3,LWGR,CO2,1991,0.76263105,5138.96,5704.0,KURSK-3,8760,1.299999999610816
Russian Federation,Kursk 3,LWGR,CO2,1992,0.983978311,6630.5,8126.0,KURSK-3,8784,1.3035616444949851
Russian Federation,Kursk 3,LWGR,CO2,1993,0.825455479,5562.3,6438.0,KURSK-3,8760,1.2999999992880644
Russian Federation,Kursk 3,LWGR,CO2,1994,0.753563699,5077.86,6495.0,KURSK-3,8760,1.300000000638064
Russian Federation,Kursk 3,LWGR,CO2,1995,0.789220205,5318.13,5974.0,KURSK-3,8760,1.2999999992102487
Russian Federation,Kursk 3,LWGR,CO2,1996,1.000119977,6739.27,7383.0,KURSK-3,8784,1.3035616436154063
Russian Federation,Kursk 3,LWGR,CO2,1997,0.971842009,6548.72,7325.0,KURSK-3,8760,1.299999999822866
Russian Federation,Kursk 3,LWGR,CO2,1998,0.672010959,4528.32,5405.0,KURSK-3,8760,1.3000000001854994
Russian Federation,Kursk 3,LWGR,CO2,1999,0.891427511,6006.85,6749.0,KURSK-3,8760,1.299999999394025
Russian Federation,Kursk 3,LWGR,CO2,2000,0.947149429,6382.33,7415.0,KURSK-3,8784,1.3035616435276771
Russian Federation,Kursk 3,LWGR,CO2,2001,0.524630137,3535.2,3948.0,KURSK-3,8760,1.3000000000339447
Russian Federation,Kursk 3,LWGR,CO2,2002,0.994258105,6699.77,7788.0,KURSK-3,8760,1.2999999999701481
Russian Federation,Kursk 3,LWGR,CO2,2003,0.756936872,5100.59,5469.0,KURSK-3,8760,1.2999999997490488
Russian Federation,Kursk 3,LWGR,CO2,2004,1.023111872,6894.2,7660.0,KURSK-3,8784,1.3035616436494448
Russian Federation,Kursk 3,LWGR,CO2,2005,0.740094749,4987.1,5598.0,KURSK-3,8760,1.3000000002486414
Russian Federation,Kursk 3,LWGR,CO2,2006,0.995957306,6711.22,7353.0,KURSK-3,8760,1.3000000000834424
Russian Federation,Kursk 3,LWGR,CO2,2007,0.855578082,5765.28,6535.0,KURSK-3,8760,1.2999999997086005
Russian Federation,Kursk 3,LWGR,CO2,2008,0.314224543,2117.39,2374.0,KURSK-3,8784,1.3035616422633527
Russian Federation,Kursk 3,LWGR,CO2,2009,1.1309629,7620.95,8216.0,KURSK-3,8760,1.300000000524869
Russian Federation,Kursk 3,LWGR,CO2,2010,0.897624772,6048.61,6352.0,KURSK-3,8760,1.3000000004496903
Russian Federation,Kursk 3,LWGR,CO2,2011,1.124047374,7574.35,8228.0,KURSK-3,8760,1.2999999995035878
Russian Federation,Kursk 3,LWGR,CO2,2012,0.921162785,6207.22,6900.0,KURSK-3,8784,1.3035616432863666
Russian Federation,Kursk 3,LWGR,CO2,2013,1.077999772,7264.06,8022.0,KURSK-3,8760,1.3000000003744463
Russian Federation,Kursk 3,LWGR,CO2,2014,1.034356279,6969.97,7506.0,KURSK-3,8760,1.3000000005796295
Russian Federation,Kursk 3,LWGR,CO2,2015,1.089021575,7338.33,8075.0,KURSK-3,8760,1.2999999995911877
Russian Federation,Kursk 3,LWGR,CO2,2016,1.038973059,7001.08,7556.0,KURSK-3,8784,1.3035616433830208
Russian Federation,Kursk 4,LWGR,CO2,1985,0.02581895,173.98,528.0,KURSK-4,8760,1.3000000114955743
Russian Federation,Kursk 4,LWGR,CO2,1986,0.939166895,6328.54,7574.0,KURSK-4,8760,1.3000000000316028
Russian Federation,Kursk 4,LWGR,CO2,1987,0.915294977,6167.68,6704.0,KURSK-4,8760,1.2999999997600393
Russian Federation,Kursk 4,LWGR,CO2,1988,0.987321804,6653.03,7390.0,KURSK-4,8784,1.3035616442938032
Russian Federation,Kursk 4,LWGR,CO2,1989,0.909971804,6131.81,6954.0,KURSK-4,8760,1.3000000004957752
Russian Federation,Kursk 4,LWGR,CO2,1990,0.897834018,6050.02,6922.0,KURSK-4,8760,1.2999999996165301
Russian Federation,Kursk 4,LWGR,CO2,1991,1.091654224,7356.07,8469.0,KURSK-4,8760,1.3000000003045105
Russian Federation,Kursk 4,LWGR,CO2,1992,0.907828881,6117.37,7324.0,KURSK-4,8784,1.3035616434356596
Russian Federation,Kursk 4,LWGR,CO2,1993,0.836729566,5638.27,6439.0,KURSK-4,8760,1.2999999996736589
Russian Federation,Kursk 4,LWGR,CO2,1994,0.796834703,5369.44,6255.0,KURSK-4,8760,1.2999999996796687
Russian Federation,Kursk 4,LWGR,CO2,1995,0.92120137,6207.48,7001.0,KURSK-4,8760,1.3000000001933152
Russian Federation,Kursk 4,LWGR,CO2,1996,0.977996233,6590.19,7373.0,KURSK-4,8784,1.3035616439999453
Russian Federation,Kursk 4,LWGR,CO2,1997,0.886208219,5971.68,6664.0,KURSK-4,8760,1.299999999738767
Russian Federation,Kursk 4,LWGR,CO2,1998,0.985600342,6641.43,7751.0,KURSK-4,8760,1.2999999993856743
Russian Federation,Kursk 4,LWGR,CO2,1999,0.87488516,5895.38,6595.0,KURSK-4,8760,1.300000000271399
Russian Federation,Kursk 4,LWGR,CO2,2000,1.005981849,6778.77,7423.0,KURSK-4,8784,1.3035616434273476
Russian Federation,Kursk 4,LWGR,CO2,2001,0.990082078,6671.63,7281.0,KURSK-4,8760,1.3000000004916341
Russian Federation,Kursk 4,LWGR,CO2,2002,0.820807534,5530.98,6094.0,KURSK-4,8760,1.2999999996094724
Russian Federation,Kursk 4,LWGR,CO2,2003,0.925046461,6233.39,6802.0,KURSK-4,8760,1.2999999997369007
Russian Federation,Kursk 4,LWGR,CO2,2004,0.804772717,5422.93,6005.0,KURSK-4,8784,1.303561644005731
Russian Federation,Kursk 4,LWGR,CO2,2005,1.05085411,7081.14,7858.0,KURSK-4,8760,1.3000000005083927
Russian Federation,Kursk 4,LWGR,CO2,2006,0.539654338,3636.44,4115.0,KURSK-4,8760,1.3000000002419947
Russian Federation,Kursk 4,LWGR,CO2,2007,1.102106164,7426.5,8298.0,KURSK-4,8760,1.2999999995475662
Russian Federation,Kursk 4,LWGR,CO2,2008,0.898187215,6052.4,6580.0,KURSK-4,8784,1.3035616443989162
Russian Federation,Kursk 4,LWGR,CO2,2009,0.620954795,4184.28,4786.0,KURSK-4,8760,1.300000001003757
Russian Federation,Kursk 4,LWGR,CO2,2010,1.121484475,7557.08,8109.0,KURSK-4,8760,1.3000000001323262
Russian Federation,Kursk 4,LWGR,CO2,2011,0.816312443,5500.69,5729.0,KURSK-4,8760,1.3000000001236212
Russian Federation,Kursk 4,LWGR,CO2,2012,1.108622489,7470.41,8144.0,KURSK-4,8784,1.303561644324207
Russian Federation,Kursk 4,LWGR,CO2,2013,0.922152626,6213.89,6807.0,KURSK-4,8760,1.300000000605096
Russian Federation,Kursk 4,LWGR,CO2,2014,1.115655251,7517.8,8201.0,KURSK-4,8760,1.299999999835058
Russian Federation,Kursk 4,LWGR,CO2,2015,1.001020776,6745.34,7348.0,KURSK-4,8760,1.299999999667919
Russian Federation,Kursk 4,LWGR,CO2,2016,1.10122911,7420.59,8055.0,KURSK-4,8784,1.303561644322082
Russian Federation,Leningrad 1,LWGR,CO2,1973,0.004823059,32.5,241.0,LENINGRAD-1,8760,1.2999999027692308
Russian Federation,Leningrad 1,LWGR,CO2,1974,0.53546347,3608.2,6573.0,LENINGRAD-1,8760,1.29999999922399
Russian Federation,Leningrad 1,LWGR,CO2,1975,0.593439612,3998.87,6661.0,LENINGRAD-1,8760,1.3000000002800791
Russian Federation,Leningrad 1,LWGR,CO2,1976,0.608183333,4098.22,6137.0,LENINGRAD-1,8784,1.3035616431211599
Russian Federation,Leningrad 1,LWGR,CO2,1977,0.881776941,5941.82,8192.0,LENINGRAD-1,8760,1.3000000005318237
Russian Federation,Leningrad 1,LWGR,CO2,1978,0.803404452,5413.71,6735.0,LENINGRAD-1,8760,1.2999999999113363
Russian Federation,Leningrad 1,LWGR,CO2,1979,0.938190411,6321.96,7973.0,LENINGRAD-1,8760,1.3000000000569445
Russian Federation,Leningrad 1,LWGR,CO2,1980,0.822462215,5542.13,6574.0,LENINGRAD-1,8784,1.3035616444507798
Russian Federation,Leningrad 1,LWGR,CO2,1981,0.95195468,6414.71,8018.0,LENINGRAD-1,8760,1.2999999995011466
Russian Federation,Leningrad 1,LWGR,CO2,1982,0.847319521,5709.63,6665.0,LENINGRAD-1,8760,1.300000000693565
Russian Federation,Leningrad 1,LWGR,CO2,1983,1.063267922,7164.79,7803.0,LENINGRAD-1,8760,1.2999999995422058
Russian Federation,Leningrad 1,LWGR,CO2,1984,0.986885502,6650.09,7321.0,LENINGRAD-1,8784,1.3035616434616675
Russian Federation,Leningrad 1,LWGR,CO2,1985,1.040008904,7008.06,8059.0,LENINGRAD-1,8760,1.2999999998630147
Russian Federation,Leningrad 1,LWGR,CO2,1986,0.879148744,5924.11,6677.0,LENINGRAD-1,8760,1.2999999995678675
Russian Federation,Leningrad 1,LWGR,CO2,1987,1.203989954,8113.04,8255.0,LENINGRAD-1,8760,1.2999999996351554
Russian Federation,Leningrad 1,LWGR,CO2,1988,0.982461644,6620.28,7519.0,LENINGRAD-1,8784,1.3035616440537259
Russian Federation,Leningrad 1,LWGR,CO2,1989,0.679229224,4576.96,4993.0,LENINGRAD-1,8760,1.3000000004894077
Russian Federation,Leningrad 1,LWGR,CO2,1991,0.583806849,3933.96,6385.0,LENINGRAD-1,8760,1.2999999992984168
Russian Federation,Leningrad 1,LWGR,CO2,1992,1.067248059,7191.61,7995.0,LENINGRAD-1,8784,1.3035616433950117
Russian Federation,Leningrad 1,LWGR,CO2,1993,0.967636301,6520.38,7354.0,LENINGRAD-1,8760,1.2999999995030964
Russian Federation,Leningrad 1,LWGR,CO2,1994,0.820832763,5531.15,6956.0,LENINGRAD-1,8760,1.3000000007014816
Russian Federation,Leningrad 1,LWGR,CO2,1996,0.571759589,3852.78,4454.0,LENINGRAD-1,8784,1.3035616437419215
Russian Federation,Leningrad 1,LWGR,CO2,1997,1.019875228,6872.39,7785.0,LENINGRAD-1,8760,1.2999999996042135
Russian Federation,Leningrad 1,LWGR,CO2,1998,0.835540868,5630.26,6220.0,LENINGRAD-1,8760,1.3000000006536112
Russian Federation,Leningrad 1,LWGR,CO2,1999,0.985070548,6637.86,7431.0,LENINGRAD-1,8760,1.3000000000723126
Russian Federation,Leningrad 1,LWGR,CO2,2000,0.937578995,6317.84,7069.0,LENINGRAD-1,8784,1.3035616432324972
Russian Federation,Leningrad 1,LWGR,CO2,2001,1.053326484,7097.8,7923.0,LENINGRAD-1,8760,1.2999999999774579
Russian Federation,Leningrad 1,LWGR,CO2,2002,0.864379795,5824.59,7104.0,LENINGRAD-1,8760,1.3000000007210808
Russian Federation,Leningrad 1,LWGR,CO2,2003,1.105046005,7446.31,8495.0,LENINGRAD-1,8760,1.3000000005103196
Russian Federation,Leningrad 1,LWGR,CO2,2004,0.197147374,1328.47,1715.0,LENINGRAD-1,8784,1.3035616409975384
Russian Federation,Leningrad 1,LWGR,CO2,2005,1.060391895,7145.41,8255.0,LENINGRAD-1,8760,1.3000000000279899
Russian Federation,Leningrad 1,LWGR,CO2,2006,1.009444064,6802.1,7651.0,LENINGRAD-1,8760,1.3000000000940886
Russian Federation,Leningrad 1,LWGR,CO2,2007,1.118703425,7538.34,8306.0,LENINGRAD-1,8760,1.3000000003979657
Russian Federation,Leningrad 1,LWGR,CO2,2008,0.867965183,5848.75,6421.0,LENINGRAD-1,8784,1.3035616443636675
Russian Federation,Leningrad 1,LWGR,CO2,2009,1.130229795,7616.01,8385.0,LENINGRAD-1,8760,1.3000000005514698
Russian Federation,Leningrad 1,LWGR,CO2,2010,0.941643721,6345.23,6912.0,LENINGRAD-1,8760,1.2999999993633014
Russian Federation,Leningrad 1,LWGR,CO2,2011,0.707297945,4766.1,5269.0,LENINGRAD-1,8760,1.2999999996223326
Russian Federation,Leningrad 1,LWGR,CO2,2012,0.326347489,2199.08,3025.0,LENINGRAD-1,8784,1.3035616454953889
Russian Federation,Leningrad 1,LWGR,CO2,2013,0.077143721,519.83,876.0,LENINGRAD-1,8760,1.2999999922282284
Russian Federation,Leningrad 1,LWGR,CO2,2014,0.893481393,6020.69,7159.0,LENINGRAD-1,8760,1.3000000004451318
Russian Federation,Leningrad 1,LWGR,CO2,2015,0.80093653,5397.08,6116.0,LENINGRAD-1,8760,1.300000000518799
Russian Federation,Leningrad 1,LWGR,CO2,2016,0.98150742,6613.85,7223.0,LENINGRAD-1,8784,1.3035616437143267
Russian Federation,Leningrad 2,LWGR,CO2,1975,0.243371575,1639.95,2744.0,LENINGRAD-2,8760,1.2999999981706758
Russian Federation,Leningrad 2,LWGR,CO2,1976,0.815065868,5492.29,7654.0,LENINGRAD-2,8784,1.3035616445074822
Russian Federation,Leningrad 2,LWGR,CO2,1977,0.803401484,5413.69,7337.0,LENINGRAD-2,8760,1.2999999999704455
Russian Federation,Leningrad 2,LWGR,CO2,1978,0.936534247,6310.8,8008.0,LENINGRAD-2,8760,1.3000000005894656
Russian Federation,Leningrad 2,LWGR,CO2,1979,0.836046918,5633.67,6954.0,LENINGRAD-2,8760,1.300000000298207
Russian Federation,Leningrad 2,LWGR,CO2,1980,0.942624658,6351.84,7960.0,LENINGRAD-2,8784,1.3035616444797098
Russian Federation,Leningrad 2,LWGR,CO2,1981,0.768304452,5177.19,6057.0,LENINGRAD-2,8760,1.2999999999072855
Russian Federation,Leningrad 2,LWGR,CO2,1982,1.078403425,7266.78,8125.0,LENINGRAD-2,8760,1.3000000004128378
Russian Federation,Leningrad 2,LWGR,CO2,1983,1.007764155,6790.78,7479.0,LENINGRAD-2,8760,1.2999999996760314
Russian Federation,Leningrad 2,LWGR,CO2,1984,1.060464612,7145.9,7881.0,LENINGRAD-2,8784,1.303561643992779
Russian Federation,Leningrad 2,LWGR,CO2,1985,0.884856279,5962.57,6604.0,LENINGRAD-2,8760,1.30000000067756
Russian Federation,Leningrad 2,LWGR,CO2,1986,1.06142032,7152.34,7914.0,LENINGRAD-2,8760,1.300000000447406
Russian Federation,Leningrad 2,LWGR,CO2,1987,1.072678082,7228.2,7513.0,LENINGRAD-2,8760,1.2999999997675769
Russian Federation,Leningrad 2,LWGR,CO2,1988,1.011346575,6814.92,7417.0,LENINGRAD-2,8784,1.3035616433941997
Russian Federation,Leningrad 2,LWGR,CO2,1989,0.906956279,6111.49,7102.0,LENINGRAD-2,8760,1.30000000066105
Russian Federation,Leningrad 2,LWGR,CO2,1990,0.890158676,5998.3,8125.0,LENINGRAD-2,8760,1.3000000002934164
Russian Federation,Leningrad 2,LWGR,CO2,1991,0.654563356,4410.75,7204.0,LENINGRAD-2,8760,1.299999999673525
Russian Federation,Leningrad 2,LWGR,CO2,1994,0.02435274,164.1,660.0,LENINGRAD-2,8760,1.3000000146252286
Russian Federation,Leningrad 2,LWGR,CO2,1995,1.010920662,6812.05,8280.0,LENINGRAD-2,8760,1.299999999870817
Russian Federation,Leningrad 2,LWGR,CO2,1996,1.075157877,7244.91,7922.0,LENINGRAD-2,8784,1.3035616441844
Russian Federation,Leningrad 2,LWGR,CO2,1997,0.977543607,6587.14,7342.0,LENINGRAD-2,8760,1.2999999995931466
Russian Federation,Leningrad 2,LWGR,CO2,1998,0.878049087,5916.7,6643.0,LENINGRAD-2,8760,1.3000000003583079
Russian Federation,Leningrad 2,LWGR,CO2,1999,0.97318653,6557.78,7299.0,LENINGRAD-2,8760,1.3000000004269736
Russian Federation,Leningrad 2,LWGR,CO2,2000,1.076291667,7252.55,7972.0,LENINGRAD-2,8784,1.3035616442393365
Russian Federation,Leningrad 2,LWGR,CO2,2001,1.04972032,7073.5,7904.0,LENINGRAD-2,8760,1.3000000004523928
Russian Federation,Leningrad 2,LWGR,CO2,2002,1.042502055,7024.86,7961.0,LENINGRAD-2,8760,1.3000000002562326
Russian Federation,Leningrad 2,LWGR,CO2,2003,1.058762443,7134.43,8298.0,LENINGRAD-2,8760,1.3000000000953125
Russian Federation,Leningrad 2,LWGR,CO2,2004,0.996004795,6711.54,7832.0,LENINGRAD-2,8784,1.3035616444631188
Russian Federation,Leningrad 2,LWGR,CO2,2005,0.558471689,3763.24,4557.0,LENINGRAD-2,8760,1.299999998841424
Russian Federation,Leningrad 2,LWGR,CO2,2006,0.216880365,1461.44,1760.0,LENINGRAD-2,8760,1.2999999982209327
Russian Federation,Leningrad 2,LWGR,CO2,2007,0.95887911,6461.37,7077.0,LENINGRAD-2,8760,1.3000000005571575
Russian Federation,Leningrad 2,LWGR,CO2,2008,1.041414269,7017.53,7810.0,LENINGRAD-2,8784,1.3035616433269257
Russian Federation,Leningrad 2,LWGR,CO2,2009,1.080159018,7278.61,8310.0,LENINGRAD-2,8760,1.299999999681258
Russian Federation,Leningrad 2,LWGR,CO2,2010,0.954916781,6434.67,7352.0,LENINGRAD-2,8760,1.3000000002424366
Russian Federation,Leningrad 2,LWGR,CO2,2011,1.150268493,7751.04,8362.0,LENINGRAD-2,8760,1.2999999998297003
Russian Federation,Leningrad 2,LWGR,CO2,2012,0.790416324,5326.19,6317.0,LENINGRAD-2,8784,1.3035616435042685
Russian Federation,Leningrad 2,LWGR,CO2,2013,0.491395548,3311.25,5181.0,LENINGRAD-2,8760,1.3000000001449605
Russian Federation,Leningrad 2,LWGR,CO2,2014,0.476961986,3213.99,4406.0,LENINGRAD-2,8760,1.299999999178591
Russian Federation,Leningrad 2,LWGR,CO2,2015,0.973305251,6558.58,7316.0,LENINGRAD-2,8760,1.2999999998109346
Russian Federation,Leningrad 2,LWGR,CO2,2016,0.831369292,5602.15,6037.0,LENINGRAD-2,8784,1.3035616434633133
Russian Federation,Leningrad 3,LWGR,CO2,1979,0.009356735,63.05,250.0,LENINGRAD-3,8760,1.2999999777954006
Russian Federation,Leningrad 3,LWGR,CO2,1980,0.793265639,5345.39,7504.0,LENINGRAD-3,8784,1.303561643392905
Russian Federation,Leningrad 3,LWGR,CO2,1981,0.972560274,6553.56,7528.0,LENINGRAD-3,8760,1.3000000000366212
Russian Federation,Leningrad 3,LWGR,CO2,1982,0.951739498,6413.26,7448.0,LENINGRAD-3,8760,1.300000000386699
Russian Federation,Leningrad 3,LWGR,CO2,1983,0.847142922,5708.44,6809.0,LENINGRAD-3,8760,1.2999999994254123
Russian Federation,Leningrad 3,LWGR,CO2,1984,1.070711758,7214.95,8060.0,LENINGRAD-3,8784,1.303561643846735
Russian Federation,Leningrad 3,LWGR,CO2,1985,1.013866438,6831.9,7835.0,LENINGRAD-3,8760,1.299999999543319
Russian Federation,Leningrad 3,LWGR,CO2,1986,1.022626598,6890.93,7935.0,LENINGRAD-3,8760,1.2999999997794203
Russian Federation,Leningrad 3,LWGR,CO2,1987,0.891940982,6010.31,6362.0,LENINGRAD-3,8760,1.3000000003860033
Russian Federation,Leningrad 3,LWGR,CO2,1988,1.031650913,6951.74,7885.0,LENINGRAD-3,8784,1.3035616435298214
Russian Federation,Leningrad 3,LWGR,CO2,1989,1.029632648,6938.14,7455.0,LENINGRAD-3,8760,1.2999999994926592
Russian Federation,Leningrad 3,LWGR,CO2,1990,1.117752169,7531.93,8280.0,LENINGRAD-3,8760,1.300000000058418
Russian Federation,Leningrad 3,LWGR,CO2,1991,0.965591324,6506.6,7197.0,LENINGRAD-3,8760,1.2999999997295053
Russian Federation,Leningrad 3,LWGR,CO2,1992,0.818677968,5516.63,6122.0,LENINGRAD-3,8784,1.303561643777451
Russian Federation,Leningrad 3,LWGR,CO2,1993,1.060155936,7143.82,7966.0,LENINGRAD-3,8760,1.2999999999104122
Russian Federation,Leningrad 3,LWGR,CO2,1994,0.984174201,6631.82,8135.0,LENINGRAD-3,8760,1.300000000114599
Russian Federation,Leningrad 3,LWGR,CO2,1995,0.532163014,3585.96,4332.0,LENINGRAD-3,8760,1.3000000007362045
Russian Federation,Leningrad 3,LWGR,CO2,1998,0.205759132,1386.5,1610.0,LENINGRAD-3,8760,1.299999997345835
Russian Federation,Leningrad 3,LWGR,CO2,1999,1.16542032,7853.14,8701.0,LENINGRAD-3,8760,1.30000000040748
Russian Federation,Leningrad 3,LWGR,CO2,2000,0.942767123,6352.8,7169.0,LENINGRAD-3,8784,1.3035616434378543
Russian Federation,Leningrad 3,LWGR,CO2,2001,0.916157192,6173.49,7007.0,LENINGRAD-3,8760,1.3000000003110073
Russian Federation,Leningrad 3,LWGR,CO2,2002,0.373193493,2514.75,3332.0,LENINGRAD-3,8760,1.299999999475097
Russian Federation,Leningrad 3,LWGR,CO2,2003,0.998621119,6729.17,8100.0,LENINGRAD-3,8760,1.3000000003626004
Russian Federation,Leningrad 3,LWGR,CO2,2004,1.025320091,6909.08,8426.0,LENINGRAD-3,8784,1.3035616434234372
Russian Federation,Leningrad 3,LWGR,CO2,2005,0.659984475,4447.28,5397.0,LENINGRAD-3,8760,1.3000000002248566
Russian Federation,Leningrad 3,LWGR,CO2,2006,1.088098516,7332.11,8274.0,LENINGRAD-3,8760,1.300000000021822
Russian Federation,Leningrad 3,LWGR,CO2,2007,0.557391324,3755.96,4820.0,LENINGRAD-3,8760,1.2999999995314113
Russian Federation,Leningrad 3,LWGR,CO2,2008,0.744033333,5013.64,5632.0,LENINGRAD-3,8784,1.3035616432516095
Russian Federation,Leningrad 3,LWGR,CO2,2009,0.791889954,5336.12,6209.0,LENINGRAD-3,8760,1.2999999994452898
Russian Federation,Leningrad 3,LWGR,CO2,2010,1.083811187,7303.22,8261.0,LENINGRAD-3,8760,1.2999999997425793
Russian Federation,Leningrad 3,LWGR,CO2,2011,1.009620662,6803.29,7548.0,LENINGRAD-3,8760,1.2999999998706506
Russian Federation,Leningrad 3,LWGR,CO2,2012,1.098387215,7401.44,8115.0,LENINGRAD-3,8784,1.3035616442962452
Russian Federation,Leningrad 3,LWGR,CO2,2013,1.022825457,6892.27,7446.0,LENINGRAD-3,8760,1.3000000004816987
Russian Federation,Leningrad 3,LWGR,CO2,2014,1.06840411,7199.4,8229.0,LENINGRAD-3,8760,1.3000000005000416
Russian Federation,Leningrad 3,LWGR,CO2,2015,1.011673059,6817.12,7628.0,LENINGRAD-3,8760,1.2999999995364613
Russian Federation,Leningrad 3,LWGR,CO2,2016,1.042509475,7024.91,7879.0,LENINGRAD-3,8784,1.3035616439783568
Russian Federation,Leningrad 4,LWGR,CO2,1981,0.583407648,3931.27,6151.0,LENINGRAD-4,8760,1.299999999104615
Russian Federation,Leningrad 4,LWGR,CO2,1982,0.996546461,6715.19,7609.0,LENINGRAD-4,8760,1.2999999997557776
Russian Federation,Leningrad 4,LWGR,CO2,1983,1.015696233,6844.23,8159.0,LENINGRAD-4,8760,1.3000000001577972
Russian Federation,Leningrad 4,LWGR,CO2,1984,0.909157078,6126.32,6803.0,LENINGRAD-4,8784,1.3035616443724782
Russian Federation,Leningrad 4,LWGR,CO2,1985,1.088573402,7335.31,8309.0,LENINGRAD-4,8760,1.300000000207217
Russian Federation,Leningrad 4,LWGR,CO2,1986,1.047857877,7060.95,7826.0,LENINGRAD-4,8760,1.3000000003568923
Russian Federation,Leningrad 4,LWGR,CO2,1987,1.0861871,7319.23,7530.0,LENINGRAD-4,8760,1.2999999994534945
Russian Federation,Leningrad 4,LWGR,CO2,1988,0.897896347,6050.44,6667.0,LENINGRAD-4,8784,1.3035616437892121
Russian Federation,Leningrad 4,LWGR,CO2,1989,1.09961153,7409.69,8185.0,LENINGRAD-4,8760,1.3000000003778835
Russian Federation,Leningrad 4,LWGR,CO2,1990,1.151978082,7762.56,8588.0,LENINGRAD-4,8760,1.2999999997835765
Russian Federation,Leningrad 4,LWGR,CO2,1991,0.909807078,6130.7,6870.0,LENINGRAD-4,8760,1.3000000005350125
Russian Federation,Leningrad 4,LWGR,CO2,1992,0.833737785,5618.11,6617.0,LENINGRAD-4,8784,1.3035616432287727
Russian Federation,Leningrad 4,LWGR,CO2,1993,0.999590183,6735.7,7762.0,LENINGRAD-4,8760,1.3000000004572652
Russian Federation,Leningrad 4,LWGR,CO2,1994,0.915204452,6167.07,7340.0,LENINGRAD-4,8760,1.2999999999221674
Russian Federation,Leningrad 4,LWGR,CO2,1995,0.911331164,6140.97,7270.0,LENINGRAD-4,8760,1.2999999994528553
Russian Federation,Leningrad 4,LWGR,CO2,1996,1.050638927,7079.69,8048.0,LENINGRAD-4,8784,1.3035616439092674
Russian Federation,Leningrad 4,LWGR,CO2,1997,1.134484475,7644.68,8760.0,LENINGRAD-4,8760,1.30000000013081
Russian Federation,Leningrad 4,LWGR,CO2,1998,0.546412557,3681.98,4341.0,LENINGRAD-4,8760,1.2999999998153169
Russian Federation,Leningrad 4,LWGR,CO2,2001,0.532128881,3585.73,4387.0,LENINGRAD-4,8760,1.2999999993195248
Russian Federation,Leningrad 4,LWGR,CO2,2002,1.117247603,7528.53,8760.0,LENINGRAD-4,8760,1.300000000302848
Russian Federation,Leningrad 4,LWGR,CO2,2003,0.290446119,1957.16,2399.0,LENINGRAD-4,8760,1.3000000012467043
Russian Federation,Leningrad 4,LWGR,CO2,2004,1.073268721,7232.18,8243.0,LENINGRAD-4,8784,1.3035616432754717
Russian Federation,Leningrad 4,LWGR,CO2,2005,0.9987621,6730.12,7838.0,LENINGRAD-4,8760,1.2999999994056568
Russian Federation,Leningrad 4,LWGR,CO2,2006,0.832822146,5611.94,6197.0,LENINGRAD-4,8760,1.299999999814681
Russian Federation,Leningrad 4,LWGR,CO2,2007,0.716399429,4827.43,5713.0,LENINGRAD-4,8760,1.2999999995939866
Russian Federation,Leningrad 4,LWGR,CO2,2008,1.116909247,7526.25,8714.0,LENINGRAD-4,8784,1.3035616443312406
Russian Federation,Leningrad 4,LWGR,CO2,2009,0.601447374,4052.83,4695.0,LENINGRAD-4,8760,1.2999999990722535
Russian Federation,Leningrad 4,LWGR,CO2,2010,0.775009247,5222.37,5798.0,LENINGRAD-4,8760,1.3000000007123202
Russian Federation,Leningrad 4,LWGR,CO2,2011,0.977936872,6589.79,7177.0,LENINGRAD-4,8760,1.29999999980576
Russian Federation,Leningrad 4,LWGR,CO2,2012,1.121905936,7559.92,8254.0,LENINGRAD-4,8784,1.3035616437507276
Russian Federation,Leningrad 4,LWGR,CO2,2013,1.0377621,6992.92,7739.0,LENINGRAD-4,8760,1.2999999994279927
Russian Federation,Leningrad 4,LWGR,CO2,2014,1.030278196,6942.49,7665.0,LENINGRAD-4,8760,1.2999999995621168
Russian Federation,Leningrad 4,LWGR,CO2,2015,0.98199863,6617.16,7414.0,LENINGRAD-4,8760,1.299999999818653
Russian Federation,Leningrad 4,LWGR,CO2,2016,1.025759361,6912.04,7660.0,LENINGRAD-4,8784,1.3035616441779851
Russian Federation,Novovoronezh 2-5,PWR,CO2,1972,0.013111595,1709.19,7209.0,NOVOVORONEZH-3,8784,0.06738411205307777
Russian Federation,Novovoronezh 2-5,PWR,CO2,1973,0.034119343,4447.700000000001,15186.0,NOVOVORONEZH-3,8760,0.06720000105222924
Russian Federation,Novovoronezh 2-5,PWR,CO2,1974,0.038676976,5041.82,15149.0,NOVOVORONEZH-3,8760,0.0672000011424446
Russian Federation,Novovoronezh 2-5,PWR,CO2,1975,0.03538594,4612.8099999999995,14645.0,NOVOVORONEZH-3,8760,0.06720000052029024
Russian Federation,Novovoronezh 2-5,PWR,CO2,1976,0.039472866,5145.57,15497.0,NOVOVORONEZH-3,8784,0.06738411000996974
Russian Federation,Novovoronezh 2-5,PWR,CO2,1977,0.043029633,5609.219999999999,15488.0,NOVOVORONEZH-3,8760,0.06720000019254015
Russian Federation,Novovoronezh 2-5,PWR,CO2,1978,0.042669852,5562.32,15350.0,NOVOVORONEZH-3,8760,0.06719999991370508
Russian Federation,Novovoronezh 2-5,PWR,CO2,1979,0.038932581,5075.139999999999,14365.0,NOVOVORONEZH-3,8760,0.0672000003073807
Russian Federation,Novovoronezh 2-5,PWR,CO2,1980,0.051099693,6661.21,19146.0,NOVOVORONEZH-3,8784,0.067384109390336
Russian Federation,Novovoronezh 2-5,PWR,CO2,1981,0.080447069,10486.85,23141.0,NOVOVORONEZH-3,8760,0.06720000042338738
Russian Federation,Novovoronezh 2-5,PWR,CO2,1982,0.081397995,10610.810000000001,22946.0,NOVOVORONEZH-3,8760,0.06720000039582275
Russian Federation,Novovoronezh 2-5,PWR,CO2,1983,0.092268592,12027.869999999999,23090.0,NOVOVORONEZH-3,8760,0.06720000015962926
Russian Federation,Novovoronezh 2-5,PWR,CO2,1984,0.099804274,13010.2,23909.0,NOVOVORONEZH-3,8784,0.0673841096075387
Russian Federation,Novovoronezh 2-5,PWR,CO2,1985,0.099695189,12995.98,24424.0,NOVOVORONEZH-3,8760,0.06719999997229913
Russian Federation,Novovoronezh 2-5,PWR,CO2,1986,0.084548493,11021.5,22542.0,NOVOVORONEZH-3,8760,0.06719999988023409
Russian Federation,Novovoronezh 2-5,PWR,CO2,1987,0.115125567,15007.439999999999,29179.0,NOVOVORONEZH-2,8760,0.0671999999280357
Russian Federation,Novovoronezh 2-5,PWR,CO2,1988,0.080179726,10452.0,25598.0,NOVOVORONEZH-2,8784,0.06738410956601608
Russian Federation,Novovoronezh 2-5,PWR,CO2,1989,0.07868115,10256.65,26332.0,NOVOVORONEZH-2,8760,0.06719999941501369
Russian Federation,Novovoronezh 2-5,PWR,CO2,1990,0.069418443,9049.19,20498.0,NOVOVORONEZH-2,8760,0.06719999919108781
Russian Federation,Novovoronezh 2-5,PWR,CO2,1991,0.07149474,9319.85,17712.0,NOVOVORONEZH-3,8760,0.06720000025751488
Russian Federation,Novovoronezh 2-5,PWR,CO2,1992,0.070472931,9186.65,20398.0,NOVOVORONEZH-3,8784,0.06738410910440694
Russian Federation,Novovoronezh 2-5,PWR,CO2,1993,0.079470904,10359.6,19643.0,NOVOVORONEZH-3,8760,0.06719999990733232
Russian Federation,Novovoronezh 2-5,PWR,CO2,1994,0.053320822,6950.75,17621.0,NOVOVORONEZH-3,8760,0.06720000010358594
Russian Federation,Novovoronezh 2-5,PWR,CO2,1995,0.063193469,8237.720000000001,16433.0,NOVOVORONEZH-3,8760,0.06720000053898408
Russian Federation,Novovoronezh 2-5,PWR,CO2,1996,0.068190126,8889.07,18631.0,NOVOVORONEZH-3,8784,0.06738410956196768
Russian Federation,Novovoronezh 2-5,PWR,CO2,1997,0.082916515,10808.76,20619.0,NOVOVORONEZH-3,8760,0.06719999994448947
Russian Federation,Novovoronezh 2-5,PWR,CO2,1998,0.069211781,9022.25,18645.0,NOVOVORONEZH-3,8760,0.06720000017290587
Russian Federation,Novovoronezh 2-5,PWR,CO2,1999,0.06563645,8556.18,16658.0,NOVOVORONEZH-3,8760,0.06720000070124751
Russian Federation,Novovoronezh 2-5,PWR,CO2,2000,0.079584285,10374.380000000001,20394.0,NOVOVORONEZH-3,8784,0.06738410964703433
Russian Federation,Novovoronezh 2-5,PWR,CO2,2001,0.076205414,9933.92,18210.0,NOVOVORONEZH-3,8760,0.06720000026575611
Russian Federation,Novovoronezh 2-5,PWR,CO2,2002,0.087290576,11378.95,19702.0,NOVOVORONEZH-3,8760,0.06720000050619783
Russian Federation,Novovoronezh 2-5,PWR,CO2,2003,0.091052241,11869.310000000001,20693.0,NOVOVORONEZH-3,8760,0.06719999992922925
Russian Federation,Novovoronezh 2-5,PWR,CO2,2004,0.066266028,8638.25,18999.0,NOVOVORONEZH-3,8784,0.06738411020195063
Russian Federation,Novovoronezh 2-5,PWR,CO2,2005,0.057148383,7449.700000000001,17322.0,NOVOVORONEZH-3,8760,0.06719999933957072
Russian Federation,Novovoronezh 2-5,PWR,CO2,2006,0.096070915,12523.529999999999,23019.0,NOVOVORONEZH-3,8760,0.0671999999520902
Russian Federation,Novovoronezh 2-5,PWR,CO2,2007,0.081008219,10560.0,19781.0,NOVOVORONEZH-3,8760,0.06719999985227273
Russian Federation,Novovoronezh 2-5,PWR,CO2,2008,0.092270357,12028.1,22766.0,NOVOVORONEZH-3,8784,0.06738411019928334
Russian Federation,Novovoronezh 2-5,PWR,CO2,2009,0.086572624,11285.36,19740.0,NOVOVORONEZH-3,8760,0.06719999948960423
Russian Federation,Novovoronezh 2-5,PWR,CO2,2010,0.084240493,10981.35,21877.0,NOVOVORONEZH-3,8760,0.0671999998797962
Russian Federation,Novovoronezh 2-5,PWR,CO2,2011,0.059563748,7764.5599999999995,17424.0,NOVOVORONEZH-3,8760,0.06720000006181935
Russian Federation,Novovoronezh 2-5,PWR,CO2,2012,0.095474247,12445.75,21640.0,NOVOVORONEZH-3,8784,0.0673841098887572
Russian Federation,Novovoronezh 2-5,PWR,CO2,2013,0.100783276,13137.82,23258.0,NOVOVORONEZH-3,8760,0.06719999952503536
Russian Federation,SMOLENSK 1,LWGR,CO2,1982,0.028745434,193.7,528.0,SMOLENSK-1,8760,1.3000000094992257
Russian Federation,SMOLENSK 1,LWGR,CO2,1983,0.704047945,4744.2,7223.0,SMOLENSK-1,8760,1.2999999996205893
Russian Federation,SMOLENSK 1,LWGR,CO2,1984,1.027140982,6921.35,7830.0,SMOLENSK-1,8784,1.3035616441717295
Russian Federation,SMOLENSK 1,LWGR,CO2,1985,0.868186301,5850.24,6806.0,SMOLENSK-1,8760,1.2999999994461766
Russian Federation,SMOLENSK 1,LWGR,CO2,1986,0.451104452,3039.75,3472.0,SMOLENSK-1,8760,1.2999999998420921
Russian Federation,SMOLENSK 1,LWGR,CO2,1987,1.104964384,7445.76,7620.0,SMOLENSK-1,8760,1.3000000005157297
Russian Federation,SMOLENSK 1,LWGR,CO2,1988,0.993637785,6695.59,7288.0,SMOLENSK-1,8784,1.303561643326428
Russian Federation,SMOLENSK 1,LWGR,CO2,1989,0.965570548,6506.46,7177.0,SMOLENSK-1,8760,1.3000000000737728
Russian Federation,SMOLENSK 1,LWGR,CO2,1990,0.924222831,6227.84,6851.0,SMOLENSK-1,8760,1.2999999999293494
Russian Federation,SMOLENSK 1,LWGR,CO2,1991,0.993389954,6693.92,7252.0,SMOLENSK-1,8760,1.2999999995578078
Russian Federation,SMOLENSK 1,LWGR,CO2,1992,1.016460502,6849.38,7563.0,SMOLENSK-1,8784,1.3035616434725479
Russian Federation,SMOLENSK 1,LWGR,CO2,1993,0.933530594,6290.56,6993.0,SMOLENSK-1,8760,1.300000000546851
Russian Federation,SMOLENSK 1,LWGR,CO2,1994,0.62593516,4217.84,6286.0,SMOLENSK-1,8760,1.300000000379341
Russian Federation,SMOLENSK 1,LWGR,CO2,1995,0.742375685,5002.47,6390.0,SMOLENSK-1,8760,1.3000000001199405
Russian Federation,SMOLENSK 1,LWGR,CO2,1996,0.840908562,5666.43,6604.0,SMOLENSK-1,8784,1.303561644387736
Russian Federation,SMOLENSK 1,LWGR,CO2,1997,0.693705822,4674.51,5366.0,SMOLENSK-1,8760,1.3000000001540268
Russian Federation,SMOLENSK 1,LWGR,CO2,1998,0.527431963,3554.08,5411.0,SMOLENSK-1,8760,1.2999999988407687
Russian Federation,SMOLENSK 1,LWGR,CO2,1999,0.96147911,6478.89,7417.0,SMOLENSK-1,8760,1.3000000005556505
Russian Federation,SMOLENSK 1,LWGR,CO2,2000,0.775915982,5228.48,5738.0,SMOLENSK-1,8784,1.3035616442805558
Russian Federation,SMOLENSK 1,LWGR,CO2,2001,0.766513242,5165.12,5940.0,SMOLENSK-1,8760,1.2999999999845118
Russian Federation,SMOLENSK 1,LWGR,CO2,2002,1.019035274,6866.73,7587.0,SMOLENSK-1,8760,1.300000000034951
Russian Federation,SMOLENSK 1,LWGR,CO2,2003,0.996037443,6711.76,7533.0,SMOLENSK-1,8760,1.3000000001013148
Russian Federation,SMOLENSK 1,LWGR,CO2,2004,0.346832877,2337.12,2592.0,SMOLENSK-1,8784,1.3035616449168208
Russian Federation,SMOLENSK 1,LWGR,CO2,2005,1.091361872,7354.1,8414.0,SMOLENSK-1,8760,1.2999999998259475
Russian Federation,SMOLENSK 1,LWGR,CO2,2006,0.803904566,5417.08,6021.0,SMOLENSK-1,8760,1.2999999996603337
Russian Federation,SMOLENSK 1,LWGR,CO2,2007,0.974948059,6569.65,7138.0,SMOLENSK-1,8760,1.2999999995190004
Russian Federation,SMOLENSK 1,LWGR,CO2,2008,1.156781849,7794.93,8430.0,SMOLENSK-1,8784,1.30356164348057
Russian Federation,SMOLENSK 1,LWGR,CO2,2009,0.908559018,6122.29,6974.0,SMOLENSK-1,8760,1.299999999621057
Russian Federation,SMOLENSK 1,LWGR,CO2,2010,0.726613927,4896.26,5424.0,SMOLENSK-1,8760,1.3000000001062035
Russian Federation,SMOLENSK 1,LWGR,CO2,2011,0.80797968,5444.54,5899.0,SMOLENSK-1,8760,1.2999999994122553
Russian Federation,SMOLENSK 1,LWGR,CO2,2012,0.935934703,6306.76,6741.0,SMOLENSK-1,8784,1.303561643562146
Russian Federation,SMOLENSK 1,LWGR,CO2,2013,1.153864269,7775.27,8267.0,SMOLENSK-1,8760,1.299999999542138
Russian Federation,SMOLENSK 1,LWGR,CO2,2014,1.087932306,7330.99,7691.0,SMOLENSK-1,8760,1.300000000076388
Russian Federation,SMOLENSK 1,LWGR,CO2,2015,1.046379795,7050.99,7394.0,SMOLENSK-1,8760,1.300000000595661
Russian Federation,SMOLENSK 1,LWGR,CO2,2016,1.00112911,6746.07,7003.0,SMOLENSK-1,8784,1.3035616443707223
Russian Federation,Volgodonsk/Rostov,PWR,CO2,2002,0.055050148,7176.18,7543.0,ROSTOV-1,8760,0.06720000006688795
Russian Federation,Volgodonsk/Rostov,PWR,CO2,2003,0.053498641,6973.93,7154.0,ROSTOV-1,8760,0.06719999987955141
Russian Federation,Volgodonsk/Rostov,PWR,CO2,2004,0.057068679,7439.31,7766.0,ROSTOV-1,8784,0.06738410905527528
Russian Federation,Volgodonsk/Rostov,PWR,CO2,2005,0.055484953,7232.86,7628.0,ROSTOV-1,8760,0.06719999948568063
Russian Federation,Volgodonsk/Rostov,PWR,CO2,2006,0.055358838,7216.42,7386.0,ROSTOV-1,8760,0.06719999956765266
Russian Federation,Volgodonsk/Rostov,PWR,CO2,2007,0.056072417,7309.44,7536.0,ROSTOV-1,8760,0.06720000067310218
Russian Federation,Volgodonsk/Rostov,PWR,CO2,2008,0.059419298,7745.73,7799.0,ROSTOV-1,8784,0.06738410887443792
Russian Federation,Volgodonsk/Rostov,PWR,CO2,2009,0.060810017,7927.02,7916.0,ROSTOV-1,8760,0.06720000062066199
Russian Federation,Volgodonsk/Rostov,PWR,CO2,2010,0.089770531,11702.23,13961.0,ROSTOV-1,8760,0.06719999962058514
Russian Federation,Volgodonsk/Rostov,PWR,CO2,2011,0.115557764,15063.78,15680.0,ROSTOV-1,8760,0.0671999997769484
Russian Federation,Volgodonsk/Rostov,PWR,CO2,2012,0.115085447,15002.21,15395.0,ROSTOV-1,8784,0.06738410983768392
Russian Federation,Volgodonsk/Rostov,PWR,CO2,2013,0.125729896,16389.79,16769.0,ROSTOV-1,8760,0.06720000005857306
Russian Federation,Volgodonsk/Rostov,PWR,CO2,2014,0.114956493,14985.4,15584.0,ROSTOV-1,8760,0.06719999991191426
Russian Federation,Volgodonsk/Rostov,PWR,CO2,2015,0.148603671,19371.55,21630.0,ROSTOV-1,8760,0.06719999989469091
Russian Federation,Volgodonsk/Rostov,PWR,CO2,2016,0.175162093,22833.63,23455.0,ROSTOV-1,8784,0.06738410953107324
Slovakia,Bohunice B 1-4,PWR,CO2,1978,7.44e-05,9.7,262.0,BOHUNICE-1,8760,0.06719010309278352
Slovakia,Bohunice B 1-4,PWR,CO2,1979,0.014909808,1943.6,7024.0,BOHUNICE-1,8760,0.06719999901214242
Slovakia,Bohunice B 1-4,PWR,CO2,1980,0.034691617,4522.299999999999,12561.0,BOHUNICE-1,8784,0.06738411067996375
Slovakia,Bohunice B 1-4,PWR,CO2,1981,0.036297972,4731.700000000001,13766.0,BOHUNICE-1,8760,0.06719999888412198
Slovakia,Bohunice B 1-4,PWR,CO2,1982,0.041532822,5414.1,14391.0,BOHUNICE-1,8760,0.06720000013298609
Slovakia,Bohunice B 1-4,PWR,CO2,1983,0.043731397,5700.7,14794.0,BOHUNICE-1,8760,0.06719999960004912
Slovakia,Bohunice B 1-4,PWR,CO2,1984,0.051380076,6697.76,17972.0,BOHUNICE-1,8784,0.06738410865483385
Slovakia,Bohunice B 1-4,PWR,CO2,1985,0.066704592,8695.42,23375.0,BOHUNICE-1,8760,0.06720000022080588
Slovakia,Bohunice B 1-4,PWR,CO2,1986,0.083470455,10880.97,28739.0,BOHUNICE-1,8760,0.06720000016542643
Slovakia,Bohunice B 1-4,PWR,CO2,1987,0.081976098,10686.17,28048.0,BOHUNICE-1,8760,0.06719999948344449
Slovakia,Bohunice B 1-4,PWR,CO2,1988,0.081793753,10662.4,27614.0,BOHUNICE-1,8784,0.06738410923919567
Slovakia,Bohunice B 1-4,PWR,CO2,1989,0.086718224,11304.34,29241.0,BOHUNICE-1,8760,0.06719999949046118
Slovakia,Bohunice B 1-4,PWR,CO2,1990,0.08563006,11162.49,29177.0,BOHUNICE-1,8760,0.0671999997849942
Slovakia,Bohunice B 1-4,PWR,CO2,1991,0.083303145,10859.16,28335.0,BOHUNICE-1,8760,0.06719999983424131
Slovakia,Bohunice B 1-4,PWR,CO2,1992,0.084759069,11048.95,27134.0,BOHUNICE-1,8784,0.0673841099919902
Slovakia,Bohunice B 1-4,PWR,CO2,1993,0.078138181,10185.869999999999,26516.0,BOHUNICE-1,8760,0.06720000015315335
Slovakia,Bohunice B 1-4,PWR,CO2,1994,0.086009557,11211.96,29777.0,BOHUNICE-1,8760,0.06720000065287426
Slovakia,Bohunice B 1-4,PWR,CO2,1995,0.087084219,11352.05,28129.0,BOHUNICE-1,8760,0.06719999986257989
Slovakia,Bohunice B 1-4,PWR,CO2,1996,0.086387595,11261.24,28344.0,BOHUNICE-1,8784,0.06738410996302362
Slovakia,Bohunice B 1-4,PWR,CO2,1997,0.082825534,10796.9,27216.0,BOHUNICE-1,8760,0.06719999979994258
Slovakia,Bohunice B 1-4,PWR,CO2,1998,0.07329349,9554.33,25997.0,BOHUNICE-1,8760,0.06719999962320748
Slovakia,Bohunice B 1-4,PWR,CO2,1999,0.074198236,9672.27,26601.0,BOHUNICE-1,8760,0.06720000034738484
Slovakia,Bohunice B 1-4,PWR,CO2,2000,0.074528329,9715.3,26704.0,BOHUNICE-1,8784,0.06738410979959447
Slovakia,Bohunice B 1-4,PWR,CO2,2001,0.082671496,10776.82,30250.0,BOHUNICE-1,8760,0.06720000008908009
Slovakia,Bohunice B 1-4,PWR,CO2,2002,0.085316307,11121.59,30800.0,BOHUNICE-1,8760,0.06720000011868806
Slovakia,Bohunice B 1-4,PWR,CO2,2003,0.08192915,10680.05,29542.0,BOHUNICE-1,8760,0.06719999943820489
Slovakia,Bohunice B 1-4,PWR,CO2,2004,0.081261753,10593.050000000001,29918.0,BOHUNICE-1,8784,0.06738410923690533
Slovakia,Bohunice B 1-4,PWR,CO2,2005,0.081100657,10572.05,28481.0,BOHUNICE-1,8760,0.06719999955732334
Slovakia,Bohunice B 1-4,PWR,CO2,2006,0.082483857,10752.36,30095.0,BOHUNICE-1,8760,0.0671999995647467
Slovakia,Bohunice B 1-4,PWR,CO2,2007,0.060022795,7824.4,21147.0,BOHUNICE-2,8760,0.06720000053678238
Slovakia,Bohunice B 1-4,PWR,CO2,2008,0.069451736,9053.53,23714.0,BOHUNICE-2,8784,0.06738410863210262
Slovakia,Bohunice B 1-4,PWR,CO2,2009,0.050240745,6549.24,16294.0,BOHUNICE-3,8760,0.06719999972515896
Slovakia,Bohunice B 1-4,PWR,CO2,2010,0.052924296,6899.0599999999995,16408.0,BOHUNICE-3,8760,0.0672000001391494
Slovakia,Bohunice B 1-4,PWR,CO2,2011,0.05614514,7318.92,16115.0,BOHUNICE-3,8760,0.06720000032791724
Slovakia,Bohunice B 1-4,PWR,CO2,2012,0.056783003,7402.07,16247.0,BOHUNICE-3,8784,0.06738410989790694
Slovakia,Bohunice B 1-4,PWR,CO2,2013,0.057654302,7515.65,16558.0,BOHUNICE-3,8760,0.06720000073446741
Slovakia,Bohunice B 1-4,PWR,CO2,2014,0.057516757,7497.719999999999,16549.0,BOHUNICE-3,8760,0.0672000009762968
Slovakia,Bohunice B 1-4,PWR,CO2,2015,0.05435943,7086.139999999999,15920.0,BOHUNICE-3,8760,0.06719999983065535
Slovakia,Bohunice B 1-4,PWR,CO2,2016,0.051545929,6719.38,15109.0,BOHUNICE-3,8784,0.06738410989347231
Slovakia,Mochovce,PWR,CO2,1998,0.007182422,936.28,3343.0,MOCHOVCE-1,8760,0.06720000076900072
Slovakia,Mochovce,PWR,CO2,1999,0.018227924,2376.14,6397.0,MOCHOVCE-1,8760,0.0672000026261079
Slovakia,Mochovce,PWR,CO2,2000,0.041872043,5458.32,15824.0,MOCHOVCE-1,8784,0.06738410824429496
Slovakia,Mochovce,PWR,CO2,2001,0.038083605,4964.47,13615.0,MOCHOVCE-1,8760,0.06719999915398824
Slovakia,Mochovce,PWR,CO2,2002,0.041525304,5413.120000000001,14490.0,MOCHOVCE-1,8760,0.0671999998226531
Slovakia,Mochovce,PWR,CO2,2003,0.044197731,5761.49,15053.0,MOCHOVCE-1,8760,0.06719999922936601
Slovakia,Mochovce,PWR,CO2,2004,0.038589907,5030.469999999999,15011.0,MOCHOVCE-1,8784,0.06738410985216094
Slovakia,Mochovce,PWR,CO2,2005,0.044212767,5763.450000000001,15028.0,MOCHOVCE-1,8760,0.06719999981261222
Slovakia,Mochovce,PWR,CO2,2006,0.044853085,5846.92,15231.0,MOCHOVCE-1,8760,0.06720000010261813
Slovakia,Mochovce,PWR,CO2,2007,0.048590126,6334.07,16036.0,MOCHOVCE-1,8760,0.06719999996210967
Slovakia,Mochovce,PWR,CO2,2008,0.049095124,6399.9,15861.0,MOCHOVCE-1,8784,0.0673841105667276
Slovakia,Mochovce,PWR,CO2,2009,0.050066455,6526.52,15594.0,MOCHOVCE-1,8760,0.06720000027579782
Slovakia,Mochovce,PWR,CO2,2010,0.050911978,6636.74,15648.0,MOCHOVCE-1,8760,0.067199999891513
Slovakia,Mochovce,PWR,CO2,2011,0.053876603,7023.200000000001,16430.0,MOCHOVCE-1,8760,0.06720000032463834
Slovakia,Mochovce,PWR,CO2,2012,0.053767902,7009.030000000001,16309.0,MOCHOVCE-1,8784,0.06738411037875426
Slovakia,Mochovce,PWR,CO2,2013,0.05452697,7107.98,16469.0,MOCHOVCE-1,8760,0.06720000016882434
Slovakia,Mochovce,PWR,CO2,2014,0.053104953,6922.61,16101.0,MOCHOVCE-1,8760,0.06719999946263043
Slovakia,Mochovce,PWR,CO2,2015,0.053679759,6997.54,16363.0,MOCHOVCE-1,8760,0.06720000012004218
Slovakia,Mochovce,PWR,CO2,2016,0.053805797,7013.969999999999,16453.0,MOCHOVCE-1,8784,0.06738410926308497
Slovenia,Krsko,PWR,CO2,1981,0.002017534,263.0,1165.0,KRSKO,8760,0.06719999178707224
Slovenia,Krsko,PWR,CO2,1982,0.01831737,2387.8,5104.0,KRSKO,8760,0.06720000050255465
Slovenia,Krsko,PWR,CO2,1983,0.028568438,3724.1,6255.0,KRSKO,8760,0.0671999991622137
Slovenia,Krsko,PWR,CO2,1984,0.032277479,4207.6,7073.0,KRSKO,8784,0.06738410864530847
Slovenia,Krsko,PWR,CO2,1985,0.029497962,3845.27,6421.0,KRSKO,8760,0.06720000081138645
Slovenia,Krsko,PWR,CO2,1986,0.029319376,3821.99,6561.0,KRSKO,8760,0.06720000150706831
Slovenia,Krsko,PWR,CO2,1987,0.032823824,4278.82,7287.0,KRSKO,8760,0.06719999865383448
Slovenia,Krsko,PWR,CO2,1988,0.030192055,3935.75,6866.0,KRSKO,8784,0.06738411004764022
Slovenia,Krsko,PWR,CO2,1989,0.034167288,4453.95,7500.0,KRSKO,8760,0.06720000064661705
Slovenia,Krsko,PWR,CO2,1990,0.033651934,4386.77,7592.0,KRSKO,8760,0.06719999950761038
Slovenia,Krsko,PWR,CO2,1991,0.036194564,4718.22,8133.0,KRSKO,8760,0.06719999928786702
Slovenia,Krsko,PWR,CO2,1992,0.028899452,3767.25,6699.0,KRSKO,8784,0.06738410946127811
Slovenia,Krsko,PWR,CO2,1993,0.028865085,3762.77,6493.0,KRSKO,8760,0.06720000015945699
Slovenia,Krsko,PWR,CO2,1994,0.033780504,4403.53,7402.0,KRSKO,8760,0.06719999978199309
Slovenia,Krsko,PWR,CO2,1995,0.035046028,4568.5,7606.0,KRSKO,8760,0.06720000115574039
Slovenia,Krsko,PWR,CO2,1996,0.033459003,4361.62,7143.0,KRSKO,8784,0.06738411011321481
Slovenia,Krsko,PWR,CO2,1997,0.036775736,4793.98,7824.0,KRSKO,8760,0.06719999819773968
Slovenia,Krsko,PWR,CO2,1998,0.036772822,4793.6,7913.0,KRSKO,8760,0.06720000015020025
Slovenia,Krsko,PWR,CO2,1999,0.034462093,4492.38,7480.0,KRSKO,8760,0.0671999997061691
Slovenia,Krsko,PWR,CO2,2000,0.034894828,4548.79,7295.0,KRSKO,8784,0.06738411075296948
Slovenia,Krsko,PWR,CO2,2001,0.038634476,5036.28,7790.0,KRSKO,8760,0.06719999876099025
Slovenia,Krsko,PWR,CO2,2002,0.040724657,5308.75,8111.0,KRSKO,8760,0.06719999911843653
Slovenia,Krsko,PWR,CO2,2003,0.038074936,4963.34,8084.0,KRSKO,8760,0.06719999825923671
Slovenia,Krsko,PWR,CO2,2004,0.039983847,5212.18,8081.0,KRSKO,8784,0.06738411030470935
Slovenia,Krsko,PWR,CO2,2005,0.043063617,5613.65,8664.0,KRSKO,8760,0.06720000087643511
Slovenia,Krsko,PWR,CO2,2006,0.040576757,5289.47,7883.0,KRSKO,8760,0.06720000138388156
Slovenia,Krsko,PWR,CO2,2007,0.04164091,5428.19,7989.0,KRSKO,8760,0.06720000066320451
Slovenia,Krsko,PWR,CO2,2008,0.045812833,5972.03,8660.0,KRSKO,8784,0.06738410977037958
Slovenia,Krsko,PWR,CO2,2009,0.041882783,5459.72,7992.0,KRSKO,8760,0.06719999909885488
Slovenia,Krsko,PWR,CO2,2010,0.041276679,5380.71,7876.0,KRSKO,8760,0.06719999926403764
Slovenia,Krsko,PWR,CO2,2011,0.045277457,5902.24,8600.0,KRSKO,8760,0.06719999920708071
Slovenia,Krsko,PWR,CO2,2012,0.04022549,5243.68,7697.0,KRSKO,8784,0.06738410890061941
Slovenia,Krsko,PWR,CO2,2013,0.038635934,5036.47,7391.0,KRSKO,8760,0.06719999957112818
Slovenia,Krsko,PWR,CO2,2014,0.046493962,6060.82,8760.0,KRSKO,8760,0.06720000051478182
Slovenia,Krsko,PWR,CO2,2015,0.041207255,5371.66,7826.0,KRSKO,8760,0.06720000033509195
Slovenia,Krsko,PWR,CO2,2016,0.041664536,5431.27,7923.0,KRSKO,8784,0.06738410799389462
South Africa,Koeberg 1-2,PWR,CO2,1984,0.030297764,3949.53,5063.0,KOEBERG-1,8784,0.06738410873597618
South Africa,Koeberg 1-2,PWR,CO2,1985,0.041379397,5394.1,6992.0,KOEBERG-1,8760,0.06719999957731596
South Africa,Koeberg 1-2,PWR,CO2,1986,0.06772149,8827.98,10544.0,KOEBERG-1,8760,0.06719999959220568
South Africa,Koeberg 1-2,PWR,CO2,1987,0.04769451,6217.32,8530.0,KOEBERG-1,8760,0.06720000057902763
South Africa,Koeberg 1-2,PWR,CO2,1988,0.080679353,10517.13,12417.0,KOEBERG-1,8784,0.06738410923436336
South Africa,Koeberg 1-2,PWR,CO2,1989,0.085290992,11118.29,13770.0,KOEBERG-1,8760,0.06720000017268841
South Africa,Koeberg 1-2,PWR,CO2,1990,0.064947803,8466.41,11293.0,KOEBERG-1,8760,0.06720000026929951
South Africa,Koeberg 1-2,PWR,CO2,1991,0.070335847,9168.78,11953.0,KOEBERG-1,8760,0.06720000040572464
South Africa,Koeberg 1-2,PWR,CO2,1992,0.071346992,9300.59,14136.0,KOEBERG-1,8784,0.06738410979604519
South Africa,Koeberg 1-2,PWR,CO2,1993,0.056078553,7310.24,10664.0,KOEBERG-1,8760,0.06719999949112478
South Africa,Koeberg 1-2,PWR,CO2,1994,0.074333019,9689.84,14366.0,KOEBERG-1,8760,0.06719999983900662
South Africa,Koeberg 1-2,PWR,CO2,1995,0.086588197,11287.39,14493.0,KOEBERG-1,8760,0.06719999979800469
South Africa,Koeberg 1-2,PWR,CO2,1996,0.090196208,11757.720000000001,14437.0,KOEBERG-1,8784,0.06738410942529673
South Africa,Koeberg 1-2,PWR,CO2,1997,0.096865041,12627.05,15085.0,KOEBERG-1,8760,0.06719999993347615
South Africa,Koeberg 1-2,PWR,CO2,1998,0.104185545,13581.33,15746.0,KOEBERG-1,8760,0.06719999986746512
South Africa,Koeberg 1-2,PWR,CO2,1999,0.103297676,13465.59,15357.0,KOEBERG-1,8760,0.06719999953659662
South Africa,Koeberg 1-2,PWR,CO2,2000,0.099688131,12995.06,15937.0,KOEBERG-1,8784,0.06738410924643673
South Africa,Koeberg 1-2,PWR,CO2,2001,0.082123157,10705.34,12764.0,KOEBERG-1,8760,0.06720000068377091
South Africa,Koeberg 1-2,PWR,CO2,2002,0.092188274,12017.400000000001,13856.0,KOEBERG-1,8760,0.06720000001997103
South Africa,Koeberg 1-2,PWR,CO2,2003,0.097185776,12668.86,14548.0,KOEBERG-1,8760,0.06720000045465811
South Africa,Koeberg 1-2,PWR,CO2,2004,0.10958126,14284.7,16142.0,KOEBERG-1,8784,0.06738410942056886
South Africa,Koeberg 1-2,PWR,CO2,2005,0.093879243,12237.830000000002,14056.0,KOEBERG-1,8760,0.06719999940185474
South Africa,Koeberg 1-2,PWR,CO2,2006,0.07728115,10074.15,12438.0,KOEBERG-1,8760,0.06719999940441626
South Africa,Koeberg 1-2,PWR,CO2,2007,0.096664208,12600.869999999999,15031.0,KOEBERG-1,8760,0.06719999984762957
South Africa,Koeberg 1-2,PWR,CO2,2008,0.097790959,12747.75,14649.0,KOEBERG-1,8784,0.06738410965511561
South Africa,Koeberg 1-2,PWR,CO2,2009,0.088785085,11573.77,13386.0,KOEBERG-1,8760,0.06720000005184136
South Africa,Koeberg 1-2,PWR,CO2,2010,0.098958443,12899.939999999999,14650.0,KOEBERG-1,8760,0.0671999994325555
South Africa,Koeberg 1-2,PWR,CO2,2011,0.099254553,12938.54,14569.0,KOEBERG-1,8760,0.06719999971248687
South Africa,Koeberg 1-2,PWR,CO2,2012,0.09510434,12397.529999999999,13886.0,KOEBERG-1,8784,0.06738410978315842
South Africa,Koeberg 1-2,PWR,CO2,2013,0.104640296,13640.61,14844.0,KOEBERG-1,8760,0.06720000007037807
South Africa,Koeberg 1-2,PWR,CO2,2014,0.11324811,14762.7,16222.0,KOEBERG-1,8760,0.06720000024385783
South Africa,Koeberg 1-2,PWR,CO2,2015,0.084116143,10965.14,12188.0,KOEBERG-1,8760,0.06720000042680714
South Africa,Koeberg 1-2,PWR,CO2,2016,0.116675386,15209.470000000001,16543.0,KOEBERG-1,8784,0.06738410941498947
Spain,Almaraz 1-2,PWR,CO2,1981,0.014490192,1888.9,3119.0,ALMARAZ-1,8760,0.06720000101646462
Spain,Almaraz 1-2,PWR,CO2,1982,0.017817205,2322.6,5864.0,ALMARAZ-1,8760,0.06719999819168174
Spain,Almaraz 1-2,PWR,CO2,1983,0.033958247,4426.7,7245.0,ALMARAZ-1,8760,0.06720000084035511
Spain,Almaraz 1-2,PWR,CO2,1984,0.083105841,10833.439999999999,13564.0,ALMARAZ-1,8784,0.06738410951129098
Spain,Almaraz 1-2,PWR,CO2,1985,0.084853348,11061.24,13002.0,ALMARAZ-1,8760,0.06720000004339477
Spain,Almaraz 1-2,PWR,CO2,1986,0.086302904,11250.2,13554.0,ALMARAZ-1,8760,0.06719999991466817
Spain,Almaraz 1-2,PWR,CO2,1987,0.10429977,13596.22,15697.0,ALMARAZ-1,8760,0.06720000008825983
Spain,Almaraz 1-2,PWR,CO2,1988,0.097339967,12688.96,14737.0,ALMARAZ-1,8784,0.06738410950369456
Spain,Almaraz 1-2,PWR,CO2,1989,0.10055337,13107.85,15278.0,ALMARAZ-1,8760,0.0672000000915482
Spain,Almaraz 1-2,PWR,CO2,1990,0.108240789,14109.96,16103.0,ALMARAZ-1,8760,0.06719999997448611
Spain,Almaraz 1-2,PWR,CO2,1991,0.109657052,14294.58,16301.0,ALMARAZ-1,8760,0.06719999996642084
Spain,Almaraz 1-2,PWR,CO2,1992,0.101810915,13271.78,15384.0,ALMARAZ-1,8784,0.06738410954370852
Spain,Almaraz 1-2,PWR,CO2,1993,0.10924595,14240.990000000002,16423.0,ALMARAZ-1,8760,0.06719999957868096
Spain,Almaraz 1-2,PWR,CO2,1994,0.106117545,13833.18,16057.0,ALMARAZ-1,8760,0.06719999986987807
Spain,Almaraz 1-2,PWR,CO2,1995,0.102819069,13403.2,15661.0,ALMARAZ-1,8760,0.06720000033126416
Spain,Almaraz 1-2,PWR,CO2,1996,0.101088592,13177.619999999999,14897.0,ALMARAZ-1,8784,0.06738410973514186
Spain,Almaraz 1-2,PWR,CO2,1997,0.097312121,12685.33,14182.0,ALMARAZ-1,8760,0.06720000031217162
Spain,Almaraz 1-2,PWR,CO2,1998,0.106821074,13924.89,15570.0,ALMARAZ-1,8760,0.06720000001723532
Spain,Almaraz 1-2,PWR,CO2,1999,0.115952757,15115.27,16356.0,ALMARAZ-1,8760,0.06720000048427849
Spain,Almaraz 1-2,PWR,CO2,2000,0.114097315,14873.4,16174.0,ALMARAZ-1,8784,0.0673841095485901
Spain,Almaraz 1-2,PWR,CO2,2001,0.120843781,15752.85,16938.0,ALMARAZ-1,8760,0.0672000000990297
Spain,Almaraz 1-2,PWR,CO2,2002,0.119540285,15582.93,16860.0,ALMARAZ-1,8760,0.06720000003850367
Spain,Almaraz 1-2,PWR,CO2,2003,0.10837189,14127.05,15624.0,ALMARAZ-1,8760,0.06719999974516973
Spain,Almaraz 1-2,PWR,CO2,2004,0.120813172,15748.86,16867.0,ALMARAZ-1,8784,0.0673841092528602
Spain,Almaraz 1-2,PWR,CO2,2005,0.120996438,15772.75,16940.0,ALMARAZ-1,8760,0.06719999980219048
Spain,Almaraz 1-2,PWR,CO2,2006,0.110485162,14402.529999999999,15578.0,ALMARAZ-1,8760,0.06720000021662861
Spain,Almaraz 1-2,PWR,CO2,2007,0.117994838,15381.470000000001,16428.0,ALMARAZ-1,8760,0.06719999979715853
Spain,Almaraz 1-2,PWR,CO2,2008,0.119076329,15522.45,16509.0,ALMARAZ-1,8784,0.0673841097208237
Spain,Almaraz 1-2,PWR,CO2,2009,0.105438641,13744.68,14703.0,ALMARAZ-1,8760,0.06719999993888544
Spain,Almaraz 1-2,PWR,CO2,2010,0.114234476,14891.279999999999,15719.0,ALMARAZ-1,8760,0.06719999958096282
Spain,Almaraz 1-2,PWR,CO2,2011,0.117038236,15256.77,15805.0,ALMARAZ-1,8760,0.0672000002202301
Spain,Almaraz 1-2,PWR,CO2,2012,0.115412548,15044.849999999999,15135.0,ALMARAZ-1,8784,0.06738410962103313
Spain,Almaraz 1-2,PWR,CO2,2013,0.115902664,15108.74,15439.0,ALMARAZ-1,8760,0.06720000057185443
Spain,Almaraz 1-2,PWR,CO2,2014,0.116613864,15201.45,15405.0,ALMARAZ-1,8760,0.06720000056836684
Spain,Almaraz 1-2,PWR,CO2,2015,0.12331154,16074.54,16322.0,ALMARAZ-1,8760,0.06720000014930443
Spain,Almaraz 1-2,PWR,CO2,2016,0.116405359,15174.27,15449.0,ALMARAZ-1,8784,0.06738410964454962
Spain,Asco 1-2,PWR,CO2,1983,0.002767781,360.8,1294.0,ASCO-1,8760,0.06720000432372505
Spain,Asco 1-2,PWR,CO2,1984,0.03097966,4038.42,5771.0,ASCO-1,8784,0.06738410899312107
Spain,Asco 1-2,PWR,CO2,1985,0.035987364,4691.21,6333.0,ASCO-1,8760,0.06719999928376687
Spain,Asco 1-2,PWR,CO2,1986,0.080524931,10497.0,12847.0,ASCO-1,8760,0.067199999577022
Spain,Asco 1-2,PWR,CO2,1987,0.094709041,12346.0,14604.0,ASCO-1,8760,0.06719999993196177
Spain,Asco 1-2,PWR,CO2,1988,0.103822466,13534.0,15473.0,ASCO-1,8784,0.0673841097490764
Spain,Asco 1-2,PWR,CO2,1989,0.103423562,13482.0,15500.0,ASCO-1,8760,0.06720000023141967
Spain,Asco 1-2,PWR,CO2,1990,0.104136986,13575.0,15615.0,ASCO-1,8760,0.06719999980552487
Spain,Asco 1-2,PWR,CO2,1991,0.104758357,13656.0,15609.0,ASCO-1,8760,0.06720000053602812
Spain,Asco 1-2,PWR,CO2,1992,0.107029041,13952.0,15940.0,ASCO-1,8784,0.06738410952866973
Spain,Asco 1-2,PWR,CO2,1993,0.10472,13651.0,15298.0,ASCO-1,8760,0.0672
Spain,Asco 1-2,PWR,CO2,1994,0.107036712,13953.0,15720.0,ASCO-1,8760,0.06719999979359277
Spain,Asco 1-2,PWR,CO2,1995,0.097309589,12685.0,14061.0,ASCO-1,8760,0.06719999997162003
Spain,Asco 1-2,PWR,CO2,1996,0.10726685,13983.0,15580.0,ASCO-1,8784,0.06738411001930916
Spain,Asco 1-2,PWR,CO2,1997,0.109905753,14327.0,15923.0,ASCO-1,8760,0.06719999974035037
Spain,Asco 1-2,PWR,CO2,1998,0.113135343,14748.0,15993.0,ASCO-1,8760,0.06720000031733116
Spain,Asco 1-2,PWR,CO2,1999,0.117845479,15362.0,16595.0,ASCO-1,8760,0.06719999974222106
Spain,Asco 1-2,PWR,CO2,2000,0.123752329,16132.0,16742.0,ASCO-1,8784,0.06738410971584428
Spain,Asco 1-2,PWR,CO2,2001,0.119878357,15627.0,16158.0,ASCO-1,8760,0.06720000046842005
Spain,Asco 1-2,PWR,CO2,2002,0.124097534,16177.0,16864.0,ASCO-1,8760,0.0671999998664771
Spain,Asco 1-2,PWR,CO2,2003,0.12352457,16102.310000000001,16638.0,ASCO-1,8760,0.06720000007452347
Spain,Asco 1-2,PWR,CO2,2004,0.112334083,14643.55,15236.0,ASCO-1,8784,0.06738411007385504
Spain,Asco 1-2,PWR,CO2,2005,0.115524011,15059.380000000001,16327.0,ASCO-1,8760,0.06720000002390536
Spain,Asco 1-2,PWR,CO2,2006,0.118038181,15387.119999999999,16306.0,ASCO-1,8760,0.0672000001013835
Spain,Asco 1-2,PWR,CO2,2007,0.112507759,14666.19,15408.0,ASCO-1,8760,0.06720000005727458
Spain,Asco 1-2,PWR,CO2,2008,0.11169246,14559.91,15181.0,ASCO-1,8784,0.06738410942375331
Spain,Asco 1-2,PWR,CO2,2009,0.102166093,13318.08,13840.0,ASCO-1,8760,0.06719999990088661
Spain,Asco 1-2,PWR,CO2,2010,0.117410136,15305.25,15814.0,ASCO-1,8760,0.06719999943548782
Spain,Asco 1-2,PWR,CO2,2011,0.105991507,13816.75,14506.0,ASCO-1,8760,0.06720000009553621
Spain,Asco 1-2,PWR,CO2,2012,0.116754247,15219.75,15993.0,ASCO-1,8784,0.06738410983413
Spain,Asco 1-2,PWR,CO2,2013,0.122445228,15961.61,16259.0,ASCO-1,8760,0.0672000003307937
Spain,Asco 1-2,PWR,CO2,2014,0.106889117,13933.76,14236.0,ASCO-1,8760,0.06719999949188159
Spain,Asco 1-2,PWR,CO2,2015,0.121512636,15840.04,16381.0,ASCO-1,8760,0.06720000021212066
Spain,Asco 1-2,PWR,CO2,2016,0.123399759,16086.039999999999,16412.0,ASCO-1,8784,0.06738410964140334
Spain,Cofrentes,BWR,CO2,2007,0.349801199,6008.35,5898.0,COFRENTES,8760,0.5100000005392495
Spain,Cofrentes,BWR,CO2,2008,0.457386747,7856.29,7643.0,COFRENTES,8784,0.5113972607487758
Spain,Cofrentes,BWR,CO2,2009,0.451023973,7747.0,7618.0,COFRENTES,8760,0.5100000004492062
Spain,Cofrentes,BWR,CO2,2010,0.535727055,9201.9,8760.0,COFRENTES,8760,0.5100000001956118
Spain,Cofrentes,BWR,CO2,2011,0.442412192,7599.08,7564.0,COFRENTES,8760,0.5100000002526621
Spain,Cofrentes,BWR,CO2,2012,0.405288733,9064.14,8686.0,COFRENTES,8784,0.3927627144629276
Spain,Cofrentes,BWR,CO2,2013,0.466498048,8012.79,7800.0,COFRENTES,8760,0.5100000000599042
Spain,Cofrentes,BWR,CO2,2014,0.530655582,9114.79,8760.0,COFRENTES,8760,0.5099999998156841
Spain,Cofrentes,BWR,CO2,2015,0.433073253,7438.67,7325.0,COFRENTES,8760,0.5099999994999106
Spain,Cofrentes,BWR,CO2,2016,0.534874144,9187.25,8784.0,COFRENTES,8784,0.511397260431141
Spain,José Cabrera 1,PWR,CO2,1972,0.00687726,896.5,6172.0,JOSE CABRERA-1,8784,0.0673841069046291
Spain,José Cabrera 1,PWR,CO2,1973,0.006711562,874.9,6089.0,JOSE CABRERA-1,8760,0.06720000356612184
Spain,José Cabrera 1,PWR,CO2,1974,0.007804712,1017.4,8450.0,JOSE CABRERA-1,8760,0.06719999716925497
Spain,José Cabrera 1,PWR,CO2,1975,0.008311781,1083.5,7685.0,JOSE CABRERA-1,8760,0.0672000014397785
Spain,José Cabrera 1,PWR,CO2,1976,0.008121534,1058.7,7780.0,JOSE CABRERA-1,8784,0.06738410754321338
Spain,José Cabrera 1,PWR,CO2,1977,0.008742904,1139.7,8003.0,JOSE CABRERA-1,8760,0.06719999915767307
Spain,José Cabrera 1,PWR,CO2,1978,0.007732603,1008.0,7059.0,JOSE CABRERA-1,8760,0.06720000226190477
Spain,José Cabrera 1,PWR,CO2,1979,0.007298411,951.4,6789.0,JOSE CABRERA-1,8760,0.06720000037838975
Spain,José Cabrera 1,PWR,CO2,1980,0.007014576,914.4,7355.0,JOSE CABRERA-1,8784,0.06738411590551181
Spain,José Cabrera 1,PWR,CO2,1981,0.008503562,1108.5,7690.0,JOSE CABRERA-1,8760,0.06720000281461434
Spain,José Cabrera 1,PWR,CO2,1982,0.006642521,865.9,6891.0,JOSE CABRERA-1,8760,0.06720000457327636
Spain,José Cabrera 1,PWR,CO2,1983,0.000113534,14.8,163.0,JOSE CABRERA-1,8760,0.06719985405405406
Spain,José Cabrera 1,PWR,CO2,1984,0.00849128,1106.9,8379.0,JOSE CABRERA-1,8784,0.06738404871262084
Spain,José Cabrera 1,PWR,CO2,1985,0.002122523,276.69,2272.0,JOSE CABRERA-1,8760,0.06719903675593623
Spain,José Cabrera 1,PWR,CO2,1986,0.00805165,1049.59,7586.0,JOSE CABRERA-1,8760,0.06720000571651788
Spain,José Cabrera 1,PWR,CO2,1987,0.008416447,1097.14,7834.0,JOSE CABRERA-1,8760,0.06720024401626046
Spain,José Cabrera 1,PWR,CO2,1988,0.008761913,1142.18,7839.0,JOSE CABRERA-1,8784,0.06738398833108616
Spain,José Cabrera 1,PWR,CO2,1989,0.008690893,1132.92,8059.0,JOSE CABRERA-1,8760,0.06719999883486918
Spain,José Cabrera 1,PWR,CO2,1990,0.007344285,957.38,7281.0,JOSE CABRERA-1,8760,0.06720000062671039
Spain,José Cabrera 1,PWR,CO2,1991,0.008042483,1048.39,7230.0,JOSE CABRERA-1,8760,0.06720032724463224
Spain,José Cabrera 1,PWR,CO2,1992,0.008621008,1123.81,7743.0,JOSE CABRERA-1,8784,0.06738410787588649
Spain,José Cabrera 1,PWR,CO2,1993,0.007003544,912.96,8496.0,JOSE CABRERA-1,8760,0.0672001461619348
Spain,José Cabrera 1,PWR,CO2,1994,0.000161464,21.05,216.0,JOSE CABRERA-1,8760,0.06719356959619953
Spain,José Cabrera 1,PWR,CO2,1995,0.002675258,348.74,4853.0,JOSE CABRERA-1,8760,0.06719980524172736
Spain,José Cabrera 1,PWR,CO2,1996,0.007516228,979.79,8099.0,JOSE CABRERA-1,8784,0.06738438517641536
Spain,José Cabrera 1,PWR,CO2,1997,0.006257033,815.65,6088.0,JOSE CABRERA-1,8760,0.06719991305094097
Spain,José Cabrera 1,PWR,CO2,1998,0.008440918,1100.33,8004.0,JOSE CABRERA-1,8760,0.06720024145483629
Spain,José Cabrera 1,PWR,CO2,1999,0.008512307,1109.64,7969.0,JOSE CABRERA-1,8760,0.06720000118957499
Spain,José Cabrera 1,PWR,CO2,2000,0.008428345,1098.69,7898.0,JOSE CABRERA-1,8784,0.0673844146028452
Spain,José Cabrera 1,PWR,CO2,2001,0.008115197,1057.87,7698.0,JOSE CABRERA-1,8760,0.06720024740279996
Spain,José Cabrera 1,PWR,CO2,2002,0.007267465,947.37,6912.0,JOSE CABRERA-1,8760,0.06719971436714271
Spain,José Cabrera 1,PWR,CO2,2003,0.00821599,1071.01,7632.0,JOSE CABRERA-1,8760,0.06720018711309886
Spain,José Cabrera 1,PWR,CO2,2004,0.008997221,1172.85,8489.0,JOSE CABRERA-1,8784,0.06738422582938994
Spain,José Cabrera 1,PWR,CO2,2005,0.008392835,1094.07,7899.0,JOSE CABRERA-1,8760,0.06719975376347034
Spain,José Cabrera 1,PWR,CO2,2006,0.00300381,391.57,2855.0,JOSE CABRERA-1,8760,0.06719967208928161
Spain,Sta Maria de Garona,BWR,CO2,1978,0.181125685,3111.1,7409.0,SANTA MARIA DE GARONA,8760,0.5100000001928578
Spain,Sta Maria de Garona,BWR,CO2,1979,0.136197945,2339.4,5786.0,SANTA MARIA DE GARONA,8760,0.5099999992305719
Spain,Sta Maria de Garona,BWR,CO2,1980,0.045457534,780.8,1926.0,SANTA MARIA DE GARONA,8784,0.5113972575000001
Spain,Sta Maria de Garona,BWR,CO2,1981,0.185061301,3178.7,7597.0,SANTA MARIA DE GARONA,8760,0.5099999989807155
Spain,Sta Maria de Garona,BWR,CO2,1982,0.119005822,2044.1,5132.0,SANTA MARIA DE GARONA,8760,0.5100000003522333
Spain,Sta Maria de Garona,BWR,CO2,1983,0.135190753,2322.1,5630.0,SANTA MARIA DE GARONA,8760,0.5099999983980018
Spain,Sta Maria de Garona,BWR,CO2,1984,0.167291062,2873.47,6853.0,SANTA MARIA DE GARONA,8784,0.5113972613627427
Spain,Sta Maria de Garona,BWR,CO2,1985,0.100777979,1731.01,4285.0,SANTA MARIA DE GARONA,8760,0.5099999977123183
Spain,Sta Maria de Garona,BWR,CO2,1986,0.198737568,3413.61,8173.0,SANTA MARIA DE GARONA,8760,0.5099999987344775
Spain,Sta Maria de Garona,BWR,CO2,1987,0.149339178,2565.12,6205.0,SANTA MARIA DE GARONA,8760,0.5099999997193113
Spain,Sta Maria de Garona,BWR,CO2,1988,0.156802295,2693.31,6639.0,SANTA MARIA DE GARONA,8784,0.5113972618376644
Spain,Sta Maria de Garona,BWR,CO2,1989,0.204686404,3515.79,8324.0,SANTA MARIA DE GARONA,8760,0.5099999997269461
Spain,Sta Maria de Garona,BWR,CO2,1990,0.148958425,2558.58,6297.0,SANTA MARIA DE GARONA,8760,0.5100000011725254
Spain,Sta Maria de Garona,BWR,CO2,1991,0.214146438,3678.28,8528.0,SANTA MARIA DE GARONA,8760,0.5099999991517774
Spain,Sta Maria de Garona,BWR,CO2,1992,0.13840387,2377.29,6360.0,SANTA MARIA DE GARONA,8784,0.511397260780132
Spain,Sta Maria de Garona,BWR,CO2,1993,0.213772089,3671.85,8444.0,SANTA MARIA DE GARONA,8760,0.5099999999019568
Spain,Sta Maria de Garona,BWR,CO2,1994,0.182465308,3134.11,7271.0,SANTA MARIA DE GARONA,8760,0.5099999993873858
Spain,Sta Maria de Garona,BWR,CO2,1995,0.222744247,3825.96,8760.0,SANTA MARIA DE GARONA,8760,0.510000000972305
Spain,Sta Maria de Garona,BWR,CO2,1996,0.186524932,3203.84,7450.0,SANTA MARIA DE GARONA,8784,0.5113972616260487
Spain,Sta Maria de Garona,BWR,CO2,1997,0.195834178,3363.74,7853.0,SANTA MARIA DE GARONA,8760,0.5099999997859526
Spain,Sta Maria de Garona,BWR,CO2,1998,0.220798562,3792.54,8735.0,SANTA MARIA DE GARONA,8760,0.5100000008226677
Spain,Sta Maria de Garona,BWR,CO2,1999,0.193915856,3330.79,7639.0,SANTA MARIA DE GARONA,8760,0.5099999995676702
Spain,Sta Maria de Garona,BWR,CO2,2000,0.224409897,3854.57,8699.0,SANTA MARIA DE GARONA,8784,0.5113972596808464
Spain,Sta Maria de Garona,BWR,CO2,2001,0.199985205,3435.04,7737.0,SANTA MARIA DE GARONA,8760,0.5099999987773068
Spain,Sta Maria de Garona,BWR,CO2,2002,0.223644315,3841.42,8679.0,SANTA MARIA DE GARONA,8760,0.5099999998438078
Spain,Sta Maria de Garona,BWR,CO2,2003,0.208293664,3577.75,8085.0,SANTA MARIA DE GARONA,8760,0.5099999990608622
Spain,Sta Maria de Garona,BWR,CO2,2004,0.225528288,3873.78,8699.0,SANTA MARIA DE GARONA,8784,0.5113972610194694
Spain,Sta Maria de Garona,BWR,CO2,2005,0.204656712,3515.28,7946.0,SANTA MARIA DE GARONA,8760,0.5099999991807196
Spain,Sta Maria de Garona,BWR,CO2,2006,0.213480411,3666.84,8487.0,SANTA MARIA DE GARONA,8760,0.5100000000981773
Spain,Sta Maria de Garona,BWR,CO2,2007,0.193396541,3321.87,7889.0,SANTA MARIA DE GARONA,8760,0.5099999997471304
Spain,Sta Maria de Garona,BWR,CO2,2008,0.223636747,3841.29,8710.0,SANTA MARIA DE GARONA,8784,0.5113972612450505
Spain,Sta Maria de Garona,BWR,CO2,2009,0.198761438,3414.02,7855.0,SANTA MARIA DE GARONA,8760,0.5099999990861214
Spain,Sta Maria de Garona,BWR,CO2,2010,0.213232979,3662.59,8337.0,SANTA MARIA DE GARONA,8760,0.5099999989187979
Spain,Sta Maria de Garona,BWR,CO2,2011,0.208335582,3578.47,8100.0,SANTA MARIA DE GARONA,8760,0.5099999995305257
Spain,Sta Maria de Garona,BWR,CO2,2012,0.215699726,3704.96,8349.0,SANTA MARIA DE GARONA,8784,0.5113972602090171
Spain,Trillo 1,PWR,CO2,1988,0.022217655,2896.23,3511.0,TRILLO-1,8784,0.06738411021224143
Spain,Trillo 1,PWR,CO2,1989,0.054832362,7147.79,7665.0,TRILLO-1,8760,0.06720000043649856
Spain,Trillo 1,PWR,CO2,1990,0.048884471,6372.44,7170.0,TRILLO-1,8760,0.06719999967987145
Spain,Trillo 1,PWR,CO2,1991,0.049721403,6481.54,6891.0,TRILLO-1,8760,0.06720000035176825
Spain,Trillo 1,PWR,CO2,1992,0.060897776,7938.46,8028.0,TRILLO-1,8784,0.06738411031661053
Spain,Trillo 1,PWR,CO2,1993,0.056735364,7395.86,7512.0,TRILLO-1,8760,0.06719999954569178
Spain,Trillo 1,PWR,CO2,1994,0.060815157,7927.69,8009.0,TRILLO-1,8760,0.0672000009233459
Spain,Trillo 1,PWR,CO2,1995,0.057324208,7472.62,7597.0,TRILLO-1,8760,0.06719999974306201
Spain,Trillo 1,PWR,CO2,1996,0.0585032,7626.31,7713.0,TRILLO-1,8784,0.06738410958904109
Spain,Trillo 1,PWR,CO2,1997,0.059570576,7765.45,8066.0,TRILLO-1,8760,0.06720000074174709
Spain,Trillo 1,PWR,CO2,1998,0.050551353,6589.73,6686.0,TRILLO-1,8760,0.06719999943548523
Spain,Trillo 1,PWR,CO2,1999,0.052385469,6828.82,6876.0,TRILLO-1,8760,0.06720000065018554
Spain,Trillo 1,PWR,CO2,2000,0.062953896,8206.49,8251.0,TRILLO-1,8784,0.06738410970634218
Spain,Trillo 1,PWR,CO2,2001,0.060659583,7907.41,7966.0,TRILLO-1,8760,0.0671999993777988
Spain,Trillo 1,PWR,CO2,2002,0.06004274,7827.0,7876.0,TRILLO-1,8760,0.0672000003066309
Spain,Trillo 1,PWR,CO2,2003,0.062249447,8114.66,8210.0,TRILLO-1,8760,0.06720000045842957
Spain,Trillo 1,PWR,CO2,2004,0.061217359,7980.12,8121.0,TRILLO-1,8784,0.06738410969459106
Spain,Trillo 1,PWR,CO2,2005,0.061988317,8080.62,8175.0,TRILLO-1,8760,0.06719999912382961
Spain,Trillo 1,PWR,CO2,2006,0.058974904,7687.8,7788.0,TRILLO-1,8760,0.06719999987512681
Spain,Trillo 1,PWR,CO2,2007,0.06097771,7948.88,8039.0,TRILLO-1,8760,0.06720000045289398
Spain,Trillo 1,PWR,CO2,2008,0.059405643,7743.95,7820.0,TRILLO-1,8784,0.06738410864119733
Spain,Trillo 1,PWR,CO2,2009,0.05521063,7197.1,7438.0,TRILLO-1,8760,0.06719999983326617
Spain,Trillo 1,PWR,CO2,2010,0.059033972,7695.5,7969.0,TRILLO-1,8760,0.06719999931388473
Spain,Trillo 1,PWR,CO2,2011,0.060109479,7835.7,7940.0,TRILLO-1,8760,0.06719999949462079
Spain,Trillo 1,PWR,CO2,2012,0.060976943,7948.78,8066.0,TRILLO-1,8784,0.06738411017942375
Spain,Trillo 1,PWR,CO2,2013,0.057435364,7487.11,7656.0,TRILLO-1,8760,0.06719999955122873
Spain,Trillo 1,PWR,CO2,2014,0.059724307,7785.49,7901.0,TRILLO-1,8760,0.06720000016954616
Spain,Trillo 1,PWR,CO2,2015,0.060809786,7926.99,8009.0,TRILLO-1,8760,0.06719999966696061
Spain,Trillo 1,PWR,CO2,2016,0.061404767,8004.55,8111.0,TRILLO-1,8784,0.06738410945374818
Spain,Vandellos 2,PWR,CO2,1987,0.000308997,40.28,318.0,VANDELLOS-2,8760,0.06719994339622641
Spain,Vandellos 2,PWR,CO2,1988,0.039137864,5101.9,6262.0,VANDELLOS-2,8784,0.06738411128716752
Spain,Vandellos 2,PWR,CO2,1989,0.045020855,5868.79,6357.0,VANDELLOS-2,8760,0.06720000030670717
Spain,Vandellos 2,PWR,CO2,1990,0.056263047,7334.29,7925.0,VANDELLOS-2,8760,0.06720000050720656
Spain,Vandellos 2,PWR,CO2,1991,0.055347331,7214.92,7825.0,VANDELLOS-2,8760,0.06719999938460856
Spain,Vandellos 2,PWR,CO2,1992,0.051536876,6718.2,7249.0,VANDELLOS-2,8784,0.06738410865767618
Spain,Vandellos 2,PWR,CO2,1993,0.053011288,6910.4,7377.0,VANDELLOS-2,8760,0.06720000041676315
Spain,Vandellos 2,PWR,CO2,1994,0.055297622,7208.44,7676.0,VANDELLOS-2,8760,0.06720000009988292
Spain,Vandellos 2,PWR,CO2,1995,0.058081052,7571.28,7957.0,VANDELLOS-2,8760,0.06719999993660253
Spain,Vandellos 2,PWR,CO2,1996,0.057621929,7511.43,7942.0,VANDELLOS-2,8784,0.06738410986137128
Spain,Vandellos 2,PWR,CO2,1997,0.055563583,7243.11,7961.0,VANDELLOS-2,8760,0.06719999932073378
Spain,Vandellos 2,PWR,CO2,1998,0.064123912,8359.01,8760.0,VANDELLOS-2,8760,0.0671999996554616
Spain,Vandellos 2,PWR,CO2,1999,0.055419824,7224.37,7430.0,VANDELLOS-2,8760,0.06719999920269865
Spain,Vandellos 2,PWR,CO2,2000,0.061192734,7976.91,7852.0,VANDELLOS-2,8784,0.06738410931751768
Spain,Vandellos 2,PWR,CO2,2001,0.069120493,9010.35,8727.0,VANDELLOS-2,8760,0.06719999985350181
Spain,Vandellos 2,PWR,CO2,2002,0.061447112,8010.07,7881.0,VANDELLOS-2,8760,0.06719999964045258
Spain,Vandellos 2,PWR,CO2,2003,0.063051781,8219.25,8067.0,VANDELLOS-2,8760,0.06720000018979834
Spain,Vandellos 2,PWR,CO2,2004,0.066563671,8677.05,8429.0,VANDELLOS-2,8784,0.06738410935329404
Spain,Vandellos 2,PWR,CO2,2005,0.036042521,4698.4,4657.0,VANDELLOS-2,8760,0.06720000084284013
Spain,Vandellos 2,PWR,CO2,2006,0.05387315,7022.75,6882.0,VANDELLOS-2,8760,0.06719999914563383
Spain,Vandellos 2,PWR,CO2,2007,0.041330685,5387.75,5313.0,VANDELLOS-2,8760,0.06720000011136373
Spain,Vandellos 2,PWR,CO2,2008,0.053131189,6926.03,6922.0,VANDELLOS-2,8784,0.06738410953692087
Spain,Vandellos 2,PWR,CO2,2009,0.039614707,5164.06,5241.0,VANDELLOS-2,8760,0.06720000025561282
Spain,Vandellos 2,PWR,CO2,2010,0.065196274,8498.8,8293.0,VANDELLOS-2,8760,0.06720000002823928
Spain,Vandellos 2,PWR,CO2,2011,0.053962136,7034.35,6894.0,VANDELLOS-2,8760,0.06719999877174151
Spain,Vandellos 2,PWR,CO2,2012,0.059210871,7718.56,7549.0,VANDELLOS-2,8784,0.06738410932401898
Spain,Vandellos 2,PWR,CO2,2013,0.059397972,7742.95,7676.0,VANDELLOS-2,8760,0.06719999931808936
Spain,Vandellos 2,PWR,CO2,2014,0.067697786,8824.89,8663.0,VANDELLOS-2,8760,0.06719999970084613
Spain,Vandellos 2,PWR,CO2,2015,0.057369545,7478.53,7353.0,VANDELLOS-2,8760,0.067199999759311
Spain,Vandellos 2,PWR,CO2,2016,0.058687464,7650.33,7568.0,VANDELLOS-2,8784,0.0673841107214983
Sweden,Forsmark 1-3,BWR,CO2,1981,0.520153425,8934.4,11282.0,FORSMARK-1,8760,0.5100000003357809
Sweden,Forsmark 1-3,BWR,CO2,1982,0.63252226,10864.5,13207.0,FORSMARK-1,8760,0.509999999779097
Sweden,Forsmark 1-3,BWR,CO2,1983,0.66430411,11410.4,15974.0,FORSMARK-1,8760,0.5100000003155016
Sweden,Forsmark 1-3,BWR,CO2,1984,0.720376747,12373.529999999999,15649.0,FORSMARK-1,8784,0.5113972605754381
Sweden,Forsmark 1-3,BWR,CO2,1985,0.901143219,15478.46,20624.0,FORSMARK-1,8760,0.5099999998992149
Sweden,Forsmark 1-3,BWR,CO2,1986,1.302631404,22374.61,24517.0,FORSMARK-1,8760,0.5099999999570942
Sweden,Forsmark 1-3,BWR,CO2,1987,1.169397979,20086.13,24347.0,FORSMARK-1,8760,0.5099999998028489
Sweden,Forsmark 1-3,BWR,CO2,1988,1.239596918,21291.9,23578.0,FORSMARK-1,8784,0.511397260353092
Sweden,Forsmark 1-3,BWR,CO2,1989,1.132319932,19449.260000000002,23921.0,FORSMARK-1,8760,0.5100000002221163
Sweden,Forsmark 1-3,BWR,CO2,1990,1.200817705,20625.809999999998,24169.0,FORSMARK-1,8760,0.5099999997963717
Sweden,Forsmark 1-3,BWR,CO2,1991,1.356962705,23307.83,24531.0,FORSMARK-1,8760,0.5099999998198029
Sweden,Forsmark 1-3,BWR,CO2,1992,1.266774795,21758.72,24432.0,FORSMARK-1,8784,0.5113972604675274
Sweden,Forsmark 1-3,BWR,CO2,1993,1.292244521,22196.2,23945.0,FORSMARK-1,8760,0.5100000001784089
Sweden,Forsmark 1-3,BWR,CO2,1994,1.415103288,24306.48,24580.0,FORSMARK-1,8760,0.5100000001184869
Sweden,Forsmark 1-3,BWR,CO2,1995,1.362634418,23405.25,24567.0,FORSMARK-1,8760,0.5100000000717788
Sweden,Forsmark 1-3,BWR,CO2,1996,1.366917021,23478.81,24555.0,FORSMARK-1,8784,0.5113972604430973
Sweden,Forsmark 1-3,BWR,CO2,1997,1.262389726,21683.4,22186.0,FORSMARK-1,8760,0.5099999999889316
Sweden,Forsmark 1-3,BWR,CO2,1998,1.366228288,23466.98,24732.0,FORSMARK-1,8760,0.5100000001227256
Sweden,Forsmark 1-3,BWR,CO2,1999,1.379824795,23700.52,24542.0,FORSMARK-1,8760,0.5100000001772113
Sweden,Forsmark 1-3,BWR,CO2,2000,1.111566541,19092.79,22179.0,FORSMARK-1,8784,0.5113972602298563
Sweden,Forsmark 1-3,BWR,CO2,2001,1.331361404,22868.09,24388.0,FORSMARK-1,8760,0.50999999995802
Sweden,Forsmark 1-3,BWR,CO2,2002,1.341778562,23047.02,24583.0,FORSMARK-1,8760,0.5100000001353754
Sweden,Forsmark 1-3,BWR,CO2,2003,1.389120651,23860.19,24516.0,FORSMARK-1,8760,0.5100000001156739
Sweden,Forsmark 1-3,BWR,CO2,2004,1.454779075,24987.97,25004.0,FORSMARK-1,8784,0.5113972601535859
Sweden,Forsmark 1-3,BWR,CO2,2005,1.452567911,24949.989999999998,24487.0,FORSMARK-1,8760,0.5100000000144289
Sweden,Forsmark 1-3,BWR,CO2,2006,1.29807226,22296.3,21555.0,FORSMARK-1,8760,0.5099999998923589
Sweden,Forsmark 1-3,BWR,CO2,2007,1.363734178,23424.14,22724.0,FORSMARK-1,8760,0.5099999999692625
Sweden,Forsmark 1-3,BWR,CO2,2008,1.222811164,21003.58,20969.0,FORSMARK-1,8784,0.5113972601135615
Sweden,Forsmark 1-3,BWR,CO2,2009,1.275090822,21901.56,21555.0,FORSMARK-1,8760,0.5100000000328743
Sweden,Forsmark 1-3,BWR,CO2,2010,1.143889829,19647.989999999998,23235.0,FORSMARK-1,8760,0.5100000001038274
Sweden,Forsmark 1-3,BWR,CO2,2011,1.37568774,23629.46,22779.0,FORSMARK-1,8760,0.5100000001015682
Sweden,Forsmark 1-3,BWR,CO2,2012,1.432266301,24601.28,23897.0,FORSMARK-1,8784,0.5113972601419113
Sweden,Forsmark 1-3,BWR,CO2,2013,1.470576849,25259.32,23851.0,FORSMARK-1,8760,0.5099999998907334
Sweden,Forsmark 1-3,BWR,CO2,2014,1.47609661,25354.129999999997,23624.0,FORSMARK-1,8760,0.5100000001419888
Sweden,Forsmark 1-3,BWR,CO2,2015,1.232261301,21165.899999999998,20460.0,FORSMARK-1,8760,0.5099999998469237
Sweden,Forsmark 1-3,BWR,CO2,2016,1.398251164,24017.02,22721.0,FORSMARK-1,8784,0.5113972601336885
Sweden,Oskarshamn 1-3,BWR,CO2,1978,0.393100548,6752.08,14085.0,OSKARSHAMN-1,8760,0.5100000000710893
Sweden,Oskarshamn 1-3,BWR,CO2,1979,0.378765822,6505.860000000001,13895.0,OSKARSHAMN-1,8760,0.5100000001106694
Sweden,Oskarshamn 1-3,BWR,CO2,1980,0.41721726,7166.320000000001,14920.0,OSKARSHAMN-1,8784,0.5113972599381551
Sweden,Oskarshamn 1-3,BWR,CO2,1981,0.391337671,6721.799999999999,14527.0,OSKARSHAMN-1,8760,0.5099999996965099
Sweden,Oskarshamn 1-3,BWR,CO2,1982,0.418395616,7186.5599999999995,14870.0,OSKARSHAMN-1,8760,0.5099999994656693
Sweden,Oskarshamn 1-3,BWR,CO2,1983,0.418472466,7187.879999999999,15396.0,OSKARSHAMN-1,8760,0.5100000003005059
Sweden,Oskarshamn 1-3,BWR,CO2,1984,0.443979452,7626.0,15501.0,OSKARSHAMN-1,8784,0.5113972602108576
Sweden,Oskarshamn 1-3,BWR,CO2,1985,0.613281986,10534.02,18935.0,OSKARSHAMN-1,8760,0.5099999997493834
Sweden,Oskarshamn 1-3,BWR,CO2,1986,0.91981411,15799.16,23231.0,OSKARSHAMN-1,8760,0.5100000002278603
Sweden,Oskarshamn 1-3,BWR,CO2,1987,0.845414075,14521.23,23585.0,OSKARSHAMN-1,8760,0.5099999997934059
Sweden,Oskarshamn 1-3,BWR,CO2,1988,0.84956976,14592.61,22178.0,OSKARSHAMN-1,8784,0.5113972601090552
Sweden,Oskarshamn 1-3,BWR,CO2,1989,0.868889212,14924.45,24093.0,OSKARSHAMN-1,8760,0.509999999807028
Sweden,Oskarshamn 1-3,BWR,CO2,1990,0.825798288,14184.3,21459.0,OSKARSHAMN-1,8760,0.5100000002030414
Sweden,Oskarshamn 1-3,BWR,CO2,1991,0.954118014,16388.379999999997,23505.0,OSKARSHAMN-1,8760,0.5100000001610898
Sweden,Oskarshamn 1-3,BWR,CO2,1992,0.751432603,12906.96,17552.0,OSKARSHAMN-1,8784,0.5113972604511055
Sweden,Oskarshamn 1-3,BWR,CO2,1993,0.637557637,10950.99,12990.0,OSKARSHAMN-2,8760,0.5100000000109579
Sweden,Oskarshamn 1-3,BWR,CO2,1994,0.753419041,12941.080000000002,15762.0,OSKARSHAMN-2,8760,0.5099999999350904
Sweden,Oskarshamn 1-3,BWR,CO2,1995,0.757081027,13003.98,15406.0,OSKARSHAMN-2,8760,0.5099999997323896
Sweden,Oskarshamn 1-3,BWR,CO2,1996,0.853423288,14658.8,19740.0,OSKARSHAMN-1,8784,0.5113972604709799
Sweden,Oskarshamn 1-3,BWR,CO2,1997,0.949773699,16313.76,22465.0,OSKARSHAMN-1,8760,0.5100000001986054
Sweden,Oskarshamn 1-3,BWR,CO2,1998,0.802715548,13787.82,18833.0,OSKARSHAMN-1,8760,0.5100000000348134
Sweden,Oskarshamn 1-3,BWR,CO2,1999,0.874091678,15013.81,21164.0,OSKARSHAMN-1,8760,0.5099999999520441
Sweden,Oskarshamn 1-3,BWR,CO2,2000,0.825422774,14177.85,23365.0,OSKARSHAMN-1,8784,0.5113972602909468
Sweden,Oskarshamn 1-3,BWR,CO2,2001,0.982815411,16881.3,23766.0,OSKARSHAMN-1,8760,0.5100000000213254
Sweden,Oskarshamn 1-3,BWR,CO2,2002,0.779706164,13392.599999999999,16183.0,OSKARSHAMN-2,8760,0.5099999997491153
Sweden,Oskarshamn 1-3,BWR,CO2,2003,0.80293911,13791.66,19235.0,OSKARSHAMN-1,8760,0.5100000002610273
Sweden,Oskarshamn 1-3,BWR,CO2,2004,1.017724212,17480.91,23879.0,OSKARSHAMN-1,8784,0.5113972601087701
Sweden,Oskarshamn 1-3,BWR,CO2,2005,0.964540411,16567.4,22987.0,OSKARSHAMN-1,8760,0.5100000000217294
Sweden,Oskarshamn 1-3,BWR,CO2,2006,0.916150377,15736.23,20076.0,OSKARSHAMN-1,8760,0.51000000016014
Sweden,Oskarshamn 1-3,BWR,CO2,2007,0.896431541,15397.529999999999,20590.0,OSKARSHAMN-1,8760,0.5099999999454459
Sweden,Oskarshamn 1-3,BWR,CO2,2008,0.879195171,15101.470000000001,21878.0,OSKARSHAMN-1,8784,0.5113972601385163
Sweden,Oskarshamn 1-3,BWR,CO2,2009,0.49289637,8466.22,15593.0,OSKARSHAMN-1,8760,0.5100000001417397
Sweden,Oskarshamn 1-3,BWR,CO2,2010,0.702127363,12060.07,20087.0,OSKARSHAMN-1,8760,0.5099999999900499
Sweden,Oskarshamn 1-3,BWR,CO2,2011,0.903970925,15527.029999999999,20817.0,OSKARSHAMN-1,8760,0.5100000001932115
Sweden,Oskarshamn 1-3,BWR,CO2,2012,0.724192432,12439.07,13888.0,OSKARSHAMN-1,8784,0.511397260622217
Sweden,Oskarshamn 1-3,BWR,CO2,2013,0.682121507,11716.44,12179.0,OSKARSHAMN-1,8760,0.5100000001126621
Sweden,Oskarshamn 1-3,BWR,CO2,2014,0.714284692,12268.89,14111.0,OSKARSHAMN-1,8760,0.5100000001564934
Sweden,Oskarshamn 1-3,BWR,CO2,2015,0.707767637,12156.95,13094.0,OSKARSHAMN-1,8760,0.5100000000098708
Sweden,Oskarshamn 1-3,BWR,CO2,2016,0.793683425,13632.68,15081.0,OSKARSHAMN-1,8784,0.511397260494635
Sweden,Ringhals 1,BWR,CO2,1978,0.241790068,4153.1,6099.0,RINGHALS-1,8760,0.5099999989598131
Sweden,Ringhals 1,BWR,CO2,1979,0.225203425,3868.2,6070.0,RINGHALS-1,8760,0.5100000007755545
Sweden,Ringhals 1,BWR,CO2,1980,0.258132192,4433.8,6362.0,RINGHALS-1,8784,0.511397260708196
Sweden,Ringhals 1,BWR,CO2,1981,0.236334932,4059.4,6285.0,RINGHALS-1,8760,0.5100000010641967
Sweden,Ringhals 1,BWR,CO2,1982,0.272902397,4687.5,7162.0,RINGHALS-1,8760,0.5099999995136
Sweden,Ringhals 1,BWR,CO2,1983,0.190085616,3265.0,5372.0,RINGHALS-1,8760,0.5099999988238897
Sweden,Ringhals 1,BWR,CO2,1984,0.286301541,4917.65,7382.0,RINGHALS-1,8784,0.5113972601026914
Sweden,Ringhals 1,BWR,CO2,1985,0.300926199,5168.85,7832.0,RINGHALS-1,8760,0.5100000006268319
Sweden,Ringhals 1,BWR,CO2,1986,0.260268836,4470.5,7203.0,RINGHALS-1,8760,0.5100000007515938
Sweden,Ringhals 1,BWR,CO2,1987,0.283684007,4872.69,7878.0,RINGHALS-1,8760,0.5100000002708976
Sweden,Ringhals 1,BWR,CO2,1988,0.273323904,4694.74,7338.0,RINGHALS-1,8784,0.5113972600689282
Sweden,Ringhals 1,BWR,CO2,1989,0.282671575,4855.3,7963.0,RINGHALS-1,8760,0.5099999993821185
Sweden,Ringhals 1,BWR,CO2,1990,0.263477877,4525.62,7918.0,RINGHALS-1,8760,0.5100000005568299
Sweden,Ringhals 1,BWR,CO2,1991,0.328295034,5638.95,8034.0,RINGHALS-1,8760,0.50999999961695
Sweden,Ringhals 1,BWR,CO2,1992,0.197001473,3383.79,4938.0,RINGHALS-1,8784,0.5113972613052229
Sweden,Ringhals 1,BWR,CO2,1993,0.232664212,3996.35,6575.0,RINGHALS-1,8760,0.5099999992793424
Sweden,Ringhals 1,BWR,CO2,1994,0.313756541,5389.23,7189.0,RINGHALS-1,8760,0.5099999998441336
Sweden,Ringhals 1,BWR,CO2,1995,0.329926336,5666.97,7697.0,RINGHALS-1,8760,0.5100000005929094
Sweden,Ringhals 1,BWR,CO2,1996,0.377894863,6490.9,8008.0,RINGHALS-1,8784,0.5113972602554346
Sweden,Ringhals 1,BWR,CO2,1997,0.130197877,2236.34,3022.0,RINGHALS-1,8760,0.5100000011268412
Sweden,Ringhals 1,BWR,CO2,1998,0.326122295,5601.63,7605.0,RINGHALS-1,8760,0.5100000007497818
Sweden,Ringhals 1,BWR,CO2,1999,0.287042089,4930.37,6500.0,RINGHALS-1,8760,0.5099999999269832
Sweden,Ringhals 1,BWR,CO2,2000,0.188610342,3239.66,4659.0,RINGHALS-1,8784,0.5113972590111308
Sweden,Ringhals 1,BWR,CO2,2001,0.339708904,5835.0,7814.0,RINGHALS-1,8760,0.5099999998354755
Sweden,Ringhals 1,BWR,CO2,2002,0.34676274,5956.16,7667.0,RINGHALS-1,8760,0.5100000004029442
Sweden,Ringhals 1,BWR,CO2,2003,0.297166986,5104.28,6269.0,RINGHALS-1,8760,0.5099999994827871
Sweden,Ringhals 1,BWR,CO2,2004,0.379767774,6523.07,7974.0,RINGHALS-1,8784,0.511397260310866
Sweden,Ringhals 1,BWR,CO2,2005,0.353090582,6064.85,7452.0,RINGHALS-1,8760,0.5099999997229939
Sweden,Ringhals 1,BWR,CO2,2006,0.379520342,6518.82,7982.0,RINGHALS-1,8760,0.5099999993741199
Sweden,Ringhals 1,BWR,CO2,2007,0.347183082,5963.38,7275.0,RINGHALS-1,8760,0.5099999997182805
Sweden,Ringhals 1,BWR,CO2,2008,0.265056199,4552.73,5480.0,RINGHALS-1,8784,0.5113972609875833
Sweden,Ringhals 1,BWR,CO2,2009,0.076518048,1314.31,1639.0,RINGHALS-1,8760,0.5100000003652106
Sweden,Ringhals 1,BWR,CO2,2010,0.20886887,3587.63,4518.0,RINGHALS-1,8760,0.5100000003344827
Sweden,Ringhals 1,BWR,CO2,2011,0.347640103,5971.23,7377.0,RINGHALS-1,8760,0.5100000003818309
Sweden,Ringhals 1,BWR,CO2,2012,0.321927603,5529.58,7322.0,RINGHALS-1,8784,0.5113972606874302
Sweden,Ringhals 1,BWR,CO2,2013,0.35633339,6120.55,7842.0,RINGHALS-1,8760,0.5099999994118176
Sweden,Ringhals 1,BWR,CO2,2014,0.319337432,5485.09,6449.0,RINGHALS-1,8760,0.5100000007875896
Sweden,Ringhals 1,BWR,CO2,2015,0.336165685,5774.14,7248.0,RINGHALS-1,8760,0.5100000001039116
Sweden,Ringhals 1,BWR,CO2,2016,0.379984349,6526.79,7802.0,RINGHALS-1,8784,0.5113972598499416
Sweden,Ringhals 2,PWR,CO2,1978,0.031409096,4094.4,6772.0,RINGHALS-2,8760,0.06720000023446658
Sweden,Ringhals 2,PWR,CO2,1979,0.027503671,3585.3,5541.0,RINGHALS-2,8760,0.06719999943100996
Sweden,Ringhals 2,PWR,CO2,1980,0.03326937,4336.9,5824.0,RINGHALS-2,8784,0.0673841098664945
Sweden,Ringhals 2,PWR,CO2,1981,0.03139989,4093.2,6216.0,RINGHALS-2,8760,0.06719999912049253
Sweden,Ringhals 2,PWR,CO2,1982,0.034888767,4548.0,5922.0,RINGHALS-2,8760,0.06719999976253299
Sweden,Ringhals 2,PWR,CO2,1983,0.030188603,3935.3,6107.0,RINGHALS-2,8760,0.06720000057937134
Sweden,Ringhals 2,PWR,CO2,1984,0.032055628,4178.68,6090.0,RINGHALS-2,8784,0.06738411085605982
Sweden,Ringhals 2,PWR,CO2,1985,0.032945336,4294.66,6680.0,RINGHALS-2,8760,0.0671999979881993
Sweden,Ringhals 2,PWR,CO2,1986,0.030447967,3969.11,6383.0,RINGHALS-2,8760,0.0671999997278987
Sweden,Ringhals 2,PWR,CO2,1987,0.032346367,4216.58,7397.0,RINGHALS-2,8760,0.06719999974386826
Sweden,Ringhals 2,PWR,CO2,1988,0.032342915,4216.13,7368.0,RINGHALS-2,8784,0.0673841094463406
Sweden,Ringhals 2,PWR,CO2,1989,0.027766871,3619.61,6002.0,RINGHALS-2,8760,0.06719999943640337
Sweden,Ringhals 2,PWR,CO2,1990,0.038852953,5064.76,6348.0,RINGHALS-2,8760,0.06719999926551308
Sweden,Ringhals 2,PWR,CO2,1991,0.047813643,6232.85,7909.0,RINGHALS-2,8760,0.06719999882557738
Sweden,Ringhals 2,PWR,CO2,1992,0.039839628,5193.38,6959.0,RINGHALS-2,8784,0.06738411060850544
Sweden,Ringhals 2,PWR,CO2,1993,0.020328767,2650.0,3307.0,RINGHALS-2,8760,0.06719999959245283
Sweden,Ringhals 2,PWR,CO2,1994,0.048012022,6258.71,7429.0,RINGHALS-2,8760,0.06720000011503968
Sweden,Ringhals 2,PWR,CO2,1995,0.046768745,6096.64,7676.0,RINGHALS-2,8760,0.0671999997047554
Sweden,Ringhals 2,PWR,CO2,1996,0.043904843,5723.31,7574.0,RINGHALS-2,8784,0.06738410830655686
Sweden,Ringhals 2,PWR,CO2,1997,0.047370783,6175.12,7927.0,RINGHALS-2,8760,0.06719999920325435
Sweden,Ringhals 2,PWR,CO2,1998,0.046766904,6096.4,7866.0,RINGHALS-2,8760,0.06719999984253003
Sweden,Ringhals 2,PWR,CO2,1999,0.049447386,6445.82,8075.0,RINGHALS-2,8760,0.06719999959043226
Sweden,Ringhals 2,PWR,CO2,2000,0.039457217,5143.53,7284.0,RINGHALS-2,8784,0.06738411054820329
Sweden,Ringhals 2,PWR,CO2,2001,0.048502521,6322.65,8004.0,RINGHALS-2,8760,0.06720000062631966
Sweden,Ringhals 2,PWR,CO2,2002,0.050172164,6540.3,8130.0,RINGHALS-2,8760,0.0671999994862621
Sweden,Ringhals 2,PWR,CO2,2003,0.052252757,6811.52,8093.0,RINGHALS-2,8760,0.06720000107464999
Sweden,Ringhals 2,PWR,CO2,2004,0.052061666,6786.61,7976.0,RINGHALS-2,8784,0.06738410990818686
Sweden,Ringhals 2,PWR,CO2,2005,0.044373633,5784.42,6874.0,RINGHALS-2,8760,0.06720000018670844
Sweden,Ringhals 2,PWR,CO2,2006,0.0524664,6839.37,8107.0,RINGHALS-2,8760,0.06720000000000001
Sweden,Ringhals 2,PWR,CO2,2007,0.048828011,6365.08,7782.0,RINGHALS-2,8760,0.06720000005655859
Sweden,Ringhals 2,PWR,CO2,2008,0.044081512,5746.34,7175.0,RINGHALS-2,8784,0.0673841090864794
Sweden,Ringhals 2,PWR,CO2,2009,0.021374357,2786.3,3432.0,RINGHALS-2,8760,0.06720000262713993
Sweden,Ringhals 2,PWR,CO2,2010,0.042958443,5599.94,7164.0,RINGHALS-2,8760,0.06719999869284314
Sweden,Ringhals 2,PWR,CO2,2011,0.013245611,1726.66,2186.0,RINGHALS-2,8760,0.06720000020849501
Sweden,Ringhals 2,PWR,CO2,2012,0.027715857,3612.96,4660.0,RINGHALS-2,8784,0.06738410829015544
Sweden,Ringhals 2,PWR,CO2,2013,0.048312428,6297.87,7978.0,RINGHALS-2,8760,0.06720000083837868
Sweden,Ringhals 2,PWR,CO2,2014,0.033151847,4321.58,5443.0,RINGHALS-2,8760,0.06720000086079628
Sweden,Ringhals 2,PWR,CO2,2016,0.005383902,701.83,853.0,RINGHALS-2,8784,0.06738411747574198
Sweden,Ringhals 3,PWR,CO2,1980,0.002694136,351.2,1306.0,RINGHALS-3,8784,0.06738408492027335
Sweden,Ringhals 3,PWR,CO2,1981,0.021933589,2859.2,4560.0,RINGHALS-3,8760,0.06719999987409066
Sweden,Ringhals 3,PWR,CO2,1982,0.009601315,1251.6,3680.0,RINGHALS-3,8760,0.0671999995206136
Sweden,Ringhals 3,PWR,CO2,1983,0.022322521,2909.9,5886.0,RINGHALS-3,8760,0.06720000136087151
Sweden,Ringhals 3,PWR,CO2,1984,0.041014707,5346.56,6450.0,RINGHALS-3,8784,0.06738410983660521
Sweden,Ringhals 3,PWR,CO2,1985,0.046719726,6090.25,7580.0,RINGHALS-3,8760,0.06719999996059275
Sweden,Ringhals 3,PWR,CO2,1986,0.047821469,6233.87,7026.0,RINGHALS-3,8760,0.06720000071223814
Sweden,Ringhals 3,PWR,CO2,1987,0.047325447,6169.21,7485.0,RINGHALS-3,8760,0.06720000060299455
Sweden,Ringhals 3,PWR,CO2,1988,0.047187057,6151.17,7645.0,RINGHALS-3,8784,0.06738410882612576
Sweden,Ringhals 3,PWR,CO2,1989,0.044720833,5829.68,7757.0,RINGHALS-3,8760,0.06720000018525889
Sweden,Ringhals 3,PWR,CO2,1990,0.045039879,5871.27,7855.0,RINGHALS-3,8760,0.06719999932552922
Sweden,Ringhals 3,PWR,CO2,1991,0.045441315,5923.6,8007.0,RINGHALS-3,8760,0.06719999989871024
Sweden,Ringhals 3,PWR,CO2,1992,0.043128592,5622.12,7941.0,RINGHALS-3,8784,0.06738410993148491
Sweden,Ringhals 3,PWR,CO2,1993,0.051288022,6685.76,7964.0,RINGHALS-3,8760,0.06720000010769157
Sweden,Ringhals 3,PWR,CO2,1994,0.052727222,6873.37,8097.0,RINGHALS-3,8760,0.0672000001047521
Sweden,Ringhals 3,PWR,CO2,1995,0.037386214,4873.56,6040.0,RINGHALS-3,8760,0.06720000054169847
Sweden,Ringhals 3,PWR,CO2,1996,0.052292953,6816.76,8166.0,RINGHALS-3,8784,0.06738410904183219
Sweden,Ringhals 3,PWR,CO2,1997,0.050487605,6581.42,8107.0,RINGHALS-3,8760,0.06719999936183985
Sweden,Ringhals 3,PWR,CO2,1998,0.048962795,6382.65,8008.0,RINGHALS-3,8760,0.0672000006580339
Sweden,Ringhals 3,PWR,CO2,1999,0.053514367,6975.98,7899.0,RINGHALS-3,8760,0.06719999984518304
Sweden,Ringhals 3,PWR,CO2,2000,0.047299595,6165.84,7966.0,RINGHALS-3,8784,0.06738411027207972
Sweden,Ringhals 3,PWR,CO2,2001,0.048215693,6285.26,7942.0,RINGHALS-3,8760,0.06719999978998481
Sweden,Ringhals 3,PWR,CO2,2002,0.052859474,6890.61,7930.0,RINGHALS-3,8760,0.06720000003483001
Sweden,Ringhals 3,PWR,CO2,2003,0.05150926,6714.6,7475.0,RINGHALS-3,8760,0.06719999964256992
Sweden,Ringhals 3,PWR,CO2,2004,0.057518136,7497.9,8295.0,RINGHALS-3,8784,0.0673841084335614
Sweden,Ringhals 3,PWR,CO2,2005,0.055091419,7181.56,8075.0,RINGHALS-3,8760,0.067199999782777
Sweden,Ringhals 3,PWR,CO2,2006,0.050406443,6570.84,7249.0,RINGHALS-3,8760,0.06719999888598718
Sweden,Ringhals 3,PWR,CO2,2007,0.045956822,5990.8,6565.0,RINGHALS-3,8760,0.06720000012018429
Sweden,Ringhals 3,PWR,CO2,2008,0.058299836,7599.8,7980.0,RINGHALS-3,8784,0.06738411003236927
Sweden,Ringhals 3,PWR,CO2,2009,0.062159157,8102.89,8093.0,RINGHALS-3,8760,0.06720000090338138
Sweden,Ringhals 3,PWR,CO2,2010,0.058343178,7605.45,7590.0,RINGHALS-3,8760,0.06719999990533106
Sweden,Ringhals 3,PWR,CO2,2011,0.054784953,7141.61,7032.0,RINGHALS-3,8760,0.06719999947910905
Sweden,Ringhals 3,PWR,CO2,2012,0.063884647,8327.82,8088.0,RINGHALS-3,8784,0.06738411003696046
Sweden,Ringhals 3,PWR,CO2,2013,0.053314762,6949.96,6852.0,RINGHALS-3,8760,0.06720000044892345
Sweden,Ringhals 3,PWR,CO2,2014,0.062136372,8099.92,7887.0,RINGHALS-3,8760,0.0671999993481417
Sweden,Ringhals 3,PWR,CO2,2015,0.05947714,7753.27,7853.0,RINGHALS-3,8760,0.06720000030954681
Sweden,Ringhals 3,PWR,CO2,2016,0.057055102,7437.54,7106.0,RINGHALS-3,8784,0.06738411033325535
Sweden,Ringhals 4,PWR,CO2,1982,0.001462136,190.6,1418.0,RINGHALS-4,8760,0.06719995466946485
Sweden,Ringhals 4,PWR,CO2,1983,0.020352548,2653.1,4122.0,RINGHALS-4,8760,0.06720000018092044
Sweden,Ringhals 4,PWR,CO2,1984,0.045933117,5987.71,7517.0,RINGHALS-4,8784,0.06738410840337959
Sweden,Ringhals 4,PWR,CO2,1985,0.045442236,5923.72,7755.0,RINGHALS-4,8760,0.06720000056721114
Sweden,Ringhals 4,PWR,CO2,1986,0.043106652,5619.26,6839.0,RINGHALS-4,8760,0.0671999999145795
Sweden,Ringhals 4,PWR,CO2,1987,0.043464745,5665.94,7827.0,RINGHALS-4,8760,0.0671999996823122
Sweden,Ringhals 4,PWR,CO2,1988,0.050950257,6641.73,7945.0,RINGHALS-4,8784,0.0673841088824749
Sweden,Ringhals 4,PWR,CO2,1989,0.042474236,5536.82,7624.0,RINGHALS-4,8760,0.06720000060684653
Sweden,Ringhals 4,PWR,CO2,1990,0.049612164,6467.3,8080.0,RINGHALS-4,8760,0.06719999948046325
Sweden,Ringhals 4,PWR,CO2,1991,0.053055397,6916.15,8041.0,RINGHALS-4,8760,0.06719999967033682
Sweden,Ringhals 4,PWR,CO2,1992,0.049344515,6432.41,8156.0,RINGHALS-4,8784,0.06738410949550791
Sweden,Ringhals 4,PWR,CO2,1993,0.048653567,6342.34,7906.0,RINGHALS-4,8760,0.06719999982971585
Sweden,Ringhals 4,PWR,CO2,1994,0.047827836,6234.7,7476.0,RINGHALS-4,8760,0.06720000053891928
Sweden,Ringhals 4,PWR,CO2,1995,0.047958247,6251.7,7684.0,RINGHALS-4,8760,0.06720000059503815
Sweden,Ringhals 4,PWR,CO2,1996,0.04930125,6426.77,8067.0,RINGHALS-4,8784,0.06738411052519383
Sweden,Ringhals 4,PWR,CO2,1997,0.04888309,6372.26,7665.0,RINGHALS-4,8760,0.0671999994350513
Sweden,Ringhals 4,PWR,CO2,1998,0.052239562,6809.8,8146.0,RINGHALS-4,8760,0.06720000045816324
Sweden,Ringhals 4,PWR,CO2,1999,0.0535976,6986.83,8042.0,RINGHALS-4,8760,0.06720000000000001
Sweden,Ringhals 4,PWR,CO2,2000,0.031150652,4060.71,5898.0,RINGHALS-4,8784,0.06738410947051132
Sweden,Ringhals 4,PWR,CO2,2001,0.050814093,6623.98,7758.0,RINGHALS-4,8760,0.06719999980072404
Sweden,Ringhals 4,PWR,CO2,2002,0.045584,5942.2,7056.0,RINGHALS-4,8760,0.0672
Sweden,Ringhals 4,PWR,CO2,2003,0.053671857,6996.51,7843.0,RINGHALS-4,8760,0.06719999933109508
Sweden,Ringhals 4,PWR,CO2,2004,0.055306597,7209.61,8092.0,RINGHALS-4,8784,0.06738410927193011
Sweden,Ringhals 4,PWR,CO2,2005,0.054694203,7129.78,8073.0,RINGHALS-4,8760,0.06720000031978546
Sweden,Ringhals 4,PWR,CO2,2006,0.054407222,7092.37,8054.0,RINGHALS-4,8760,0.06720000010151754
Sweden,Ringhals 4,PWR,CO2,2007,0.055178181,7192.87,8126.0,RINGHALS-4,8760,0.06720000021688144
Sweden,Ringhals 4,PWR,CO2,2008,0.056245096,7331.95,8046.0,RINGHALS-4,8784,0.06738410972033361
Sweden,Ringhals 4,PWR,CO2,2009,0.057286159,7467.66,8165.0,RINGHALS-4,8760,0.06720000011248504
Sweden,Ringhals 4,PWR,CO2,2010,0.055458948,7229.47,7948.0,RINGHALS-4,8760,0.06720000006639491
Sweden,Ringhals 4,PWR,CO2,2011,0.031470772,4102.44,4678.0,RINGHALS-4,8760,0.06719999871296108
Sweden,Ringhals 4,PWR,CO2,2012,0.053415024,6963.03,7541.0,RINGHALS-4,8784,0.06738410875954864
Sweden,Ringhals 4,PWR,CO2,2013,0.056608022,7379.26,8054.0,RINGHALS-4,8760,0.06720000009757077
Sweden,Ringhals 4,PWR,CO2,2014,0.051707485,6740.44,7396.0,RINGHALS-4,8760,0.06720000008901496
Sweden,Ringhals 4,PWR,CO2,2015,0.058338115,7604.79,7215.0,RINGHALS-4,8760,0.06719999992110236
Sweden,Ringhals 4,PWR,CO2,2016,0.063913183,8331.54,7862.0,RINGHALS-4,8784,0.06738410899689613
Switzerland,Beznau 1-2,PWR,CO2,1972,0.030849096,4021.4,13015.0,BEZNAU-1,8784,0.06738410982841796
Switzerland,Beznau 1-2,PWR,CO2,1973,0.029731397,3875.7,13696.0,BEZNAU-1,8760,0.06719999941171917
Switzerland,Beznau 1-2,PWR,CO2,1974,0.037393424,4874.5,14784.0,BEZNAU-1,8760,0.06719999881834035
Switzerland,Beznau 1-2,PWR,CO2,1975,0.038646904,5037.9,14993.0,BEZNAU-1,8760,0.06719999980944442
Switzerland,Beznau 1-2,PWR,CO2,1976,0.039892712,5200.299999999999,15307.0,BEZNAU-1,8784,0.0673841090337096
Switzerland,Beznau 1-2,PWR,CO2,1977,0.040559343,5287.200000000001,15350.0,BEZNAU-1,8760,0.0672000008851566
Switzerland,Beznau 1-2,PWR,CO2,1978,0.04230685,5515.0,15919.0,BEZNAU-1,8760,0.06720000108794197
Switzerland,Beznau 1-2,PWR,CO2,1979,0.041108603,5358.8,15581.0,BEZNAU-1,8760,0.06720000042546838
Switzerland,Beznau 1-2,PWR,CO2,1980,0.039963288,5209.5,14961.0,BEZNAU-1,8784,0.06738411014339188
Switzerland,Beznau 1-2,PWR,CO2,1981,0.040952876,5338.5,15354.0,BEZNAU-1,8760,0.06719999883113234
Switzerland,Beznau 1-2,PWR,CO2,1982,0.04057315,5289.0,15364.0,BEZNAU-1,8760,0.06719999886557006
Switzerland,Beznau 1-2,PWR,CO2,1983,0.04098126,5342.2,15523.0,BEZNAU-1,8760,0.06719999955074688
Switzerland,Beznau 1-2,PWR,CO2,1984,0.041863069,5457.15,15875.0,BEZNAU-1,8784,0.06738411040488168
Switzerland,Beznau 1-2,PWR,CO2,1985,0.040376153,5263.32,15553.0,BEZNAU-1,8760,0.06719999929322176
Switzerland,Beznau 1-2,PWR,CO2,1986,0.040397326,5266.08,15386.0,BEZNAU-1,8760,0.0671999999544253
Switzerland,Beznau 1-2,PWR,CO2,1987,0.038462641,5013.88,14791.0,BEZNAU-1,8760,0.06719999983246508
Switzerland,Beznau 1-2,PWR,CO2,1988,0.039865403,5196.74,15103.0,BEZNAU-1,8784,0.06738411002897972
Switzerland,Beznau 1-2,PWR,CO2,1989,0.038942936,5076.49,14676.0,BEZNAU-1,8760,0.06719999829803663
Switzerland,Beznau 1-2,PWR,CO2,1990,0.039879288,5198.55,15074.0,BEZNAU-1,8760,0.06720000055400063
Switzerland,Beznau 1-2,PWR,CO2,1991,0.039236745,5114.790000000001,14981.0,BEZNAU-1,8760,0.06719999964807939
Switzerland,Beznau 1-2,PWR,CO2,1992,0.037230717,4853.29,14139.0,BEZNAU-1,8784,0.06738410812624014
Switzerland,Beznau 1-2,PWR,CO2,1993,0.036893721,4809.36,13758.0,BEZNAU-1,8760,0.06720000082339439
Switzerland,Beznau 1-2,PWR,CO2,1994,0.044107134,5749.68,16320.0,BEZNAU-1,8760,0.0671999996243269
Switzerland,Beznau 1-2,PWR,CO2,1995,0.04151211,5411.4,15240.0,BEZNAU-1,8760,0.06720000066526223
Switzerland,Beznau 1-2,PWR,CO2,1996,0.042247628,5507.28,15616.0,BEZNAU-1,8784,0.06738411055039875
Switzerland,Beznau 1-2,PWR,CO2,1997,0.04448126,5798.45,16463.0,BEZNAU-1,8760,0.06719999958609629
Switzerland,Beznau 1-2,PWR,CO2,1998,0.045267562,5900.950000000001,16515.0,BEZNAU-1,8760,0.0672000005287284
Switzerland,Beznau 1-2,PWR,CO2,1999,0.038804624,5058.46,14396.0,BEZNAU-1,8760,0.06719999886131353
Switzerland,Beznau 1-2,PWR,CO2,2000,0.043037381,5610.23,15612.0,BEZNAU-1,8784,0.06738410986786639
Switzerland,Beznau 1-2,PWR,CO2,2001,0.043410433,5658.86,15611.0,BEZNAU-1,8760,0.06720000019085116
Switzerland,Beznau 1-2,PWR,CO2,2002,0.045419759,5920.790000000001,16292.0,BEZNAU-1,8760,0.06720000014187295
Switzerland,Beznau 1-2,PWR,CO2,2003,0.045889698,5982.05,16564.0,BEZNAU-1,8760,0.0671999990772394
Switzerland,Beznau 1-2,PWR,CO2,2004,0.045264417,5900.54,16314.0,BEZNAU-1,8784,0.06738411042514754
Switzerland,Beznau 1-2,PWR,CO2,2005,0.045237107,5896.98,16219.0,BEZNAU-1,8760,0.0672000002238434
Switzerland,Beznau 1-2,PWR,CO2,2006,0.046210817,6023.91,16631.0,BEZNAU-1,8760,0.06720000081674526
Switzerland,Beznau 1-2,PWR,CO2,2007,0.045973622,5992.99,16549.0,BEZNAU-1,8760,0.06720000012014037
Switzerland,Beznau 1-2,PWR,CO2,2008,0.046257074,6029.9400000000005,16648.0,BEZNAU-1,8784,0.06738410962895153
Switzerland,Beznau 1-2,PWR,CO2,2009,0.044691069,5825.799999999999,16075.0,BEZNAU-1,8760,0.0672000007621271
Switzerland,Beznau 1-2,PWR,CO2,2010,0.042425907,5530.52,15212.0,BEZNAU-1,8760,0.06720000023867556
Switzerland,Beznau 1-2,PWR,CO2,2011,0.044541786,5806.34,16022.0,BEZNAU-1,8760,0.06719999954532459
Switzerland,Beznau 1-2,PWR,CO2,2012,0.042335233,5518.7,15223.0,BEZNAU-1,8784,0.06738410978527552
Switzerland,Beznau 1-2,PWR,CO2,2013,0.045800943,5970.48,16441.0,BEZNAU-1,8760,0.06720000078385657
Switzerland,Beznau 1-2,PWR,CO2,2014,0.045828943,5974.13,16480.0,BEZNAU-1,8760,0.06720000078337766
Switzerland,Beznau 1-2,PWR,CO2,2015,0.020343343,2651.8999999999996,7326.0,BEZNAU-1,8760,0.06720000176477244
Switzerland,Beznau 1-2,PWR,CO2,2016,0.023384757,3048.37,8474.0,BEZNAU-2,8784,0.06738411199690326
Switzerland,Gösgen,PWR,CO2,1979,0.026072219,3398.7,4724.0,GOESGEN,8760,0.06719999954100098
Switzerland,Gösgen,PWR,CO2,1980,0.045534136,5935.7,6819.0,GOESGEN,8784,0.06738410812945399
Switzerland,Gösgen,PWR,CO2,1981,0.05007474,6527.6,7523.0,GOESGEN,8760,0.06720000036766959
Switzerland,Gösgen,PWR,CO2,1982,0.049372822,6436.1,7665.0,GOESGEN,8760,0.06720000011186898
Switzerland,Gösgen,PWR,CO2,1983,0.052867069,6891.6,7790.0,GOESGEN,8760,0.06720000064426258
Switzerland,Gösgen,PWR,CO2,1984,0.054732559,7134.78,8015.0,GOESGEN,8784,0.06738410970709678
Switzerland,Gösgen,PWR,CO2,1985,0.051763331,6747.72,7789.0,GOESGEN,8760,0.06719999934199997
Switzerland,Gösgen,PWR,CO2,1986,0.05181565,6754.54,7386.0,GOESGEN,8760,0.06720000088829142
Switzerland,Gösgen,PWR,CO2,1987,0.053010828,6910.34,7521.0,GOESGEN,8760,0.0672000007640724
Switzerland,Gösgen,PWR,CO2,1988,0.052616757,6858.97,7476.0,GOESGEN,8784,0.0673841106591806
Switzerland,Gösgen,PWR,CO2,1989,0.052767957,6878.68,7514.0,GOESGEN,8760,0.06720000106415765
Switzerland,Gösgen,PWR,CO2,1990,0.054707321,7131.49,7983.0,GOESGEN,8760,0.06720000055528369
Switzerland,Gösgen,PWR,CO2,1991,0.054787485,7141.94,7918.0,GOESGEN,8760,0.0672000000840108
Switzerland,Gösgen,PWR,CO2,1992,0.056820131,7406.91,8107.0,GOESGEN,8784,0.06738410898795855
Switzerland,Gösgen,PWR,CO2,1993,0.056829414,7408.12,8075.0,GOESGEN,8760,0.06720000035636572
Switzerland,Gösgen,PWR,CO2,1994,0.058770005,7661.09,8102.0,GOESGEN,8760,0.06719999945177513
Switzerland,Gösgen,PWR,CO2,1995,0.059995562,7820.85,8109.0,GOESGEN,8760,0.06720000039893362
Switzerland,Gösgen,PWR,CO2,1996,0.060820219,7928.35,8204.0,GOESGEN,8784,0.06738410939173976
Switzerland,Gösgen,PWR,CO2,1997,0.061122619,7967.77,8189.0,GOESGEN,8760,0.06719999980421122
Switzerland,Gösgen,PWR,CO2,1998,0.060140395,7839.73,8179.0,GOESGEN,8760,0.06720000053573273
Switzerland,Gösgen,PWR,CO2,1999,0.057794531,7533.93,7887.0,GOESGEN,8760,0.06719999941066615
Switzerland,Gösgen,PWR,CO2,2000,0.059868296,7804.26,8089.0,GOESGEN,8784,0.06738410971238784
Switzerland,Gösgen,PWR,CO2,2001,0.060376208,7870.47,8206.0,GOESGEN,8760,0.06719999975605015
Switzerland,Gösgen,PWR,CO2,2002,0.060244493,7853.3,8154.0,GOESGEN,8760,0.06719999983191778
Switzerland,Gösgen,PWR,CO2,2003,0.061283024,7988.68,8291.0,GOESGEN,8760,0.06719999927897975
Switzerland,Gösgen,PWR,CO2,2004,0.061489534,8015.6,8300.0,GOESGEN,8784,0.06738410931882828
Switzerland,Gösgen,PWR,CO2,2005,0.058211079,7588.23,7754.0,GOESGEN,8760,0.06719999947813918
Switzerland,Gösgen,PWR,CO2,2006,0.062130083,8099.1,8230.0,GOESGEN,8760,0.0672000008741712
Switzerland,Gösgen,PWR,CO2,2007,0.062588898,8158.91,8313.0,GOESGEN,8760,0.06719999932343904
Switzerland,Gösgen,PWR,CO2,2008,0.061093776,7964.01,8148.0,GOESGEN,8784,0.06738411031427635
Switzerland,Gösgen,PWR,CO2,2009,0.061925414,8072.42,8267.0,GOESGEN,8760,0.06720000032703947
Switzerland,Gösgen,PWR,CO2,2010,0.061593019,8029.09,8220.0,GOESGEN,8760,0.0671999998057065
Switzerland,Gösgen,PWR,CO2,2011,0.06068183,7910.31,8122.0,GOESGEN,8760,0.06719999984829925
Switzerland,Gösgen,PWR,CO2,2012,0.061936997,8073.93,8281.0,GOESGEN,8784,0.06738410930587706
Switzerland,Gösgen,PWR,CO2,2013,0.049174136,6410.2,6491.0,GOESGEN,8760,0.06719999865214814
Switzerland,Gösgen,PWR,CO2,2014,0.061535408,8021.58,8029.0,GOESGEN,8760,0.06719999976064567
Switzerland,Gösgen,PWR,CO2,2015,0.061148931,7971.2,7980.0,GOESGEN,8760,0.06719999944299478
Switzerland,Gösgen,PWR,CO2,2016,0.063159178,8233.25,8232.0,GOESGEN,8784,0.06738410950135122
Switzerland,LEIBSTADT,BWR,CO2,1984,0.000128664,2.21,3361.0,LEIBSTADT,8784,0.5113957357466062
Switzerland,LEIBSTADT,BWR,CO2,1985,0.394103082,6769.3,7233.0,LEIBSTADT,8760,0.5099999997518206
Switzerland,LEIBSTADT,BWR,CO2,1986,0.419715445,7209.23,7668.0,LEIBSTADT,8760,0.5099999997503201
Switzerland,LEIBSTADT,BWR,CO2,1987,0.42944911,7376.42,7917.0,LEIBSTADT,8760,0.5100000004880416
Switzerland,LEIBSTADT,BWR,CO2,1988,0.40773976,7003.53,7536.0,LEIBSTADT,8784,0.5113972599303495
Switzerland,LEIBSTADT,BWR,CO2,1989,0.428738253,7364.21,7671.0,LEIBSTADT,8760,0.5099999994948542
Switzerland,LEIBSTADT,BWR,CO2,1990,0.442246267,7596.23,7905.0,LEIBSTADT,8760,0.5099999998578243
Switzerland,LEIBSTADT,BWR,CO2,1991,0.411044863,7060.3,7580.0,LEIBSTADT,8760,0.5099999999830036
Switzerland,LEIBSTADT,BWR,CO2,1992,0.438834041,7537.62,7986.0,LEIBSTADT,8784,0.5113972601622263
Switzerland,LEIBSTADT,BWR,CO2,1993,0.42721524,7338.05,7898.0,LEIBSTADT,8760,0.5100000003270624
Switzerland,LEIBSTADT,BWR,CO2,1994,0.406848425,6988.22,7108.0,LEIBSTADT,8760,0.5100000004292938
Switzerland,LEIBSTADT,BWR,CO2,1995,0.446764075,7673.83,7819.0,LEIBSTADT,8760,0.509999999609061
Switzerland,LEIBSTADT,BWR,CO2,1996,0.448586336,7705.13,7734.0,LEIBSTADT,8784,0.5113972607112404
Switzerland,LEIBSTADT,BWR,CO2,1997,0.45192637,7762.5,7830.0,LEIBSTADT,8760,0.5100000001545894
Switzerland,LEIBSTADT,BWR,CO2,1998,0.468443151,8046.2,8102.0,LEIBSTADT,8760,0.5100000003430191
Switzerland,LEIBSTADT,BWR,CO2,1999,0.484382979,8319.99,8126.0,LEIBSTADT,8760,0.5099999995240379
Switzerland,LEIBSTADT,BWR,CO2,2000,0.51367887,8823.19,8159.0,LEIBSTADT,8784,0.5113972604103504
Switzerland,LEIBSTADT,BWR,CO2,2001,0.529198938,9089.77,8187.0,LEIBSTADT,8760,0.509999999656757
Switzerland,LEIBSTADT,BWR,CO2,2002,0.534092842,9173.83,8250.0,LEIBSTADT,8760,0.5099999995552565
Switzerland,LEIBSTADT,BWR,CO2,2003,0.541982123,9309.34,8204.0,LEIBSTADT,8760,0.5099999997293041
Switzerland,LEIBSTADT,BWR,CO2,2004,0.506043425,8692.04,7633.0,LEIBSTADT,8784,0.5113972606200615
Switzerland,LEIBSTADT,BWR,CO2,2005,0.335812877,5768.08,5004.0,LEIBSTADT,8760,0.5100000004368872
Switzerland,LEIBSTADT,BWR,CO2,2006,0.54534137,9367.04,8206.0,LEIBSTADT,8760,0.5100000001281088
Switzerland,LEIBSTADT,BWR,CO2,2007,0.54940274,9436.8,8276.0,LEIBSTADT,8760,0.5100000002543236
Switzerland,LEIBSTADT,BWR,CO2,2008,0.541883733,9307.65,8119.0,LEIBSTADT,8784,0.5113972603903242
Switzerland,LEIBSTADT,BWR,CO2,2009,0.546389897,9385.05,8203.0,LEIBSTADT,8760,0.5099999997570605
Switzerland,LEIBSTADT,BWR,CO2,2010,0.510846507,8774.54,7640.0,LEIBSTADT,8760,0.5100000001504352
Switzerland,LEIBSTADT,BWR,CO2,2011,0.551996404,9481.35,8094.0,LEIBSTADT,8760,0.5099999998987487
Switzerland,LEIBSTADT,BWR,CO2,2012,0.458842808,7881.3,6746.0,LEIBSTADT,8784,0.5113972600296904
Switzerland,LEIBSTADT,BWR,CO2,2013,0.564241062,9691.67,8150.0,LEIBSTADT,8760,0.5100000003219259
Switzerland,LEIBSTADT,BWR,CO2,2014,0.550613699,9457.6,7970.0,LEIBSTADT,8760,0.5100000003425816
Switzerland,LEIBSTADT,BWR,CO2,2015,0.500598767,8598.52,7322.0,LEIBSTADT,8760,0.5099999998743969
Switzerland,LEIBSTADT,BWR,CO2,2016,0.353705377,6075.41,5147.0,LEIBSTADT,8784,0.5113972606898958
Switzerland,MUEHLEBERG,BWR,CO2,1972,0.050074315,860.1,3834.0,MUEHLEBERG,8784,0.5113972595744681
Switzerland,MUEHLEBERG,BWR,CO2,1973,0.117113699,2011.6,7315.0,MUEHLEBERG,8760,0.5100000016106582
Switzerland,MUEHLEBERG,BWR,CO2,1974,0.107484247,1846.2,7062.0,MUEHLEBERG,8760,0.5100000020149497
Switzerland,MUEHLEBERG,BWR,CO2,1975,0.136471575,2344.1,7989.0,MUEHLEBERG,8760,0.5099999987201912
Switzerland,MUEHLEBERG,BWR,CO2,1976,0.137117808,2355.2,7960.0,MUEHLEBERG,8784,0.5113972594565218
Switzerland,MUEHLEBERG,BWR,CO2,1977,0.141431849,2429.3,8097.0,MUEHLEBERG,8760,0.5099999988638703
Switzerland,MUEHLEBERG,BWR,CO2,1978,0.143551027,2465.7,8001.0,MUEHLEBERG,8760,0.5099999985886361
Switzerland,MUEHLEBERG,BWR,CO2,1979,0.144028425,2473.9,8024.0,MUEHLEBERG,8760,0.5100000012126601
Switzerland,MUEHLEBERG,BWR,CO2,1980,0.144523288,2482.4,8005.0,MUEHLEBERG,8784,0.5113972614373188
Switzerland,MUEHLEBERG,BWR,CO2,1981,0.147818493,2539.0,8051.0,MUEHLEBERG,8760,0.5099999994801102
Switzerland,MUEHLEBERG,BWR,CO2,1982,0.155055137,2663.3,8017.0,MUEHLEBERG,8760,0.5100000000450569
Switzerland,MUEHLEBERG,BWR,CO2,1983,0.149291438,2564.3,8026.0,MUEHLEBERG,8760,0.5099999987832936
Switzerland,MUEHLEBERG,BWR,CO2,1984,0.14712976,2527.17,7989.0,MUEHLEBERG,8784,0.5113972593216919
Switzerland,MUEHLEBERG,BWR,CO2,1985,0.14558637,2500.66,7882.0,MUEHLEBERG,8760,0.5100000004798733
Switzerland,MUEHLEBERG,BWR,CO2,1986,0.123102705,2114.47,6645.0,MUEHLEBERG,8760,0.5099999980136867
Switzerland,MUEHLEBERG,BWR,CO2,1987,0.143507363,2464.95,7959.0,MUEHLEBERG,8760,0.5099999999513175
Switzerland,MUEHLEBERG,BWR,CO2,1988,0.145408219,2497.6,7968.0,MUEHLEBERG,8784,0.5113972596476617
Switzerland,MUEHLEBERG,BWR,CO2,1989,0.133758562,2297.5,7226.0,MUEHLEBERG,8760,0.5100000013579977
Switzerland,MUEHLEBERG,BWR,CO2,1990,0.144260719,2477.89,7910.0,MUEHLEBERG,8760,0.5099999993704322
Switzerland,MUEHLEBERG,BWR,CO2,1991,0.14060339,2415.07,7714.0,MUEHLEBERG,8760,0.5099999985093598
Switzerland,MUEHLEBERG,BWR,CO2,1992,0.140509075,2413.45,7755.0,MUEHLEBERG,8784,0.5113972590275333
Switzerland,MUEHLEBERG,BWR,CO2,1993,0.149534212,2568.47,7917.0,MUEHLEBERG,8760,0.50999999887871
Switzerland,MUEHLEBERG,BWR,CO2,1994,0.153879692,2643.11,7952.0,MUEHLEBERG,8760,0.5100000007264169
Switzerland,MUEHLEBERG,BWR,CO2,1995,0.155384658,2668.96,7894.0,MUEHLEBERG,8760,0.5100000015286853
Switzerland,MUEHLEBERG,BWR,CO2,1996,0.154224349,2649.03,7847.0,MUEHLEBERG,8784,0.5113972592292273
Switzerland,MUEHLEBERG,BWR,CO2,1997,0.148409418,2549.15,7671.0,MUEHLEBERG,8760,0.5100000006590432
Switzerland,MUEHLEBERG,BWR,CO2,1998,0.154844966,2659.69,7886.0,MUEHLEBERG,8760,0.5100000008121247
Switzerland,MUEHLEBERG,BWR,CO2,1999,0.157355959,2702.82,8064.0,MUEHLEBERG,8760,0.5100000003107864
Switzerland,MUEHLEBERG,BWR,CO2,2000,0.164005171,2817.03,8290.0,MUEHLEBERG,8784,0.5113972595478216
Switzerland,MUEHLEBERG,BWR,CO2,2001,0.161193185,2768.73,8195.0,MUEHLEBERG,8760,0.5100000002167058
Switzerland,MUEHLEBERG,BWR,CO2,2002,0.164656062,2828.21,8280.0,MUEHLEBERG,8760,0.5100000011031712
Switzerland,MUEHLEBERG,BWR,CO2,2003,0.159767397,2744.24,8034.0,MUEHLEBERG,8760,0.5099999991691689
Switzerland,MUEHLEBERG,BWR,CO2,2004,0.169191918,2906.12,8282.0,MUEHLEBERG,8784,0.5113972608536468
Switzerland,MUEHLEBERG,BWR,CO2,2005,0.166234384,2855.32,8130.0,MUEHLEBERG,8760,0.510000001344858
Switzerland,MUEHLEBERG,BWR,CO2,2006,0.167838904,2882.88,8174.0,MUEHLEBERG,8760,0.5099999996669997
Switzerland,MUEHLEBERG,BWR,CO2,2007,0.168856575,2900.36,8021.0,MUEHLEBERG,8760,0.5099999989656456
Switzerland,MUEHLEBERG,BWR,CO2,2008,0.173100753,2973.26,8114.0,MUEHLEBERG,8784,0.5113972590193928
Switzerland,MUEHLEBERG,BWR,CO2,2009,0.173704486,2983.63,8025.0,MUEHLEBERG,8760,0.5099999991151718
Switzerland,MUEHLEBERG,BWR,CO2,2010,0.175170445,3008.81,8198.0,MUEHLEBERG,8760,0.5099999994017569
Switzerland,MUEHLEBERG,BWR,CO2,2011,0.145308664,2495.89,6707.0,MUEHLEBERG,8760,0.5099999986537869
Switzerland,MUEHLEBERG,BWR,CO2,2012,0.172987808,2971.32,8017.0,MUEHLEBERG,8784,0.5113972596260248
Switzerland,MUEHLEBERG,BWR,CO2,2013,0.169969726,2919.48,7947.0,MUEHLEBERG,8760,0.5099999999177935
Switzerland,MUEHLEBERG,BWR,CO2,2014,0.175506952,3014.59,8146.0,MUEHLEBERG,8760,0.5099999998407743
Switzerland,MUEHLEBERG,BWR,CO2,2015,0.170825548,2934.18,8025.0,MUEHLEBERG,8760,0.5100000001635892
Switzerland,MUEHLEBERG,BWR,CO2,2016,0.171518938,2946.09,8160.0,MUEHLEBERG,8784,0.5113972592120404
Taiwan,Chinshan 1,BWR,CO2,1989,0.162045514,2783.37,5226.0,CHINSHAN-1,8760,0.5100000009484905
Taiwan,Chinshan 1,BWR,CO2,1990,0.17282363,2968.5,5315.0,CHINSHAN-1,8760,0.5099999995957555
Taiwan,Chinshan 1,BWR,CO2,1991,0.255663116,4391.39,7602.0,CHINSHAN-1,8760,0.5099999991255616
Taiwan,Chinshan 1,BWR,CO2,1992,0.233908938,4017.73,7260.0,CHINSHAN-1,8784,0.5113972594952871
Taiwan,Chinshan 1,BWR,CO2,1993,0.257559315,4423.96,7854.0,CHINSHAN-1,8760,0.5099999998643748
Taiwan,Chinshan 1,BWR,CO2,1994,0.212233356,3645.42,6458.0,CHINSHAN-1,8760,0.5099999996049838
Taiwan,Chinshan 1,BWR,CO2,1995,0.241861678,4154.33,7168.0,CHINSHAN-1,8760,0.5099999998266869
Taiwan,Chinshan 1,BWR,CO2,1996,0.237002123,4070.86,7051.0,CHINSHAN-1,8784,0.5113972596532428
Taiwan,Chinshan 1,BWR,CO2,1997,0.290540479,4990.46,8558.0,CHINSHAN-1,8760,0.5099999992064861
Taiwan,Chinshan 1,BWR,CO2,1998,0.250058356,4295.12,7448.0,CHINSHAN-1,8760,0.5099999996647357
Taiwan,Chinshan 1,BWR,CO2,1999,0.237595959,4081.06,7156.0,CHINSHAN-1,8760,0.5100000002058288
Taiwan,Chinshan 1,BWR,CO2,2000,0.304261575,5226.14,8784.0,CHINSHAN-1,8784,0.5113972596983624
Taiwan,Chinshan 1,BWR,CO2,2001,0.251489966,4319.71,7282.0,CHINSHAN-1,8760,0.5100000005000336
Taiwan,Chinshan 1,BWR,CO2,2002,0.254767123,4376.0,7367.0,CHINSHAN-1,8760,0.5099999994241317
Taiwan,Chinshan 1,BWR,CO2,2003,0.305068493,5240.0,8760.0,CHINSHAN-1,8760,0.5099999997480916
Taiwan,Chinshan 1,BWR,CO2,2004,0.264423938,4541.87,7646.0,CHINSHAN-1,8784,0.5113972595851489
Taiwan,Chinshan 1,BWR,CO2,2005,0.266283459,4573.81,7745.0,CHINSHAN-1,8760,0.5100000001836543
Taiwan,Chinshan 1,BWR,CO2,2006,0.302845103,5201.81,8760.0,CHINSHAN-1,8760,0.510000000438309
Taiwan,Chinshan 1,BWR,CO2,2007,0.268268151,4607.9,7834.0,CHINSHAN-1,8760,0.5100000005989713
Taiwan,Chinshan 1,BWR,CO2,2008,0.232810342,3998.86,6822.0,CHINSHAN-1,8784,0.5113972592508865
Taiwan,Chinshan 1,BWR,CO2,2009,0.301206815,5173.67,8668.0,CHINSHAN-1,8760,0.5099999998840281
Taiwan,Chinshan 1,BWR,CO2,2010,0.256248219,4401.44,7351.0,CHINSHAN-1,8760,0.5099999996455705
Taiwan,Chinshan 1,BWR,CO2,2011,0.278392466,4781.8,7945.0,CHINSHAN-1,8760,0.5100000004517128
Taiwan,Chinshan 1,BWR,CO2,2012,0.299432295,5143.19,8575.0,CHINSHAN-1,8784,0.5113972610928238
Taiwan,Chinshan 1,BWR,CO2,2013,0.224058836,3848.54,6447.0,CHINSHAN-1,8760,0.5100000008730584
Taiwan,Chinshan 1,BWR,CO2,2014,0.283801027,4874.7,7990.0,CHINSHAN-1,8760,0.5099999992861098
Taiwan,Chinshan 2,BWR,CO2,1989,0.17813613,3059.75,6010.0,CHINSHAN-2,8760,0.5099999996078111
Taiwan,Chinshan 2,BWR,CO2,1990,0.200086507,3436.78,6242.0,CHINSHAN-2,8760,0.5100000003840804
Taiwan,Chinshan 2,BWR,CO2,1991,0.220272842,3783.51,6847.0,CHINSHAN-2,8760,0.5099999989216363
Taiwan,Chinshan 2,BWR,CO2,1992,0.240395719,4129.15,7326.0,CHINSHAN-2,8784,0.5113972598951358
Taiwan,Chinshan 2,BWR,CO2,1993,0.229084315,3934.86,6992.0,CHINSHAN-2,8760,0.5099999998475168
Taiwan,Chinshan 2,BWR,CO2,1994,0.231683219,3979.5,7001.0,CHINSHAN-2,8760,0.5099999996079909
Taiwan,Chinshan 2,BWR,CO2,1995,0.226224007,3885.73,6808.0,CHINSHAN-2,8760,0.5100000003397045
Taiwan,Chinshan 2,BWR,CO2,1996,0.232962877,4001.48,6897.0,CHINSHAN-2,8784,0.511397260905465
Taiwan,Chinshan 2,BWR,CO2,1997,0.251826473,4325.49,7168.0,CHINSHAN-2,8760,0.5100000008045331
Taiwan,Chinshan 2,BWR,CO2,1998,0.281869315,4841.52,8422.0,CHINSHAN-2,8760,0.5099999998760719
Taiwan,Chinshan 2,BWR,CO2,1999,0.250128219,4296.32,7274.0,CHINSHAN-2,8760,0.5099999996368985
Taiwan,Chinshan 2,BWR,CO2,2000,0.267607363,4596.55,7584.0,CHINSHAN-2,8784,0.5113972602477945
Taiwan,Chinshan 2,BWR,CO2,2001,0.292149658,5018.1,8515.0,CHINSHAN-2,8760,0.5100000008130566
Taiwan,Chinshan 2,BWR,CO2,2002,0.249781233,4290.36,7414.0,CHINSHAN-2,8760,0.5100000002517271
Taiwan,Chinshan 2,BWR,CO2,2003,0.266321884,4574.47,7595.0,CHINSHAN-2,8760,0.5100000008394415
Taiwan,Chinshan 2,BWR,CO2,2004,0.305512123,5247.62,8704.0,CHINSHAN-2,8784,0.5113972597924392
Taiwan,Chinshan 2,BWR,CO2,2005,0.263759658,4530.46,7641.0,CHINSHAN-2,8760,0.5100000009005708
Taiwan,Chinshan 2,BWR,CO2,2006,0.270764007,4650.77,7812.0,CHINSHAN-2,8760,0.5100000002838239
Taiwan,Chinshan 2,BWR,CO2,2007,0.303831918,5218.76,8654.0,CHINSHAN-2,8760,0.5100000003219155
Taiwan,Chinshan 2,BWR,CO2,2008,0.257466164,4422.36,7375.0,CHINSHAN-2,8784,0.5113972595121158
Taiwan,Chinshan 2,BWR,CO2,2009,0.261525205,4492.08,7501.0,CHINSHAN-2,8760,0.509999999065021
Taiwan,Chinshan 2,BWR,CO2,2010,0.303210137,5208.08,8683.0,CHINSHAN-2,8760,0.5100000000230411
Taiwan,Chinshan 2,BWR,CO2,2011,0.271186096,4658.02,7763.0,CHINSHAN-2,8760,0.510000000206096
Taiwan,Chinshan 2,BWR,CO2,2012,0.274162842,4709.15,7828.0,CHINSHAN-2,8784,0.5113972594052005
Taiwan,Chinshan 2,BWR,CO2,2013,0.299740274,5148.48,8609.0,CHINSHAN-2,8760,0.5100000000466157
Taiwan,Chinshan 2,BWR,CO2,2014,0.285071952,4896.53,7888.0,CHINSHAN-2,8760,0.5099999999019714
Taiwan,Chinshan 2,BWR,CO2,2015,0.283293356,4865.98,7901.0,CHINSHAN-2,8760,0.5099999997040678
Taiwan,Chinshan 2,BWR,CO2,2016,0.303223527,5208.31,8484.0,CHINSHAN-2,8784,0.511397259603979
Taiwan,Kuosheng-1,BWR,CO2,1989,0.310252911,5329.05,6447.0,KUOSHENG-1,8760,0.5100000000675542
Taiwan,Kuosheng-1,BWR,CO2,1990,0.401596473,6898.01,8201.0,KUOSHENG-1,8760,0.5100000005044933
Taiwan,Kuosheng-1,BWR,CO2,1991,0.340627021,5850.77,6678.0,KUOSHENG-1,8760,0.5100000006768339
Taiwan,Kuosheng-1,BWR,CO2,1992,0.35818476,6152.35,7126.0,KUOSHENG-1,8784,0.511397259882809
Taiwan,Kuosheng-1,BWR,CO2,1993,0.330656986,5679.52,6457.0,KUOSHENG-1,8760,0.5099999995351719
Taiwan,Kuosheng-1,BWR,CO2,1994,0.366912979,6302.27,7077.0,KUOSHENG-1,8760,0.5099999993716549
Taiwan,Kuosheng-1,BWR,CO2,1995,0.401590651,6897.91,7734.0,KUOSHENG-1,8760,0.5100000004001213
Taiwan,Kuosheng-1,BWR,CO2,1996,0.404667534,6950.76,7573.0,KUOSHENG-1,8784,0.5113972599623638
Taiwan,Kuosheng-1,BWR,CO2,1997,0.365488356,6277.8,6978.0,KUOSHENG-1,8760,0.5099999997706203
Taiwan,Kuosheng-1,BWR,CO2,1998,0.374118767,6426.04,7209.0,KUOSHENG-1,8760,0.5099999998319339
Taiwan,Kuosheng-1,BWR,CO2,1999,0.447517432,7686.77,8439.0,KUOSHENG-1,8760,0.5100000005620046
Taiwan,Kuosheng-1,BWR,CO2,2000,0.383581712,6588.58,7391.0,KUOSHENG-1,8784,0.5113972598356551
Taiwan,Kuosheng-1,BWR,CO2,2001,0.375646438,6452.28,7070.0,KUOSHENG-1,8760,0.50999999951645
Taiwan,Kuosheng-1,BWR,CO2,2002,0.469743767,8068.54,8693.0,KUOSHENG-1,8760,0.5099999998661467
Taiwan,Kuosheng-1,BWR,CO2,2003,0.375216781,6444.9,6968.0,KUOSHENG-1,8760,0.5100000002420519
Taiwan,Kuosheng-1,BWR,CO2,2004,0.40628137,6978.48,7516.0,KUOSHENG-1,8784,0.511397260446401
Taiwan,Kuosheng-1,BWR,CO2,2005,0.474493288,8150.12,8749.0,KUOSHENG-1,8760,0.5100000003533691
Taiwan,Kuosheng-1,BWR,CO2,2006,0.4019225,6903.61,7325.0,KUOSHENG-1,8760,0.51
Taiwan,Kuosheng-1,BWR,CO2,2007,0.413621644,7104.56,7429.0,KUOSHENG-1,8760,0.5100000002026867
Taiwan,Kuosheng-1,BWR,CO2,2008,0.488157329,8384.82,8673.0,KUOSHENG-1,8784,0.511397260517936
Taiwan,Kuosheng-1,BWR,CO2,2009,0.440046747,7558.45,7823.0,KUOSHENG-1,8760,0.5100000004921644
Taiwan,Kuosheng-1,BWR,CO2,2010,0.46281976,7949.61,8150.0,KUOSHENG-1,8760,0.5099999996980984
Taiwan,Kuosheng-1,BWR,CO2,2011,0.49862863,8564.68,8760.0,KUOSHENG-1,8760,0.5099999998598898
Taiwan,Kuosheng-1,BWR,CO2,2012,0.359248425,6170.62,6412.0,KUOSHENG-1,8784,0.5113972607614794
Taiwan,Kuosheng-1,BWR,CO2,2013,0.457551507,7859.12,8165.0,KUOSHENG-1,8760,0.5100000001679578
Taiwan,Kuosheng-1,BWR,CO2,2014,0.49432274,8490.72,8664.0,KUOSHENG-1,8760,0.5100000002826615
Taiwan,Kuosheng-1,BWR,CO2,2015,0.441063253,7575.91,7807.0,KUOSHENG-1,8760,0.5099999995089699
Taiwan,Kuosheng-1,BWR,CO2,2016,0.446254075,7665.07,7980.0,KUOSHENG-1,8784,0.5113972598815144
Taiwan,Kuosheng-2,BWR,CO2,1989,0.30432911,5227.3,6390.0,KUOSHENG-2,8760,0.510000000688692
Taiwan,Kuosheng-2,BWR,CO2,1990,0.349347089,6000.55,6819.0,KUOSHENG-2,8760,0.5099999999400054
Taiwan,Kuosheng-2,BWR,CO2,1991,0.41838339,7186.35,8101.0,KUOSHENG-2,8760,0.5099999994990503
Taiwan,Kuosheng-2,BWR,CO2,1992,0.359577945,6176.28,6985.0,KUOSHENG-2,8784,0.5113972599817366
Taiwan,Kuosheng-2,BWR,CO2,1993,0.357355719,6138.11,6921.0,KUOSHENG-2,8760,0.5099999997458501
Taiwan,Kuosheng-2,BWR,CO2,1994,0.362360822,6224.08,6868.0,KUOSHENG-2,8760,0.5100000001156798
Taiwan,Kuosheng-2,BWR,CO2,1995,0.349298767,5999.72,6543.0,KUOSHENG-2,8760,0.5099999998199916
Taiwan,Kuosheng-2,BWR,CO2,1996,0.432174932,7423.24,7978.0,KUOSHENG-2,8784,0.5113972608575231
Taiwan,Kuosheng-2,BWR,CO2,1997,0.41261387,7087.25,7745.0,KUOSHENG-2,8760,0.5100000001693181
Taiwan,Kuosheng-2,BWR,CO2,1998,0.381310582,6549.57,7242.0,KUOSHENG-2,8760,0.5099999997434946
Taiwan,Kuosheng-2,BWR,CO2,1999,0.397746438,6831.88,7544.0,KUOSHENG-2,8760,0.5099999995433174
Taiwan,Kuosheng-2,BWR,CO2,2000,0.421366541,7237.59,8234.0,KUOSHENG-2,8784,0.5113972601575939
Taiwan,Kuosheng-2,BWR,CO2,2001,0.347960308,5976.73,6772.0,KUOSHENG-2,8760,0.5099999996787542
Taiwan,Kuosheng-2,BWR,CO2,2002,0.403025171,6922.55,7530.0,KUOSHENG-2,8760,0.509999999705311
Taiwan,Kuosheng-2,BWR,CO2,2003,0.443810616,7623.1,8427.0,KUOSHENG-2,8760,0.509999999496268
Taiwan,Kuosheng-2,BWR,CO2,2004,0.378073596,6493.97,7301.0,KUOSHENG-2,8784,0.5113972604222071
Taiwan,Kuosheng-2,BWR,CO2,2005,0.392270342,6737.82,7424.0,KUOSHENG-2,8760,0.5099999993944629
Taiwan,Kuosheng-2,BWR,CO2,2006,0.458091199,7868.39,8560.0,KUOSHENG-2,8760,0.5100000004117742
Taiwan,Kuosheng-2,BWR,CO2,2007,0.409369315,7031.52,7716.0,KUOSHENG-2,8760,0.5099999999146699
Taiwan,Kuosheng-2,BWR,CO2,2008,0.425289349,7304.97,8029.0,KUOSHENG-2,8784,0.5113972598951125
Taiwan,Kuosheng-2,BWR,CO2,2009,0.469720479,8068.14,8739.0,KUOSHENG-2,8760,0.5099999995091805
Taiwan,Kuosheng-2,BWR,CO2,2010,0.407406747,6997.81,7649.0,KUOSHENG-2,8760,0.5100000005315949
Taiwan,Kuosheng-2,BWR,CO2,2011,0.433352705,7443.47,7909.0,KUOSHENG-2,8760,0.509999999435747
Taiwan,Kuosheng-2,BWR,CO2,2012,0.496624144,8530.25,8765.0,KUOSHENG-2,8784,0.5113972604432461
Taiwan,Kuosheng-2,BWR,CO2,2013,0.453213014,7784.6,8057.0,KUOSHENG-2,8760,0.5100000003391311
Taiwan,Kuosheng-2,BWR,CO2,2014,0.460921233,7917.0,8098.0,KUOSHENG-2,8760,0.5100000001364153
Taiwan,Kuosheng-2,BWR,CO2,2015,0.499015788,8571.33,8760.0,KUOSHENG-2,8760,0.5100000003360039
Taiwan,Kuosheng-2,BWR,CO2,2016,0.140626678,2415.47,2450.0,KUOSHENG-2,8784,0.5113972599750773
Taiwan,Maanshan-1,PWR,CO2,1989,0.041566192,5418.45,6305.0,MAANSHAN-1,8760,0.06720000035434488
Taiwan,Maanshan-1,PWR,CO2,1990,0.046786083,6098.9,7079.0,MAANSHAN-1,8760,0.06720000116086508
Taiwan,Maanshan-1,PWR,CO2,1991,0.049702378,6479.06,7368.0,MAANSHAN-1,8760,0.06719999988887276
Taiwan,Maanshan-1,PWR,CO2,1992,0.046324888,6038.78,6826.0,MAANSHAN-1,8784,0.06738411006726525
Taiwan,Maanshan-1,PWR,CO2,1993,0.048012329,6258.75,6930.0,MAANSHAN-1,8760,0.06720000032594367
Taiwan,Maanshan-1,PWR,CO2,1994,0.04850229,6322.62,7098.0,MAANSHAN-1,8760,0.0671999994306158
Taiwan,Maanshan-1,PWR,CO2,1995,0.051712855,6741.14,7495.0,MAANSHAN-1,8760,0.06720000026701715
Taiwan,Maanshan-1,PWR,CO2,1996,0.057818083,7537.0,8329.0,MAANSHAN-1,8784,0.06738411053098049
Taiwan,Maanshan-1,PWR,CO2,1997,0.045637852,5949.22,6752.0,MAANSHAN-1,8760,0.06719999991931715
Taiwan,Maanshan-1,PWR,CO2,1998,0.042302783,5514.47,6101.0,MAANSHAN-1,8760,0.06719999910780183
Taiwan,Maanshan-1,PWR,CO2,1999,0.05671074,7392.65,8328.0,MAANSHAN-1,8760,0.06720000032464678
Taiwan,Maanshan-1,PWR,CO2,2000,0.051619957,6729.03,7502.0,MAANSHAN-1,8784,0.06738411067984539
Taiwan,Maanshan-1,PWR,CO2,2001,0.040913064,5333.31,6046.0,MAANSHAN-1,8760,0.06720000162000708
Taiwan,Maanshan-1,PWR,CO2,2002,0.059841753,7800.8,8726.0,MAANSHAN-1,8760,0.06719999952312583
Taiwan,Maanshan-1,PWR,CO2,2003,0.05178857,6751.01,7579.0,MAANSHAN-1,8760,0.06720000017775117
Taiwan,Maanshan-1,PWR,CO2,2004,0.052116362,6793.74,7742.0,MAANSHAN-1,8784,0.06738411004954561
Taiwan,Maanshan-1,PWR,CO2,2005,0.059081688,7701.72,8693.0,MAANSHAN-1,8760,0.06720000037394244
Taiwan,Maanshan-1,PWR,CO2,2006,0.051882466,6763.25,7599.0,MAANSHAN-1,8760,0.0672000003193731
Taiwan,Maanshan-1,PWR,CO2,2007,0.054988624,7168.16,8001.0,MAANSHAN-1,8760,0.06719999919644651
Taiwan,Maanshan-1,PWR,CO2,2008,0.060640176,7904.88,8784.0,MAANSHAN-1,8784,0.06738411031970125
Taiwan,Maanshan-1,PWR,CO2,2009,0.055272921,7205.22,7959.0,MAANSHAN-1,8760,0.06720000054960154
Taiwan,Maanshan-1,PWR,CO2,2010,0.055788657,7272.45,8009.0,MAANSHAN-1,8760,0.06719999935647547
Taiwan,Maanshan-1,PWR,CO2,2011,0.061539321,8022.09,8760.0,MAANSHAN-1,8760,0.06720000049363695
Taiwan,Maanshan-1,PWR,CO2,2012,0.053658433,6994.76,7620.0,MAANSHAN-1,8784,0.06738410974386541
Taiwan,Maanshan-1,PWR,CO2,2013,0.053788,7011.65,7615.0,MAANSHAN-1,8760,0.06720000000000001
Taiwan,Maanshan-1,PWR,CO2,2014,0.060706992,7913.59,8517.0,MAANSHAN-1,8760,0.0672000002426206
Taiwan,Maanshan-1,PWR,CO2,2015,0.057478324,7492.71,8035.0,MAANSHAN-1,8760,0.06720000083280948
Taiwan,Maanshan-1,PWR,CO2,2016,0.055448285,7228.08,7799.0,MAANSHAN-1,8784,0.06738410967227812
Taiwan,Maanshan-2,PWR,CO2,1989,0.040529655,5283.33,6434.0,MAANSHAN-2,8760,0.06720000034069422
Taiwan,Maanshan-2,PWR,CO2,1990,0.04711165,6141.34,7143.0,MAANSHAN-2,8760,0.06720000097698547
Taiwan,Maanshan-2,PWR,CO2,1991,0.047462915,6187.13,7155.0,MAANSHAN-2,8760,0.0671999999030245
Taiwan,Maanshan-2,PWR,CO2,1992,0.045694083,5956.55,7541.0,MAANSHAN-2,8784,0.06738411078090506
Taiwan,Maanshan-2,PWR,CO2,1993,0.05025417,6550.99,7442.0,MAANSHAN-2,8760,0.06720000018317843
Taiwan,Maanshan-2,PWR,CO2,1994,0.053748417,7006.49,8216.0,MAANSHAN-2,8760,0.0672000007022061
Taiwan,Maanshan-2,PWR,CO2,1995,0.046937052,6118.58,6947.0,MAANSHAN-2,8760,0.06719999992155043
Taiwan,Maanshan-2,PWR,CO2,1996,0.048710871,6349.81,7091.0,MAANSHAN-2,8784,0.06738410926689145
Taiwan,Maanshan-2,PWR,CO2,1997,0.049214104,6415.41,7153.0,MAANSHAN-2,8760,0.0671999998503603
Taiwan,Maanshan-2,PWR,CO2,1998,0.059690707,7781.11,8557.0,MAANSHAN-2,8760,0.0672000001696416
Taiwan,Maanshan-2,PWR,CO2,1999,0.050847693,6628.36,7427.0,MAANSHAN-2,8760,0.06719999980085571
Taiwan,Maanshan-2,PWR,CO2,2000,0.050772515,6618.56,7401.0,MAANSHAN-2,8784,0.06738410949813856
Taiwan,Maanshan-2,PWR,CO2,2001,0.053650992,6993.79,7729.0,MAANSHAN-2,8760,0.06720000027452927
Taiwan,Maanshan-2,PWR,CO2,2002,0.050935529,6639.81,7507.0,MAANSHAN-2,8760,0.0672000003072377
Taiwan,Maanshan-2,PWR,CO2,2003,0.051685698,6737.6,7549.0,MAANSHAN-2,8760,0.06719999918071717
Taiwan,Maanshan-2,PWR,CO2,2004,0.060472098,7882.97,8784.0,MAANSHAN-2,8784,0.06738410888687893
Taiwan,Maanshan-2,PWR,CO2,2005,0.051473743,6709.97,7656.0,MAANSHAN-2,8760,0.06720000069746959
Taiwan,Maanshan-2,PWR,CO2,2006,0.053152285,6928.78,7729.0,MAANSHAN-2,8760,0.06720000008659534
Taiwan,Maanshan-2,PWR,CO2,2007,0.060064757,7829.87,8631.0,MAANSHAN-2,8760,0.06720000093488143
Taiwan,Maanshan-2,PWR,CO2,2008,0.055846729,7280.02,8036.0,MAANSHAN-2,8784,0.06738410987002783
Taiwan,Maanshan-2,PWR,CO2,2009,0.056684581,7389.24,8074.0,MAANSHAN-2,8760,0.06720000021111779
Taiwan,Maanshan-2,PWR,CO2,2010,0.061806357,8056.9,8760.0,MAANSHAN-2,8760,0.06720000090853803
Taiwan,Maanshan-2,PWR,CO2,2011,0.052942707,6901.46,7581.0,MAANSHAN-2,8760,0.06720000019126388
Taiwan,Maanshan-2,PWR,CO2,2012,0.055118115,7185.04,7851.0,MAANSHAN-2,8784,0.06738410950530548
Taiwan,Maanshan-2,PWR,CO2,2013,0.062657633,8167.87,8728.0,MAANSHAN-2,8760,0.06720000013222542
Taiwan,Maanshan-2,PWR,CO2,2014,0.051462619,6708.52,7198.0,MAANSHAN-2,8760,0.06719999976745988
Taiwan,Maanshan-2,PWR,CO2,2015,0.05091474,6637.1,7048.0,MAANSHAN-2,8760,0.0672000003616037
Taiwan,Maanshan-2,PWR,CO2,2016,0.060941502,7944.16,8472.0,MAANSHAN-2,8784,0.06738411028579486
Ukraine,Khmelnitski 1-2,PWR,CO2,1988,0.027449129,3578.19,5266.0,KHMELNITSKI-1,8784,0.06738411016072372
Ukraine,Khmelnitski 1-2,PWR,CO2,1989,0.045047474,5872.26,6295.0,KHMELNITSKI-1,8760,0.06720000004087012
Ukraine,Khmelnitski 1-2,PWR,CO2,1990,0.049852043,6498.57,6870.0,KHMELNITSKI-1,8760,0.06719999887359836
Ukraine,Khmelnitski 1-2,PWR,CO2,1991,0.039679376,5172.49,5551.0,KHMELNITSKI-1,8760,0.0672000011135836
Ukraine,Khmelnitski 1-2,PWR,CO2,1992,0.046603736,6075.13,6167.0,KHMELNITSKI-1,8784,0.0673841081629529
Ukraine,Khmelnitski 1-2,PWR,CO2,1993,0.042097578,5487.72,5782.0,KHMELNITSKI-1,8760,0.06719999986879796
Ukraine,Khmelnitski 1-2,PWR,CO2,1994,0.048354926,6303.41,6775.0,KHMELNITSKI-1,8760,0.06719999996192537
Ukraine,Khmelnitski 1-2,PWR,CO2,1995,0.043728022,5700.26,6014.0,KHMELNITSKI-1,8760,0.06720000012631001
Ukraine,Khmelnitski 1-2,PWR,CO2,1996,0.034504515,4497.91,4854.0,KHMELNITSKI-1,8784,0.06738410945528034
Ukraine,Khmelnitski 1-2,PWR,CO2,1997,0.047194192,6152.1,6415.0,KHMELNITSKI-1,8760,0.06720000031208856
Ukraine,Khmelnitski 1-2,PWR,CO2,1998,0.042185643,5499.2,5904.0,KHMELNITSKI-1,8760,0.0671999986688973
Ukraine,Khmelnitski 1-2,PWR,CO2,1999,0.042396526,5526.69,6506.0,KHMELNITSKI-1,8760,0.06719999995657437
Ukraine,Khmelnitski 1-2,PWR,CO2,2000,0.045257283,5899.61,6541.0,KHMELNITSKI-1,8784,0.06738411079240832
Ukraine,Khmelnitski 1-2,PWR,CO2,2001,0.047310641,6167.28,6781.0,KHMELNITSKI-1,8760,0.06719999986379734
Ukraine,Khmelnitski 1-2,PWR,CO2,2002,0.05163085,6730.45,7049.0,KHMELNITSKI-1,8760,0.06720000089147085
Ukraine,Khmelnitski 1-2,PWR,CO2,2003,0.054754959,7137.7,7512.0,KHMELNITSKI-1,8760,0.06720000011768497
Ukraine,Khmelnitski 1-2,PWR,CO2,2004,0.048533283,6326.66,9180.0,KHMELNITSKI-1,8784,0.06738411071118094
Ukraine,Khmelnitski 1-2,PWR,CO2,2005,0.095463276,12444.32,13809.0,KHMELNITSKI-1,8760,0.06719999949856642
Ukraine,Khmelnitski 1-2,PWR,CO2,2006,0.106347836,13863.2,15104.0,KHMELNITSKI-1,8760,0.06720000024236829
Ukraine,Khmelnitski 1-2,PWR,CO2,2007,0.108307836,14118.7,15305.0,KHMELNITSKI-1,8760,0.06720000023798225
Ukraine,Khmelnitski 1-2,PWR,CO2,2008,0.088157962,11492.02,12500.0,KHMELNITSKI-1,8784,0.06738410986127766
Ukraine,Khmelnitski 1-2,PWR,CO2,2009,0.09375566,12221.720000000001,13157.0,KHMELNITSKI-1,8760,0.06719999980362829
Ukraine,Khmelnitski 1-2,PWR,CO2,2010,0.095590236,12460.869999999999,13090.0,KHMELNITSKI-1,8760,0.0672000002696441
Ukraine,Khmelnitski 1-2,PWR,CO2,2011,0.105962279,13812.94,14586.0,KHMELNITSKI-1,8760,0.0671999997133123
Ukraine,Khmelnitski 1-2,PWR,CO2,2012,0.099764153,13004.97,14366.0,KHMELNITSKI-1,8784,0.06738410930221292
Ukraine,Khmelnitski 1-2,PWR,CO2,2013,0.10666343,13904.34,15072.0,KHMELNITSKI-1,8760,0.06719999991369602
Ukraine,Khmelnitski 1-2,PWR,CO2,2014,0.079205633,10325.02,13041.0,KHMELNITSKI-1,8760,0.06720000010460028
Ukraine,Khmelnitski 1-2,PWR,CO2,2015,0.098162324,12796.16,14830.0,KHMELNITSKI-1,8760,0.0672000004876463
Ukraine,Khmelnitski 1-2,PWR,CO2,2016,0.10949097,14272.93,15155.0,KHMELNITSKI-1,8784,0.06738410967334668
Ukraine,Rovno 1-4 (Rivne),PWR,CO2,1981,0.012998521,1694.4499999999998,7170.0,RIVNE-1,8760,0.06720000233704153
Ukraine,Rovno 1-4 (Rivne),PWR,CO2,1982,0.029054104,3787.42,13509.0,RIVNE-1,8760,0.06719982231703904
Ukraine,Rovno 1-4 (Rivne),PWR,CO2,1983,0.030405162,3963.5299999999997,12324.0,RIVNE-1,8760,0.06720000078717708
Ukraine,Rovno 1-4 (Rivne),PWR,CO2,1984,0.042149283,5494.450000000001,15666.0,RIVNE-1,8784,0.06738423352146256
Ukraine,Rovno 1-4 (Rivne),PWR,CO2,1985,0.042792285,5578.29,15630.0,RIVNE-1,8760,0.067199879640535
Ukraine,Rovno 1-4 (Rivne),PWR,CO2,1986,0.043324285,5647.63,15689.0,RIVNE-1,8760,0.06720000010623925
Ukraine,Rovno 1-4 (Rivne),PWR,CO2,1987,0.087523628,11409.33,21890.0,RIVNE-1,8760,0.06720000046277914
Ukraine,Rovno 1-4 (Rivne),PWR,CO2,1988,0.085592395,11157.58,22109.0,RIVNE-1,8784,0.06738410996649812
Ukraine,Rovno 1-4 (Rivne),PWR,CO2,1989,0.088758772,11570.34,22754.0,RIVNE-1,8760,0.06719999954366077
Ukraine,Rovno 1-4 (Rivne),PWR,CO2,1990,0.090133841,11749.59,22061.0,RIVNE-1,8760,0.06719999992850814
Ukraine,Rovno 1-4 (Rivne),PWR,CO2,1991,0.080456274,10488.05,19961.0,RIVNE-1,8760,0.06720000002288319
Ukraine,Rovno 1-4 (Rivne),PWR,CO2,1992,0.10088891,13151.59,22799.0,RIVNE-1,8784,0.0673841098635222
Ukraine,Rovno 1-4 (Rivne),PWR,CO2,1993,0.08310423,10833.22,20001.0,RIVNE-1,8760,0.06720006192064779
Ukraine,Rovno 1-4 (Rivne),PWR,CO2,1994,0.083186926,10844.01,21046.0,RIVNE-1,8760,0.06719999997786796
Ukraine,Rovno 1-4 (Rivne),PWR,CO2,1995,0.079275595,10334.14,20471.0,RIVNE-1,8760,0.0672000004064199
Ukraine,Rovno 1-4 (Rivne),PWR,CO2,1996,0.08258903,10766.07,20929.0,RIVNE-1,8784,0.06738410947727444
Ukraine,Rovno 1-4 (Rivne),PWR,CO2,1997,0.08849795,11536.34,21444.0,RIVNE-1,8760,0.06719999947990438
Ukraine,Rovno 1-4 (Rivne),PWR,CO2,1998,0.084046641,10956.08,20372.0,RIVNE-1,8760,0.06719999992333026
Ukraine,Rovno 1-4 (Rivne),PWR,CO2,1999,0.077384483,10087.619999999999,19514.0,RIVNE-1,8760,0.0672000007018504
Ukraine,Rovno 1-4 (Rivne),PWR,CO2,2000,0.080111989,10443.17,20681.0,RIVNE-1,8784,0.06738410955447435
Ukraine,Rovno 1-4 (Rivne),PWR,CO2,2001,0.086948438,11334.35,21447.0,RIVNE-1,8760,0.06719999972473058
Ukraine,Rovno 1-4 (Rivne),PWR,CO2,2002,0.08500217,11080.65,21318.0,RIVNE-1,8760,0.06719993946203517
Ukraine,Rovno 1-4 (Rivne),PWR,CO2,2003,0.0909104,11850.82,21751.0,RIVNE-1,8760,0.0672
Ukraine,Rovno 1-4 (Rivne),PWR,CO2,2004,0.101511967,13232.81,24814.0,RIVNE-1,8784,0.06738410950720218
Ukraine,Rovno 1-4 (Rivne),PWR,CO2,2005,0.110632143,14421.69,27569.0,RIVNE-1,8760,0.0672000003245112
Ukraine,Rovno 1-4 (Rivne),PWR,CO2,2006,0.11135715,14516.199999999999,27546.0,RIVNE-1,8760,0.0671999995866687
Ukraine,Rovno 1-4 (Rivne),PWR,CO2,2007,0.11537565,15040.04,25833.0,RIVNE-1,8760,0.0672000003989351
Ukraine,Rovno 1-4 (Rivne),PWR,CO2,2008,0.12077543,15743.94,28173.0,RIVNE-1,8784,0.06738410951261246
Ukraine,Rovno 1-4 (Rivne),PWR,CO2,2009,0.085823452,11187.699999999999,20160.0,RIVNE-1,8760,0.06719999995709575
Ukraine,Rovno 1-4 (Rivne),PWR,CO2,2010,0.11941954,15567.189999999999,23574.0,RIVNE-1,8760,0.06720000015417042
Ukraine,Rovno 1-4 (Rivne),PWR,CO2,2011,0.123852976,16145.119999999999,27284.0,RIVNE-1,8760,0.06720000035676416
Ukraine,Rovno 1-4 (Rivne),PWR,CO2,2012,0.126900757,16542.42,27934.0,RIVNE-1,8784,0.06738411003275216
Ukraine,Rovno 1-4 (Rivne),PWR,CO2,2013,0.114028734,14864.46,24986.0,RIVNE-1,8760,0.06719999985468696
Ukraine,Rovno 1-4 (Rivne),PWR,CO2,2014,0.12931029,16856.52,28570.0,RIVNE-1,8760,0.06719999978643279
Ukraine,Rovno 1-4 (Rivne),PWR,CO2,2015,0.134408285,17521.08,29280.0,RIVNE-1,8760,0.06720000003424445
Ukraine,Rovno 1-4 (Rivne),PWR,CO2,2016,0.123807715,16139.21,27821.0,RIVNE-1,8784,0.06738415130356443
Ukraine,South Ukraine 1-3,PWR,CO2,1982,0.000167617,21.85,216.0,SOUTH UKRAINE-1,8760,0.06720022517162472
Ukraine,South Ukraine 1-3,PWR,CO2,1983,0.019629381,2558.83,3708.0,SOUTH UKRAINE-1,8760,0.06720000060965363
Ukraine,South Ukraine 1-3,PWR,CO2,1984,0.046603276,6075.07,6364.0,SOUTH UKRAINE-1,8784,0.06738410855907834
Ukraine,South Ukraine 1-3,PWR,CO2,1985,0.09621874,12542.8,13527.0,SOUTH UKRAINE-1,8760,0.06720000019134484
Ukraine,South Ukraine 1-3,PWR,CO2,1986,0.090072471,11741.59,13050.0,SOUTH UKRAINE-1,8760,0.06719999982625863
Ukraine,South Ukraine 1-3,PWR,CO2,1987,0.061581129,8027.54,8583.0,SOUTH UKRAINE-1,8760,0.06720000025412518
Ukraine,South Ukraine 1-3,PWR,CO2,1988,0.079152164,10318.05,11375.0,SOUTH UKRAINE-1,8784,0.067384109262506
Ukraine,South Ukraine 1-3,PWR,CO2,1989,0.063199759,8238.54,11987.0,SOUTH UKRAINE-1,8760,0.0672000001019598
Ukraine,South Ukraine 1-3,PWR,CO2,1990,0.10459634,13634.880000000001,17993.0,SOUTH UKRAINE-1,8760,0.06720000017601914
Ukraine,South Ukraine 1-3,PWR,CO2,1991,0.121500438,15838.45,19250.0,SOUTH UKRAINE-1,8760,0.06719999980301103
Ukraine,South Ukraine 1-3,PWR,CO2,1992,0.136679124,17817.1,19362.0,SOUTH UKRAINE-1,8784,0.06738410994022598
Ukraine,South Ukraine 1-3,PWR,CO2,1993,0.126768888,16525.23,18747.0,SOUTH UKRAINE-1,8760,0.06720000017427896
Ukraine,South Ukraine 1-3,PWR,CO2,1994,0.112314674,14641.02,18361.0,SOUTH UKRAINE-1,8760,0.0672000000163923
Ukraine,South Ukraine 1-3,PWR,CO2,1995,0.12138069,15822.84,19026.0,SOUTH UKRAINE-1,8760,0.0671999997724808
Ukraine,South Ukraine 1-3,PWR,CO2,1996,0.121872953,15887.01,18602.0,SOUTH UKRAINE-1,8784,0.06738410935424602
Ukraine,South Ukraine 1-3,PWR,CO2,1997,0.146040098,19037.370000000003,20895.0,SOUTH UKRAINE-1,8760,0.06719999971004398
Ukraine,South Ukraine 1-3,PWR,CO2,1998,0.127022805,16558.33,17740.0,SOUTH UKRAINE-1,8760,0.06719999974635123
Ukraine,South Ukraine 1-3,PWR,CO2,1999,0.127044669,16561.18,18536.0,SOUTH UKRAINE-1,8760,0.06720000026809685
Ukraine,South Ukraine 1-3,PWR,CO2,2000,0.116727014,15216.2,16751.0,SOUTH UKRAINE-1,8784,0.06738410976301573
Ukraine,South Ukraine 1-3,PWR,CO2,2001,0.137365469,17906.57,19869.0,SOUTH UKRAINE-1,8760,0.06720000024795368
Ukraine,South Ukraine 1-3,PWR,CO2,2002,0.127704395,16647.18,18233.0,SOUTH UKRAINE-1,8760,0.06720000025229499
Ukraine,South Ukraine 1-3,PWR,CO2,2003,0.134649315,17552.5,19160.0,SOUTH UKRAINE-1,8760,0.06719999996581684
Ukraine,South Ukraine 1-3,PWR,CO2,2004,0.157365907,20513.77,22485.0,SOUTH UKRAINE-1,8784,0.06738410965356441
Ukraine,South Ukraine 1-3,PWR,CO2,2005,0.148428307,19348.68,21717.0,SOUTH UKRAINE-1,8760,0.06720003479927314
Ukraine,South Ukraine 1-3,PWR,CO2,2006,0.128464,16746.2,18569.0,SOUTH UKRAINE-1,8760,0.0672
Ukraine,South Ukraine 1-3,PWR,CO2,2007,0.128321008,16727.56,18432.0,SOUTH UKRAINE-1,8760,0.06719999988521935
Ukraine,South Ukraine 1-3,PWR,CO2,2008,0.138694357,18079.800000000003,20693.0,SOUTH UKRAINE-1,8784,0.06738410999502205
Ukraine,South Ukraine 1-3,PWR,CO2,2009,0.11918411,15536.5,19605.0,SOUTH UKRAINE-1,8760,0.06720000023171242
Ukraine,South Ukraine 1-3,PWR,CO2,2010,0.129306992,16856.09,20439.0,SOUTH UKRAINE-1,8760,0.06720000011390542
Ukraine,South Ukraine 1-3,PWR,CO2,2011,0.126104405,16438.61,20039.0,SOUTH UKRAINE-1,8760,0.06719999974450394
Ukraine,South Ukraine 1-3,PWR,CO2,2012,0.127231079,16585.48,18679.0,SOUTH UKRAINE-1,8784,0.0673841093496239
Ukraine,South Ukraine 1-3,PWR,CO2,2013,0.096947353,12637.779999999999,15851.0,SOUTH UKRAINE-1,8760,0.06719999970564451
Ukraine,South Ukraine 1-3,PWR,CO2,2014,0.141795683,18484.08,21174.0,SOUTH UKRAINE-1,8760,0.06720000038303231
Ukraine,South Ukraine 1-3,PWR,CO2,2015,0.114685085,14950.02,17795.0,SOUTH UKRAINE-1,8760,0.06720000004013373
Ukraine,South Ukraine 1-3,PWR,CO2,2016,0.125555605,16367.079999999998,20672.0,SOUTH UKRAINE-1,8784,0.06738406816121141
Ukraine,Zaporozhe 1-6 (Zaporizhzhia),PWR,CO2,1985,0.034482038,4494.98,6611.0,ZAPOROZHYE-1,8760,0.06719999930589235
Ukraine,Zaporozhe 1-6 (Zaporizhzhia),PWR,CO2,1986,0.081220789,10587.71,12343.0,ZAPOROZHYE-1,8760,0.06719999996599832
Ukraine,Zaporozhe 1-6 (Zaporizhzhia),PWR,CO2,1987,0.15025337,19586.59,21340.0,ZAPOROZHYE-1,8760,0.06720003437045448
Ukraine,Zaporozhe 1-6 (Zaporizhzhia),PWR,CO2,1988,0.184912767,24104.7,27698.0,ZAPOROZHYE-1,8784,0.06738410954411381
Ukraine,Zaporozhe 1-6 (Zaporizhzhia),PWR,CO2,1989,0.135327069,17640.85,20317.0,ZAPOROZHYE-2,8760,0.06720000025168855
Ukraine,Zaporozhe 1-6 (Zaporizhzhia),PWR,CO2,1990,0.180113643,23479.1,27410.0,ZAPOROZHYE-1,8760,0.06719999968823337
Ukraine,Zaporozhe 1-6 (Zaporizhzhia),PWR,CO2,1991,0.197068757,25689.32,29765.0,ZAPOROZHYE-1,8760,0.06720000028494331
Ukraine,Zaporozhe 1-6 (Zaporizhzhia),PWR,CO2,1992,0.235178443,30657.19,33022.0,ZAPOROZHYE-1,8784,0.0673841093496175
Ukraine,Zaporozhe 1-6 (Zaporizhzhia),PWR,CO2,1993,0.197863266,25792.89,33604.0,ZAPOROZHYE-1,8760,0.06720000008374401
Ukraine,Zaporozhe 1-6 (Zaporizhzhia),PWR,CO2,1994,0.175638936,22895.78,30551.0,ZAPOROZHYE-1,8760,0.06720002897302473
Ukraine,Zaporozhe 1-6 (Zaporizhzhia),PWR,CO2,1995,0.17773234,23168.68,31272.0,ZAPOROZHYE-1,8760,0.06720000010358812
Ukraine,Zaporozhe 1-6 (Zaporizhzhia),PWR,CO2,1996,0.249426148,32514.48,38609.0,ZAPOROZHYE-1,8784,0.06738410960384418
Ukraine,Zaporozhe 1-6 (Zaporizhzhia),PWR,CO2,1997,0.260980559,34020.68,39225.0,ZAPOROZHYE-1,8760,0.06720000002469087
Ukraine,Zaporozhe 1-6 (Zaporizhzhia),PWR,CO2,1998,0.256248712,33403.85,37893.0,ZAPOROZHYE-1,8760,0.0671999999137824
Ukraine,Zaporozhe 1-6 (Zaporizhzhia),PWR,CO2,1999,0.243484088,31739.89,36560.0,ZAPOROZHYE-1,8760,0.06720000009073755
Ukraine,Zaporozhe 1-6 (Zaporizhzhia),PWR,CO2,2000,0.267047583,34811.55,38287.0,ZAPOROZHYE-1,8784,0.06738412880414689
Ukraine,Zaporozhe 1-6 (Zaporizhzhia),PWR,CO2,2001,0.278778433,36340.75,41636.0,ZAPOROZHYE-1,8760,0.06720001852135687
Ukraine,Zaporozhe 1-6 (Zaporizhzhia),PWR,CO2,2002,0.299199638,39002.81,42909.0,ZAPOROZHYE-1,8760,0.06719999992000576
Ukraine,Zaporozhe 1-6 (Zaporizhzhia),PWR,CO2,2003,0.308812767,40255.95,43791.0,ZAPOROZHYE-1,8760,0.06719999997317166
Ukraine,Zaporozhe 1-6 (Zaporizhzhia),PWR,CO2,2004,0.308639014,40233.3,44705.0,ZAPOROZHYE-1,8784,0.06738410965483814
Ukraine,Zaporozhe 1-6 (Zaporizhzhia),PWR,CO2,2005,0.28527474,37187.6,42414.0,ZAPOROZHYE-1,8760,0.06720000006453765
Ukraine,Zaporozhe 1-6 (Zaporizhzhia),PWR,CO2,2006,0.305178674,39782.22,43508.0,ZAPOROZHYE-1,8760,0.06720000000603284
Ukraine,Zaporozhe 1-6 (Zaporizhzhia),PWR,CO2,2007,0.31711005,41337.56,44530.0,ZAPOROZHYE-1,8760,0.06720000014514645
Ukraine,Zaporozhe 1-6 (Zaporizhzhia),PWR,CO2,2008,0.300384767,39157.3,43668.0,ZAPOROZHYE-1,8784,0.06738410956138446
Ukraine,Zaporozhe 1-6 (Zaporizhzhia),PWR,CO2,2009,0.299203857,39003.35,44217.0,ZAPOROZHYE-1,8760,0.0672000171092996
Ukraine,Zaporozhe 1-6 (Zaporizhzhia),PWR,CO2,2010,0.299646795,39061.1,43265.0,ZAPOROZHYE-1,8760,0.06720000010752386
Ukraine,Zaporozhe 1-6 (Zaporizhzhia),PWR,CO2,2011,0.29532183,38497.32,42159.0,ZAPOROZHYE-1,8760,0.06719998251306844
Ukraine,Zaporozhe 1-6 (Zaporizhzhia),PWR,CO2,2012,0.29728114,38752.72,42933.0,ZAPOROZHYE-1,8784,0.0673841096511419
Ukraine,Zaporozhe 1-6 (Zaporizhzhia),PWR,CO2,2013,0.281991298,36759.57,42347.0,ZAPOROZHYE-1,8760,0.0672000181307888
Ukraine,Zaporozhe 1-6 (Zaporizhzhia),PWR,CO2,2014,0.287342597,37457.17,42560.0,ZAPOROZHYE-1,8760,0.06719998199864004
Ukraine,Zaporozhe 1-6 (Zaporizhzhia),PWR,CO2,2015,0.284893557,37137.92,42727.0,ZAPOROZHYE-1,8760,0.06719998210239024
Ukraine,Zaporozhe 1-6 (Zaporizhzhia),PWR,CO2,2016,0.224756153,29298.57,33716.0,ZAPOROZHYE-1,8784,0.06738410946172459
United Kingdom,Dounreay DFR,FBR,CO2,1972,0.000765753,55.9,4344.0,DOUNREAY DFR,8784,0.12032870039355993
United Kingdom,Dounreay DFR,FBR,CO2,1973,0.000605479,44.2,3257.0,DOUNREAY DFR,8760,0.11999991040723981
United Kingdom,Dounreay DFR,FBR,CO2,1974,0.000352055,25.7,2150.0,DOUNREAY DFR,8760,0.1200000700389105
United Kingdom,Dounreay DFR,FBR,CO2,1975,0.000327397,23.9,2054.0,DOUNREAY DFR,8760,0.11999990460251046
United Kingdom,Dounreay DFR,FBR,CO2,1976,0.000389041,28.4,2860.0,DOUNREAY DFR,8784,0.12032873746478874
United Kingdom,Dounreay DFR,FBR,CO2,1977,0.000194521,14.2,1275.0,DOUNREAY DFR,8760,0.12000027887323943
United Kingdom,Dounreay PFR,FBR,CO2,1978,0.003182192,232.3,2534.0,DOUNREAY PFR,8760,0.12000000826517433
United Kingdom,Dounreay PFR,FBR,CO2,1979,0.002178082,159.0,2907.0,DOUNREAY PFR,8760,0.11999998943396227
United Kingdom,Dounreay PFR,FBR,CO2,1982,0.001315068,96.0,2971.0,DOUNREAY PFR,8760,0.11999995499999999
United Kingdom,Dounreay PFR,FBR,CO2,1983,0.001753425,128.0,3542.0,DOUNREAY PFR,8760,0.1200000234375
United Kingdom,Dounreay PFR,FBR,CO2,1984,0.006110685,446.08,3097.0,DOUNREAY PFR,8784,0.12032876847202296
United Kingdom,Dounreay PFR,FBR,CO2,1985,0.012235753,893.21,4393.0,DOUNREAY PFR,8760,0.11999999583524591
United Kingdom,Dounreay PFR,FBR,CO2,1986,0.012183425,889.39,4669.0,DOUNREAY PFR,8760,0.12000000337309841
United Kingdom,Dounreay PFR,FBR,CO2,1987,0.011531918,841.83,4804.0,DOUNREAY PFR,8760,0.12000000199565233
United Kingdom,Dounreay PFR,FBR,CO2,1988,0.008363973,610.57,2906.0,DOUNREAY PFR,8784,0.12032877283849516
United Kingdom,Dounreay PFR,FBR,CO2,1989,0.014282192,1042.6,5526.0,DOUNREAY PFR,8760,0.12000000184154999
United Kingdom,Dounreay PFR,FBR,CO2,1990,0.007316027,534.07,2600.0,DOUNREAY PFR,8760,0.11999999348400021
United Kingdom,Dounreay PFR,FBR,CO2,1991,0.010646438,777.19,3599.0,DOUNREAY PFR,8760,0.11999999598553762
United Kingdom,Dungeness AA-AB,GCR,CO2,1978,1.674486301,2667.0,17462.0,DUNGENESS A-1,8760,5.499999998785151
United Kingdom,Dungeness AA-AB,GCR,CO2,1979,0.733961187,1169.0,13810.0,DUNGENESS A-1,8760,5.499999998391788
United Kingdom,Dungeness AA-AB,GCR,CO2,1980,0.043321918,69.0,1080.0,DUNGENESS A-1,8784,5.515068517565218
United Kingdom,Dungeness AA-AB,GCR,CO2,1981,0.075342466,120.0,1680.0,DUNGENESS A-1,8760,5.500000018
United Kingdom,Dungeness AA-AB,GCR,CO2,1982,1.626141553,2590.0,17332.0,DUNGENESS A-1,8760,5.50000000165251
United Kingdom,Dungeness AA-AB,GCR,CO2,1983,1.859703196,2962.0,17472.0,DUNGENESS A-1,8760,5.499999998973666
United Kingdom,Dungeness AA-AB,GCR,CO2,1984,1.82956621,2914.0,17472.0,DUNGENESS A-1,8784,5.5150684930130405
United Kingdom,Dungeness AA-AB,GCR,CO2,1985,2.094734018,3336.34,17432.0,DUNGENESS A-1,8760,5.499999999304627
United Kingdom,Dungeness AA-AB,GCR,CO2,1986,1.64897032,2626.36,17356.0,DUNGENESS A-1,8760,5.5000000012184165
United Kingdom,Dungeness AA-AB,GCR,CO2,1987,1.917955479,3054.78,17592.0,DUNGENESS A-1,8760,5.499999998703671
United Kingdom,Dungeness AA-AB,GCR,CO2,1988,1.308924658,2084.76,17136.0,DUNGENESS A-1,8784,5.5150684951131055
United Kingdom,Dungeness AA-AB,GCR,CO2,1989,1.3831621,2203.0,17472.0,DUNGENESS A-1,8760,5.499999998184294
United Kingdom,Dungeness AA-AB,GCR,CO2,1990,1.880623288,2995.32,17422.0,DUNGENESS A-1,8760,5.5000000009615
United Kingdom,Dungeness AA-AB,GCR,CO2,1991,2.009383562,3200.4,17390.0,DUNGENESS A-1,8760,5.500000000974878
United Kingdom,Dungeness AA-AB,GCR,CO2,1992,2.351727169,3745.66,17810.0,DUNGENESS A-1,8784,5.515068493268477
United Kingdom,Dungeness AA-AB,GCR,CO2,1993,2.021300228,3219.38,17394.0,DUNGENESS A-1,8760,5.499999999155117
United Kingdom,Dungeness AA-AB,GCR,CO2,1994,2.223017123,3540.66,16202.0,DUNGENESS A-1,8760,5.499999999288268
United Kingdom,Dungeness AA-AB,GCR,CO2,1995,2.102437785,3348.6099999999997,15358.0,DUNGENESS A-1,8760,5.499999998984654
United Kingdom,Dungeness AA-AB,GCR,CO2,1996,1.727759703,2751.8500000000004,12549.0,DUNGENESS A-1,8784,5.5150684925239375
United Kingdom,Dungeness AA-AB,GCR,CO2,1997,2.228755708,3549.8,16441.0,DUNGENESS A-1,8760,5.500000000585948
United Kingdom,Dungeness AA-AB,GCR,CO2,1998,2.183870434,3478.31,16190.0,DUNGENESS A-1,8760,5.500000000528993
United Kingdom,Dungeness AA-AB,GCR,CO2,1999,2.188503995,3485.69,16351.0,DUNGENESS A-1,8760,5.499999998909829
United Kingdom,Dungeness AA-AB,GCR,CO2,2000,1.881125571,2996.12,14863.0,DUNGENESS A-1,8784,5.515068493806657
United Kingdom,Dungeness AA-AB,GCR,CO2,2001,1.503521689,2394.7,12557.0,DUNGENESS A-1,8760,5.499999998179313
United Kingdom,Dungeness AA-AB,GCR,CO2,2002,2.022235731,3220.87,15763.0,DUNGENESS A-1,8760,5.500000001105291
United Kingdom,Dungeness AA-AB,GCR,CO2,2003,1.813405251,2888.26,14163.0,DUNGENESS A-1,8760,5.499999999570676
United Kingdom,Dungeness AA-AB,GCR,CO2,2004,1.802932648,2871.58,14289.0,DUNGENESS A-1,8784,5.515068491921521
United Kingdom,Dungeness AA-AB,GCR,CO2,2005,1.774390411,2826.12,14461.0,DUNGENESS A-1,8760,5.500000000127383
United Kingdom,Dungeness AA-AB,GCR,CO2,2006,2.234739155,3559.33,17297.0,DUNGENESS A-1,8760,5.499999999381906
United Kingdom,Dungeness B1-B2,AGR,CO2,1984,0.095570776,598.0,2319.0,DUNGENESS B-1,8784,1.4038356126822742
United Kingdom,Dungeness B1-B2,AGR,CO2,1985,0.389674658,2438.25,6117.0,DUNGENESS B-1,8760,1.4000000016733314
United Kingdom,Dungeness B1-B2,AGR,CO2,1986,0.387157534,2422.5,9420.0,DUNGENESS B-1,8760,1.3999999991083591
United Kingdom,Dungeness B1-B2,AGR,CO2,1987,0.154845434,968.8900000000001,4420.0,DUNGENESS B-1,8760,1.4000000018990804
United Kingdom,Dungeness B1-B2,AGR,CO2,1988,0.363621233,2275.23,6695.0,DUNGENESS B-1,8784,1.4038356169143338
United Kingdom,Dungeness B1-B2,AGR,CO2,1989,0.140599315,879.75,3346.0,DUNGENESS B-1,8760,1.3999999993179881
United Kingdom,Dungeness B1-B2,AGR,CO2,1990,0.237162557,1483.96,9153.0,DUNGENESS B-1,8760,1.3999999995417665
United Kingdom,Dungeness B1-B2,AGR,CO2,1991,0.658990868,4123.4,11624.0,DUNGENESS B-1,8760,1.4000000008924673
United Kingdom,Dungeness B1-B2,AGR,CO2,1992,0.545394292,3412.6099999999997,9195.0,DUNGENESS B-1,8784,1.4038356158271823
United Kingdom,Dungeness B1-B2,AGR,CO2,1993,0.926918265,5799.86,11810.0,DUNGENESS B-1,8760,1.4000000002413853
United Kingdom,Dungeness B1-B2,AGR,CO2,1994,0.791727169,4953.95,9751.0,DUNGENESS B-1,8760,1.400000000088818
United Kingdom,Dungeness B1-B2,AGR,CO2,1995,0.263308676,1647.56,2945.0,DUNGENESS B-1,8760,1.4000000010682465
United Kingdom,Dungeness B1-B2,AGR,CO2,1996,0.979990411,6131.94,12193.0,DUNGENESS B-1,8784,1.4038356164972259
United Kingdom,Dungeness B1-B2,AGR,CO2,1997,0.863894292,5405.51,11524.0,DUNGENESS B-1,8760,1.3999999996152075
United Kingdom,Dungeness B1-B2,AGR,CO2,1998,0.654634247,4096.14,10106.0,DUNGENESS B-1,8760,1.400000000908172
United Kingdom,Dungeness B1-B2,AGR,CO2,1999,0.592516438,3707.46,10256.0,DUNGENESS B-1,8760,1.3999999991584535
United Kingdom,Dungeness B1-B2,AGR,CO2,2000,0.355419406,2223.91,4968.0,DUNGENESS B-1,8784,1.4038356148872932
United Kingdom,Dungeness B1-B2,AGR,CO2,2001,0.967930594,6056.48,13501.0,DUNGENESS B-1,8760,1.400000000567987
United Kingdom,Dungeness B1-B2,AGR,CO2,2002,0.74328653,4650.85,10178.0,DUNGENESS B-1,8760,1.4000000006020403
United Kingdom,Dungeness B1-B2,AGR,CO2,2003,0.995684475,6230.14,12487.0,DUNGENESS B-1,8760,1.40000000016051
United Kingdom,Dungeness B1-B2,AGR,CO2,2004,1.054297489,6596.889999999999,13443.0,DUNGENESS B-1,8784,1.4038356169916433
United Kingdom,Dungeness B1-B2,AGR,CO2,2005,0.910142237,5694.889999999999,11651.0,DUNGENESS B-1,8760,1.3999999993186876
United Kingdom,Dungeness B1-B2,AGR,CO2,2006,0.822989041,5149.5599999999995,10958.0,DUNGENESS B-1,8760,1.3999999998368795
United Kingdom,Dungeness B1-B2,AGR,CO2,2007,0.936058219,5857.049999999999,12748.0,DUNGENESS B-1,8760,1.3999999997336543
United Kingdom,Dungeness B1-B2,AGR,CO2,2008,0.570356164,3568.8,7823.0,DUNGENESS B-1,8784,1.4038356154942837
United Kingdom,Dungeness B1-B2,AGR,CO2,2009,0.641297489,4012.6899999999996,9124.0,DUNGENESS B-1,8760,1.4000000009071223
United Kingdom,Dungeness B1-B2,AGR,CO2,2010,0.593719863,3714.9900000000002,9406.0,DUNGENESS B-1,8760,1.3999999999676984
United Kingdom,Dungeness B1-B2,AGR,CO2,2011,0.215221233,1346.67,5271.0,DUNGENESS B-1,8760,1.4000000008019782
United Kingdom,Dungeness B1-B2,AGR,CO2,2012,0.651858219,4078.77,9052.0,DUNGENESS B-1,8784,1.40383561605484
United Kingdom,Dungeness B1-B2,AGR,CO2,2013,0.760740183,4760.0599999999995,10523.0,DUNGENESS B-1,8760,1.4000000006470508
United Kingdom,Dungeness B1-B2,AGR,CO2,2014,0.701123516,4387.03,10562.0,DUNGENESS B-1,8760,1.4000000000364712
United Kingdom,Dungeness B1-B2,AGR,CO2,2015,1.063210502,6652.66,13344.0,DUNGENESS B-1,8760,1.399999999627217
United Kingdom,Dungeness B1-B2,AGR,CO2,2016,1.230467352,7699.21,15193.0,DUNGENESS B-1,8784,1.4038356168967985
United Kingdom,Hartlepool A1-A2,AGR,CO2,1984,0.133607306,836.0,3130.0,HARTLEPOOL A-1,8784,1.403835617110048
United Kingdom,Hartlepool A1-A2,AGR,CO2,1985,0.217872603,1363.26,4611.0,HARTLEPOOL A-1,8760,1.4000000016724616
United Kingdom,Hartlepool A1-A2,AGR,CO2,1986,0.447042694,2797.21,7511.0,HARTLEPOOL A-1,8760,1.3999999997998005
United Kingdom,Hartlepool A1-A2,AGR,CO2,1987,0.336835845,2107.63,6227.0,HARTLEPOOL A-1,8760,1.4000000010438265
United Kingdom,Hartlepool A1-A2,AGR,CO2,1988,0.310002511,1939.73,6070.0,HARTLEPOOL A-1,8784,1.403835614556665
United Kingdom,Hartlepool A1-A2,AGR,CO2,1989,0.649544064,4064.29,9372.0,HARTLEPOOL A-1,8760,1.400000000157469
United Kingdom,Hartlepool A1-A2,AGR,CO2,1990,0.789027854,4937.06,10282.0,HARTLEPOOL A-1,8760,1.4000000002106516
United Kingdom,Hartlepool A1-A2,AGR,CO2,1991,0.768609589,4809.3,10546.0,HARTLEPOOL A-1,8760,1.399999999925145
United Kingdom,Hartlepool A1-A2,AGR,CO2,1992,1.155028767,7227.18,14079.0,HARTLEPOOL A-1,8784,1.4038356162885108
United Kingdom,Hartlepool A1-A2,AGR,CO2,1993,1.39268516,8714.23,15484.0,HARTLEPOOL A-1,8760,1.4000000001836077
United Kingdom,Hartlepool A1-A2,AGR,CO2,1994,1.278621918,8000.52,14328.0,HARTLEPOOL A-1,8760,1.4000000002099862
United Kingdom,Hartlepool A1-A2,AGR,CO2,1995,1.172257078,7334.98,12086.0,HARTLEPOOL A-1,8760,1.4000000004471724
United Kingdom,Hartlepool A1-A2,AGR,CO2,1996,1.420506164,8888.310000000001,15822.0,HARTLEPOOL A-1,8784,1.4038356160592957
United Kingdom,Hartlepool A1-A2,AGR,CO2,1997,1.369564384,8569.560000000001,14598.0,HARTLEPOOL A-1,8760,1.4000000004480975
United Kingdom,Hartlepool A1-A2,AGR,CO2,1998,1.350047489,8447.44,15081.0,HARTLEPOOL A-1,8760,1.4000000004309
United Kingdom,Hartlepool A1-A2,AGR,CO2,1999,1.513884247,9472.59,16177.0,HARTLEPOOL A-1,8760,1.400000000392712
United Kingdom,Hartlepool A1-A2,AGR,CO2,2000,1.442065525,9023.21,15616.0,HARTLEPOOL A-1,8784,1.4038356163272274
United Kingdom,Hartlepool A1-A2,AGR,CO2,2001,1.426700685,8927.07,15393.0,HARTLEPOOL A-1,8760,1.4000000000672113
United Kingdom,Hartlepool A1-A2,AGR,CO2,2002,1.524365068,9538.17,16348.0,HARTLEPOOL A-1,8760,1.3999999995470829
United Kingdom,Hartlepool A1-A2,AGR,CO2,2003,1.290002511,8071.73,14114.0,HARTLEPOOL A-1,8760,1.3999999995490433
United Kingdom,Hartlepool A1-A2,AGR,CO2,2004,0.850752511,5323.280000000001,9401.0,HARTLEPOOL A-1,8784,1.4038356157526939
United Kingdom,Hartlepool A1-A2,AGR,CO2,2005,0.954839954,5974.57,11257.0,HARTLEPOOL A-1,8760,1.3999999995045669
United Kingdom,Hartlepool A1-A2,AGR,CO2,2006,0.776712329,4860.0,8746.0,HARTLEPOOL A-1,8760,1.400000000419753
United Kingdom,Hartlepool A1-A2,AGR,CO2,2007,1.101036073,6889.34,12194.0,HARTLEPOOL A-1,8760,1.399999999924521
United Kingdom,Hartlepool A1-A2,AGR,CO2,2009,1.091234475,6828.01,12346.0,HARTLEPOOL A-1,8760,1.4000000001464556
United Kingdom,Hartlepool A1-A2,AGR,CO2,2010,1.301790639,8145.49,14221.0,HARTLEPOOL A-1,8760,1.3999999997102692
United Kingdom,Hartlepool A1-A2,AGR,CO2,2011,1.175338356,7354.26,13047.0,HARTLEPOOL A-1,8760,1.399999999804195
United Kingdom,Hartlepool A1-A2,AGR,CO2,2012,1.409924658,8822.099999999999,15493.0,HARTLEPOOL A-1,8784,1.4038356169020985
United Kingdom,Hartlepool A1-A2,AGR,CO2,2013,1.119813014,7006.83,13074.0,HARTLEPOOL A-1,8760,1.4000000003767752
United Kingdom,Hartlepool A1-A2,AGR,CO2,2014,0.930188128,5820.32,11072.0,HARTLEPOOL A-1,8760,1.400000000219919
United Kingdom,Hartlepool A1-A2,AGR,CO2,2015,0.985747032,6167.96,13628.0,HARTLEPOOL A-1,8760,1.400000000051881
United Kingdom,Hartlepool A1-A2,AGR,CO2,2016,1.048537671,6560.85,12401.0,HARTLEPOOL A-1,8784,1.4038356161265688
United Kingdom,Heysham 1A-1B,AGR,CO2,1984,0.244041096,1527.0,4718.0,HEYSHAM A-1,8784,1.4038356170687625
United Kingdom,Heysham 1A-1B,AGR,CO2,1985,0.040975571,256.39,726.0,HEYSHAM A-1,8760,1.4000000076446042
United Kingdom,Heysham 1A-1B,AGR,CO2,1986,0.338614612,2118.76,5731.0,HEYSHAM A-1,8760,1.4000000005286108
United Kingdom,Heysham 1A-1B,AGR,CO2,1987,0.301594521,1887.12,6007.0,HEYSHAM A-1,8760,1.400000002098436
United Kingdom,Heysham 1A-1B,AGR,CO2,1988,0.527422831,3300.16,5580.0,HEYSHAM A-1,8784,1.403835616304664
United Kingdom,Heysham 1A-1B,AGR,CO2,1989,0.83900274,5249.76,11567.0,HEYSHAM A-1,8760,1.4000000004571638
United Kingdom,Heysham 1A-1B,AGR,CO2,1990,0.523206849,3273.7799999999997,7605.0,HEYSHAM A-1,8760,1.399999999156938
United Kingdom,Heysham 1A-1B,AGR,CO2,1991,0.845684703,5291.57,10065.0,HEYSHAM A-1,8760,1.3999999996749546
United Kingdom,Heysham 1A-1B,AGR,CO2,1992,1.09636621,6860.12,13221.0,HEYSHAM A-1,8784,1.4038356163798884
United Kingdom,Heysham 1A-1B,AGR,CO2,1993,1.300333105,8136.369999999999,14019.0,HEYSHAM A-1,8760,1.3999999999754191
United Kingdom,Heysham 1A-1B,AGR,CO2,1994,1.397519635,8744.48,15383.0,HEYSHAM A-1,8760,1.4000000002973305
United Kingdom,Heysham 1A-1B,AGR,CO2,1995,1.278973516,8002.72,13080.0,HEYSHAM A-1,8760,1.400000000019993
United Kingdom,Heysham 1A-1B,AGR,CO2,1996,1.400663242,8764.150000000001,15373.0,HEYSHAM A-1,8784,1.4038356164292027
United Kingdom,Heysham 1A-1B,AGR,CO2,1997,1.350707534,8451.57,14862.0,HEYSHAM A-1,8760,1.3999999997444263
United Kingdom,Heysham 1A-1B,AGR,CO2,1998,1.404070548,8785.470000000001,15638.0,HEYSHAM A-1,8760,1.4000000000546355
United Kingdom,Heysham 1A-1B,AGR,CO2,1999,1.404040183,8785.279999999999,15202.0,HEYSHAM A-1,8760,1.4000000003505866
United Kingdom,Heysham 1A-1B,AGR,CO2,2000,1.438875571,9003.25,15732.0,HEYSHAM A-1,8784,1.403835616656652
United Kingdom,Heysham 1A-1B,AGR,CO2,2001,1.482393836,9275.55,15493.0,HEYSHAM A-1,8760,1.4000000003622428
United Kingdom,Heysham 1A-1B,AGR,CO2,2002,1.415900228,8859.49,15422.0,HEYSHAM A-1,8760,1.3999999996929846
United Kingdom,Heysham 1A-1B,AGR,CO2,2003,1.405043836,8791.56,15227.0,HEYSHAM A-1,8760,1.4000000003821849
United Kingdom,Heysham 1A-1B,AGR,CO2,2004,1.07936484,6753.74,12201.0,HEYSHAM A-1,8784,1.4038356162008012
United Kingdom,Heysham 1A-1B,AGR,CO2,2005,1.325772831,8295.55,14775.0,HEYSHAM A-1,8760,1.39999999994696
United Kingdom,Heysham 1A-1B,AGR,CO2,2006,1.34934589,8443.05,15286.0,HEYSHAM A-1,8760,1.3999999995736139
United Kingdom,Heysham 1A-1B,AGR,CO2,2007,1.137242694,7115.89,12898.0,HEYSHAM A-1,8760,1.3999999999213029
United Kingdom,Heysham 1A-1B,AGR,CO2,2008,0.619984247,3879.33,7038.0,HEYSHAM B-1,8784,1.4038356173999118
United Kingdom,Heysham 1A-1B,AGR,CO2,2009,1.315049087,8228.45,14860.0,HEYSHAM A-1,8760,1.4000000002576425
United Kingdom,Heysham 1A-1B,AGR,CO2,2010,1.250852055,7826.76,13754.0,HEYSHAM A-1,8760,1.4000000002299802
United Kingdom,Heysham 1A-1B,AGR,CO2,2011,1.366219406,8548.63,14997.0,HEYSHAM A-1,8760,1.3999999995975962
United Kingdom,Heysham 1A-1B,AGR,CO2,2012,1.263734932,7907.37,14293.0,HEYSHAM A-1,8784,1.4038356169861788
United Kingdom,Heysham 1A-1B,AGR,CO2,2013,1.212866667,7589.08,13455.0,HEYSHAM A-1,8760,1.4000000003847632
United Kingdom,Heysham 1A-1B,AGR,CO2,2014,1.007189726,6302.13,11601.0,HEYSHAM A-1,8760,1.3999999999619177
United Kingdom,Heysham 1A-1B,AGR,CO2,2015,1.016134703,6358.1,13924.0,HEYSHAM A-1,8760,1.399999999729479
United Kingdom,Heysham 1A-1B,AGR,CO2,2016,1.395961416,8734.73,16447.0,HEYSHAM A-1,8784,1.4038356169159207
United Kingdom,Heysham 2A-2B,AGR,CO2,1985,0.314648402,1968.8,5874.0,HEYSHAM A-2,8760,1.400000000772044
United Kingdom,Heysham 2A-2B,AGR,CO2,1986,0.041905708,262.21,900.0,HEYSHAM A-2,8760,1.4000000079325732
United Kingdom,Heysham 2A-2B,AGR,CO2,1987,0.351865068,2201.67,5190.0,HEYSHAM A-2,8760,1.399999998037853
United Kingdom,Heysham 2A-2B,AGR,CO2,1988,0.403695434,2525.98,5769.0,HEYSHAM A-2,8784,1.403835617168782
United Kingdom,Heysham 2A-2B,AGR,CO2,1989,1.011837215,6331.21,12496.0,HEYSHAM A-2,8760,1.4000000005370221
United Kingdom,Heysham 2A-2B,AGR,CO2,1990,0.611804795,3828.1499999999996,8591.0,HEYSHAM A-2,8760,1.4000000010971358
United Kingdom,Heysham 2A-2B,AGR,CO2,1991,0.810545662,5071.7,9585.0,HEYSHAM A-2,8760,1.3999999998264883
United Kingdom,Heysham 2A-2B,AGR,CO2,1992,1.124259132,7034.65,13149.0,HEYSHAM A-2,8784,1.403835615913798
United Kingdom,Heysham 2A-2B,AGR,CO2,1993,1.393818265,8721.32,15011.0,HEYSHAM A-2,8760,1.4000000001605262
United Kingdom,Heysham 2A-2B,AGR,CO2,1994,1.301357534,8142.78,14375.0,HEYSHAM A-2,8760,1.3999999997347345
United Kingdom,Heysham 2A-2B,AGR,CO2,1995,1.257176027,7866.33,13021.0,HEYSHAM A-2,8760,1.3999999995576085
United Kingdom,Heysham 2A-2B,AGR,CO2,1996,1.250925571,7827.22,13939.0,HEYSHAM A-2,8784,1.4038356166894503
United Kingdom,Heysham 2A-2B,AGR,CO2,1997,1.474156849,9224.01,16047.0,HEYSHAM A-2,8760,1.399999999700781
United Kingdom,Heysham 2A-2B,AGR,CO2,1998,1.391576027,8707.29,15573.0,HEYSHAM A-2,8760,1.3999999996003345
United Kingdom,Heysham 2A-2B,AGR,CO2,1999,1.070760274,6699.9,11557.0,HEYSHAM A-2,8760,1.4000000000358215
United Kingdom,Heysham 2A-2B,AGR,CO2,2000,1.493413242,9344.5,16606.0,HEYSHAM A-2,8784,1.4038356164297714
United Kingdom,Heysham 2A-2B,AGR,CO2,2001,1.395084018,8729.240000000002,15290.0,HEYSHAM A-2,8760,1.3999999997342263
United Kingdom,Heysham 2A-2B,AGR,CO2,2002,1.345379224,8418.23,14834.0,HEYSHAM A-2,8760,1.400000000266089
United Kingdom,Heysham 2A-2B,AGR,CO2,2003,1.315261644,8229.779999999999,14307.0,HEYSHAM A-2,8760,1.4000000001749746
United Kingdom,Heysham 2A-2B,AGR,CO2,2004,0.993867352,6218.7699999999995,11188.0,HEYSHAM A-2,8784,1.4038356170059354
United Kingdom,Heysham 2A-2B,AGR,CO2,2005,1.145794521,7169.4,12433.0,HEYSHAM A-2,8760,1.4000000005523474
United Kingdom,Heysham 2A-2B,AGR,CO2,2006,1.404626712,8788.95,16028.0,HEYSHAM A-2,8760,1.3999999996723158
United Kingdom,Heysham 2A-2B,AGR,CO2,2007,1.123253881,7028.36,13384.0,HEYSHAM A-2,8760,1.399999999652835
United Kingdom,Heysham 2A-2B,AGR,CO2,2008,0.752629452,4709.31,8252.0,HEYSHAM B-2,8784,1.403835616336151
United Kingdom,Heysham 2A-2B,AGR,CO2,2009,1.099159817,6877.6,13682.0,HEYSHAM A-2,8760,1.3999999995521695
United Kingdom,Heysham 2A-2B,AGR,CO2,2010,0.616755936,3859.13,8581.0,HEYSHAM A-2,8760,1.3999999998341595
United Kingdom,Heysham 2A-2B,AGR,CO2,2011,1.356513699,8487.9,16085.0,HEYSHAM A-2,8760,1.40000000038172
United Kingdom,Heysham 2A-2B,AGR,CO2,2012,1.295439498,8105.75,14349.0,HEYSHAM A-2,8784,1.40383561674515
United Kingdom,Heysham 2A-2B,AGR,CO2,2013,1.291319406,8079.97,14409.0,HEYSHAM A-2,8760,1.3999999995742556
United Kingdom,Heysham 2A-2B,AGR,CO2,2014,1.276469178,7987.050000000001,14098.0,HEYSHAM A-2,8760,1.3999999999098538
United Kingdom,Heysham 2A-2B,AGR,CO2,2015,1.231525342,7705.83,14258.0,HEYSHAM A-2,8760,1.399999999470531
United Kingdom,Heysham 2A-2B,AGR,CO2,2016,1.348160046,8435.630000000001,14860.0,HEYSHAM A-2,8784,1.40383561679021
United Kingdom,Hinkley Point BA-BB,AGR,CO2,1979,0.731878767,4579.47,10158.0,HINKLEY POINT B-1,8760,1.3999999997641648
United Kingdom,Hinkley Point BA-BB,AGR,CO2,1980,0.854399543,5346.1,11784.0,HINKLEY POINT B-1,8784,1.403835615815641
United Kingdom,Hinkley Point BA-BB,AGR,CO2,1981,0.947784018,5930.42,12172.0,HINKLEY POINT B-1,8760,1.3999999996087968
United Kingdom,Hinkley Point BA-BB,AGR,CO2,1982,0.975814384,6105.81,12834.0,HINKLEY POINT B-1,8760,1.400000000628909
United Kingdom,Hinkley Point BA-BB,AGR,CO2,1983,1.204616895,7537.46,14966.0,HINKLEY POINT B-1,8760,1.4000000000265342
United Kingdom,Hinkley Point BA-BB,AGR,CO2,1984,1.246856621,7801.76,14817.0,HINKLEY POINT B-1,8784,1.403835616433215
United Kingdom,Hinkley Point BA-BB,AGR,CO2,1985,1.197501826,7492.9400000000005,14117.0,HINKLEY POINT B-1,8760,1.3999999994341341
United Kingdom,Hinkley Point BA-BB,AGR,CO2,1986,1.070207306,6696.4400000000005,13367.0,HINKLEY POINT B-1,8760,1.4000000000836264
United Kingdom,Hinkley Point BA-BB,AGR,CO2,1987,0.768571233,4809.06,9887.0,HINKLEY POINT B-1,8760,1.4000000002245758
United Kingdom,Hinkley Point BA-BB,AGR,CO2,1988,1.146462557,7173.58,13837.0,HINKLEY POINT B-1,8784,1.4038356163433041
United Kingdom,Hinkley Point BA-BB,AGR,CO2,1989,1.067559132,6679.870000000001,12774.0,HINKLEY POINT B-1,8760,1.3999999994490908
United Kingdom,Hinkley Point BA-BB,AGR,CO2,1990,1.20910137,7565.52,14297.0,HINKLEY POINT B-1,8760,1.4000000001586141
United Kingdom,Hinkley Point BA-BB,AGR,CO2,1991,1.111595205,6955.41,12862.0,HINKLEY POINT B-1,8760,1.3999999993961534
United Kingdom,Hinkley Point BA-BB,AGR,CO2,1992,1.201257534,7516.44,13790.0,HINKLEY POINT B-1,8784,1.4038356161501988
United Kingdom,Hinkley Point BA-BB,AGR,CO2,1993,1.372242922,8586.32,15162.0,HINKLEY POINT B-1,8760,1.399999999617997
United Kingdom,Hinkley Point BA-BB,AGR,CO2,1994,1.434908904,8978.43,15944.0,HINKLEY POINT B-1,8760,1.3999999998930772
United Kingdom,Hinkley Point BA-BB,AGR,CO2,1995,1.49118379,9330.55,15321.0,HINKLEY POINT B-1,8760,1.40000000004287
United Kingdom,Hinkley Point BA-BB,AGR,CO2,1996,1.265293151,7917.120000000001,14033.0,HINKLEY POINT B-1,8784,1.403835616787923
United Kingdom,Hinkley Point BA-BB,AGR,CO2,1997,1.39018242,8698.57,15299.0,HINKLEY POINT B-1,8760,1.3999999999080308
United Kingdom,Hinkley Point BA-BB,AGR,CO2,1998,1.436991324,8991.46,16381.0,HINKLEY POINT B-1,8760,1.399999999804259
United Kingdom,Hinkley Point BA-BB,AGR,CO2,1999,1.298918721,8127.52,14623.0,HINKLEY POINT B-1,8760,1.3999999995029233
United Kingdom,Hinkley Point BA-BB,AGR,CO2,2000,1.284923516,8039.95,15059.0,HINKLEY POINT B-1,8784,1.4038356164583115
United Kingdom,Hinkley Point BA-BB,AGR,CO2,2001,1.530153653,9574.39,16951.0,HINKLEY POINT B-1,8760,1.4000000000292447
United Kingdom,Hinkley Point BA-BB,AGR,CO2,2002,1.252694749,7838.29,14184.0,HINKLEY POINT B-1,8760,1.4000000001581976
United Kingdom,Hinkley Point BA-BB,AGR,CO2,2003,1.389741324,8695.81,15607.0,HINKLEY POINT B-1,8760,1.3999999997976038
United Kingdom,Hinkley Point BA-BB,AGR,CO2,2004,1.39508242,8729.23,16254.0,HINKLEY POINT B-1,8784,1.4038356163464591
United Kingdom,Hinkley Point BA-BB,AGR,CO2,2005,1.268593379,7937.77,14801.0,HINKLEY POINT B-1,8760,1.400000000005039
United Kingdom,Hinkley Point BA-BB,AGR,CO2,2006,1.039306621,6503.09,12251.0,HINKLEY POINT B-1,8760,1.399999999993849
United Kingdom,Hinkley Point BA-BB,AGR,CO2,2007,0.589772374,3690.29,10010.0,HINKLEY POINT B-1,8760,1.39999999898111
United Kingdom,Hinkley Point BA-BB,AGR,CO2,2008,0.853202511,5338.610000000001,13756.0,HINKLEY POINT B-1,8784,1.4038356157546625
United Kingdom,Hinkley Point BA-BB,AGR,CO2,2009,0.790741096,4947.780000000001,12231.0,HINKLEY POINT B-1,8760,1.4000000001940263
United Kingdom,Hinkley Point BA-BB,AGR,CO2,2010,1.02533379,6415.66,15104.0,HINKLEY POINT B-1,8760,1.4000000000623471
United Kingdom,Hinkley Point BA-BB,AGR,CO2,2011,0.971093379,6076.27,14443.0,HINKLEY POINT B-1,8760,1.4000000000065829
United Kingdom,Hinkley Point BA-BB,AGR,CO2,2012,1.002765982,6274.45,14957.0,HINKLEY POINT B-1,8784,1.4038356168091226
United Kingdom,Hinkley Point BA-BB,AGR,CO2,2013,1.203626027,7531.26,16749.0,HINKLEY POINT B-1,8760,1.399999999537926
United Kingdom,Hinkley Point BA-BB,AGR,CO2,2014,1.253316438,7842.18,16728.0,HINKLEY POINT B-1,8760,1.3999999996021515
United Kingdom,Hinkley Point BA-BB,AGR,CO2,2015,1.135153881,7102.82,15336.0,HINKLEY POINT B-1,8760,1.3999999996564743
United Kingdom,Hinkley Point BA-BB,AGR,CO2,2016,1.160518493,7261.530000000001,15577.0,HINKLEY POINT B-1,8784,1.4038356162560783
United Kingdom,Hunterstone B1-B2,AGR,CO2,1978,0.344949772,2158.4,5375.0,HUNTERSTON B-1,8760,1.4000000012601928
United Kingdom,Hunterstone B1-B2,AGR,CO2,1979,0.359589041,2250.0,5259.0,HUNTERSTON B-1,8760,1.3999999996266665
United Kingdom,Hunterstone B1-B2,AGR,CO2,1980,0.644063927,4030.0,8897.0,HUNTERSTON B-1,8784,1.403835616567742
United Kingdom,Hunterstone B1-B2,AGR,CO2,1981,0.769472603,4814.7,11160.0,HUNTERSTON B-1,8760,1.4000000004735498
United Kingdom,Hunterstone B1-B2,AGR,CO2,1982,0.989317352,6190.299999999999,13004.0,HUNTERSTON B-1,8760,1.400000000568632
United Kingdom,Hunterstone B1-B2,AGR,CO2,1983,1.129109589,7065.0,14631.0,HUNTERSTON B-1,8760,1.3999999999490447
United Kingdom,Hunterstone B1-B2,AGR,CO2,1984,1.198789954,7501.0,14445.0,HUNTERSTON B-1,8784,1.403835616042661
United Kingdom,Hunterstone B1-B2,AGR,CO2,1985,1.302815068,8151.9,14958.0,HUNTERSTON B-1,8760,1.3999999994700623
United Kingdom,Hunterstone B1-B2,AGR,CO2,1986,1.308472603,8187.299999999999,14764.0,HUNTERSTON B-1,8760,1.4000000002784803
United Kingdom,Hunterstone B1-B2,AGR,CO2,1987,1.261246575,7891.799999999999,15068.0,HUNTERSTON B-1,8760,1.3999999996198587
United Kingdom,Hunterstone B1-B2,AGR,CO2,1988,1.215858447,7607.8,14322.0,HUNTERSTON B-1,8784,1.4038356158742342
United Kingdom,Hunterstone B1-B2,AGR,CO2,1989,1.228627854,7687.7,14110.0,HUNTERSTON B-1,8760,1.400000000135281
United Kingdom,Hunterstone B1-B2,AGR,CO2,1990,1.274599315,7975.35,14443.0,HUNTERSTON B-1,8760,1.399999999924768
United Kingdom,Hunterstone B1-B2,AGR,CO2,1991,1.080621005,6761.6,12534.0,HUNTERSTON B-1,8760,1.400000000561997
United Kingdom,Hunterstone B1-B2,AGR,CO2,1992,1.004515982,6285.4,12504.0,HUNTERSTON B-1,8784,1.403835616808477
United Kingdom,Hunterstone B1-B2,AGR,CO2,1993,1.158835616,7251.0,13709.0,HUNTERSTON B-1,8760,1.399999999470418
United Kingdom,Hunterstone B1-B2,AGR,CO2,1994,1.355701826,8482.82,15494.0,HUNTERSTON B-1,8760,1.3999999995001662
United Kingdom,Hunterstone B1-B2,AGR,CO2,1995,1.358652055,8501.28,15232.0,HUNTERSTON B-1,8760,1.4000000002117328
United Kingdom,Hunterstone B1-B2,AGR,CO2,1996,0.466714612,2920.3,5216.0,HUNTERSTON B-1,8784,1.4038356168229291
United Kingdom,Hunterstone B1-B2,AGR,CO2,1997,1.341460502,8393.71,15235.0,HUNTERSTON B-1,8760,1.399999999704541
United Kingdom,Hunterstone B1-B2,AGR,CO2,1998,1.494842009,9353.439999999999,16733.0,HUNTERSTON B-1,8760,1.3999999998759818
United Kingdom,Hunterstone B1-B2,AGR,CO2,1999,1.424527169,8913.470000000001,15893.0,HUNTERSTON B-1,8760,1.4000000000493633
United Kingdom,Hunterstone B1-B2,AGR,CO2,2000,1.163019635,7277.18,13908.0,HUNTERSTON B-1,8784,1.4038356167966162
United Kingdom,Hunterstone B1-B2,AGR,CO2,2001,1.408852283,8815.39,15083.0,HUNTERSTON B-1,8760,1.3999999998956372
United Kingdom,Hunterstone B1-B2,AGR,CO2,2002,1.452995434,9091.6,16077.0,HUNTERSTON B-1,8760,1.4000000002023847
United Kingdom,Hunterstone B1-B2,AGR,CO2,2003,1.36863105,8563.720000000001,15606.0,HUNTERSTON B-1,8760,1.3999999997664565
United Kingdom,Hunterstone B1-B2,AGR,CO2,2004,1.400226941,8761.419999999998,16070.0,HUNTERSTON B-1,8784,1.4038356168000166
United Kingdom,Hunterstone B1-B2,AGR,CO2,2005,1.235397717,7730.0599999999995,15224.0,HUNTERSTON B-1,8760,1.4000000001190158
United Kingdom,Hunterstone B1-B2,AGR,CO2,2006,0.916931279,5737.37,10591.0,HUNTERSTON B-1,8760,1.4000000007041555
United Kingdom,Hunterstone B1-B2,AGR,CO2,2007,0.473335845,2961.73,8957.0,HUNTERSTON B-1,8760,1.400000000742809
United Kingdom,Hunterstone B1-B2,AGR,CO2,2008,0.711837671,4454.07,11948.0,HUNTERSTON B-1,8784,1.4038356159790932
United Kingdom,Hunterstone B1-B2,AGR,CO2,2009,0.966193379,6045.610000000001,15034.0,HUNTERSTON B-1,8760,1.4000000000066164
United Kingdom,Hunterstone B1-B2,AGR,CO2,2010,1.095408904,6854.13,16285.0,HUNTERSTON B-1,8760,1.3999999998599382
United Kingdom,Hunterstone B1-B2,AGR,CO2,2011,1.013579224,6342.110000000001,14909.0,HUNTERSTON B-1,8760,1.4000000003531945
United Kingdom,Hunterstone B1-B2,AGR,CO2,2012,1.10126621,6890.780000000001,16134.0,HUNTERSTON B-1,8784,1.4038356163801484
United Kingdom,Hunterstone B1-B2,AGR,CO2,2013,1.197217352,7491.16,16361.0,HUNTERSTON B-1,8760,1.4000000004698874
United Kingdom,Hunterstone B1-B2,AGR,CO2,2014,1.059675342,6630.54,14217.0,HUNTERSTON B-1,8760,1.3999999993846657
United Kingdom,Hunterstone B1-B2,AGR,CO2,2015,1.193519178,7468.02,15687.0,HUNTERSTON B-1,8760,1.399999999903589
United Kingdom,Hunterstone B1-B2,AGR,CO2,2016,1.259368721,7880.049999999999,16519.0,HUNTERSTON B-1,8784,1.4038356159242644
United Kingdom,Oldbury AA-AB,GCR,CO2,1978,1.925627854,3067.0,17472.0,OLDBURY A-1,8760,5.500000000339093
United Kingdom,Oldbury AA-AB,GCR,CO2,1979,1.999086758,3184.0,17472.0,OLDBURY A-1,8760,5.500000000025126
United Kingdom,Oldbury AA-AB,GCR,CO2,1980,2.069406393,3296.0,17472.0,OLDBURY A-1,8784,5.5150684939660195
United Kingdom,Oldbury AA-AB,GCR,CO2,1981,2.119634703,3376.0,17808.0,OLDBURY A-1,8760,5.499999999490521
United Kingdom,Oldbury AA-AB,GCR,CO2,1982,2.156050228,3434.0,17472.0,OLDBURY A-1,8760,5.499999999207921
United Kingdom,Oldbury AA-AB,GCR,CO2,1983,1.891723744,3013.0,17132.0,OLDBURY A-1,8760,5.499999999150349
United Kingdom,Oldbury AA-AB,GCR,CO2,1984,1.909303653,3041.0,17472.0,OLDBURY A-1,8784,5.515068493243012
United Kingdom,Oldbury AA-AB,GCR,CO2,1985,2.085793379,3322.1,17402.0,OLDBURY A-1,8760,5.50000000001204
United Kingdom,Oldbury AA-AB,GCR,CO2,1986,2.077292237,3308.56,17300.0,OLDBURY A-1,8760,5.499999998827284
United Kingdom,Oldbury AA-AB,GCR,CO2,1987,2.023522831,3222.92,17808.0,OLDBURY A-1,8760,5.499999999863478
United Kingdom,Oldbury AA-AB,GCR,CO2,1988,2.11913242,3375.2,17060.0,OLDBURY A-1,8784,5.515068492913013
United Kingdom,Oldbury AA-AB,GCR,CO2,1989,1.830307078,2915.18,17288.0,OLDBURY A-1,8760,5.500000001125145
United Kingdom,Oldbury AA-AB,GCR,CO2,1990,1.830231735,2915.06,17426.0,OLDBURY A-1,8760,5.499999999519735
United Kingdom,Oldbury AA-AB,GCR,CO2,1991,1.999199772,3184.18,17472.0,OLDBURY A-1,8760,5.500000000854224
United Kingdom,Oldbury AA-AB,GCR,CO2,1992,2.142325342,3412.14,17714.0,OLDBURY A-1,8784,5.515068491951679
United Kingdom,Oldbury AA-AB,GCR,CO2,1993,2.223393836,3541.26,17472.0,OLDBURY A-1,8760,5.500000000948815
United Kingdom,Oldbury AA-AB,GCR,CO2,1994,2.189200913,3486.8,16636.0,OLDBURY A-1,8760,5.499999999391993
United Kingdom,Oldbury AA-AB,GCR,CO2,1995,2.142118151,3411.81,16474.0,OLDBURY A-1,8760,5.500000000808956
United Kingdom,Oldbury AA-AB,GCR,CO2,1996,2.096824772,3339.67,16511.0,OLDBURY A-1,8784,5.515068493967369
United Kingdom,Oldbury AA-AB,GCR,CO2,1997,2.213473744,3525.46,17340.0,OLDBURY A-1,8760,5.499999999273854
United Kingdom,Oldbury AA-AB,GCR,CO2,1998,2.144353311,3415.37,16377.0,OLDBURY A-1,8760,5.500000001276582
United Kingdom,Oldbury AA-AB,GCR,CO2,1999,2.065501142,3289.7799999999997,15456.0,OLDBURY A-1,8760,5.5000000011915695
United Kingdom,Oldbury AA-AB,GCR,CO2,2000,2.255878995,3593.0,16613.0,OLDBURY A-1,8784,5.515068492090175
United Kingdom,Oldbury AA-AB,GCR,CO2,2001,2.235856735,3561.1099999999997,16383.0,OLDBURY A-1,8760,5.499999999606865
United Kingdom,Oldbury AA-AB,GCR,CO2,2002,2.147687215,3420.6800000000003,15939.0,OLDBURY A-1,8760,5.500000000993953
United Kingdom,Oldbury AA-AB,GCR,CO2,2003,2.117795091,3373.0699999999997,15625.0,OLDBURY A-1,8760,5.499999999158037
United Kingdom,Oldbury AA-AB,GCR,CO2,2004,1.513259703,2410.21,11617.0,OLDBURY A-1,8784,5.515068492435098
United Kingdom,Oldbury AA-AB,GCR,CO2,2005,0.955028539,1521.1,7740.0,OLDBURY A-1,8760,5.500000001078168
United Kingdom,Oldbury AA-AB,GCR,CO2,2006,0.694406393,1106.0,5628.0,OLDBURY A-1,8760,5.500000002423146
United Kingdom,Oldbury AA-AB,GCR,CO2,2007,0.388013699,618.0,3178.0,OLDBURY A-2,8760,5.500000005242718
United Kingdom,Oldbury AA-AB,GCR,CO2,2008,1.04229395,1660.09,8241.0,OLDBURY A-2,8784,5.51506849435874
United Kingdom,Oldbury AA-AB,GCR,CO2,2009,1.323145548,2107.41,11178.0,OLDBURY A-1,8760,5.500000000227769
United Kingdom,Oldbury AA-AB,GCR,CO2,2010,1.946491438,3100.23,15339.0,OLDBURY A-1,8760,5.499999998993623
United Kingdom,Oldbury AA-AB,GCR,CO2,2011,1.232966895,1963.7799999999997,10289.0,OLDBURY A-1,8760,5.500000000101845
United Kingdom,Oldbury AA-AB,GCR,CO2,2012,0.140833904,224.31,1427.0,OLDBURY A-1,8784,5.515068488859169
United Kingdom,Sizewell AA-AB,GCR,CO2,1978,2.117123288,3372.0,17472.0,SIZEWELL A-1,8760,5.500000000854093
United Kingdom,Sizewell AA-AB,GCR,CO2,1979,2.078196347,3310.0,17472.0,SIZEWELL A-1,8760,5.499999999915407
United Kingdom,Sizewell AA-AB,GCR,CO2,1980,1.752968037,2792.0,17388.0,SIZEWELL A-1,8784,5.5150684946303725
United Kingdom,Sizewell AA-AB,GCR,CO2,1981,1.337956621,2131.0,17470.0,SIZEWELL A-1,8760,5.499999999981229
United Kingdom,Sizewell AA-AB,GCR,CO2,1982,1.186015982,1889.0,17318.0,SIZEWELL A-1,8760,5.500000001228163
United Kingdom,Sizewell AA-AB,GCR,CO2,1983,1.97836758,3151.0,17472.0,SIZEWELL A-1,8760,5.500000000253888
United Kingdom,Sizewell AA-AB,GCR,CO2,1984,1.158390411,1845.0,14512.0,SIZEWELL A-1,8784,5.515068493346342
United Kingdom,Sizewell AA-AB,GCR,CO2,1985,1.688186073,2688.82,17382.0,SIZEWELL A-1,8760,5.499999999806606
United Kingdom,Sizewell AA-AB,GCR,CO2,1986,1.249768265,1990.54,17320.0,SIZEWELL A-1,8760,5.500000000703326
United Kingdom,Sizewell AA-AB,GCR,CO2,1987,1.732851598,2759.96,17808.0,SIZEWELL A-1,8760,5.499999999449267
United Kingdom,Sizewell AA-AB,GCR,CO2,1988,1.677977169,2672.56,17060.0,SIZEWELL A-1,8784,5.5150684933157725
United Kingdom,Sizewell AA-AB,GCR,CO2,1989,1.629305936,2595.04,16866.0,SIZEWELL A-1,8760,5.499999999753375
United Kingdom,Sizewell AA-AB,GCR,CO2,1990,1.690006849,2691.72,16032.0,SIZEWELL A-1,8760,5.4999999989746335
United Kingdom,Sizewell AA-AB,GCR,CO2,1991,1.724312785,2746.36,17310.0,SIZEWELL A-1,8760,5.499999998761997
United Kingdom,Sizewell AA-AB,GCR,CO2,1992,1.423206621,2266.78,16154.0,SIZEWELL A-1,8784,5.51506849313299
United Kingdom,Sizewell AA-AB,GCR,CO2,1993,1.898265982,3023.42,17460.0,SIZEWELL A-1,8760,5.5000000007673435
United Kingdom,Sizewell AA-AB,GCR,CO2,1994,2.119471461,3375.74,16250.0,SIZEWELL A-1,8760,5.499999999514181
United Kingdom,Sizewell AA-AB,GCR,CO2,1995,1.768093037,2816.09,13831.0,SIZEWELL A-1,8760,5.500000001463022
United Kingdom,Sizewell AA-AB,GCR,CO2,1996,0.260584475,415.04,2233.0,SIZEWELL A-1,8784,5.515068495566692
United Kingdom,Sizewell AA-AB,GCR,CO2,1997,1.094788813,1743.7,8350.0,SIZEWELL A-1,8760,5.500000001078167
United Kingdom,Sizewell AA-AB,GCR,CO2,1998,0.758692352,1208.39,5818.0,SIZEWELL A-1,8760,5.500000002912966
United Kingdom,Sizewell AA-AB,GCR,CO2,1999,1.554798516,2476.37,12651.0,SIZEWELL A-1,8760,5.5000000000646105
United Kingdom,Sizewell AA-AB,GCR,CO2,2000,1.73194121,2758.5099999999998,13152.0,SIZEWELL A-1,8784,5.515068493005282
United Kingdom,Sizewell AA-AB,GCR,CO2,2001,1.900400685,3026.8199999999997,14159.0,SIZEWELL A-1,8760,5.500000000198228
United Kingdom,Sizewell AA-AB,GCR,CO2,2002,1.886638128,3004.9,14308.0,SIZEWELL A-1,8760,5.50000000042597
United Kingdom,Sizewell AA-AB,GCR,CO2,2003,2.0431621,3254.2,15322.0,SIZEWELL A-1,8760,5.49999999877082
United Kingdom,Sizewell AA-AB,GCR,CO2,2004,1.404609589,2237.16,11115.0,SIZEWELL A-1,8784,5.515068492989327
United Kingdom,Sizewell AA-AB,GCR,CO2,2005,2.041812215,3252.05,16222.0,SIZEWELL A-1,8760,5.500000001045494
United Kingdom,Sizewell AA-AB,GCR,CO2,2006,2.11302968,3365.4799999999996,16375.0,SIZEWELL A-1,8760,5.49999999904917
United Kingdom,Sizewell B,PWR,CO2,1996,0.06511703,8488.47,7367.0,SIZEWELL B,8784,0.06738410944728557
United Kingdom,Sizewell B,PWR,CO2,1997,0.064973885,8469.81,6992.0,SIZEWELL B,8760,0.06720000007083984
United Kingdom,Sizewell B,PWR,CO2,1998,0.077656581,10123.09,8705.0,SIZEWELL B,8760,0.06720000015410314
United Kingdom,Sizewell B,PWR,CO2,1999,0.061055419,7959.01,7134.0,SIZEWELL B,8760,0.06719999980399571
United Kingdom,Sizewell B,PWR,CO2,2000,0.065413983,8527.18,7612.0,SIZEWELL B,8784,0.06738410901048178
United Kingdom,Sizewell B,PWR,CO2,2001,0.070559693,9197.96,7784.0,SIZEWELL B,8760,0.06719999985648993
United Kingdom,Sizewell B,PWR,CO2,2002,0.070537293,9195.04,7862.0,SIZEWELL B,8760,0.06719999985644434
United Kingdom,Sizewell B,PWR,CO2,2003,0.067922553,8854.19,7613.0,SIZEWELL B,8760,0.06719999957985993
United Kingdom,Sizewell B,PWR,CO2,2004,0.071565776,9329.11,8685.0,SIZEWELL B,8784,0.0673841102081549
United Kingdom,Sizewell B,PWR,CO2,2005,0.066710959,8696.25,7476.0,SIZEWELL B,8760,0.06720000009659337
United Kingdom,Sizewell B,PWR,CO2,2006,0.068337336,8908.26,7570.0,SIZEWELL B,8760,0.06719999903011363
United Kingdom,Sizewell B,PWR,CO2,2007,0.078739912,10264.31,8760.0,SIZEWELL B,8760,0.0671999997194161
United Kingdom,Sizewell B,PWR,CO2,2008,0.071351902,9301.23,8097.0,SIZEWELL B,8784,0.06738411018413694
United Kingdom,Sizewell B,PWR,CO2,2009,0.069768943,9094.88,7863.0,SIZEWELL B,8760,0.06720000051457524
United Kingdom,Sizewell B,PWR,CO2,2010,0.036628603,4774.8,4032.0,SIZEWELL B,8760,0.06720000047750692
United Kingdom,Sizewell B,PWR,CO2,2011,0.066182795,8627.4,7463.0,SIZEWELL B,8760,0.06720000048682107
United Kingdom,Sizewell B,PWR,CO2,2012,0.071697183,9346.24,8348.0,SIZEWELL B,8784,0.06738410906118396
United Kingdom,Sizewell B,PWR,CO2,2013,0.066852647,8714.72,7612.0,SIZEWELL B,8760,0.06720000042686398
United Kingdom,Sizewell B,PWR,CO2,2014,0.067722717,8828.14,7589.0,SIZEWELL B,8760,0.06719999919801907
United Kingdom,Sizewell B,PWR,CO2,2015,0.080604252,10507.34,8760.0,SIZEWELL B,8760,0.06719999995431765
United Kingdom,Sizewell B,PWR,CO2,2016,0.066177424,8626.7,7280.0,SIZEWELL B,8784,0.06738410891951731
United Kingdom,Torness A-B,AGR,CO2,1988,0.365518265,2287.1,4330.0,TORNESS-1,8784,1.4038356170521622
United Kingdom,Torness A-B,AGR,CO2,1989,0.926285388,5795.9,11650.0,TORNESS-1,8760,1.39999999980676
United Kingdom,Torness A-B,AGR,CO2,1990,0.62115411,3886.6499999999996,8154.0,TORNESS-1,8760,1.4000000009262477
United Kingdom,Torness A-B,AGR,CO2,1991,0.825440639,5164.9,10079.0,TORNESS-1,8760,1.3999999995430696
United Kingdom,Torness A-B,AGR,CO2,1992,1.320986301,8265.599999999999,14352.0,TORNESS-1,8784,1.4038356160452965
United Kingdom,Torness A-B,AGR,CO2,1993,1.221180365,7641.1,13526.0,TORNESS-1,8760,1.3999999996597348
United Kingdom,Torness A-B,AGR,CO2,1994,1.247852283,7807.99,13980.0,TORNESS-1,8760,1.3999999998821722
United Kingdom,Torness A-B,AGR,CO2,1995,1.392089041,8710.5,14776.0,TORNESS-1,8760,1.3999999999035648
United Kingdom,Torness A-B,AGR,CO2,1996,0.439401826,2749.3999999999996,4452.0,TORNESS-1,8784,1.4038356148919766
United Kingdom,Torness A-B,AGR,CO2,1997,1.458720091,9127.419999999998,15231.0,TORNESS-1,8760,1.39999999968885
United Kingdom,Torness A-B,AGR,CO2,1998,1.501041324,9392.23,15866.0,TORNESS-1,8760,1.3999999998126111
United Kingdom,Torness A-B,AGR,CO2,1999,1.620824429,10141.73,17325.0,TORNESS-1,8760,1.3999999998067392
United Kingdom,Torness A-B,AGR,CO2,2000,1.328548858,8312.92,16455.0,TORNESS-1,8784,1.4038356159655092
United Kingdom,Torness A-B,AGR,CO2,2001,1.32041895,8262.05,16089.0,TORNESS-1,8760,1.400000000242071
United Kingdom,Torness A-B,AGR,CO2,2002,0.912163927,5707.54,10470.0,TORNESS-1,8760,1.4000000000911077
United Kingdom,Torness A-B,AGR,CO2,2003,1.35282032,8464.789999999999,15221.0,TORNESS-1,8760,1.4000000003780366
United Kingdom,Torness A-B,AGR,CO2,2004,1.279299543,8004.76,14675.0,TORNESS-1,8784,1.4038356160224668
United Kingdom,Torness A-B,AGR,CO2,2005,1.516599543,9489.58,16942.0,TORNESS-1,8760,1.3999999996501427
United Kingdom,Torness A-B,AGR,CO2,2006,1.166326256,7297.87,14395.0,TORNESS-1,8760,1.4000000003507873
United Kingdom,Torness A-B,AGR,CO2,2007,1.331275342,8329.98,14714.0,TORNESS-1,8760,1.399999999510203
United Kingdom,Torness A-B,AGR,CO2,2008,1.48133105,9268.9,16604.0,TORNESS-1,8784,1.4038356162219898
United Kingdom,Torness A-B,AGR,CO2,2009,1.456692009,9114.73,16063.0,TORNESS-1,8760,1.3999999998727335
United Kingdom,Torness A-B,AGR,CO2,2010,1.134161416,7096.610000000001,13647.0,TORNESS-1,8760,1.4000000005861952
United Kingdom,Torness A-B,AGR,CO2,2011,1.438477626,9000.76,16628.0,TORNESS-1,8760,1.4000000004177426
United Kingdom,Torness A-B,AGR,CO2,2012,1.373764384,8595.84,15416.0,TORNESS-1,8784,1.4038356168863078
United Kingdom,Torness A-B,AGR,CO2,2013,1.48798105,9310.51,16738.0,TORNESS-1,8760,1.3999999997851889
United Kingdom,Torness A-B,AGR,CO2,2014,1.354846804,8477.47,15097.0,TORNESS-1,8760,1.4000000003585975
United Kingdom,Torness A-B,AGR,CO2,2015,1.384975571,8665.99,15444.0,TORNESS-1,8760,1.4000000002261714
United Kingdom,Torness A-B,AGR,CO2,2016,1.590227397,9950.279999999999,17424.0,TORNESS-1,8784,1.4038356162085894
United Kingdom,Wylfa A-B,GCR,CO2,1978,2.386472603,3801.0,15478.0,WYLFA-1,8760,5.500000000599843
United Kingdom,Wylfa A-B,GCR,CO2,1979,3.264840183,5200.0,17388.0,WYLFA-1,8760,5.5000000005923075
United Kingdom,Wylfa A-B,GCR,CO2,1980,3.618949772,5764.0,17218.0,WYLFA-1,8784,5.515068493623873
United Kingdom,Wylfa A-B,GCR,CO2,1981,3.914041096,6234.0,17646.0,WYLFA-1,8760,5.500000000153994
United Kingdom,Wylfa A-B,GCR,CO2,1982,3.792237443,6040.0,17400.0,WYLFA-1,8760,5.500000000112582
United Kingdom,Wylfa A-B,GCR,CO2,1983,3.952968037,6296.0,17430.0,WYLFA-1,8760,5.500000000654384
United Kingdom,Wylfa A-B,GCR,CO2,1984,4.242408676,6757.0,17456.0,WYLFA-1,8784,5.515068493411869
United Kingdom,Wylfa A-B,GCR,CO2,1985,4.195633562,6682.5,17472.0,WYLFA-1,8760,5.500000000466891
United Kingdom,Wylfa A-B,GCR,CO2,1986,2.574138128,4099.9,15878.0,WYLFA-1,8760,5.500000000312203
United Kingdom,Wylfa A-B,GCR,CO2,1987,2.824965753,4499.4,17222.0,WYLFA-1,8760,5.499999999173223
United Kingdom,Wylfa A-B,GCR,CO2,1988,3.875340183,6172.36,17060.0,WYLFA-1,8784,5.515068493651051
United Kingdom,Wylfa A-B,GCR,CO2,1989,4.152650685,6614.04,17144.0,WYLFA-1,8760,5.500000000090716
United Kingdom,Wylfa A-B,GCR,CO2,1990,4.235753425,6746.4,17098.0,WYLFA-1,8760,5.5000000004446825
United Kingdom,Wylfa A-B,GCR,CO2,1991,4.678327626,7451.3,16748.0,WYLFA-1,8760,5.50000000050461
United Kingdom,Wylfa A-B,GCR,CO2,1992,4.894234018,7795.18,17808.0,WYLFA-1,8784,5.515068492852249
United Kingdom,Wylfa A-B,GCR,CO2,1993,4.530103881,7215.22,16954.0,WYLFA-1,8760,5.499999999661826
United Kingdom,Wylfa A-B,GCR,CO2,1994,3.836802511,6110.98,13866.0,WYLFA-1,8760,5.499999999404351
United Kingdom,Wylfa A-B,GCR,CO2,1995,4.203324772,6694.75,14976.0,WYLFA-1,8760,5.500000000406288
United Kingdom,Wylfa A-B,GCR,CO2,1996,4.473063356,7124.37,15883.0,WYLFA-1,8784,5.515068492948008
United Kingdom,Wylfa A-B,GCR,CO2,1997,4.717794521,7514.16,15695.0,WYLFA-1,8760,5.500000000527005
United Kingdom,Wylfa A-B,GCR,CO2,1998,4.429069635,7054.299999999999,15207.0,WYLFA-1,8760,5.50000000036857
United Kingdom,Wylfa A-B,GCR,CO2,1999,4.499,7165.68,16288.0,WYLFA-1,8760,5.499999999999999
United Kingdom,Wylfa A-B,GCR,CO2,2000,1.185363014,1887.96,4668.0,WYLFA-1,8784,5.5150684945528505
United Kingdom,Wylfa A-B,GCR,CO2,2001,1.627949772,2592.88,6649.0,WYLFA-1,8760,5.500000001049027
United Kingdom,Wylfa A-B,GCR,CO2,2002,4.693540525,7475.530000000001,15926.0,WYLFA-1,8760,5.49999999986623
United Kingdom,Wylfa A-B,GCR,CO2,2003,3.93692637,6270.45,13933.0,WYLFA-1,8760,5.500000000191374
United Kingdom,Wylfa A-B,GCR,CO2,2004,4.640637557,7391.27,16080.0,WYLFA-1,8784,5.515068493058432
United Kingdom,Wylfa A-B,GCR,CO2,2005,4.237919521,6749.85,15845.0,WYLFA-1,8760,5.500000000586679
United Kingdom,Wylfa A-B,GCR,CO2,2006,3.555511416,5662.96,14618.0,WYLFA-1,8760,5.500000000734598
United Kingdom,Wylfa A-B,GCR,CO2,2007,2.994071918,4768.74,12272.0,WYLFA-1,8760,5.500000000352294
United Kingdom,Wylfa A-B,GCR,CO2,2008,3.783014269,6025.3099999999995,14211.0,WYLFA-1,8784,5.515068492558226
United Kingdom,Wylfa A-B,GCR,CO2,2009,3.51750742,5602.43,14295.0,WYLFA-1,8760,5.499999999857204
United Kingdom,Wylfa A-B,GCR,CO2,2010,3.180155251,5065.12,12995.0,WYLFA-1,8760,5.499999999755188
United Kingdom,Wylfa A-B,GCR,CO2,2011,3.082932078,4910.27,12362.0,WYLFA-1,8760,5.5000000006679866
United Kingdom,Wylfa A-B,GCR,CO2,2012,2.334379566,3718.0299999999997,9404.0,WYLFA-1,8784,5.515068492654443
United Kingdom,Wylfa A-B,GCR,CO2,2013,2.290994863,3648.93,8693.0,WYLFA-1,8760,5.499999999967113
United Kingdom,Wylfa A-B,GCR,CO2,2014,1.031953196,1643.62,4355.0,WYLFA-1,8760,5.499999998150424
United Kingdom,Wylfa A-B,GCR,CO2,2015,2.050457763,3265.82,8098.0,WYLFA-1,8760,5.500000001188062
United States,Arkansas One 1-2,PWR,CO2,1975,0.037576767,4898.4,6661.0,ANO-1,8760,0.06719999977951983
United States,Arkansas One 1-2,PWR,CO2,1976,0.029825753,3888.0,4966.0,ANO-1,8784,0.06738410862962962
United States,Arkansas One 1-2,PWR,CO2,1977,0.039147069,5103.1,6688.0,ANO-1,8760,0.06720000087005937
United States,Arkansas One 1-2,PWR,CO2,1978,0.040303124,5253.8,6729.0,ANO-1,8760,0.06720000118771176
United States,Arkansas One 1-2,PWR,CO2,1979,0.032260603,4205.4,7237.0,ANO-1,8760,0.06720000054216009
United States,Arkansas One 1-2,PWR,CO2,1980,0.056980383,7427.799999999999,10483.0,ANO-1,8784,0.0673841089248499
United States,Arkansas One 1-2,PWR,CO2,1981,0.070762521,9224.400000000001,11958.0,ANO-1,8760,0.0672000004292962
United States,Arkansas One 1-2,PWR,CO2,1982,0.057755945,7528.9,10694.0,ANO-1,8760,0.06719999976092125
United States,Arkansas One 1-2,PWR,CO2,1983,0.058673424,7648.5,9571.0,ANO-1,8760,0.06719999924691115
United States,Arkansas One 1-2,PWR,CO2,1984,0.082908383,10807.7,13589.0,ANO-1,8784,0.06738410913256289
United States,Arkansas One 1-2,PWR,CO2,1985,0.07588,9891.5,12892.0,ANO-1,8760,0.0672
United States,Arkansas One 1-2,PWR,CO2,1986,0.068306729,8904.27,11720.0,ANO-1,8760,0.06720000022910357
United States,Arkansas One 1-2,PWR,CO2,1987,0.087210488,11368.51,15398.0,ANO-1,8760,0.06720000025333135
United States,Arkansas One 1-2,PWR,CO2,1988,0.068397786,8916.14,11863.0,ANO-1,8784,0.06738410929213763
United States,Arkansas One 1-2,PWR,CO2,1989,0.067884428,8849.220000000001,12385.0,ANO-1,8760,0.06720000059666274
United States,Arkansas One 1-2,PWR,CO2,1990,0.086495989,11275.369999999999,14648.0,ANO-1,8760,0.06719999996807201
United States,Arkansas One 1-2,PWR,CO2,1991,0.097147419,12663.86,15178.0,ANO-1,8760,0.06719999987681481
United States,Arkansas One 1-2,PWR,CO2,1992,0.086975671,11337.900000000001,13478.0,ANO-1,8784,0.06738410940862065
United States,Arkansas One 1-2,PWR,CO2,1993,0.10334125,13471.27,15866.0,ANO-1,8760,0.0672000004453923
United States,Arkansas One 1-2,PWR,CO2,1994,0.10680995,13923.44,16350.0,ANO-1,8760,0.06719999956907201
United States,Arkansas One 1-2,PWR,CO2,1995,0.089544307,11672.740000000002,14137.0,ANO-1,8760,0.06720000011308398
United States,Arkansas One 1-2,PWR,CO2,1996,0.102418017,13350.92,15662.0,ANO-1,8784,0.06738410995856466
United States,Arkansas One 1-2,PWR,CO2,1997,0.108993874,14208.130000000001,16736.0,ANO-1,8760,0.06720000001689173
United States,Arkansas One 1-2,PWR,CO2,1998,0.100448121,13094.130000000001,15359.0,ANO-1,8760,0.0672000003024256
United States,Arkansas One 1-2,PWR,CO2,1999,0.09927795,12941.59,15126.0,ANO-1,8760,0.06719999953637845
United States,Arkansas One 1-2,PWR,CO2,2000,0.089565403,11675.490000000002,13825.0,ANO-1,8784,0.06738410978485698
United States,Arkansas One 1-2,PWR,CO2,2001,0.113476636,14792.490000000002,16598.0,ANO-1,8760,0.06720000022714229
United States,Arkansas One 1-2,PWR,CO2,2002,0.111775847,14570.779999999999,16023.0,ANO-1,8760,0.0672000002553055
United States,Arkansas One 1-2,PWR,CO2,2003,0.112920702,14720.02,16206.0,ANO-1,8760,0.06720000037499949
United States,Arkansas One 1-2,PWR,CO2,2004,0.118559978,15455.14,16625.0,ANO-1,8784,0.06738410954232701
United States,Arkansas One 1-2,PWR,CO2,2005,0.105116526,13702.689999999999,14744.0,ANO-1,8760,0.0671999999824852
United States,Arkansas One 1-2,PWR,CO2,2006,0.11691166,15240.27,16553.0,ANO-1,8760,0.06719999984252246
United States,Arkansas One 1-2,PWR,CO2,2007,0.118797557,15486.11,16706.0,ANO-1,8760,0.06720000047268164
United States,Arkansas One 1-2,PWR,CO2,2008,0.108812603,14184.5,15724.0,ANO-1,8784,0.06738410975022031
United States,Arkansas One 1-2,PWR,CO2,2009,0.116372372,15169.970000000001,16581.0,ANO-1,8760,0.06719999965194393
United States,Arkansas One 1-2,PWR,CO2,2010,0.115242476,15022.68,16355.0,ANO-1,8760,0.06719999958462804
United States,Arkansas One 1-2,PWR,CO2,2011,0.108993336,14208.06,15816.0,ANO-1,8760,0.06719999939189446
United States,Arkansas One 1-2,PWR,CO2,2012,0.118901271,15499.630000000001,16874.0,ANO-1,8784,0.06738410945706447
United States,Arkansas One 1-2,PWR,CO2,2013,0.091836471,11971.54,12952.0,ANO-1,8760,0.06719999982959586
United States,Arkansas One 1-2,PWR,CO2,2014,0.111210518,14494.43,16142.0,ANO-1,8760,0.06721231105190062
United States,Arkansas One 1-2,PWR,CO2,2015,0.106279327,13858.44,15273.0,ANO-1,8760,0.06717977669348066
United States,Arkansas One 1-2,PWR,CO2,2016,0.103197874,13452.58,14675.0,ANO-1,8784,0.0673841096069304
United States,Beaver Valley 1-2,PWR,CO2,1976,0.003870136,504.5,821.0,BEAVER VALLEY-1,8784,0.06738409241625372
United States,Beaver Valley 1-2,PWR,CO2,1977,0.02201874,2870.3,4312.0,BEAVER VALLEY-1,8760,0.06720000083614952
United States,Beaver Valley 1-2,PWR,CO2,1978,0.019035397,2481.4,3569.0,BEAVER VALLEY-1,8760,0.06719999908116385
United States,Beaver Valley 1-2,PWR,CO2,1979,0.013642521,1778.4,3498.0,BEAVER VALLEY-1,8760,0.06720000222672064
United States,Beaver Valley 1-2,PWR,CO2,1980,0.00230674,300.7,600.0,BEAVER VALLEY-1,8784,0.06738411759228467
United States,Beaver Valley 1-2,PWR,CO2,1981,0.035860712,4674.7,6444.0,BEAVER VALLEY-1,8760,0.0671999993839177
United States,Beaver Valley 1-2,PWR,CO2,1982,0.020845808,2717.4,3644.0,BEAVER VALLEY-1,8760,0.06719999929344225
United States,Beaver Valley 1-2,PWR,CO2,1983,0.035918247,4682.2,5976.0,BEAVER VALLEY-1,8760,0.06720000079449831
United States,Beaver Valley 1-2,PWR,CO2,1984,0.036490828,4756.84,6301.0,BEAVER VALLEY-1,8784,0.06738411070206272
United States,Beaver Valley 1-2,PWR,CO2,1985,0.045271474,5901.46,8046.0,BEAVER VALLEY-1,8760,0.0672000000406679
United States,Beaver Valley 1-2,PWR,CO2,1986,0.036700329,4784.15,6195.0,BEAVER VALLEY-1,8760,0.06720000042640804
United States,Beaver Valley 1-2,PWR,CO2,1987,0.048781676,6359.04,8270.0,BEAVER VALLEY-1,8760,0.06719999901871981
United States,Beaver Valley 1-2,PWR,CO2,1988,0.087994257,11470.68,15213.0,BEAVER VALLEY-1,8784,0.06738410917992657
United States,Beaver Valley 1-2,PWR,CO2,1989,0.064065764,8351.43,12067.0,BEAVER VALLEY-1,8760,0.06719999959767368
United States,Beaver Valley 1-2,PWR,CO2,1990,0.080230357,10458.6,14808.0,BEAVER VALLEY-1,8760,0.06720000069990247
United States,Beaver Valley 1-2,PWR,CO2,1991,0.080341129,10473.04,13603.0,BEAVER VALLEY-1,8760,0.06720000019478585
United States,Beaver Valley 1-2,PWR,CO2,1992,0.091636866,11945.52,15560.0,BEAVER VALLEY-1,8784,0.06738410977035741
United States,Beaver Valley 1-2,PWR,CO2,1993,0.07343234,9572.43,12661.0,BEAVER VALLEY-1,8760,0.06720000025072002
United States,Beaver Valley 1-2,PWR,CO2,1994,0.096113721,12529.11,15472.0,BEAVER VALLEY-1,8760,0.06720000031606395
United States,Beaver Valley 1-2,PWR,CO2,1995,0.088190334,11496.240000000002,14429.0,BEAVER VALLEY-1,8760,0.06719999981211247
United States,Beaver Valley 1-2,PWR,CO2,1996,0.080445457,10486.64,13301.0,BEAVER VALLEY-1,8784,0.06738410914153628
United States,Beaver Valley 1-2,PWR,CO2,1997,0.078127517,10184.48,12555.0,BEAVER VALLEY-1,8760,0.06719999930482459
United States,Beaver Valley 1-2,PWR,CO2,1998,0.035579255,4638.01,5736.0,BEAVER VALLEY-1,8760,0.06720000038809748
United States,Beaver Valley 1-2,PWR,CO2,1999,0.090971079,11858.73,14901.0,BEAVER VALLEY-1,8760,0.0671999996660688
United States,Beaver Valley 1-2,PWR,CO2,2000,0.092905304,12110.87,15234.0,BEAVER VALLEY-1,8784,0.06738410950955628
United States,Beaver Valley 1-2,PWR,CO2,2001,0.101127331,13182.67,16109.0,BEAVER VALLEY-1,8760,0.06719999966319418
United States,Beaver Valley 1-2,PWR,CO2,2002,0.104284043,13594.17,16623.0,BEAVER VALLEY-1,8760,0.06719999946153388
United States,Beaver Valley 1-2,PWR,CO2,2003,0.096828986,12622.349999999999,15396.0,BEAVER VALLEY-1,8760,0.0671999997908472
United States,Beaver Valley 1-2,PWR,CO2,2004,0.107346476,13993.380000000001,16903.0,BEAVER VALLEY-1,8784,0.06738410914189423
United States,Beaver Valley 1-2,PWR,CO2,2005,0.107169502,13970.31,16929.0,BEAVER VALLEY-1,8760,0.06720000039512367
United States,Beaver Valley 1-2,PWR,CO2,2006,0.093113885,12138.060000000001,14646.0,BEAVER VALLEY-1,8760,0.06720000004943127
United States,Beaver Valley 1-2,PWR,CO2,2007,0.111469611,14530.86,16777.0,BEAVER VALLEY-1,8760,0.06720000002477486
United States,Beaver Valley 1-2,PWR,CO2,2008,0.112546422,14671.23,16528.0,BEAVER VALLEY-1,8784,0.06738410963825119
United States,Beaver Valley 1-2,PWR,CO2,2009,0.102882279,13411.439999999999,15650.0,BEAVER VALLEY-1,8760,0.0671999997047297
United States,Beaver Valley 1-2,PWR,CO2,2010,0.11501909,14993.56,16723.0,BEAVER VALLEY-1,8760,0.06719999975989692
United States,Beaver Valley 1-2,PWR,CO2,2011,0.114610904,14940.349999999999,16622.0,BEAVER VALLEY-1,8760,0.06719999993574448
United States,Beaver Valley 1-2,PWR,CO2,2012,0.10933885,14253.1,15838.0,BEAVER VALLEY-1,8784,0.06738411001115546
United States,Beaver Valley 1-2,PWR,CO2,2013,0.113393479,14781.650000000001,16283.0,BEAVER VALLEY-1,8760,0.06719999973210027
United States,Beaver Valley 1-2,PWR,CO2,2016,0.116008833,15219.58,16610.0,BEAVER VALLEY-1,8784,0.066954645862238
United States,Braidwood 1-2,PWR,CO2,1987,0.011174302,1456.65,2611.0,BRAIDWOOD-1,8760,0.06720000378951704
United States,Braidwood 1-2,PWR,CO2,1988,0.03485977,4775.16,4885.0,BRAIDWOOD-1,8784,0.06412522715050385
United States,Braidwood 1-2,PWR,CO2,1989,0.04425611,11791.14,13016.0,BRAIDWOOD-1,8760,0.03287922317943812
United States,Braidwood 1-2,PWR,CO2,1990,0.071991298,14618.17,14627.0,BRAIDWOOD-1,8760,0.043141088828492206
United States,Braidwood 1-2,PWR,CO2,1991,0.047090783,11564.14,11824.0,BRAIDWOOD-1,8760,0.03567193574965367
United States,Braidwood 1-2,PWR,CO2,1992,0.063501929,15909.07,15488.0,BRAIDWOOD-1,8784,0.03506181972522593
United States,Braidwood 1-2,PWR,CO2,1993,0.075278729,16055.460000000001,15146.0,BRAIDWOOD-1,8760,0.041072735757181664
United States,Braidwood 1-2,PWR,CO2,1994,0.065344712,14034.3,13394.0,BRAIDWOOD-1,8760,0.04078719117590475
United States,Braidwood 1-2,PWR,CO2,1995,0.059331464,16147.32,14797.0,BRAIDWOOD-1,8760,0.032187609128945235
United States,Braidwood 1-2,PWR,CO2,1996,0.067037983,15630.68,14370.0,BRAIDWOOD-1,8784,0.037673450078435484
United States,Braidwood 1-2,PWR,CO2,1997,0.070700614,16331.08,14902.0,BRAIDWOOD-1,8760,0.03792384696174411
United States,Braidwood 1-2,PWR,CO2,1998,0.066577019,17273.43,15528.0,BRAIDWOOD-1,8760,0.03376368714493879
United States,Braidwood 1-2,PWR,CO2,1999,0.084573885,18935.69,16750.0,BRAIDWOOD-1,8760,0.03912544156563611
United States,Braidwood 1-2,PWR,CO2,2000,0.07986766,18822.27,16638.0,BRAIDWOOD-1,8784,0.03727273731808119
United States,Braidwood 1-2,PWR,CO2,2001,0.08192777,19205.730000000003,16728.0,BRAIDWOOD-1,8760,0.037368392932734126
United States,Braidwood 1-2,PWR,CO2,2002,0.090261567,20061.72,16859.0,BRAIDWOOD-1,8760,0.03941293801927252
United States,Braidwood 1-2,PWR,CO2,2003,0.086291934,20026.940000000002,16690.0,BRAIDWOOD-1,8760,0.03774502454393931
United States,Braidwood 1-2,PWR,CO2,2004,0.08389406,20008.17,17067.0,BRAIDWOOD-1,8784,0.0368312255963439
United States,Braidwood 1-2,PWR,CO2,2005,0.087865995,19796.379999999997,16874.0,BRAIDWOOD-1,8760,0.03888115484750243
United States,Braidwood 1-2,PWR,CO2,2006,0.085134959,19570.54,16687.0,BRAIDWOOD-1,8760,0.03810739207196122
United States,Braidwood 1-2,PWR,CO2,2007,0.081918641,19657.85,16825.0,BRAIDWOOD-1,8760,0.03650487185322912
United States,Braidwood 1-2,PWR,CO2,2008,0.08910091,19786.16,16890.0,BRAIDWOOD-1,8784,0.039556052990575234
United States,Braidwood 1-2,PWR,CO2,2009,0.084216712,19227.97,16380.0,BRAIDWOOD-1,8760,0.038367981493626205
United States,Braidwood 1-2,PWR,CO2,2010,0.079387211,19199.940000000002,16405.0,BRAIDWOOD-1,8760,0.03622052820790065
United States,Braidwood 1-2,PWR,CO2,2011,0.088707836,19775.870000000003,16937.0,BRAIDWOOD-1,8760,0.0392943846900288
United States,Braidwood 1-2,PWR,CO2,2012,0.08085817,18806.36,16157.0,BRAIDWOOD-1,8784,0.03776691317618082
United States,Braidwood 1-2,PWR,CO2,2013,0.083666838,19659.6,16818.0,BRAIDWOOD-1,8760,0.03728059069767442
United States,Braidwood 1-2,PWR,CO2,2014,0.155516147,20270.07,17036.0,BRAIDWOOD-1,8760,0.06720852210771842
United States,Braidwood 1-2,PWR,CO2,2015,0.151189209,19709.89,16610.0,BRAIDWOOD-1,8760,0.06719557901337855
United States,Braidwood 1-2,PWR,CO2,2016,0.152268372,19849.27,16842.0,BRAIDWOOD-1,8784,0.06738410932230758
United States,Browns Ferry 1-3,BWR,CO2,1973,0.018490411,317.6,1226.0,BROWNS FERRY-1,8760,0.5100000011335013
United States,Browns Ferry 1-3,BWR,CO2,1974,0.366344178,6292.5,8521.0,BROWNS FERRY-1,8760,0.5099999998855781
United States,Browns Ferry 1-3,BWR,CO2,1975,0.163258219,2804.2,3113.0,BROWNS FERRY-1,8760,0.5099999994436917
United States,Browns Ferry 1-3,BWR,CO2,1976,0.249480822,4285.2,6715.0,BROWNS FERRY-1,8784,0.5113972604424531
United States,Browns Ferry 1-3,BWR,CO2,1977,1.077963014,18515.6,20637.0,BROWNS FERRY-1,8760,0.5100000001425826
United States,Browns Ferry 1-3,BWR,CO2,1978,0.985045205,16919.6,19299.0,BROWNS FERRY-1,8760,0.5099999997517672
United States,Browns Ferry 1-3,BWR,CO2,1979,1.188812329,20419.6,21215.0,BROWNS FERRY-1,8760,0.510000000099904
United States,Browns Ferry 1-3,BWR,CO2,1980,1.083796575,18615.8,19398.0,BROWNS FERRY-1,8784,0.5113972601123777
United States,Browns Ferry 1-3,BWR,CO2,1981,1.056212329,18142.0,18245.0,BROWNS FERRY-1,8760,0.5100000001124463
United States,Browns Ferry 1-3,BWR,CO2,1982,1.002802055,17224.6,17767.0,BROWNS FERRY-1,8760,0.5100000001045019
United States,Browns Ferry 1-3,BWR,CO2,1983,0.812471918,13955.400000000001,14247.0,BROWNS FERRY-1,8760,0.5100000001203834
United States,Browns Ferry 1-3,BWR,CO2,1984,0.709305205,12183.36,14277.0,BROWNS FERRY-1,8784,0.5113972599282957
United States,Browns Ferry 1-3,BWR,CO2,1985,0.182196918,3129.5,3122.0,BROWNS FERRY-1,8760,0.510000000536827
United States,Browns Ferry 1-3,BWR,CO2,1991,0.221466336,3804.01,4125.0,BROWNS FERRY-2,8760,0.5100000008832785
United States,Browns Ferry 1-3,BWR,CO2,1992,0.488387295,8388.77,8401.0,BROWNS FERRY-2,8784,0.5113972607760137
United States,Browns Ferry 1-3,BWR,CO2,1993,0.336322877,5776.84,5753.0,BROWNS FERRY-2,8760,0.5100000004362246
United States,Browns Ferry 1-3,BWR,CO2,1994,0.42762976,7345.17,7234.0,BROWNS FERRY-2,8760,0.5099999996732547
United States,Browns Ferry 1-3,BWR,CO2,1995,0.579959075,9961.650000000001,9439.0,BROWNS FERRY-2,8760,0.509999999698845
United States,Browns Ferry 1-3,BWR,CO2,1996,0.980980925,16849.79,16207.0,BROWNS FERRY-2,8784,0.5113972604525042
United States,Browns Ferry 1-3,BWR,CO2,1997,0.983688116,16896.29,16432.0,BROWNS FERRY-2,8760,0.5099999997727311
United States,Browns Ferry 1-3,BWR,CO2,1998,1.000550137,17185.920000000002,16593.0,BROWNS FERRY-2,8760,0.5100000000069824
United States,Browns Ferry 1-3,BWR,CO2,1999,1.066395445,18316.91,16745.0,BROWNS FERRY-2,8760,0.5099999999017302
United States,Browns Ferry 1-3,BWR,CO2,2000,1.096315445,18830.83,17038.0,BROWNS FERRY-2,8784,0.5113972601781228
United States,Browns Ferry 1-3,BWR,CO2,2001,1.060632329,18217.92,16396.0,BROWNS FERRY-2,8760,0.5100000001119777
United States,Browns Ferry 1-3,BWR,CO2,2002,1.057920479,18171.34,16676.0,BROWNS FERRY-2,8760,0.5099999997820744
United States,Browns Ferry 1-3,BWR,CO2,2003,1.030185445,17694.949999999997,16351.0,BROWNS FERRY-2,8760,0.5099999998982762
United States,Browns Ferry 1-3,BWR,CO2,2004,1.076345103,18487.809999999998,16715.0,BROWNS FERRY-2,8784,0.511397260397635
United States,Browns Ferry 1-3,BWR,CO2,2005,1.045376575,17955.879999999997,16436.0,BROWNS FERRY-2,8760,0.5099999998329239
United States,Browns Ferry 1-3,BWR,CO2,2006,1.040462295,17871.47,16339.0,BROWNS FERRY-2,8760,0.5100000002350115
United States,Browns Ferry 1-3,BWR,CO2,2007,1.235874966,21227.97,20053.0,BROWNS FERRY-1,8760,0.5100000001017525
United States,Browns Ferry 1-3,BWR,CO2,2008,1.451029178,24923.559999999998,23032.0,BROWNS FERRY-1,8784,0.5113972602450051
United States,Browns Ferry 1-3,BWR,CO2,2009,1.498714178,25742.620000000003,23702.0,BROWNS FERRY-1,8760,0.5099999999720307
United States,Browns Ferry 1-3,BWR,CO2,2010,1.442259041,24772.92,24200.0,BROWNS FERRY-1,8760,0.509999999966092
United States,Browns Ferry 1-3,BWR,CO2,2011,1.451341815,24928.93,22871.0,BROWNS FERRY-1,8760,0.5099999999759316
United States,Browns Ferry 1-3,BWR,CO2,2012,1.518444658,26081.52,23831.0,BROWNS FERRY-1,8784,0.5113972604308338
United States,Browns Ferry 1-3,BWR,CO2,2013,1.555506404,26718.11,24486.0,BROWNS FERRY-1,8760,0.5099999999640693
United States,Browns Ferry 1-3,BWR,CO2,2014,1.556681267,26738.29,24589.0,BROWNS FERRY-1,8760,0.5099999999596085
United States,Browns Ferry 1-3,BWR,CO2,2015,1.61090661,27669.69,25282.0,BROWNS FERRY-1,8760,0.5100000001301063
United States,Browns Ferry 1-3,BWR,CO2,2016,1.526209932,26214.9,24427.0,BROWNS FERRY-1,8784,0.5113972604392159
United States,Brunswick 1-2,BWR,CO2,1977,0.082892466,5421.1,9821.0,BRUNSWICK-1,8760,0.1339466163988858
United States,Brunswick 1-2,BWR,CO2,1978,0.144767808,9917.5,14642.0,BRUNSWICK-1,8760,0.12787154001310813
United States,Brunswick 1-2,BWR,CO2,1979,0.315611986,6821.299999999999,10519.0,BRUNSWICK-1,8760,0.4053129165056515
United States,Brunswick 1-2,BWR,CO2,1980,0.577388699,5803.799999999999,9131.0,BRUNSWICK-1,8784,0.8738726923767187
United States,Brunswick 1-2,BWR,CO2,1981,0.397130479,5858.700000000001,9955.0,BRUNSWICK-1,8760,0.5937943564340211
United States,Brunswick 1-2,BWR,CO2,1982,0.337892466,4877.5,8806.0,BRUNSWICK-1,8760,0.6068555616934905
United States,Brunswick 1-2,BWR,CO2,1983,0.341088699,5360.799999999999,7746.0,BRUNSWICK-1,8760,0.5573677442247426
United States,Brunswick 1-2,BWR,CO2,1984,0.283964041,6466.72,9033.0,BRUNSWICK-1,8784,0.38571952027364725
United States,Brunswick 1-2,BWR,CO2,1985,0.31210137,6964.42,10230.0,BRUNSWICK-1,8760,0.39256793834949644
United States,Brunswick 1-2,BWR,CO2,1986,0.376487123,8906.880000000001,12095.0,BRUNSWICK-1,8760,0.37027861579812454
United States,Brunswick 1-2,BWR,CO2,1987,0.405462808,9752.05,13854.0,BRUNSWICK-1,8760,0.3642161594823653
United States,Brunswick 1-2,BWR,CO2,1988,0.518551233,8387.64,11875.0,BRUNSWICK-1,8784,0.5430554996008412
United States,Brunswick 1-2,BWR,CO2,1989,0.567756336,8389.19,11331.0,BRUNSWICK-1,8760,0.5928516940681996
United States,Brunswick 1-2,BWR,CO2,1990,0.488321507,8407.78,11525.0,BRUNSWICK-1,8760,0.5087783459272245
United States,Brunswick 1-2,BWR,CO2,1991,0.488411747,8064.530000000001,10808.0,BRUNSWICK-1,8760,0.5305314635471626
United States,Brunswick 1-2,BWR,CO2,1992,0.489494041,3189.6499999999996,4686.0,BRUNSWICK-1,8784,1.3480211484470084
United States,Brunswick 1-2,BWR,CO2,1993,0.469510308,4000.88,5525.0,BRUNSWICK-2,8760,1.028001414208874
United States,Brunswick 1-2,BWR,CO2,1994,0.185698801,10779.55,14191.0,BRUNSWICK-1,8760,0.150908108108409
United States,Brunswick 1-2,BWR,CO2,1995,0.232927945,11996.67,16151.0,BRUNSWICK-1,8760,0.17008459832603548
United States,Brunswick 1-2,BWR,CO2,1996,0.627576541,10896.27,14767.0,BRUNSWICK-1,8784,0.5059192123675349
United States,Brunswick 1-2,BWR,CO2,1997,0.698436267,12912.41,16374.0,BRUNSWICK-1,8760,0.4738311205204916
United States,Brunswick 1-2,BWR,CO2,1998,0.634371884,13323.919999999998,16350.0,BRUNSWICK-1,8760,0.41707678399750225
United States,Brunswick 1-2,BWR,CO2,1999,0.751749897,13093.33,16058.0,BRUNSWICK-1,8760,0.5029529613719351
United States,Brunswick 1-2,BWR,CO2,2000,0.775707671,13801.49,16738.0,BRUNSWICK-1,8784,0.4937014903509694
United States,Brunswick 1-2,BWR,CO2,2001,0.762282911,13843.55,16756.0,BRUNSWICK-1,8760,0.482361699156647
United States,Brunswick 1-2,BWR,CO2,2002,0.803511404,13775.96,16483.0,BRUNSWICK-1,8760,0.5109451464028641
United States,Brunswick 1-2,BWR,CO2,2003,0.805960103,14729.92,16619.0,BRUNSWICK-1,8760,0.4793108518091069
United States,Brunswick 1-2,BWR,CO2,2004,0.802025068,14850.14,16492.0,BRUNSWICK-1,8784,0.4744055071071384
United States,Brunswick 1-2,BWR,CO2,2005,0.857563836,14536.75,15999.0,BRUNSWICK-1,8760,0.5167770790142225
United States,Brunswick 1-2,BWR,CO2,2006,0.864562945,14552.05,15573.0,BRUNSWICK-1,8760,0.5204470434199993
United States,Brunswick 1-2,BWR,CO2,2007,0.846317637,15022.17,15935.0,BRUNSWICK-1,8760,0.4935200773337008
United States,Brunswick 1-2,BWR,CO2,2008,0.84720839,14884.869999999999,15906.0,BRUNSWICK-1,8784,0.4999626128921516
United States,Brunswick 1-2,BWR,CO2,2009,0.87457839,14432.869999999999,15553.0,BRUNSWICK-1,8760,0.5308235088655271
United States,Brunswick 1-2,BWR,CO2,2010,0.866584897,14810.91,15894.0,BRUNSWICK-1,8760,0.5125467441041772
United States,Brunswick 1-2,BWR,CO2,2011,0.840269829,14565.060000000001,15658.0,BRUNSWICK-1,8760,0.5053713271376842
United States,Brunswick 1-2,BWR,CO2,2012,0.862279007,14311.68,15482.0,BRUNSWICK-1,8784,0.5292361761503891
United States,Brunswick 1-2,BWR,CO2,2013,0.847965822,14459.54,15542.0,BRUNSWICK-1,8760,0.5137217781976466
United States,Brunswick 1-2,BWR,CO2,2014,0.833214247,15335.3,16466.0,BRUNSWICK-1,8760,0.47595787521078825
United States,Brunswick 1-2,BWR,CO2,2015,0.841822534,15291.03,16357.0,BRUNSWICK-1,8760,0.4822674076134832
United States,Brunswick 1-2,BWR,CO2,2016,0.892808562,15388.73,16743.0,BRUNSWICK-1,8784,0.5096216782416743
United States,Byron 1-2,PWR,CO2,1985,0.013011331,1696.12,2025.0,BYRON-1,8760,0.06719999738226069
United States,Byron 1-2,PWR,CO2,1986,0.056736438,7396.0,7760.0,BYRON-1,8760,0.06719999957815036
United States,Byron 1-2,PWR,CO2,1987,0.070818674,9231.72,11076.0,BYRON-1,8760,0.06720000002599733
United States,Byron 1-2,PWR,CO2,1988,0.097130005,12661.59,14812.0,BYRON-1,8784,0.06738410925642041
United States,Byron 1-2,PWR,CO2,1989,0.115184022,15015.060000000001,15718.0,BYRON-1,8760,0.06720000004795185
United States,Byron 1-2,PWR,CO2,1990,0.099759321,13004.34,13657.0,BYRON-1,8760,0.06720000030451372
United States,Byron 1-2,PWR,CO2,1991,0.115764657,15090.75,15637.0,BYRON-1,8760,0.06719999968987625
United States,Byron 1-2,PWR,CO2,1992,0.122637698,15986.7,15750.0,BYRON-1,8784,0.06738410924280808
United States,Byron 1-2,PWR,CO2,1993,0.114986641,14989.33,14503.0,BYRON-1,8760,0.06719999994396014
United States,Byron 1-2,PWR,CO2,1994,0.125084976,16305.720000000001,15840.0,BYRON-1,8760,0.06720000035325026
United States,Byron 1-2,PWR,CO2,1995,0.121898269,15890.310000000001,14938.0,BYRON-1,8760,0.06720000027941557
United States,Byron 1-2,PWR,CO2,1996,0.112780011,14701.68,13813.0,BYRON-1,8784,0.06738410961359519
United States,Byron 1-2,PWR,CO2,1997,0.124769688,16264.619999999999,15081.0,BYRON-1,8760,0.06720000017707146
United States,Byron 1-2,PWR,CO2,1998,0.125788504,16397.43,15000.0,BYRON-1,8760,0.06719999994145424
United States,Byron 1-2,PWR,CO2,1999,0.138715759,18082.59,16126.0,BYRON-1,8760,0.06720000004645352
United States,Byron 1-2,PWR,CO2,2000,0.148033622,19297.239999999998,17008.0,BYRON-1,8784,0.06738410962645437
United States,Byron 1-2,PWR,CO2,2001,0.155086476,20216.629999999997,17113.0,BYRON-1,8760,0.06719999969134323
United States,Byron 1-2,PWR,CO2,2002,0.14855703,19365.47,16375.0,BYRON-1,8760,0.06719999993803404
United States,Byron 1-2,PWR,CO2,2003,0.15463303,20157.52,17008.0,BYRON-1,8760,0.06719999994046887
United States,Byron 1-2,PWR,CO2,2004,0.153459715,20004.57,17144.0,BYRON-1,8784,0.06738410955896577
United States,Byron 1-2,PWR,CO2,2005,0.14660309,19110.76,16463.0,BYRON-1,8760,0.06719999981162444
United States,Byron 1-2,PWR,CO2,2006,0.149403167,19475.77,16674.0,BYRON-1,8760,0.06719999994454648
United States,Byron 1-2,PWR,CO2,2007,0.144623912,18852.760000000002,16218.0,BYRON-1,8760,0.06719999984723721
United States,Byron 1-2,PWR,CO2,2008,0.148496043,19357.52,16605.0,BYRON-1,8784,0.06738410920985746
United States,Byron 1-2,PWR,CO2,2009,0.151263517,19718.28,16929.0,BYRON-1,8760,0.06719999964094231
United States,Byron 1-2,PWR,CO2,2010,0.152317776,19855.71,17060.0,BYRON-1,8760,0.06720000029009288
United States,Byron 1-2,PWR,CO2,2011,0.139637457,18202.739999999998,15874.0,BYRON-1,8760,0.06719999974289585
United States,Byron 1-2,PWR,CO2,2012,0.140523945,18318.3,16520.0,BYRON-1,8784,0.0673841094905095
United States,Byron 1-2,PWR,CO2,2013,0.14995005,19547.06,16920.0,BYRON-1,8760,0.06720000030695153
United States,Byron 1-2,PWR,CO2,2014,0.14769318,19252.39,16486.0,BYRON-1,8760,0.06720164388940802
United States,Byron 1-2,PWR,CO2,2015,0.14935278,19472.03,16918.0,BYRON-1,8760,0.0671902391686948
United States,Byron 1-2,PWR,CO2,2016,0.150358083,19600.25,16848.0,BYRON-1,8784,0.06738410995125062
United States,Callaway 1,PWR,CO2,1984,0.004427912,577.21,863.0,CALLAWAY-1,8784,0.06738410458585263
United States,Callaway 1,PWR,CO2,1985,0.061720898,8045.76,7882.0,CALLAWAY-1,8760,0.06719999931392436
United States,Callaway 1,PWR,CO2,1986,0.05522605,7199.11,7121.0,CALLAWAY-1,8760,0.06720000083343636
United States,Callaway 1,PWR,CO2,1987,0.048495847,6321.78,6141.0,CALLAWAY-1,8760,0.06720000058844186
United States,Callaway 1,PWR,CO2,1988,0.062475902,8144.18,7413.0,CALLAWAY-1,8784,0.06738411026868267
United States,Callaway 1,PWR,CO2,1989,0.064061852,8350.92,7368.0,CALLAWAY-1,8760,0.0671999999425213
United States,Callaway 1,PWR,CO2,1990,0.061408679,8005.06,7167.0,CALLAWAY-1,8760,0.06719999950531289
United States,Callaway 1,PWR,CO2,1991,0.076554071,9979.37,8726.0,CALLAWAY-1,8760,0.06719999979557828
United States,Callaway 1,PWR,CO2,1992,0.062095178,8094.55,7204.0,CALLAWAY-1,8784,0.06738410949984866
United States,Callaway 1,PWR,CO2,1993,0.06436126,8389.95,7498.0,CALLAWAY-1,8760,0.06719999971394346
United States,Callaway 1,PWR,CO2,1994,0.076762115,10006.49,8726.0,CALLAWAY-1,8760,0.06719999994003892
United States,Callaway 1,PWR,CO2,1995,0.063309381,8252.83,7356.0,CALLAWAY-1,8760,0.06720000018902607
United States,Callaway 1,PWR,CO2,1996,0.068200176,8890.38,7864.0,CALLAWAY-1,8784,0.06738411023870747
United States,Callaway 1,PWR,CO2,1997,0.068692822,8954.6,8760.0,CALLAWAY-1,8760,0.0672000000804056
United States,Callaway 1,PWR,CO2,1998,0.065334126,8516.77,7913.0,CALLAWAY-1,8760,0.0671999999718203
United States,Callaway 1,PWR,CO2,1999,0.065945217,8596.43,7707.0,CALLAWAY-1,8760,0.0672000005723306
United States,Callaway 1,PWR,CO2,2000,0.076649731,9991.84,8762.0,CALLAWAY-1,8784,0.06738410914346106
United States,Callaway 1,PWR,CO2,2001,0.064316536,8384.12,7500.0,CALLAWAY-1,8760,0.0671999989694804
United States,Callaway 1,PWR,CO2,2002,0.064335408,8386.58,7484.0,CALLAWAY-1,8760,0.06719999977106281
United States,Callaway 1,PWR,CO2,2003,0.074408964,9699.74,8397.0,CALLAWAY-1,8760,0.06719999965359896
United States,Callaway 1,PWR,CO2,2004,0.060160724,7842.38,6856.0,CALLAWAY-1,8784,0.06738411038689786
United States,Callaway 1,PWR,CO2,2005,0.06153234,8021.18,6966.0,CALLAWAY-1,8760,0.06720000029920783
United States,Callaway 1,PWR,CO2,2006,0.07747086,10098.88,8324.0,CALLAWAY-1,8760,0.06719999976234989
United States,Callaway 1,PWR,CO2,2007,0.071894488,9371.96,7742.0,CALLAWAY-1,8760,0.06720000030729967
United States,Callaway 1,PWR,CO2,2008,0.071942586,9378.23,7834.0,CALLAWAY-1,8784,0.06738410930676685
United States,Callaway 1,PWR,CO2,2009,0.078608043,10247.12,8408.0,CALLAWAY-1,8760,0.06719999928565294
United States,Callaway 1,PWR,CO2,2010,0.069125786,9011.04,7412.0,CALLAWAY-1,8760,0.06719999970702603
United States,Callaway 1,PWR,CO2,2011,0.072016536,9387.87,7771.0,CALLAWAY-1,8760,0.06719999907966344
United States,Callaway 1,PWR,CO2,2012,0.082222729,10718.32,8784.0,CALLAWAY-1,8784,0.06738410977989087
United States,Callaway 1,PWR,CO2,2013,0.0645064,8408.87,7008.0,CALLAWAY-1,8760,0.06720000000000001
United States,Callaway 1,PWR,CO2,2014,0.071307887,9297.34,7649.0,CALLAWAY-1,8760,0.06718664587075443
United States,Callaway 1,PWR,CO2,2015,0.080097488,10443.55,8648.0,CALLAWAY-1,8760,0.06718539145022526
United States,Callaway 1,PWR,CO2,2016,0.072459243,9445.58,7859.0,CALLAWAY-1,8784,0.06738410881195227
United States,Calvert Cliffs 1-2,PWR,CO2,1975,0.033612274,4381.6,6667.0,CALVERT CLIFFS-1,8760,0.0672000000547745
United States,Calvert Cliffs 1-2,PWR,CO2,1976,0.049248548,6303.9,8356.0,CALVERT CLIFFS-1,8784,0.06862406536144293
United States,Calvert Cliffs 1-2,PWR,CO2,1977,0.083553534,10891.8,13921.0,CALVERT CLIFFS-1,8760,0.06719999980168567
United States,Calvert Cliffs 1-2,PWR,CO2,1978,0.075965917,9902.7,13279.0,CALVERT CLIFFS-1,8760,0.06719999928504347
United States,Calvert Cliffs 1-2,PWR,CO2,1979,0.074281315,9683.1,12946.0,CALVERT CLIFFS-1,8760,0.06719999993803637
United States,Calvert Cliffs 1-2,PWR,CO2,1980,0.084036822,10954.8,14774.0,CALVERT CLIFFS-1,8784,0.06738410965494579
United States,Calvert Cliffs 1-2,PWR,CO2,1981,0.088415562,11525.6,14549.0,CALVERT CLIFFS-1,8760,0.06720000027070175
United States,Calvert Cliffs 1-2,PWR,CO2,1982,0.079529972,10367.3,12915.0,CALVERT CLIFFS-1,8760,0.06719999949070636
United States,Calvert Cliffs 1-2,PWR,CO2,1983,0.08962915,11683.8,14286.0,CALVERT CLIFFS-1,8760,0.06719999948646846
United States,Calvert Cliffs 1-2,PWR,CO2,1984,0.088679836,11560.05,13924.0,CALVERT CLIFFS-1,8784,0.0673841098804936
United States,Calvert Cliffs 1-2,PWR,CO2,1985,0.076465162,9967.779999999999,11975.0,CALVERT CLIFFS-1,8760,0.06720000031300852
United States,Calvert Cliffs 1-2,PWR,CO2,1986,0.098478762,12837.41,15260.0,CALVERT CLIFFS-1,8760,0.06720000024303968
United States,Calvert Cliffs 1-2,PWR,CO2,1987,0.077482981,10100.46,12092.0,CALVERT CLIFFS-1,8760,0.06720000015444842
United States,Calvert Cliffs 1-2,PWR,CO2,1988,0.090266783,11766.919999999998,14076.0,CALVERT CLIFFS-1,8784,0.06738410916977426
United States,Calvert Cliffs 1-2,PWR,CO2,1989,0.021434038,2794.08,3458.0,CALVERT CLIFFS-1,8760,0.06719999888335337
United States,Calvert Cliffs 1-2,PWR,CO2,1990,0.010312976,1344.37,1840.0,CALVERT CLIFFS-1,8760,0.06720000428453476
United States,Calvert Cliffs 1-2,PWR,CO2,1991,0.0698152,9100.91,11153.0,CALVERT CLIFFS-1,8760,0.0672
United States,Calvert Cliffs 1-2,PWR,CO2,1992,0.082114104,10704.16,12782.0,CALVERT CLIFFS-1,8784,0.06738410949911063
United States,Calvert Cliffs 1-2,PWR,CO2,1993,0.094433567,12310.09,14538.0,CALVERT CLIFFS-1,8760,0.06719999991226709
United States,Calvert Cliffs 1-2,PWR,CO2,1994,0.086400712,11262.95,13581.0,CALVERT CLIFFS-1,8760,0.06719999974429434
United States,Calvert Cliffs 1-2,PWR,CO2,1995,0.099276033,12941.34,15608.0,CALVERT CLIFFS-1,8760,0.06720000008345349
United States,Calvert Cliffs 1-2,PWR,CO2,1996,0.0927808,12094.64,14323.0,CALVERT CLIFFS-1,8784,0.0673841095890411
United States,Calvert Cliffs 1-2,PWR,CO2,1997,0.100786805,13138.279999999999,15500.0,CALVERT CLIFFS-1,8760,0.06719999968032346
United States,Calvert Cliffs 1-2,PWR,CO2,1998,0.102351583,13342.26,15577.0,CALVERT CLIFFS-1,8760,0.06719999963124687
United States,Calvert Cliffs 1-2,PWR,CO2,1999,0.102234981,13327.060000000001,15631.0,CALVERT CLIFFS-1,8760,0.06720000011705507
United States,Calvert Cliffs 1-2,PWR,CO2,2000,0.10617485,13840.65,16194.0,CALVERT CLIFFS-1,8784,0.06738411002373444
United States,Calvert Cliffs 1-2,PWR,CO2,2001,0.104760657,13656.3,16024.0,CALVERT CLIFFS-1,8760,0.06719999965730102
United States,Calvert Cliffs 1-2,PWR,CO2,2002,0.093019298,12125.73,14266.0,CALVERT CLIFFS-1,8760,0.06719999954476967
United States,Calvert Cliffs 1-2,PWR,CO2,2003,0.105013885,13689.31,15884.0,CALVERT CLIFFS-1,8760,0.06720000004382982
United States,Calvert Cliffs 1-2,PWR,CO2,2004,0.11143371,14526.18,16763.0,CALVERT CLIFFS-1,8784,0.06738410983754849
United States,Calvert Cliffs 1-2,PWR,CO2,2005,0.113078805,14740.630000000001,16975.0,CALVERT CLIFFS-1,8760,0.06719999971507323
United States,Calvert Cliffs 1-2,PWR,CO2,2006,0.106293907,13856.17,16007.0,CALVERT CLIFFS-1,8760,0.06720000009526442
United States,Calvert Cliffs 1-2,PWR,CO2,2007,0.110106664,14353.189999999999,16603.0,CALVERT CLIFFS-1,8760,0.06720000060195679
United States,Calvert Cliffs 1-2,PWR,CO2,2008,0.112581633,14675.82,17059.0,CALVERT CLIFFS-1,8784,0.06738410966283315
United States,Calvert Cliffs 1-2,PWR,CO2,2009,0.111617359,14550.119999999999,16888.0,CALVERT CLIFFS-1,8760,0.06720000005773148
United States,Calvert Cliffs 1-2,PWR,CO2,2010,0.10735085,13993.95,16342.0,CALVERT CLIFFS-1,8760,0.0672000004287567
United States,Calvert Cliffs 1-2,PWR,CO2,2011,0.109931836,14330.400000000001,16681.0,CALVERT CLIFFS-1,8760,0.06720000023446658
United States,Calvert Cliffs 1-2,PWR,CO2,2012,0.104150181,13576.720000000001,15714.0,CALVERT CLIFFS-1,8784,0.06738410970425845
United States,Calvert Cliffs 1-2,PWR,CO2,2013,0.109713896,14301.99,16412.0,CALVERT CLIFFS-1,8760,0.06720000006712352
United States,Calvert Cliffs 1-2,PWR,CO2,2014,0.110093137,14351.36,16530.0,CALVERT CLIFFS-1,8760,0.06720031273133696
United States,Calvert Cliffs 1-2,PWR,CO2,2015,0.11239069,14650.29,16687.0,CALVERT CLIFFS-1,8760,0.06720293211943244
United States,Calvert Cliffs 1-2,PWR,CO2,2016,0.11327565,14766.29,16885.0,CALVERT CLIFFS-1,8784,0.06738410999648524
United States,Catawba 1-2,PWR,CO2,1985,0.026392953,3440.51,3513.0,CATAWBA-1,8760,0.06719999891876495
United States,Catawba 1-2,PWR,CO2,1986,0.05004206,6523.34,6476.0,CATAWBA-1,8760,0.06719999963209031
United States,Catawba 1-2,PWR,CO2,1987,0.104140515,13575.46,12938.0,CATAWBA-1,8760,0.06719999995580261
United States,Catawba 1-2,PWR,CO2,1988,0.100300757,13074.92,12574.0,CATAWBA-1,8784,0.06738411015042539
United States,Catawba 1-2,PWR,CO2,1989,0.109717962,14302.52,13580.0,CATAWBA-1,8760,0.06720000021814337
United States,Catawba 1-2,PWR,CO2,1990,0.102821293,13403.49,12261.0,CATAWBA-1,8760,0.06719999990151819
United States,Catawba 1-2,PWR,CO2,1991,0.107059266,13955.94,12848.0,CATAWBA-1,8760,0.0672000001547728
United States,Catawba 1-2,PWR,CO2,1992,0.125228274,16324.399999999998,14619.0,CATAWBA-1,8784,0.0673841096037833
United States,Catawba 1-2,PWR,CO2,1993,0.12101017,15774.54,14149.0,CATAWBA-1,8760,0.06720000007607195
United States,Catawba 1-2,PWR,CO2,1994,0.134020734,17470.559999999998,15700.0,CATAWBA-1,8760,0.06719999987636345
United States,Catawba 1-2,PWR,CO2,1995,0.12797005,16681.809999999998,14786.0,CATAWBA-1,8760,0.06720000035967322
United States,Catawba 1-2,PWR,CO2,1996,0.119477381,15574.73,13913.0,CATAWBA-1,8784,0.06738410968947776
United States,Catawba 1-2,PWR,CO2,1997,0.136439857,17785.91,15589.0,CATAWBA-1,8760,0.06719999973687037
United States,Catawba 1-2,PWR,CO2,1998,0.134829205,17575.949999999997,15503.0,CATAWBA-1,8760,0.06719999976103712
United States,Catawba 1-2,PWR,CO2,1999,0.137538455,17929.12,15714.0,CATAWBA-1,8760,0.06720000010039534
United States,Catawba 1-2,PWR,CO2,2000,0.137348592,17904.370000000003,15772.0,CATAWBA-1,8784,0.06738410969657127
United States,Catawba 1-2,PWR,CO2,2001,0.142309885,18551.11,16229.0,CATAWBA-1,8760,0.06720000003234307
United States,Catawba 1-2,PWR,CO2,2002,0.150769721,19653.91,17010.0,CATAWBA-1,8760,0.06720000020148663
United States,Catawba 1-2,PWR,CO2,2003,0.134374531,17516.68,15274.0,CATAWBA-1,8760,0.06719999974652731
United States,Catawba 1-2,PWR,CO2,2004,0.142276898,18546.809999999998,16280.0,CATAWBA-1,8784,0.06738410929060039
United States,Catawba 1-2,PWR,CO2,2005,0.14787406,19276.440000000002,16764.0,CATAWBA-1,8760,0.06719999987549567
United States,Catawba 1-2,PWR,CO2,2006,0.129599189,16894.18,14762.0,CATAWBA-1,8760,0.06719999997869089
United States,Catawba 1-2,PWR,CO2,2007,0.141322904,18422.449999999997,15990.0,CATAWBA-1,8760,0.06719999994788968
United States,Catawba 1-2,PWR,CO2,2008,0.145572843,18976.46,16394.0,CATAWBA-1,8784,0.0673841092022432
United States,Catawba 1-2,PWR,CO2,2009,0.137409117,17912.260000000002,15561.0,CATAWBA-1,8760,0.06719999960473998
United States,Catawba 1-2,PWR,CO2,2010,0.145477797,18964.07,16563.0,CATAWBA-1,8760,0.06719999987977264
United States,Catawba 1-2,PWR,CO2,2011,0.144093217,18783.58,16346.0,CATAWBA-1,8760,0.06720000026193089
United States,Catawba 1-2,PWR,CO2,2012,0.136772712,17829.3,15506.0,CATAWBA-1,8784,0.06738410942706669
United States,Catawba 1-2,PWR,CO2,2013,0.147026543,19165.96,16702.0,CATAWBA-1,8760,0.06720000024418292
United States,Catawba 1-2,PWR,CO2,2014,0.143512112,18711.510000000002,16253.0,CATAWBA-1,8760,0.06718677974786641
United States,Catawba 1-2,PWR,CO2,2015,0.141000532,18383.88,15990.0,CATAWBA-1,8760,0.06718737613169799
United States,Catawba 1-2,PWR,CO2,2016,0.150035967,19558.260000000002,16874.0,CATAWBA-1,8784,0.06738410953367016
United States,Clinton 1 (from 1987),BWR,CO2,1987,0.094829144,1628.83,3264.0,CLINTON-1,8760,0.5100000008840702
United States,Clinton 1 (from 1987),BWR,CO2,1988,0.341207466,5860.74,7244.0,CLINTON-1,8784,0.5113972606435365
United States,Clinton 1 (from 1987),BWR,CO2,1989,0.166617466,2861.9,3947.0,CLINTON-1,8760,0.5100000007547433
United States,Clinton 1 (from 1987),BWR,CO2,1990,0.20939226,3596.62,4604.0,CLINTON-1,8760,0.5099999993327068
United States,Clinton 1 (from 1987),BWR,CO2,1991,0.352110171,6048.01,6927.0,CLINTON-1,8760,0.5099999996626989
United States,Clinton 1 (from 1987),BWR,CO2,1992,0.287326781,4935.26,5824.0,CLINTON-1,8784,0.5113972605909314
United States,Clinton 1 (from 1987),BWR,CO2,1993,0.342281027,5879.18,6750.0,CLINTON-1,8760,0.5099999994080807
United States,Clinton 1 (from 1987),BWR,CO2,1994,0.431423904,7410.34,8217.0,CLINTON-1,8760,0.5099999998704513
United States,Clinton 1 (from 1987),BWR,CO2,1995,0.355671438,6109.18,7140.0,CLINTON-1,8760,0.5099999994892932
United States,Clinton 1 (from 1987),BWR,CO2,1996,0.309314418,5312.93,5833.0,CLINTON-1,8784,0.5113972605910486
United States,Clinton 1 (from 1987),BWR,CO2,1999,0.27387524,4704.21,5270.0,CLINTON-1,8760,0.5100000005101814
United States,Clinton 1 (from 1987),BWR,CO2,2000,0.401062603,6888.84,7542.0,CLINTON-1,8784,0.5113972606058494
United States,Clinton 1 (from 1987),BWR,CO2,2001,0.458607021,7877.25,8565.0,CLINTON-1,8760,0.5100000005027135
United States,Clinton 1 (from 1987),BWR,CO2,2002,0.445811027,7657.46,7805.0,CLINTON-1,8760,0.5099999995455412
United States,Clinton 1 (from 1987),BWR,CO2,2003,0.50655226,8700.78,8634.0,CLINTON-1,8760,0.5099999997241625
United States,Clinton 1 (from 1987),BWR,CO2,2004,0.465777877,8000.42,7911.0,CLINTON-1,8784,0.511397260589819
United States,Clinton 1 (from 1987),BWR,CO2,2005,0.505847226,8688.67,8497.0,CLINTON-1,8760,0.5099999999723778
United States,Clinton 1 (from 1987),BWR,CO2,2006,0.479335959,8233.3,7974.0,CLINTON-1,8760,0.5100000001020247
United States,Clinton 1 (from 1987),BWR,CO2,2007,0.538553014,9250.44,8714.0,CLINTON-1,8760,0.5100000002853918
United States,Clinton 1 (from 1987),BWR,CO2,2008,0.497573116,8546.55,8160.0,CLINTON-1,8784,0.5113972598234375
United States,Clinton 1 (from 1987),BWR,CO2,2009,0.517446815,8887.91,8390.0,CLINTON-1,8760,0.5099999999324926
United States,Clinton 1 (from 1987),BWR,CO2,2010,0.501383562,8612.0,8089.0,CLINTON-1,8760,0.5100000003622851
United States,Clinton 1 (from 1987),BWR,CO2,2011,0.504845856,8671.47,8184.0,CLINTON-1,8760,0.5099999998339382
United States,Clinton 1 (from 1987),BWR,CO2,2012,0.545730856,9373.73,8784.0,CLINTON-1,8784,0.511397260119931
United States,Clinton 1 (from 1987),BWR,CO2,2013,0.484608288,8323.86,7861.0,CLINTON-1,8760,0.5100000003459934
United States,Clinton 1 (from 1987),BWR,CO2,2014,0.529680993,9098.05,8615.0,CLINTON-1,8760,0.5099999998549141
United States,Clinton 1 (from 1987),BWR,CO2,2015,0.470686918,8084.74,8167.0,CLINTON-1,8760,0.5100000002077989
United States,Clinton 1 (from 1987),BWR,CO2,2016,0.519053082,8915.5,8520.0,CLINTON-1,8784,0.5113972600850205
United States,Columbia (from 1984),BWR,CO2,1984,0.084908014,1458.42,2393.0,COLUMBIA,8784,0.5113972620891102
United States,Columbia (from 1984),BWR,CO2,1985,0.301365171,5176.39,6624.0,COLUMBIA,8760,0.5099999996059029
United States,Columbia (from 1984),BWR,CO2,1986,0.301761644,5183.2,6133.0,COLUMBIA,8760,0.5100000002778207
United States,Columbia (from 1984),BWR,CO2,1987,0.314265959,5397.98,5979.0,COLUMBIA,8760,0.5100000001556139
United States,Columbia (from 1984),BWR,CO2,1988,0.349336027,6000.36,6020.0,COLUMBIA,8784,0.5113972596924184
United States,Columbia (from 1984),BWR,CO2,1989,0.35676363,6127.94,6680.0,COLUMBIA,8760,0.5099999998041757
United States,Columbia (from 1984),BWR,CO2,1990,0.337162397,5791.26,5752.0,COLUMBIA,8760,0.5099999996063033
United States,Columbia (from 1984),BWR,CO2,1991,0.248744349,4272.55,4194.0,COLUMBIA,8760,0.5099999993540157
United States,Columbia (from 1984),BWR,CO2,1992,0.332164863,5705.42,5505.0,COLUMBIA,8784,0.5113972602528822
United States,Columbia (from 1984),BWR,CO2,1993,0.415799041,7141.96,6757.0,COLUMBIA,8760,0.5099999998823852
United States,Columbia (from 1984),BWR,CO2,1994,0.393201267,6753.81,6500.0,COLUMBIA,8760,0.5099999998400903
United States,Columbia (from 1984),BWR,CO2,1995,0.404505685,6947.98,6680.0,COLUMBIA,8760,0.510000000086356
United States,Columbia (from 1984),BWR,CO2,1996,0.323851747,5562.63,5999.0,COLUMBIA,8784,0.5113972609445532
United States,Columbia (from 1984),BWR,CO2,1997,0.356877158,6129.89,6248.0,COLUMBIA,8760,0.5100000006655911
United States,Columbia (from 1984),BWR,CO2,1998,0.403041473,6922.83,6373.0,COLUMBIA,8760,0.5100000005026846
United States,Columbia (from 1984),BWR,CO2,1999,0.355118938,6099.69,6018.0,COLUMBIA,8760,0.5099999994884986
United States,Columbia (from 1984),BWR,CO2,2000,0.500989418,8605.23,8385.0,COLUMBIA,8784,0.5113972604697377
United States,Columbia (from 1984),BWR,CO2,2001,0.480757089,8257.71,7553.0,COLUMBIA,8760,0.5099999999564044
United States,Columbia (from 1984),BWR,CO2,2002,0.522883322,8981.29,8528.0,COLUMBIA,8760,0.5100000000801667
United States,Columbia (from 1984),BWR,CO2,2003,0.443331473,7614.87,7039.0,COLUMBIA,8760,0.5100000004570006
United States,Columbia (from 1984),BWR,CO2,2004,0.522900205,8981.58,8222.0,COLUMBIA,8784,0.5113972598050678
United States,Columbia (from 1984),BWR,CO2,2005,0.479858185,8242.27,7537.0,COLUMBIA,8760,0.5100000000727954
United States,Columbia (from 1984),BWR,CO2,2006,0.543084795,9328.28,8568.0,COLUMBIA,8760,0.5100000004502437
United States,Columbia (from 1984),BWR,CO2,2007,0.472073699,8108.56,7481.0,COLUMBIA,8760,0.5100000003995777
United States,Columbia (from 1984),BWR,CO2,2008,0.539670822,9269.64,8592.0,COLUMBIA,8784,0.5113972603518584
United States,Columbia (from 1984),BWR,CO2,2009,0.38622661,6634.01,6382.0,COLUMBIA,8760,0.5100000005426583
United States,Columbia (from 1984),BWR,CO2,2010,0.538010993,9241.13,8760.0,COLUMBIA,8760,0.5099999998571604
United States,Columbia (from 1984),BWR,CO2,2011,0.279817671,4806.28,4466.0,COLUMBIA,8760,0.5099999995755553
United States,Columbia (from 1984),BWR,CO2,2012,0.543400925,9333.71,8545.0,COLUMBIA,8784,0.5113972605962689
United States,Columbia (from 1984),BWR,CO2,2013,0.492586062,8460.89,7678.0,COLUMBIA,8760,0.5100000003687555
United States,Columbia (from 1984),BWR,CO2,2014,0.552926164,9497.32,8760.0,COLUMBIA,8760,0.509999999646216
United States,Columbia (from 1984),BWR,CO2,2015,0.475121473,8160.91,7550.0,COLUMBIA,8760,0.510000000426423
United States,Columbia (from 1984),BWR,CO2,2016,0.560395685,9625.62,8565.0,COLUMBIA,8784,0.511397260336477
United States,Comanche Peak 1-2,PWR,CO2,1990,0.025584943,3335.18,4399.0,COMANCHE PEAK-1,8760,0.06720000140322262
United States,Comanche Peak 1-2,PWR,CO2,1991,0.041121797,5360.52,5341.0,COMANCHE PEAK-1,8760,0.06719999957466813
United States,Comanche Peak 1-2,PWR,CO2,1992,0.053219024,6937.48,6947.0,COMANCHE PEAK-1,8784,0.06738410875649371
United States,Comanche Peak 1-2,PWR,CO2,1993,0.086548,11282.15,11532.0,COMANCHE PEAK-1,8760,0.0672
United States,Comanche Peak 1-2,PWR,CO2,1994,0.11223589,14630.75,14350.0,COMANCHE PEAK-1,8760,0.06719999975394289
United States,Comanche Peak 1-2,PWR,CO2,1995,0.130183353,16970.33,15826.0,COMANCHE PEAK-1,8760,0.06719999978079388
United States,Comanche Peak 1-2,PWR,CO2,1996,0.116039748,15126.61,14176.0,COMANCHE PEAK-1,8784,0.0673841096208602
United States,Comanche Peak 1-2,PWR,CO2,1997,0.134560559,17540.93,16210.0,COMANCHE PEAK-1,8760,0.067200000047888
United States,Comanche Peak 1-2,PWR,CO2,1998,0.136941172,17851.26,16589.0,COMANCHE PEAK-1,8760,0.06719999970422257
United States,Comanche Peak 1-2,PWR,CO2,1999,0.133153655,17357.53,15823.0,COMANCHE PEAK-1,8760,0.0672000001037014
United States,Comanche Peak 1-2,PWR,CO2,2000,0.141824603,18487.85,16711.0,COMANCHE PEAK-1,8784,0.06738410971270321
United States,Comanche Peak 1-2,PWR,CO2,2001,0.1405544,18322.27,16512.0,COMANCHE PEAK-1,8760,0.0672
United States,Comanche Peak 1-2,PWR,CO2,2002,0.127181983,16579.08,15101.0,COMANCHE PEAK-1,8760,0.06719999970324046
United States,Comanche Peak 1-2,PWR,CO2,2003,0.136159321,17749.34,15960.0,COMANCHE PEAK-1,8760,0.06720000022310689
United States,Comanche Peak 1-2,PWR,CO2,2004,0.146190531,19056.98,16661.0,COMANCHE PEAK-1,8784,0.06738410935541729
United States,Comanche Peak 1-2,PWR,CO2,2005,0.141482083,18443.2,15983.0,COMANCHE PEAK-1,8760,0.06720000038388133
United States,Comanche Peak 1-2,PWR,CO2,2006,0.152628,19896.15,17020.0,COMANCHE PEAK-1,8760,0.06720000000000001
United States,Comanche Peak 1-2,PWR,CO2,2007,0.144570136,18845.75,16197.0,COMANCHE PEAK-1,8760,0.06719999954154118
United States,Comanche Peak 1-2,PWR,CO2,2008,0.14755325,19234.62,16503.0,COMANCHE PEAK-1,8784,0.06738410990183326
United States,Comanche Peak 1-2,PWR,CO2,2009,0.154509907,20141.47,16915.0,COMANCHE PEAK-1,8760,0.06720000006553643
United States,Comanche Peak 1-2,PWR,CO2,2010,0.155023879,20208.47,16834.0,COMANCHE PEAK-1,8760,0.06719999980404257
United States,Comanche Peak 1-2,PWR,CO2,2011,0.148970357,19419.35,16155.0,COMANCHE PEAK-1,8760,0.06720000037694362
United States,Comanche Peak 1-2,PWR,CO2,2012,0.15362994,20026.760000000002,16564.0,COMANCHE PEAK-1,8784,0.06738410970920906
United States,Comanche Peak 1-2,PWR,CO2,2013,0.15815635,20616.81,16932.0,COMANCHE PEAK-1,8760,0.06719999970897535
United States,Comanche Peak 1-2,PWR,CO2,2014,0.143898705,18761.379999999997,15464.0,COMANCHE PEAK-1,8760,0.06718869591682489
United States,Comanche Peak 1-2,PWR,CO2,2015,0.154183418,20100.55,16549.0,COMANCHE PEAK-1,8760,0.0671945166515344
United States,Comanche Peak 1-2,PWR,CO2,2016,0.157293184,20504.29,16845.0,COMANCHE PEAK-1,8784,0.06738410977683207
United States,Cooper 1974,BWR,CO2,1974,0.109778082,1885.6,3897.0,COOPER,8760,0.5099999991090369
United States,Cooper 1974,BWR,CO2,1975,0.19580274,3363.2,7320.0,COOPER,8760,0.5100000007136062
United States,Cooper 1974,BWR,CO2,1976,0.212069178,3642.6,6626.0,COOPER,8784,0.51139726007577
United States,Cooper 1974,BWR,CO2,1977,0.26432089,4540.1,7546.0,COOPER,8760,0.5099999992070658
United States,Cooper 1974,BWR,CO2,1978,0.284505479,4886.8,7966.0,COOPER,8760,0.5099999991896538
United States,Cooper 1974,BWR,CO2,1979,0.290804795,4995.0,7670.0,COOPER,8760,0.5100000008408409
United States,Cooper 1974,BWR,CO2,1980,0.220505137,3787.5,6240.0,COOPER,8784,0.5113972603057425
United States,Cooper 1974,BWR,CO2,1981,0.224207877,3851.1,6239.0,COOPER,8760,0.5100000006543586
United States,Cooper 1974,BWR,CO2,1982,0.307170205,5276.1,7412.0,COOPER,8760,0.5099999992039573
United States,Cooper 1974,BWR,CO2,1983,0.194644178,3343.3,5544.0,COOPER,8760,0.5099999997846438
United States,Cooper 1974,BWR,CO2,1984,0.202017637,3469.95,5901.0,COOPER,8784,0.51139726030865
United States,Cooper 1974,BWR,CO2,1985,0.062163527,1067.75,1884.0,COOPER,8760,0.5099999967408101
United States,Cooper 1974,BWR,CO2,1986,0.23591226,4052.14,6546.0,COOPER,8760,0.5099999994077205
United States,Cooper 1974,BWR,CO2,1987,0.32149387,5522.13,8291.0,COOPER,8760,0.5100000002173075
United States,Cooper 1974,BWR,CO2,1988,0.244556062,4200.61,5887.0,COOPER,8784,0.5113972610187568
United States,Cooper 1974,BWR,CO2,1989,0.27892226,4790.9,6594.0,COOPER,8760,0.5099999994990503
United States,Cooper 1974,BWR,CO2,1990,0.297580925,5111.39,6908.0,COOPER,8760,0.5100000005869245
United States,Cooper 1974,BWR,CO2,1991,0.27967387,4803.81,6830.0,COOPER,8760,0.5100000002498016
United States,Cooper 1974,BWR,CO2,1992,0.362584966,6227.93,8436.0,COOPER,8784,0.5113972606217475
United States,Cooper 1974,BWR,CO2,1993,0.216159658,3712.86,5041.0,COOPER,8760,0.5100000010988833
United States,Cooper 1974,BWR,CO2,1994,0.129669247,2227.26,3033.0,COOPER,8760,0.5100000016702135
United States,Cooper 1974,BWR,CO2,1995,0.240314795,4127.76,5663.0,COOPER,8760,0.510000001017501
United States,Cooper 1974,BWR,CO2,1996,0.369045548,6338.9,8540.0,COOPER,8784,0.5113972603499031
United States,Cooper 1974,BWR,CO2,1997,0.31762637,5455.7,7336.0,COOPER,8760,0.5100000002199534
United States,Cooper 1974,BWR,CO2,1998,0.283522158,4869.91,6544.0,COOPER,8760,0.5100000008377978
United States,Cooper 1974,BWR,CO2,1999,0.379030719,6510.41,8563.0,COOPER,8760,0.5099999997603838
United States,Cooper 1974,BWR,CO2,2000,0.275722534,4735.94,6414.0,COOPER,8784,0.5113972598166362
United States,Cooper 1974,BWR,CO2,2001,0.303120479,5206.54,7009.0,COOPER,8760,0.5099999992394181
United States,Cooper 1974,BWR,CO2,2002,0.3678375,6318.15,8478.0,COOPER,8760,0.51
United States,Cooper 1974,BWR,CO2,2003,0.26153976,4492.33,6236.0,COOPER,8760,0.5099999994657561
United States,Cooper 1974,BWR,CO2,2004,0.359315377,6171.77,8299.0,COOPER,8784,0.511397260683402
United States,Cooper 1974,BWR,CO2,2005,0.34302274,5891.92,7774.0,COOPER,8760,0.5100000004073375
United States,Cooper 1974,BWR,CO2,2006,0.344103288,5910.48,7823.0,COOPER,8760,0.5100000004872701
United States,Cooper 1974,BWR,CO2,2007,0.388394692,6671.25,8685.0,COOPER,8760,0.5100000002878021
United States,Cooper 1974,BWR,CO2,2008,0.347227329,5964.14,7825.0,COOPER,8784,0.511397260616954
United States,Cooper 1974,BWR,CO2,2009,0.333862534,5734.58,7494.0,COOPER,8760,0.5099999996233378
United States,Cooper 1974,BWR,CO2,2010,0.39547589,6792.88,8760.0,COOPER,8760,0.5099999994700334
United States,Cooper 1974,BWR,CO2,2011,0.335814041,5768.1,7376.0,COOPER,8760,0.5099999998543714
United States,Cooper 1974,BWR,CO2,2012,0.338981164,5822.5,7657.0,COOPER,8784,0.5113972596953199
United States,Cooper 1974,BWR,CO2,2013,0.396002774,6801.93,8760.0,COOPER,8760,0.510000000035284
United States,Cooper 1974,BWR,CO2,2014,0.344386815,5915.35,7726.0,COOPER,8760,0.5099999998985689
United States,Cooper 1974,BWR,CO2,2015,0.3958025,6798.49,8692.0,COOPER,8760,0.51
United States,Cooper 1974,BWR,CO2,2016,0.344820548,5922.8,7701.0,COOPER,8784,0.5113972603552374
United States,Crystal River 3,PWR,CO2,1977,0.030974136,4037.7,5916.0,CRYSTAL RIVER-3,8760,0.06719999786016792
United States,Crystal River 3,PWR,CO2,1978,0.019968219,2603.0,3627.0,CRYSTAL RIVER-3,8760,0.0671999994006915
United States,Crystal River 3,PWR,CO2,1979,0.028857643,3761.8,5153.0,CRYSTAL RIVER-3,8760,0.06719999805412302
United States,Crystal River 3,PWR,CO2,1980,0.025725479,3353.5,4663.0,CRYSTAL RIVER-3,8784,0.06738410840495006
United States,Crystal River 3,PWR,CO2,1981,0.031327014,4083.7,5444.0,CRYSTAL RIVER-3,8760,0.06720000064647257
United States,Crystal River 3,PWR,CO2,1982,0.037709479,4915.7,6651.0,CRYSTAL RIVER-3,8760,0.06719999919441788
United States,Crystal River 3,PWR,CO2,1983,0.028938192,3772.3,5149.0,CRYSTAL RIVER-3,8760,0.0672000005089733
United States,Crystal River 3,PWR,CO2,1984,0.049701381,6478.93,8295.0,CRYSTAL RIVER-3,8784,0.06738410983048126
United States,Crystal River 3,PWR,CO2,1985,0.021967189,2863.58,4171.0,CRYSTAL RIVER-3,8760,0.06719999987428324
United States,Crystal River 3,PWR,CO2,1986,0.020353392,2653.21,3659.0,CRYSTAL RIVER-3,8760,0.06720000072365173
United States,Crystal River 3,PWR,CO2,1987,0.027775847,3620.78,5263.0,CRYSTAL RIVER-3,8760,0.06720000102740294
United States,Crystal River 3,PWR,CO2,1988,0.044248131,5768.06,7375.0,CRYSTAL RIVER-3,8784,0.06738410881717596
United States,Crystal River 3,PWR,CO2,1989,0.022476712,2930.0,4190.0,CRYSTAL RIVER-3,8760,0.06719999901706485
United States,Crystal River 3,PWR,CO2,1990,0.031781304,4142.92,5421.0,CRYSTAL RIVER-3,8760,0.06719999976827938
United States,Crystal River 3,PWR,CO2,1991,0.041863376,5457.19,7136.0,CRYSTAL RIVER-3,8760,0.06720000105548828
United States,Crystal River 3,PWR,CO2,1992,0.040779507,5315.9,6633.0,CRYSTAL RIVER-3,8784,0.06738410983803307
United States,Crystal River 3,PWR,CO2,1993,0.046641096,6080.0,7409.0,CRYSTAL RIVER-3,8760,0.06720000015789473
United States,Crystal River 3,PWR,CO2,1994,0.04556605,5939.86,7292.0,CRYSTAL RIVER-3,8760,0.06720000101012481
United States,Crystal River 3,PWR,CO2,1995,0.055500986,7234.95,8733.0,CRYSTAL RIVER-3,8760,0.0671999996351046
United States,Crystal River 3,PWR,CO2,1996,0.018544208,2417.37,3107.0,CRYSTAL RIVER-3,8784,0.06738410879261346
United States,Crystal River 3,PWR,CO2,1998,0.049723934,6481.87,7777.0,CRYSTAL RIVER-3,8760,0.06719999966676284
United States,Crystal River 3,PWR,CO2,1999,0.048889457,6373.09,7677.0,CRYSTAL RIVER-3,8760,0.06719999926566234
United States,Crystal River 3,PWR,CO2,2000,0.055215464,7197.73,8555.0,CRYSTAL RIVER-3,8784,0.06738411079270826
United States,Crystal River 3,PWR,CO2,2001,0.049971869,6514.19,7784.0,CRYSTAL RIVER-3,8760,0.06720000068158898
United States,Crystal River 3,PWR,CO2,2002,0.056002378,7300.31,8692.0,CRYSTAL RIVER-3,8760,0.06719999990137404
United States,Crystal River 3,PWR,CO2,2003,0.05047234,6579.43,7911.0,CRYSTAL RIVER-3,8760,0.06720000036477324
United States,Crystal River 3,PWR,CO2,2004,0.056025392,7303.31,8584.0,CRYSTAL RIVER-3,8784,0.06738410985265585
United States,Crystal River 3,PWR,CO2,2005,0.04871954,6350.94,7672.0,CRYSTAL RIVER-3,8760,0.0672000003778968
United States,Crystal River 3,PWR,CO2,2006,0.053343683,6953.73,8220.0,CRYSTAL RIVER-3,8760,0.06720000101815861
United States,Crystal River 3,PWR,CO2,2007,0.051189293,6672.89,7896.0,CRYSTAL RIVER-3,8760,0.06719999980218465
United States,Crystal River 3,PWR,CO2,2008,0.05369909,7000.06,8208.0,CRYSTAL RIVER-3,8784,0.0673841090733508
United States,Crystal River 3,PWR,CO2,2009,0.041330608,5387.74,6294.0,CRYSTAL RIVER-3,8760,0.06719999964363536
United States,Davis-Besse 1,PWR,CO2,1977,0.005441972,709.4,1452.0,DAVIS BESSE-1,8760,0.0671999925570905
United States,Davis-Besse 1,PWR,CO2,1978,0.020056438,2614.5,4263.0,DAVIS BESSE-1,8760,0.0671999988066552
United States,Davis-Besse 1,PWR,CO2,1979,0.024004055,3129.1,4139.0,DAVIS BESSE-1,8760,0.06720000057524528
United States,Davis-Besse 1,PWR,CO2,1980,0.016060493,2093.6,3171.0,DAVIS BESSE-1,8784,0.06738410895682077
United States,Davis-Besse 1,PWR,CO2,1981,0.033472657,4363.4,5902.0,DAVIS BESSE-1,8760,0.06719999892744193
United States,Davis-Besse 1,PWR,CO2,1982,0.024686795,3218.1,4508.0,DAVIS BESSE-1,8760,0.06720000130511793
United States,Davis-Besse 1,PWR,CO2,1983,0.037460931,4883.3,6389.0,DAVIS BESSE-1,8760,0.06719999909077877
United States,Davis-Besse 1,PWR,CO2,1984,0.032921557,4291.56,5486.0,DAVIS BESSE-1,8784,0.06738411129938762
United States,Davis-Besse 1,PWR,CO2,1985,0.014904592,1942.92,2729.0,DAVIS BESSE-1,8760,0.0672000009882033
United States,Davis-Besse 1,PWR,CO2,1986,2.68e-05,3.49,116.0,DAVIS BESSE-1,8760,0.06726876790830945
United States,Davis-Besse 1,PWR,CO2,1987,0.03884697,5063.98,7308.0,DAVIS BESSE-1,8760,0.06720000023696776
United States,Davis-Besse 1,PWR,CO2,1988,0.008932383,1164.4,1891.0,DAVIS BESSE-1,8784,0.06738410535211267
United States,Davis-Besse 1,PWR,CO2,1989,0.056169611,7322.11,8506.0,DAVIS BESSE-1,8760,0.06720000004916615
United States,Davis-Besse 1,PWR,CO2,1990,0.031923605,4161.47,4867.0,DAVIS BESSE-1,8760,0.06719999899074125
United States,Davis-Besse 1,PWR,CO2,1991,0.044829611,5843.86,6962.0,DAVIS BESSE-1,8760,0.06720000006160312
United States,Davis-Besse 1,PWR,CO2,1992,0.05868869,7650.49,8742.0,DAVIS BESSE-1,8784,0.06738410911719381
United States,Davis-Besse 1,PWR,CO2,1993,0.046667178,6083.4,7246.0,DAVIS BESSE-1,8760,0.06719999988164513
United States,Davis-Besse 1,PWR,CO2,1994,0.048980822,6385.0,7667.0,DAVIS BESSE-1,8760,0.0672000001127643
United States,Davis-Besse 1,PWR,CO2,1995,0.058842729,7670.57,8760.0,DAVIS BESSE-1,8760,0.06720000026595156
United States,Davis-Besse 1,PWR,CO2,1996,0.049527704,6456.29,7452.0,DAVIS BESSE-1,8784,0.06738410943994151
United States,Davis-Besse 1,PWR,CO2,1997,0.055105228,7183.36,8184.0,DAVIS BESSE-1,8760,0.06720000073503207
United States,Davis-Besse 1,PWR,CO2,1998,0.047029874,6130.68,7181.0,DAVIS BESSE-1,8760,0.06720000003914738
United States,Davis-Besse 1,PWR,CO2,1999,0.05653691,7369.99,8311.0,DAVIS BESSE-1,8760,0.06720000048846743
United States,Davis-Besse 1,PWR,CO2,2000,0.051938312,6770.53,7633.0,DAVIS BESSE-1,8784,0.06738410916250279
United States,Davis-Besse 1,PWR,CO2,2001,0.058998302,7690.85,8738.0,DAVIS BESSE-1,8760,0.067200000717736
United States,Davis-Besse 1,PWR,CO2,2002,0.007126729,929.02,1081.0,DAVIS BESSE-1,8760,0.06720000219586231
United States,Davis-Besse 1,PWR,CO2,2004,0.044327683,5778.43,6628.0,DAVIS BESSE-1,8784,0.06738411081764424
United States,Davis-Besse 1,PWR,CO2,2005,0.055059736,7177.43,8125.0,DAVIS BESSE-1,8760,0.0671999987962265
United States,Davis-Besse 1,PWR,CO2,2006,0.048907331,6375.42,7265.0,DAVIS BESSE-1,8760,0.0671999993035753
United States,Davis-Besse 1,PWR,CO2,2007,0.059112986,7705.8,8712.0,DAVIS BESSE-1,8760,0.06719999965740092
United States,Davis-Besse 1,PWR,CO2,2008,0.052390224,6829.44,7621.0,DAVIS BESSE-1,8784,0.06738410874332303
United States,Davis-Besse 1,PWR,CO2,2009,0.05837509,7609.61,8361.0,DAVIS BESSE-1,8760,0.067199999526914
United States,Davis-Besse 1,PWR,CO2,2010,0.039799583,5188.16,5851.0,DAVIS BESSE-1,8760,0.06719999905168692
United States,Davis-Besse 1,PWR,CO2,2011,0.048629786,6339.24,7012.0,DAVIS BESSE-1,8760,0.0671999995835463
United States,Davis-Besse 1,PWR,CO2,2012,0.054478795,7101.7,7868.0,DAVIS BESSE-1,8784,0.06738411018206908
United States,Davis-Besse 1,PWR,CO2,2013,0.058909085,7679.22,8451.0,DAVIS BESSE-1,8760,0.06720000007813294
United States,Davis-Besse 1,PWR,CO2,2014,0.045837977,5972.42,6453.0,DAVIS BESSE-1,8760,0.06723249177385382
United States,Davis-Besse 1,PWR,CO2,2015,0.060536295,7893.92,8684.0,DAVIS BESSE-1,8760,0.06717802361817703
United States,Davis-Besse 1,PWR,CO2,2016,0.049056997,6394.93,7321.0,DAVIS BESSE-1,8784,0.06738410923153185
United States,Diablo Canyon 1-2,PWR,CO2,1984,0.001564931,204.0,814.0,DIABLO CANYON-1,8784,0.06738408776470589
United States,Diablo Canyon 1-2,PWR,CO2,1985,0.044299683,5774.78,6419.0,DIABLO CANYON-1,8760,0.06720000122602074
United States,Diablo Canyon 1-2,PWR,CO2,1986,0.092621929,12073.93,12835.0,DIABLO CANYON-1,8760,0.06720000016895908
United States,Diablo Canyon 1-2,PWR,CO2,1987,0.107496833,14012.98,14092.0,DIABLO CANYON-1,8760,0.0672000000770714
United States,Diablo Canyon 1-2,PWR,CO2,1988,0.088368536,11519.470000000001,11641.0,DIABLO CANYON-1,8784,0.06738410883695169
United States,Diablo Canyon 1-2,PWR,CO2,1989,0.121327222,15815.869999999999,15141.0,DIABLO CANYON-1,8760,0.06720000004552389
United States,Diablo Canyon 1-2,PWR,CO2,1990,0.124976657,16291.6,15709.0,DIABLO CANYON-1,8760,0.0671999997127354
United States,Diablo Canyon 1-2,PWR,CO2,1991,0.11571863,15084.75,14545.0,DIABLO CANYON-1,8760,0.06719999992044946
United States,Diablo Canyon 1-2,PWR,CO2,1992,0.128128383,16702.45,15875.0,DIABLO CANYON-1,8784,0.0673841092936665
United States,Diablo Canyon 1-2,PWR,CO2,1993,0.129062357,16824.2,15954.0,DIABLO CANYON-1,8760,0.06720000043508755
United States,Diablo Canyon 1-2,PWR,CO2,1994,0.117124997,15268.08,14430.0,DIABLO CANYON-1,8760,0.06719999985066884
United States,Diablo Canyon 1-2,PWR,CO2,1995,0.124831902,16272.73,15605.0,DIABLO CANYON-1,8760,0.06720000033921782
United States,Diablo Canyon 1-2,PWR,CO2,1996,0.128260866,16719.72,15775.0,DIABLO CANYON-1,8784,0.0673841097185838
United States,Diablo Canyon 1-2,PWR,CO2,1997,0.131013611,17078.559999999998,16141.0,DIABLO CANYON-1,8760,0.06720000002107906
United States,Diablo Canyon 1-2,PWR,CO2,1998,0.131383671,17126.8,16188.0,DIABLO CANYON-1,8760,0.06719999988088844
United States,Diablo Canyon 1-2,PWR,CO2,1999,0.127868176,16668.53,15666.0,DIABLO CANYON-1,8760,0.06720000034556137
United States,Diablo Canyon 1-2,PWR,CO2,2000,0.130733534,17042.050000000003,15997.0,DIABLO CANYON-1,8784,0.06738410946194853
United States,Diablo Canyon 1-2,PWR,CO2,2001,0.139332296,18162.96,16759.0,DIABLO CANYON-1,8760,0.06720000005285483
United States,Diablo Canyon 1-2,PWR,CO2,2002,0.125303989,16334.27,15315.0,DIABLO CANYON-1,8760,0.06719999997796045
United States,Diablo Canyon 1-2,PWR,CO2,2003,0.132794104,17310.66,15985.0,DIABLO CANYON-1,8760,0.06719999994454284
United States,Diablo Canyon 1-2,PWR,CO2,2004,0.117000264,15251.82,14404.0,DIABLO CANYON-1,8784,0.0673841101570829
United States,Diablo Canyon 1-2,PWR,CO2,2005,0.136280066,17765.08,16535.0,DIABLO CANYON-1,8760,0.06720000012158683
United States,Diablo Canyon 1-2,PWR,CO2,2006,0.141722805,18474.58,16494.0,DIABLO CANYON-1,8760,0.0671999997726606
United States,Diablo Canyon 1-2,PWR,CO2,2007,0.142596636,18588.489999999998,16630.0,DIABLO CANYON-1,8760,0.06720000018075702
United States,Diablo Canyon 1-2,PWR,CO2,2008,0.131541238,17147.34,15362.0,DIABLO CANYON-1,8784,0.06738410940659018
United States,Diablo Canyon 1-2,PWR,CO2,2009,0.124548066,16235.73,14860.0,DIABLO CANYON-1,8760,0.06720000013303991
United States,Diablo Canyon 1-2,PWR,CO2,2010,0.141380285,18429.93,16513.0,DIABLO CANYON-1,8760,0.06720000003255573
United States,Diablo Canyon 1-2,PWR,CO2,2011,0.143209336,18668.36,16549.0,DIABLO CANYON-1,8760,0.06719999953718483
United States,Diablo Canyon 1-2,PWR,CO2,2012,0.13632103,17770.42,16059.0,DIABLO CANYON-1,8784,0.06738410952132814
United States,Diablo Canyon 1-2,PWR,CO2,2013,0.138709085,18081.72,16105.0,DIABLO CANYON-1,8760,0.06720000003318267
United States,Diablo Canyon 1-2,PWR,CO2,2014,0.130894718,17056.3,15394.0,DIABLO CANYON-1,8760,0.0672266394047947
United States,Diablo Canyon 1-2,PWR,CO2,2015,0.142302017,18542.879999999997,16585.0,DIABLO CANYON-1,8760,0.06722610883099067
United States,Diablo Canyon 1-2,PWR,CO2,2016,0.145299824,18940.87,16785.0,DIABLO CANYON-1,8784,0.06738410928410363
United States,Donald Cook 1-2,PWR,CO2,1975,0.034143124,4450.8,5955.0,COOK-1,8760,0.06720000140199514
United States,Donald Cook 1-2,PWR,CO2,1976,0.052201972,6804.9,7298.0,COOK-1,8784,0.06738410881100385
United States,Donald Cook 1-2,PWR,CO2,1977,0.036712986,4785.8,6658.0,COOK-1,8760,0.06719999944836809
United States,Donald Cook 1-2,PWR,CO2,1978,0.077486357,10100.9,11167.0,COOK-1,8760,0.0672000007246879
United States,Donald Cook 1-2,PWR,CO2,1979,0.089091397,11613.7,11439.0,COOK-1,8760,0.06719999980368013
United States,Donald Cook 1-2,PWR,CO2,1980,0.10089589,13152.5,13005.0,COOK-1,8784,0.06738410931457899
United States,Donald Cook 1-2,PWR,CO2,1981,0.101001753,13166.3,12841.0,COOK-1,8760,0.06719999971746049
United States,Donald Cook 1-2,PWR,CO2,1982,0.094726685,12348.3,12225.0,COOK-1,8760,0.0672000000485897
United States,Donald Cook 1-2,PWR,CO2,1983,0.094358466,12300.3,12463.0,COOK-1,8760,0.06720000017560547
United States,Donald Cook 1-2,PWR,CO2,1984,0.099074893,12915.119999999999,13212.0,COOK-1,8784,0.0673841094865553
United States,Donald Cook 1-2,PWR,CO2,1985,0.059833238,7799.6900000000005,8341.0,COOK-1,8760,0.06719999959998409
United States,Donald Cook 1-2,PWR,CO2,1986,0.084273403,10985.64,12853.0,COOK-1,8760,0.06720000020754367
United States,Donald Cook 1-2,PWR,CO2,1987,0.077175134,10060.330000000002,12165.0,COOK-1,8760,0.06719999978529531
United States,Donald Cook 1-2,PWR,CO2,1988,0.075109424,9791.05,11094.0,COOK-1,8784,0.06738410899913697
United States,Donald Cook 1-2,PWR,CO2,1989,0.092776121,12094.029999999999,12587.0,COOK-1,8760,0.06720000032743428
United States,Donald Cook 1-2,PWR,CO2,1990,0.08526537,11114.95,11793.0,COOK-1,8760,0.06720000010796269
United States,Donald Cook 1-2,PWR,CO2,1991,0.11908937,15524.15,15537.0,COOK-1,8760,0.06720000007729893
United States,Donald Cook 1-2,PWR,CO2,1992,0.049233666,6417.96,7404.0,COOK-1,8784,0.0673841099265187
United States,Donald Cook 1-2,PWR,CO2,1993,0.125142664,16313.240000000002,17219.0,COOK-1,8760,0.06720000052963113
United States,Donald Cook 1-2,PWR,CO2,1994,0.071273195,9290.970000000001,10971.0,COOK-1,8760,0.06720000045205182
United States,Donald Cook 1-2,PWR,CO2,1995,0.107392043,13999.32,14077.0,COOK-1,8760,0.06719999947711747
United States,Donald Cook 1-2,PWR,CO2,1996,0.12577646,16395.86,16215.0,COOK-1,8784,0.06738410944226164
United States,Donald Cook 1-2,PWR,CO2,1997,0.079942455,10421.07,10313.0,COOK-1,8760,0.06720000017272698
United States,Donald Cook 1-2,PWR,CO2,2000,0.037739781,4919.650000000001,4799.0,COOK-1,8784,0.06738410990700558
United States,Donald Cook 1-2,PWR,CO2,2001,0.12090845,15761.28,15530.0,COOK-1,8760,0.06720000038067975
United States,Donald Cook 1-2,PWR,CO2,2002,0.118356307,15428.59,15117.0,COOK-1,8760,0.06720000008555545
United States,Donald Cook 1-2,PWR,CO2,2003,0.104959803,13682.26,13099.0,COOK-1,8760,0.06720000016663914
United States,Donald Cook 1-2,PWR,CO2,2004,0.128646498,16769.989999999998,15995.0,COOK-1,8784,0.06738410925897988
United States,Donald Cook 1-2,PWR,CO2,2005,0.134027102,17471.39,16543.0,COOK-1,8760,0.06720000031594511
United States,Donald Cook 1-2,PWR,CO2,2006,0.120322674,15684.92,14988.0,COOK-1,8760,0.06720000001530133
United States,Donald Cook 1-2,PWR,CO2,2007,0.133304241,17377.16,16220.0,COOK-1,8760,0.06719999995166069
United States,Donald Cook 1-2,PWR,CO2,2008,0.115347112,15036.32,14057.0,COOK-1,8784,0.06738410939698011
United States,Donald Cook 1-2,PWR,CO2,2009,0.063873676,8326.39,7723.0,COOK-1,8760,0.0671999992505756
United States,Donald Cook 1-2,PWR,CO2,2010,0.12002457,15646.06,15161.0,COOK-1,8760,0.06720000007669662
United States,Donald Cook 1-2,PWR,CO2,2011,0.133159178,17358.25,16476.0,COOK-1,8760,0.06719999995852116
United States,Donald Cook 1-2,PWR,CO2,2012,0.135948055,17721.8,16602.0,COOK-1,8784,0.0673841096908892
United States,Donald Cook 1-2,PWR,CO2,2013,0.124891967,16280.560000000001,15179.0,COOK-1,8760,0.06719999993366323
United States,Donald Cook 1-2,PWR,CO2,2014,0.135239129,17630.83,16479.0,COOK-1,8760,0.06719449793571829
United States,Donald Cook 1-2,PWR,CO2,2015,0.126730642,16519.12,15294.0,COOK-1,8760,0.06720457408869239
United States,Dresden 2-3,BWR,CO2,1972,0.497546918,8546.1,12789.0,DRESDEN-2,8784,0.5113972604710921
United States,Dresden 2-3,BWR,CO2,1973,0.507560616,8718.1,13577.0,DRESDEN-2,8760,0.5099999995595371
United States,Dresden 2-3,BWR,CO2,1974,0.406655137,6984.9,10891.0,DRESDEN-2,8760,0.5100000000171799
United States,Dresden 2-3,BWR,CO2,1975,0.300888356,5168.2,9331.0,DRESDEN-2,8760,0.5099999997213731
United States,Dresden 2-3,BWR,CO2,1976,0.489716438,8411.599999999999,13891.0,DRESDEN-2,8784,0.5113972599020401
United States,Dresden 2-3,BWR,CO2,1977,0.507933219,8724.5,14369.0,DRESDEN-2,8760,0.5099999998211932
United States,Dresden 2-3,BWR,CO2,1978,0.555399315,9539.8,14524.0,DRESDEN-2,8760,0.5099999999371057
United States,Dresden 2-3,BWR,CO2,1979,0.490543151,8425.8,13071.0,DRESDEN-2,8760,0.5100000003275654
United States,Dresden 2-3,BWR,CO2,1980,0.51907637,8915.9,14500.0,DRESDEN-2,8784,0.5113972604089323
United States,Dresden 2-3,BWR,CO2,1981,0.500318151,8593.7,13516.0,DRESDEN-2,8760,0.5100000003211654
United States,Dresden 2-3,BWR,CO2,1982,0.525107877,9019.5,13656.0,DRESDEN-2,8760,0.5100000002793946
United States,Dresden 2-3,BWR,CO2,1983,0.440247603,7561.9,11477.0,DRESDEN-2,8760,0.5100000003015115
United States,Dresden 2-3,BWR,CO2,1984,0.384471301,6603.86,9711.0,DRESDEN-2,8784,0.5113972597820062
United States,Dresden 2-3,BWR,CO2,1985,0.437068836,7507.299999999999,11296.0,DRESDEN-2,8760,0.5100000004475644
United States,Dresden 2-3,BWR,CO2,1986,0.358279075,6153.97,9217.0,DRESDEN-2,8760,0.5099999995125097
United States,Dresden 2-3,BWR,CO2,1987,0.451672534,7758.139999999999,11933.0,DRESDEN-2,8760,0.5099999997215828
United States,Dresden 2-3,BWR,CO2,1988,0.494485753,8493.52,13209.0,DRESDEN-2,8784,0.5113972598347917
United States,Dresden 2-3,BWR,CO2,1989,0.574690822,9871.16,14258.0,DRESDEN-2,8760,0.5100000000729398
United States,Dresden 2-3,BWR,CO2,1990,0.539496164,9266.64,13192.0,DRESDEN-2,8760,0.509999999637409
United States,Dresden 2-3,BWR,CO2,1991,0.324188836,5568.42,10278.0,DRESDEN-2,8760,0.5100000006034027
United States,Dresden 2-3,BWR,CO2,1992,0.422834829,7262.8099999999995,12783.0,DRESDEN-2,8784,0.5113972605556252
United States,Dresden 2-3,BWR,CO2,1993,0.467360274,8027.6,11830.0,DRESDEN-2,8760,0.5100000000298969
United States,Dresden 2-3,BWR,CO2,1994,0.334903493,5752.46,8817.0,DRESDEN-2,8760,0.509999999770533
United States,Dresden 2-3,BWR,CO2,1995,0.312508904,5367.8,8147.0,DRESDEN-2,8760,0.5099999998211557
United States,Dresden 2-3,BWR,CO2,1996,0.29828887,5123.549999999999,8004.0,DRESDEN-2,8784,0.511397260508827
United States,Dresden 2-3,BWR,CO2,1997,0.560339212,9624.65,13638.0,DRESDEN-2,8760,0.5099999997007684
United States,Dresden 2-3,BWR,CO2,1998,0.690913185,11867.45,15653.0,DRESDEN-2,8760,0.5100000000505583
United States,Dresden 2-3,BWR,CO2,1999,0.719558767,12359.48,16100.0,DRESDEN-2,8760,0.5099999999126177
United States,Dresden 2-3,BWR,CO2,2000,0.770388185,13232.55,16990.0,DRESDEN-2,8784,0.5113972603194396
United States,Dresden 2-3,BWR,CO2,2001,0.729989315,12538.64,16364.0,DRESDEN-2,8760,0.509999999952148
United States,Dresden 2-3,BWR,CO2,2002,0.791101986,13588.34,16675.0,DRESDEN-2,8760,0.5099999998057158
United States,Dresden 2-3,BWR,CO2,2003,0.79567976,13666.97,16205.0,DRESDEN-2,8760,0.5099999998243941
United States,Dresden 2-3,BWR,CO2,2004,0.71878911,12346.259999999998,14589.0,DRESDEN-2,8784,0.5113972605663578
United States,Dresden 2-3,BWR,CO2,2005,0.793087842,13622.45,15879.0,DRESDEN-2,8760,0.5099999997004944
United States,Dresden 2-3,BWR,CO2,2006,0.84098476,14445.150000000001,16783.0,DRESDEN-2,8760,0.5099999998338542
United States,Dresden 2-3,BWR,CO2,2007,0.845970068,14530.779999999999,16847.0,DRESDEN-2,8760,0.5099999997027002
United States,Dresden 2-3,BWR,CO2,2008,0.837690719,14388.57,16757.0,DRESDEN-2,8784,0.5113972601652562
United States,Dresden 2-3,BWR,CO2,2009,0.830636884,14267.41,16590.0,DRESDEN-2,8760,0.5100000002691449
United States,Dresden 2-3,BWR,CO2,2010,0.849599452,14593.119999999999,16836.0,DRESDEN-2,8760,0.5099999999671079
United States,Dresden 2-3,BWR,CO2,2011,0.856657945,14714.36,16910.0,DRESDEN-2,8760,0.5099999998776705
United States,Dresden 2-3,BWR,CO2,2012,0.861964623,14805.509999999998,16852.0,DRESDEN-2,8784,0.5113972601032994
United States,Dresden 2-3,BWR,CO2,2013,0.897553425,15416.8,16856.0,DRESDEN-2,8760,0.5100000001945929
United States,Dresden 2-3,BWR,CO2,2014,0.881189178,15135.720000000001,16676.0,DRESDEN-2,8760,0.5099999999524303
United States,Dresden 2-3,BWR,CO2,2015,0.884566473,15193.73,16701.0,DRESDEN-2,8760,0.5100000002290419
United States,Dresden 2-3,BWR,CO2,2016,0.899227226,15445.55,17160.0,DRESDEN-2,8784,0.5113972602583916
United States,Duane Arnold 1974,BWR,CO2,1974,0.084534247,1452.0,4101.0,DUANE ARNOLD-1,8760,0.5100000025619835
United States,Duane Arnold 1974,BWR,CO2,1975,0.133799315,2298.2,6965.0,DUANE ARNOLD-1,8760,0.5099999997389262
United States,Duane Arnold 1974,BWR,CO2,1976,0.144930822,2489.4,6847.0,DUANE ARNOLD-1,8784,0.5113972605639913
United States,Duane Arnold 1974,BWR,CO2,1977,0.168707534,2897.8,6908.0,DUANE ARNOLD-1,8760,0.5099999992546069
United States,Duane Arnold 1974,BWR,CO2,1978,0.071464041,1227.5,2902.0,DUANE ARNOLD-1,8760,0.5099999993156824
United States,Duane Arnold 1974,BWR,CO2,1979,0.168771575,2898.9,6830.0,DUANE ARNOLD-1,8760,0.5099999989651247
United States,Duane Arnold 1974,BWR,CO2,1980,0.162798288,2796.3,6456.0,DUANE ARNOLD-1,8784,0.5113972613067268
United States,Duane Arnold 1974,BWR,CO2,1981,0.129217466,2219.5,6108.0,DUANE ARNOLD-1,8760,0.5100000009731922
United States,Duane Arnold 1974,BWR,CO2,1982,0.132763014,2280.4,6543.0,DUANE ARNOLD-1,8760,0.5100000011576917
United States,Duane Arnold 1974,BWR,CO2,1983,0.135318836,2324.3,5503.0,DUANE ARNOLD-1,8760,0.5100000014455964
United States,Duane Arnold 1974,BWR,CO2,1984,0.15821411,2717.56,6402.0,DUANE ARNOLD-1,8784,0.5113972616023197
United States,Duane Arnold 1974,BWR,CO2,1985,0.112973733,1940.49,4711.0,DUANE ARNOLD-1,8760,0.5100000005565605
United States,Duane Arnold 1974,BWR,CO2,1986,0.185883938,3192.83,7495.0,DUANE ARNOLD-1,8760,0.5099999990228105
United States,Duane Arnold 1974,BWR,CO2,1987,0.148259795,2546.58,5513.0,DUANE ARNOLD-1,8760,0.5100000016492708
United States,Duane Arnold 1974,BWR,CO2,1988,0.204943733,3520.21,7128.0,DUANE ARNOLD-1,8784,0.5113972605816131
United States,Duane Arnold 1974,BWR,CO2,1989,0.183020137,3143.64,6561.0,DUANE ARNOLD-1,8760,0.5100000000381724
United States,Duane Arnold 1974,BWR,CO2,1990,0.175883048,3021.05,6498.0,DUANE ARNOLD-1,8760,0.5100000001588851
United States,Duane Arnold 1974,BWR,CO2,1991,0.241423288,4146.8,8217.0,DUANE ARNOLD-1,8760,0.5100000006945113
United States,Duane Arnold 1974,BWR,CO2,1992,0.199961918,3434.64,7112.0,DUANE ARNOLD-1,8784,0.5113972607644469
United States,Duane Arnold 1974,BWR,CO2,1993,0.188711644,3241.4,6755.0,DUANE ARNOLD-1,8760,0.5100000004442525
United States,Duane Arnold 1974,BWR,CO2,1994,0.239185342,4108.36,8078.0,DUANE ARNOLD-1,8760,0.5099999990069031
United States,Duane Arnold 1974,BWR,CO2,1995,0.217563322,3736.97,7253.0,DUANE ARNOLD-1,8760,0.5100000001926694
United States,Duane Arnold 1974,BWR,CO2,1996,0.229298562,3938.54,7906.0,DUANE ARNOLD-1,8784,0.5113972610683146
United States,Duane Arnold 1974,BWR,CO2,1997,0.241931541,4155.53,8125.0,DUANE ARNOLD-1,8760,0.5099999997978598
United States,Duane Arnold 1974,BWR,CO2,1998,0.22351274,3839.16,7477.0,DUANE ARNOLD-1,8760,0.5100000006251367
United States,Duane Arnold 1974,BWR,CO2,1999,0.21244411,3649.04,7267.0,DUANE ARNOLD-1,8760,0.5100000009865608
United States,Duane Arnold 1974,BWR,CO2,2000,0.259407774,4455.71,8553.0,DUANE ARNOLD-1,8784,0.5113972603279836
United States,Duane Arnold 1974,BWR,CO2,2001,0.224763288,3860.64,7473.0,DUANE ARNOLD-1,8760,0.5100000007459904
United States,Duane Arnold 1974,BWR,CO2,2002,0.266706712,4581.08,8147.0,DUANE ARNOLD-1,8760,0.5099999993713273
United States,Duane Arnold 1974,BWR,CO2,2003,0.232793459,3998.57,7209.0,DUANE ARNOLD-1,8760,0.5100000002100751
United States,Duane Arnold 1974,BWR,CO2,2004,0.287015308,4929.91,8596.0,DUANE ARNOLD-1,8784,0.5113972598834462
United States,Duane Arnold 1974,BWR,CO2,2005,0.264575308,4544.47,7882.0,DUANE ARNOLD-1,8760,0.5099999995775084
United States,Duane Arnold 1974,BWR,CO2,2006,0.296650582,5095.41,8664.0,DUANE ARNOLD-1,8760,0.5099999996702915
United States,Duane Arnold 1974,BWR,CO2,2007,0.263085479,4518.88,7598.0,DUANE ARNOLD-1,8760,0.5099999991236767
United States,Duane Arnold 1974,BWR,CO2,2008,0.307560856,5282.81,8784.0,DUANE ARNOLD-1,8784,0.5113972600006436
United States,Duane Arnold 1974,BWR,CO2,2009,0.272403459,4678.93,7891.0,DUANE ARNOLD-1,8760,0.5100000001795283
United States,Duane Arnold 1974,BWR,CO2,2010,0.259329178,4454.36,7471.0,DUANE ARNOLD-1,8760,0.5099999998383606
United States,Duane Arnold 1974,BWR,CO2,2011,0.303626404,5215.23,8611.0,DUANE ARNOLD-1,8760,0.5099999998159238
United States,Duane Arnold 1974,BWR,CO2,2012,0.253078767,4347.0,7391.0,DUANE ARNOLD-1,8784,0.5113972600248446
United States,Duane Arnold 1974,BWR,CO2,2013,0.309771438,5320.78,8760.0,DUANE ARNOLD-1,8760,0.5099999994136198
United States,Duane Arnold 1974,BWR,CO2,2014,0.24175339,4152.47,7482.0,DUANE ARNOLD-1,8760,0.5099999991330461
United States,Duane Arnold 1974,BWR,CO2,2015,0.305269349,5243.45,8760.0,DUANE ARNOLD-1,8760,0.5099999994736291
United States,Duane Arnold 1974,BWR,CO2,2016,0.273785582,4702.67,8096.0,DUANE ARNOLD-1,8784,0.51139725991575
United States,Farley 1-2,PWR,CO2,1977,0.008038685,1047.9,1747.0,FARLEY-1,8760,0.06720000057257372
United States,Farley 1-2,PWR,CO2,1978,0.045412164,5919.8,7568.0,FARLEY-1,8760,0.06719999943241325
United States,Farley 1-2,PWR,CO2,1979,0.013289643,1732.4,2502.0,FARLEY-1,8760,0.06719999577464789
United States,Farley 1-2,PWR,CO2,1980,0.035347507,4607.8,6110.0,FARLEY-1,8784,0.06738410987629671
United States,Farley 1-2,PWR,CO2,1981,0.042757917,5573.8,7289.0,FARLEY-1,8760,0.06719999872977142
United States,Farley 1-2,PWR,CO2,1982,0.080890083,10544.6,13867.0,FARLEY-1,8760,0.06720000067143372
United States,Farley 1-2,PWR,CO2,1983,0.086322083,11252.7,14528.0,FARLEY-1,8760,0.06720000062918233
United States,Farley 1-2,PWR,CO2,1984,0.092450324,12051.56,15196.0,FARLEY-1,8784,0.06738411010823495
United States,Farley 1-2,PWR,CO2,1985,0.087013643,11342.85,14191.0,FARLEY-1,8760,0.06719999935465953
United States,Farley 1-2,PWR,CO2,1986,0.089741381,11698.43,14702.0,FARLEY-1,8760,0.06720000013335123
United States,Farley 1-2,PWR,CO2,1987,0.087108843,11355.259999999998,14597.0,FARLEY-1,8760,0.06719999935536485
United States,Farley 1-2,PWR,CO2,1988,0.095572822,12458.6,15402.0,FARLEY-1,8784,0.06738410964699083
United States,Farley 1-2,PWR,CO2,1989,0.08932583,11644.26,14557.0,FARLEY-1,8760,0.06719999989694493
United States,Farley 1-2,PWR,CO2,1990,0.093478038,12185.529999999999,15159.0,FARLEY-1,8760,0.06719999974395863
United States,Farley 1-2,PWR,CO2,1991,0.093251507,12156.0,15246.0,FARLEY-1,8760,0.06720000010858836
United States,Farley 1-2,PWR,CO2,1992,0.084980997,11077.88,14106.0,FARLEY-1,8784,0.06738410938266168
United States,Farley 1-2,PWR,CO2,1993,0.09299383,12122.41,15166.0,FARLEY-1,8760,0.06719999990100978
United States,Farley 1-2,PWR,CO2,1994,0.101314357,13207.05,16206.0,FARLEY-1,8760,0.06720000055424943
United States,Farley 1-2,PWR,CO2,1995,0.08318171,10843.33,14204.0,FARLEY-1,8760,0.06720000033200134
United States,Farley 1-2,PWR,CO2,1996,0.098832943,12883.58,15900.0,FARLEY-1,8784,0.06738410995328939
United States,Farley 1-2,PWR,CO2,1997,0.097538883,12714.89,15563.0,FARLEY-1,8760,0.06720000055682747
United States,Farley 1-2,PWR,CO2,1998,0.088290981,11509.36,14053.0,FARLEY-1,8760,0.06720000013554187
United States,Farley 1-2,PWR,CO2,1999,0.096525129,12582.740000000002,15937.0,FARLEY-1,8760,0.06720000016212684
United States,Farley 1-2,PWR,CO2,2000,0.096401698,12566.650000000001,15511.0,FARLEY-1,8784,0.06738410914857976
United States,Farley 1-2,PWR,CO2,2001,0.093360898,12170.259999999998,14657.0,FARLEY-1,8760,0.06719999954643534
United States,Farley 1-2,PWR,CO2,2002,0.104982586,13685.23,16323.0,FARLEY-1,8760,0.06719999980709129
United States,Farley 1-2,PWR,CO2,2003,0.107314871,13989.259999999998,16596.0,FARLEY-1,8760,0.06719999985417385
United States,Farley 1-2,PWR,CO2,2004,0.100861217,13147.98,15576.0,FARLEY-1,8784,0.06738410996426827
United States,Farley 1-2,PWR,CO2,2005,0.1055096,13753.93,16275.0,FARLEY-1,8760,0.0672
United States,Farley 1-2,PWR,CO2,2006,0.107701195,14039.619999999999,16338.0,FARLEY-1,8760,0.0672000002991534
United States,Farley 1-2,PWR,CO2,2007,0.10051509,13102.86,15323.0,FARLEY-1,8760,0.06719999972525083
United States,Farley 1-2,PWR,CO2,2008,0.107987869,14076.990000000002,16535.0,FARLEY-1,8784,0.06738410990531356
United States,Farley 1-2,PWR,CO2,2009,0.10719451,13973.57,16349.0,FARLEY-1,8760,0.06720000025762923
United States,Farley 1-2,PWR,CO2,2010,0.101027683,13169.68,15488.0,FARLEY-1,8760,0.06720000053759848
United States,Farley 1-2,PWR,CO2,2011,0.110705479,14431.25,16586.0,FARLEY-1,8760,0.0671999997255955
United States,Farley 1-2,PWR,CO2,2012,0.113250334,14762.99,16751.0,FARLEY-1,8784,0.06738410944232841
United States,Farley 1-2,PWR,CO2,2013,0.108149271,14098.029999999999,16175.0,FARLEY-1,8760,0.06719999985529894
United States,Farley 1-2,PWR,CO2,2014,0.111271282,14505.39,16478.0,FARLEY-1,8760,0.06719822288956036
United States,Farley 1-2,PWR,CO2,2015,0.10963907,14287.58,16262.0,FARLEY-1,8760,0.06722189854405015
United States,Farley 1-2,PWR,CO2,2016,0.105082926,13698.310000000001,15571.0,FARLEY-1,8784,0.06738410957147267
United States,Fermi 2 1988,BWR,CO2,1988,0.236373356,4060.06,4719.0,FERMI-2,8784,0.5113972599183264
United States,Fermi 2 1988,BWR,CO2,1989,0.304528219,5230.72,5575.0,FERMI-2,8760,0.5099999997017619
United States,Fermi 2 1988,BWR,CO2,1990,0.414420411,7118.28,7266.0,FERMI-2,8760,0.510000000050574
United States,Fermi 2 1988,BWR,CO2,1991,0.359848664,6180.93,6466.0,FERMI-2,8760,0.5099999994563924
United States,Fermi 2 1988,BWR,CO2,1992,0.428305103,7356.77,7019.0,FERMI-2,8784,0.5113972605847403
United States,Fermi 2 1988,BWR,CO2,1993,0.482329007,8284.71,8076.0,FERMI-2,8760,0.5100000001593297
United States,Fermi 2 1988,BWR,CO2,1995,0.298781986,5132.02,6509.0,FERMI-2,8760,0.5099999994855826
United States,Fermi 2 1988,BWR,CO2,1996,0.278871027,4790.02,5859.0,FERMI-2,8784,0.5113972595454715
United States,Fermi 2 1988,BWR,CO2,1997,0.324860103,5579.95,5461.0,FERMI-2,8760,0.5100000004086058
United States,Fermi 2 1988,BWR,CO2,1998,0.416079075,7146.77,6868.0,FERMI-2,8760,0.5099999995802299
United States,Fermi 2 1988,BWR,CO2,1999,0.55218911,9484.66,8698.0,FERMI-2,8760,0.5100000003795603
United States,Fermi 2 1988,BWR,CO2,2000,0.479597945,8237.8,7514.0,FERMI-2,8784,0.5113972600548691
United States,Fermi 2 1988,BWR,CO2,2001,0.498590788,8564.03,7837.0,FERMI-2,8760,0.5100000003362902
United States,Fermi 2 1988,BWR,CO2,2002,0.541606027,9302.88,8630.0,FERMI-2,8760,0.5099999996259224
United States,Fermi 2 1988,BWR,CO2,2003,0.473195,8127.82,7479.0,FERMI-2,8760,0.51
United States,Fermi 2 1988,BWR,CO2,2004,0.492133116,8453.11,7764.0,FERMI-2,8784,0.5113972598184573
United States,Fermi 2 1988,BWR,CO2,2005,0.510443048,8767.61,7955.0,FERMI-2,8760,0.5100000000547469
United States,Fermi 2 1988,BWR,CO2,2006,0.43648839,7497.33,7095.0,FERMI-2,8760,0.5099999995198291
United States,Fermi 2 1988,BWR,CO2,2007,0.484288664,8318.37,7542.0,FERMI-2,8760,0.5099999995960747
United States,Fermi 2 1988,BWR,CO2,2008,0.559738973,9614.34,8706.0,FERMI-2,8784,0.5113972606369236
United States,Fermi 2 1988,BWR,CO2,2009,0.432258767,7424.68,6855.0,FERMI-2,8760,0.5099999998545391
United States,Fermi 2 1988,BWR,CO2,2010,0.450806815,7743.27,7373.0,FERMI-2,8760,0.5099999999225133
United States,Fermi 2 1988,BWR,CO2,2011,0.51912411,8916.72,8334.0,FERMI-2,8760,0.510000000403736
United States,Fermi 2 1988,BWR,CO2,2012,0.301369247,5176.46,5562.0,FERMI-2,8784,0.5113972609945793
United States,Fermi 2 1988,BWR,CO2,2013,0.384799658,6609.5,8063.0,FERMI-2,8760,0.5100000006172932
United States,Fermi 2 1988,BWR,CO2,2014,0.454662671,7809.5,7311.0,FERMI-2,8760,0.5099999997387797
United States,Fermi 2 1988,BWR,CO2,2015,0.427686233,7346.14,6551.0,FERMI-2,8760,0.510000000147016
United States,Fermi 2 1988,BWR,CO2,2016,0.532933699,9153.92,8396.0,FERMI-2,8784,0.511397260628889
United States,Fitz Patrick 1975,BWR,CO2,1975,0.125386644,2153.7,4369.0,FITZPATRICK,8760,0.5100000006686168
United States,Fitz Patrick 1975,BWR,CO2,1976,0.241982192,4156.4,6284.0,FITZPATRICK,8784,0.5113972607371764
United States,Fitz Patrick 1975,BWR,CO2,1977,0.226670548,3893.4,5986.0,FITZPATRICK,8760,0.5100000001232855
United States,Fitz Patrick 1975,BWR,CO2,1978,0.244369178,4197.4,6311.0,FITZPATRICK,8760,0.5099999998284652
United States,Fitz Patrick 1975,BWR,CO2,1979,0.172602397,2964.7,4450.0,FITZPATRICK,8760,0.5099999992309509
United States,Fitz Patrick 1975,BWR,CO2,1980,0.25232774,4334.1,6162.0,FITZPATRICK,8784,0.5113972608292379
United States,Fitz Patrick 1975,BWR,CO2,1981,0.278270205,4779.7,6539.0,FITZPATRICK,8760,0.5099999991212837
United States,Fitz Patrick 1975,BWR,CO2,1982,0.288749658,4959.7,6570.0,FITZPATRICK,8760,0.5100000008226304
United States,Fitz Patrick 1975,BWR,CO2,1983,0.269805137,4634.3,6183.0,FITZPATRICK,8760,0.5100000000258937
United States,Fitz Patrick 1975,BWR,CO2,1984,0.285236712,4899.36,6745.0,FITZPATRICK,8784,0.5113972596845302
United States,Fitz Patrick 1975,BWR,CO2,1985,0.24257137,4166.52,5576.0,FITZPATRICK,8760,0.5100000002880102
United States,Fitz Patrick 1975,BWR,CO2,1986,0.35022387,6015.61,7931.0,FITZPATRICK,8760,0.510000000199481
United States,Fitz Patrick 1975,BWR,CO2,1987,0.244423904,4198.34,5891.0,FITZPATRICK,8760,0.5099999997713381
United States,Fitz Patrick 1975,BWR,CO2,1988,0.25365339,4356.87,5844.0,FITZPATRICK,8784,0.5113972594454276
United States,Fitz Patrick 1975,BWR,CO2,1989,0.358359418,6155.35,7944.0,FITZPATRICK,8760,0.5100000002729332
United States,Fitz Patrick 1975,BWR,CO2,1990,0.267920582,4601.93,6045.0,FITZPATRICK,8760,0.5099999996349358
United States,Fitz Patrick 1975,BWR,CO2,1991,0.19659161,3376.75,4534.0,FITZPATRICK,8760,0.5100000010661139
United States,Fitz Patrick 1975,BWR,CO2,1993,0.276335,4746.46,6301.0,FITZPATRICK,8760,0.51
United States,Fitz Patrick 1975,BWR,CO2,1994,0.289502432,4972.63,7224.0,FITZPATRICK,8760,0.5100000008687555
United States,Fitz Patrick 1975,BWR,CO2,1995,0.279686678,4804.03,6336.0,FITZPATRICK,8760,0.5099999998501259
United States,Fitz Patrick 1975,BWR,CO2,1996,0.308001575,5290.38,7036.0,FITZPATRICK,8784,0.511397259705352
United States,Fitz Patrick 1975,BWR,CO2,1997,0.385677603,6624.58,8310.0,FITZPATRICK,8760,0.5100000003441727
United States,Fitz Patrick 1975,BWR,CO2,1998,0.287049658,4930.5,6613.0,FITZPATRICK,8760,0.5100000008275023
United States,Fitz Patrick 1975,BWR,CO2,1999,0.382348048,6567.39,8205.0,FITZPATRICK,8760,0.5100000000730883
United States,Fitz Patrick 1975,BWR,CO2,2000,0.350757158,6024.77,7617.0,FITZPATRICK,8784,0.5113972609530323
United States,Fitz Patrick 1975,BWR,CO2,2001,0.412803082,7090.5,8639.0,FITZPATRICK,8760,0.5099999997630632
United States,Fitz Patrick 1975,BWR,CO2,2002,0.383956644,6595.02,8112.0,FITZPATRICK,8760,0.5100000002183466
United States,Fitz Patrick 1975,BWR,CO2,2003,0.405553048,6965.97,8435.0,FITZPATRICK,8760,0.5100000000689064
United States,Fitz Patrick 1975,BWR,CO2,2004,0.375858356,6455.92,7984.0,FITZPATRICK,8784,0.5113972600503104
United States,Fitz Patrick 1975,BWR,CO2,2005,0.410579692,7052.31,8403.0,FITZPATRICK,8760,0.5100000002722511
United States,Fitz Patrick 1975,BWR,CO2,2006,0.39348887,6758.75,8108.0,FITZPATRICK,8760,0.5100000001775477
United States,Fitz Patrick 1975,BWR,CO2,2007,0.402780651,6918.35,8318.0,FITZPATRICK,8760,0.510000000398939
United States,Fitz Patrick 1975,BWR,CO2,2008,0.389547432,6691.05,8105.0,FITZPATRICK,8784,0.51139726092138
United States,Fitz Patrick 1975,BWR,CO2,2009,0.430709555,7398.07,8760.0,FITZPATRICK,8760,0.5100000002433067
United States,Fitz Patrick 1975,BWR,CO2,2010,0.370360137,6361.48,7908.0,FITZPATRICK,8760,0.5100000000188635
United States,Fitz Patrick 1975,BWR,CO2,2011,0.421737979,7243.97,8760.0,FITZPATRICK,8760,0.5099999994533384
United States,Fitz Patrick 1975,BWR,CO2,2012,0.353417192,6070.46,7536.0,FITZPATRICK,8784,0.5113972605911249
United States,Fitz Patrick 1975,BWR,CO2,2013,0.398206952,6839.79,8557.0,FITZPATRICK,8760,0.5099999999298224
United States,Fitz Patrick 1975,BWR,CO2,2014,0.339341541,5828.69,7627.0,FITZPATRICK,8760,0.5099999998558853
United States,Fitz Patrick 1975,BWR,CO2,2015,0.429785034,7382.19,8760.0,FITZPATRICK,8760,0.509999999707404
United States,Fitz Patrick 1975,BWR,CO2,2016,0.341045616,5857.96,8302.0,FITZPATRICK,8784,0.5113972596166584
United States,Fort Calhoun 1,PWR,CO2,1973,0.004620383,602.3,2795.0,FORT CALHOUN-1,8760,0.0671999918313133
United States,Fort Calhoun 1,PWR,CO2,1974,0.018536,2416.3,7304.0,FORT CALHOUN-1,8760,0.0672
United States,Fort Calhoun 1,PWR,CO2,1975,0.015962302,2080.8,5905.0,FORT CALHOUN-1,8760,0.06720000265282584
United States,Fort Calhoun 1,PWR,CO2,1976,0.016842192,2195.5,6101.0,FORT CALHOUN-1,8784,0.06738411046595308
United States,Fort Calhoun 1,PWR,CO2,1977,0.022420712,2922.7,6958.0,FORT CALHOUN-1,8760,0.06719999901460978
United States,Fort Calhoun 1,PWR,CO2,1978,0.021858411,2849.4,6580.0,FORT CALHOUN-1,8760,0.06720000012634239
United States,Fort Calhoun 1,PWR,CO2,1979,0.028123507,3666.1,8382.0,FORT CALHOUN-1,8760,0.06720000036005565
United States,Fort Calhoun 1,PWR,CO2,1980,0.015421479,2010.3,5307.0,FORT CALHOUN-1,8784,0.06738410761378899
United States,Fort Calhoun 1,PWR,CO2,1981,0.01649085,2149.7,6327.0,FORT CALHOUN-1,8760,0.06720000279108714
United States,Fort Calhoun 1,PWR,CO2,1982,0.026712,3482.1,7856.0,FORT CALHOUN-1,8760,0.0672
United States,Fort Calhoun 1,PWR,CO2,1983,0.021095124,2749.9,6404.0,FORT CALHOUN-1,8760,0.06720000226917341
United States,Fort Calhoun 1,PWR,CO2,1984,0.01788755,2331.77,5262.0,FORT CALHOUN-1,8784,0.06738410700883878
United States,Fort Calhoun 1,PWR,CO2,1985,0.023521917,3066.25,6454.0,FORT CALHOUN-1,8760,0.06719999769099062
United States,Fort Calhoun 1,PWR,CO2,1986,0.02765909,3605.56,8263.0,FORT CALHOUN-1,8760,0.06719999900154207
United States,Fort Calhoun 1,PWR,CO2,1987,0.023478729,3060.62,6531.0,FORT CALHOUN-1,8760,0.06720000066653162
United States,Fort Calhoun 1,PWR,CO2,1988,0.02015555,2627.42,6496.0,FORT CALHOUN-1,8784,0.06738410729917561
United States,Fort Calhoun 1,PWR,CO2,1989,0.025284767,3296.05,7589.0,FORT CALHOUN-1,8760,0.06719999967233506
United States,Fort Calhoun 1,PWR,CO2,1990,0.018543057,2417.22,5420.0,FORT CALHOUN-1,8760,0.06719999806389158
United States,Fort Calhoun 1,PWR,CO2,1991,0.024923605,3248.97,7946.0,FORT CALHOUN-1,8760,0.06719999870728262
United States,Fort Calhoun 1,PWR,CO2,1992,0.019462915,2537.13,5683.0,FORT CALHOUN-1,8784,0.0673841093519055
United States,Fort Calhoun 1,PWR,CO2,1993,0.023797469,3102.17,6996.0,FORT CALHOUN-1,8760,0.06720000143125619
United States,Fort Calhoun 1,PWR,CO2,1994,0.03159566,4118.72,8711.0,FORT CALHOUN-1,8760,0.06719999941729468
United States,Fort Calhoun 1,PWR,CO2,1995,0.025818071,3365.57,7204.0,FORT CALHOUN-1,8760,0.06719999939386197
United States,Fort Calhoun 1,PWR,CO2,1996,0.02400137,3128.75,6886.0,FORT CALHOUN-1,8784,0.06738410997363165
United States,Fort Calhoun 1,PWR,CO2,1997,0.029290531,3818.23,8131.0,FORT CALHOUN-1,8760,0.06719999883715753
United States,Fort Calhoun 1,PWR,CO2,1998,0.026055957,3396.58,7195.0,FORT CALHOUN-1,8760,0.06720000215510898
United States,Fort Calhoun 1,PWR,CO2,1999,0.027496843,3584.41,7785.0,FORT CALHOUN-1,8760,0.0671999979578229
United States,Fort Calhoun 1,PWR,CO2,2000,0.02990285,3898.05,8185.0,FORT CALHOUN-1,8784,0.06738411113248932
United States,Fort Calhoun 1,PWR,CO2,2001,0.027034269,3524.11,7702.0,FORT CALHOUN-1,8760,0.06720000125989256
United States,Fort Calhoun 1,PWR,CO2,2002,0.029216043,3808.52,8061.0,FORT CALHOUN-1,8760,0.06719999807799355
United States,Fort Calhoun 1,PWR,CO2,2003,0.026926564,3510.07,7596.0,FORT CALHOUN-1,8760,0.06719999904275413
United States,Fort Calhoun 1,PWR,CO2,2004,0.03123189,4071.3,8503.0,FORT CALHOUN-1,8784,0.06738410870238007
United States,Fort Calhoun 1,PWR,CO2,2005,0.022397238,2919.64,6277.0,FORT CALHOUN-1,8760,0.0671999989313751
United States,Fort Calhoun 1,PWR,CO2,2006,0.023784274,3100.45,6553.0,FORT CALHOUN-1,8760,0.06720000007740812
United States,Fort Calhoun 1,PWR,CO2,2007,0.033525436,4370.28,8760.0,FORT CALHOUN-1,8760,0.06720000076882945
United States,Fort Calhoun 1,PWR,CO2,2008,0.026981567,3517.24,7195.0,FORT CALHOUN-1,8784,0.0673841092811409
United States,Fort Calhoun 1,PWR,CO2,2009,0.028401512,3702.34,7579.0,FORT CALHOUN-1,8760,0.06719999922211359
United States,Fort Calhoun 1,PWR,CO2,2010,0.032690576,4261.45,8619.0,FORT CALHOUN-1,8760,0.06720000135165262
United States,Fort Calhoun 1,PWR,CO2,2011,0.009033721,1177.61,2346.0,FORT CALHOUN-1,8760,0.06720000336274319
United States,Fort Calhoun 1,PWR,CO2,2013,0.000732066,95.43,243.0,FORT CALHOUN-1,8760,0.0672000226343917
United States,Fort Calhoun 1,PWR,CO2,2014,0.03209009,4184.9,8527.0,FORT CALHOUN-1,8760,0.06717225940882698
United States,Fort Calhoun 1,PWR,CO2,2015,0.02705007,3526.13,7078.0,FORT CALHOUN-1,8760,0.06720075924597221
United States,Fort Calhoun 1,PWR,CO2,2016,0.024418302,3183.1,7026.0,FORT CALHOUN-1,8784,0.06738411132795075
United States,Grand Gulf 1 1984,BWR,CO2,1984,0.009605,164.98,702.0,GRAND GULF-1,8784,0.5113972602739727
United States,Grand Gulf 1 1984,BWR,CO2,1985,0.25129726,4316.4,5042.0,GRAND GULF-1,8760,0.5099999994439812
United States,Grand Gulf 1 1984,BWR,CO2,1986,0.238585103,4098.05,5326.0,GRAND GULF-1,8760,0.5100000005563621
United States,Grand Gulf 1 1984,BWR,CO2,1987,0.449859007,7726.99,7098.0,GRAND GULF-1,8760,0.5100000001708298
United States,Grand Gulf 1 1984,BWR,CO2,1988,0.558377226,9590.95,8250.0,GRAND GULF-1,8784,0.5113972602488803
United States,Grand Gulf 1 1984,BWR,CO2,1989,0.456803973,7846.28,6815.0,GRAND GULF-1,8760,0.5100000004435222
United States,Grand Gulf 1 1984,BWR,CO2,1990,0.431055377,7404.01,6765.0,GRAND GULF-1,8760,0.5100000003403561
United States,Grand Gulf 1 1984,BWR,CO2,1991,0.530884384,9118.72,8035.0,GRAND GULF-1,8760,0.5100000004211118
United States,Grand Gulf 1 1984,BWR,CO2,1992,0.475717637,8171.15,7163.0,GRAND GULF-1,8784,0.5113972602886987
United States,Grand Gulf 1 1984,BWR,CO2,1993,0.459841849,7898.46,6845.0,GRAND GULF-1,8760,0.5099999996505649
United States,Grand Gulf 1 1984,BWR,CO2,1994,0.559762842,9614.75,8284.0,GRAND GULF-1,8760,0.509999999575652
United States,Grand Gulf 1 1984,BWR,CO2,1995,0.454676062,7809.73,6829.0,GRAND GULF-1,8760,0.5100000003995017
United States,Grand Gulf 1 1984,BWR,CO2,1996,0.537054452,9224.7,7696.0,GRAND GULF-1,8784,0.5113972602217959
United States,Grand Gulf 1 1984,BWR,CO2,1997,0.629789452,10817.56,8760.0,GRAND GULF-1,8760,0.5099999999556277
United States,Grand Gulf 1 1984,BWR,CO2,1998,0.535081404,9190.81,7641.0,GRAND GULF-1,8760,0.5099999998955479
United States,Grand Gulf 1 1984,BWR,CO2,1999,0.490694521,8428.4,6944.0,GRAND GULF-1,8760,0.5100000004698402
United States,Grand Gulf 1 1984,BWR,CO2,2000,0.622631404,10694.61,8634.0,GRAND GULF-1,8784,0.5113972601839618
United States,Grand Gulf 1 1984,BWR,CO2,2001,0.577765959,9923.98,8040.0,GRAND GULF-1,8760,0.5100000000846435
United States,Grand Gulf 1 1984,BWR,CO2,2002,0.585654075,10059.47,8139.0,GRAND GULF-1,8760,0.5099999997017736
United States,Grand Gulf 1 1984,BWR,CO2,2003,0.634734007,10902.49,8574.0,GRAND GULF-1,8760,0.5100000001210734
United States,Grand Gulf 1 1984,BWR,CO2,2004,0.595877363,10235.07,8047.0,GRAND GULF-1,8784,0.5113972602622161
United States,Grand Gulf 1 1984,BWR,CO2,2005,0.586724144,10077.85,7974.0,GRAND GULF-1,8760,0.5100000001428876
United States,Grand Gulf 1 1984,BWR,CO2,2006,0.62919387,10807.33,8570.0,GRAND GULF-1,8760,0.5100000001110357
United States,Grand Gulf 1 1984,BWR,CO2,2007,0.544860479,9358.78,7643.0,GRAND GULF-1,8760,0.5099999995768678
United States,Grand Gulf 1 1984,BWR,CO2,2008,0.548258733,9417.15,7637.0,GRAND GULF-1,8784,0.5113972603889713
United States,Grand Gulf 1 1984,BWR,CO2,2009,0.640324212,10998.51,8760.0,GRAND GULF-1,8760,0.5099999997381464
United States,Grand Gulf 1 1984,BWR,CO2,2010,0.561421507,9643.24,7912.0,GRAND GULF-1,8760,0.5100000001368835
United States,Grand Gulf 1 1984,BWR,CO2,2011,0.601783699,10336.52,8760.0,GRAND GULF-1,8760,0.5100000003134517
United States,Grand Gulf 1 1984,BWR,CO2,2012,0.427121507,7336.44,5740.0,GRAND GULF-1,8784,0.5113972604543894
United States,Grand Gulf 1 1984,BWR,CO2,2013,0.627853082,10784.3,7891.0,GRAND GULF-1,8760,0.5099999998442181
United States,Grand Gulf 1 1984,BWR,CO2,2014,0.598464041,10279.5,7744.0,GRAND GULF-1,8760,0.5099999999182839
United States,Grand Gulf 1 1984,BWR,CO2,2015,0.68225774,11718.78,8563.0,GRAND GULF-1,8760,0.5100000002047994
United States,Grand Gulf 1 1984,BWR,CO2,2016,0.348243253,5981.59,4407.0,GRAND GULF-1,8784,0.5113972596503605
United States,H. B. Robinson 2,PWR,CO2,1972,0.038988274,5082.4,7487.0,ROBINSON-2,8784,0.06738410963639227
United States,H. B. Robinson 2,PWR,CO2,1973,0.028886028,3765.5,6591.0,ROBINSON-2,8760,0.06720000140220422
United States,H. B. Robinson 2,PWR,CO2,1974,0.036922411,4813.1,7297.0,ROBINSON-2,8760,0.06720000007479587
United States,H. B. Robinson 2,PWR,CO2,1975,0.031995945,4170.9,6316.0,ROBINSON-2,8760,0.06719999956843846
United States,H. B. Robinson 2,PWR,CO2,1976,0.037391124,4874.2,7435.0,ROBINSON-2,8784,0.0673841108727586
United States,H. B. Robinson 2,PWR,CO2,1977,0.031683726,4130.2,7462.0,ROBINSON-2,8760,0.06719999994189145
United States,H. B. Robinson 2,PWR,CO2,1978,0.030531507,3980.0,6307.0,ROBINSON-2,8760,0.0672000003316583
United States,H. B. Robinson 2,PWR,CO2,1979,0.030724055,4005.1,6172.0,ROBINSON-2,8760,0.06720000044942698
United States,H. B. Robinson 2,PWR,CO2,1980,0.024631562,3210.9,5464.0,ROBINSON-2,8784,0.06738411056339344
United States,H. B. Robinson 2,PWR,CO2,1981,0.026932164,3510.8,6391.0,ROBINSON-2,8760,0.06719999904295317
United States,H. B. Robinson 2,PWR,CO2,1982,0.017401424,2268.4,4278.0,ROBINSON-2,8760,0.0671999974607653
United States,H. B. Robinson 2,PWR,CO2,1983,0.025679452,3347.5,6609.0,ROBINSON-2,8760,0.0671999998566094
United States,H. B. Robinson 2,PWR,CO2,1984,0.001720504,224.28,615.0,ROBINSON-2,8784,0.06738410529695024
United States,H. B. Robinson 2,PWR,CO2,1985,0.04019657,5239.91,7697.0,ROBINSON-2,8760,0.06720000022901157
United States,H. B. Robinson 2,PWR,CO2,1986,0.03681885,4799.6,7028.0,ROBINSON-2,8760,0.06720000125010417
United States,H. B. Robinson 2,PWR,CO2,1987,0.032491276,4235.47,6224.0,ROBINSON-2,8760,0.06719999852672784
United States,H. B. Robinson 2,PWR,CO2,1988,0.024413162,3182.43,5717.0,ROBINSON-2,8784,0.06738411057211
United States,H. B. Robinson 2,PWR,CO2,1989,0.021406805,2790.53,4107.0,ROBINSON-2,8760,0.06719999849490957
United States,H. B. Robinson 2,PWR,CO2,1990,0.025462279,3319.19,5614.0,ROBINSON-2,8760,0.06719999880693783
United States,H. B. Robinson 2,PWR,CO2,1991,0.036762389,4792.24,7048.0,ROBINSON-2,8760,0.06719999992487856
United States,H. B. Robinson 2,PWR,CO2,1992,0.031167529,4062.91,5812.0,ROBINSON-2,8784,0.06738411009251989
United States,H. B. Robinson 2,PWR,CO2,1993,0.03216755,4193.27,6137.0,ROBINSON-2,8760,0.06719999856913579
United States,H. B. Robinson 2,PWR,CO2,1994,0.03571005,4655.06,6845.0,ROBINSON-2,8760,0.06720000128892001
United States,H. B. Robinson 2,PWR,CO2,1995,0.038615683,5033.83,7356.0,ROBINSON-2,8760,0.06720000140648373
United States,H. B. Robinson 2,PWR,CO2,1996,0.041885698,5460.1,7745.0,ROBINSON-2,8784,0.0673841085753008
United States,H. B. Robinson 2,PWR,CO2,1997,0.047543157,6197.59,8662.0,ROBINSON-2,8760,0.06720000118110427
United States,H. B. Robinson 2,PWR,CO2,1998,0.042234433,5505.56,7751.0,ROBINSON-2,8760,0.06720000019616533
United States,H. B. Robinson 2,PWR,CO2,1999,0.04360697,5684.48,8009.0,ROBINSON-2,8760,0.06720000021110112
United States,H. B. Robinson 2,PWR,CO2,2000,0.047846093,6237.08,8750.0,ROBINSON-2,8784,0.06738410937682378
United States,H. B. Robinson 2,PWR,CO2,2001,0.042307157,5515.04,7919.0,ROBINSON-2,8760,0.06720000132727959
United States,H. B. Robinson 2,PWR,CO2,2002,0.043005776,5606.11,7960.0,ROBINSON-2,8760,0.06720000102745041
United States,H. B. Robinson 2,PWR,CO2,2003,0.049401972,6439.9,8760.0,ROBINSON-2,8760,0.0671999991801115
United States,H. B. Robinson 2,PWR,CO2,2004,0.04404983,5742.21,7811.0,ROBINSON-2,8784,0.06738410937948977
United States,H. B. Robinson 2,PWR,CO2,2005,0.044264088,5770.14,7839.0,ROBINSON-2,8760,0.06720000049912134
United States,H. B. Robinson 2,PWR,CO2,2006,0.049423452,6442.7,8705.0,ROBINSON-2,8760,0.06719999992549708
United States,H. B. Robinson 2,PWR,CO2,2007,0.044016921,5737.92,7825.0,ROBINSON-2,8760,0.06720000069014555
United States,H. B. Robinson 2,PWR,CO2,2008,0.041649117,5429.26,7380.0,ROBINSON-2,8784,0.06738410828142324
United States,H. B. Robinson 2,PWR,CO2,2009,0.049657348,6473.19,8667.0,ROBINSON-2,8760,0.067200000074152
United States,H. B. Robinson 2,PWR,CO2,2010,0.027603857,3598.36,4902.0,ROBINSON-2,8760,0.0671999986994075
United States,H. B. Robinson 2,PWR,CO2,2011,0.048818192,6363.8,8677.0,ROBINSON-2,8760,0.06720000030170653
United States,H. B. Robinson 2,PWR,CO2,2012,0.041333447,5388.11,7165.0,ROBINSON-2,8784,0.0673841102813417
United States,H. B. Robinson 2,PWR,CO2,2013,0.043698871,5696.46,7446.0,ROBINSON-2,8760,0.06719999964188285
United States,H. B. Robinson 2,PWR,CO2,2014,0.047230124,6159.41,7975.0,ROBINSON-2,8760,0.06717135021698507
United States,H. B. Robinson 2,PWR,CO2,2015,0.043895906,5723.72,7413.0,ROBINSON-2,8760,0.067181507229564
United States,H. B. Robinson 2,PWR,CO2,2016,0.049342828,6432.19,8441.0,ROBINSON-2,8784,0.06738411041216133
United States,Haddam Neck,PWR,CO2,1972,0.034648657,4516.7,7702.0,HADDAM NECK,8784,0.0673841085500476
United States,Haddam Neck,PWR,CO2,1973,0.01860274,2425.0,4421.0,HADDAM NECK,8760,0.06720000098969073
United States,Haddam Neck,PWR,CO2,1974,0.033306959,4341.8,7993.0,HADDAM NECK,8760,0.06720000019346814
United States,Haddam Neck,PWR,CO2,1975,0.031649205,4125.7,7542.0,HADDAM NECK,8760,0.06719999898199093
United States,Haddam Neck,PWR,CO2,1976,0.030912767,4029.7,7246.0,HADDAM NECK,8784,0.0673841093202968
United States,Haddam Neck,PWR,CO2,1977,0.030786192,4013.2,7349.0,HADDAM NECK,8760,0.06720000047842122
United States,Haddam Neck,PWR,CO2,1978,0.036116164,4708.0,8462.0,HADDAM NECK,8760,0.06719999928632116
United States,Haddam Neck,PWR,CO2,1979,0.031593972,4118.5,7427.0,HADDAM NECK,8760,0.06719999871797985
United States,Haddam Neck,PWR,CO2,1980,0.027342576,3564.3,6578.0,HADDAM NECK,8784,0.06738411120949414
United States,Haddam Neck,PWR,CO2,1981,0.031182795,4064.9,7379.0,HADDAM NECK,8760,0.06720000103323576
United States,Haddam Neck,PWR,CO2,1982,0.034814357,4538.3,8184.0,HADDAM NECK,8760,0.06720000161293876
United States,Haddam Neck,PWR,CO2,1983,0.029041753,3785.8,6817.0,HADDAM NECK,8760,0.06719999901738073
United States,Haddam Neck,PWR,CO2,1984,0.025849531,3369.67,6295.0,HADDAM NECK,8784,0.0673841296934121
United States,Haddam Neck,PWR,CO2,1985,0.035579945,4638.1,8595.0,HADDAM NECK,8760,0.06719999961191005
United States,Haddam Neck,PWR,CO2,1986,0.016423036,2140.86,4696.0,HADDAM NECK,8760,0.06720000156946274
United States,Haddam Neck,PWR,CO2,1987,0.019470801,2538.16,4699.0,HADDAM NECK,8760,0.06719994671730703
United States,Haddam Neck,PWR,CO2,1988,0.025414803,3313.0,6040.0,HADDAM NECK,8784,0.06738413207123453
United States,Haddam Neck,PWR,CO2,1989,0.022731666,2963.24,5859.0,HADDAM NECK,8760,0.06719988733953376
United States,Haddam Neck,PWR,CO2,1990,0.00913617,1190.96,2588.0,HADDAM NECK,8760,0.06720028313293477
United States,Haddam Neck,PWR,CO2,1991,0.028450938,3708.78,6654.0,HADDAM NECK,8760,0.06720005416336369
United States,Haddam Neck,PWR,CO2,1992,0.029848913,3891.02,6955.0,HADDAM NECK,8784,0.06738409254951144
United States,Haddam Neck,PWR,CO2,1993,0.028710471,3742.61,6913.0,HADDAM NECK,8760,0.06720008923184623
United States,Haddam Neck,PWR,CO2,1994,0.029188251,3804.9,6754.0,HADDAM NECK,8760,0.06719994711030512
United States,Haddam Neck,PWR,CO2,1995,0.028074073,3659.66,6686.0,HADDAM NECK,8760,0.06719992553406601
United States,Haddam Neck,PWR,CO2,1996,0.021277216,2773.64,4893.0,HADDAM NECK,8784,0.06738403878801864
United States,Hatch 1-2,BWR,CO2,1975,0.180234932,3095.8,6158.0,HATCH-1,8760,0.510000001395439
United States,Hatch 1-2,BWR,CO2,1976,0.240666438,4133.8,7299.0,HATCH-1,8784,0.5113972595171513
United States,Hatch 1-2,BWR,CO2,1977,0.216383219,3716.7,5802.0,HATCH-1,8760,0.5099999995802729
United States,Hatch 1-2,BWR,CO2,1978,0.277926712,4773.8,7755.0,HATCH-1,8760,0.509999999396707
United States,Hatch 1-2,BWR,CO2,1979,0.348272945,5982.1,8936.0,HATCH-1,8760,0.5099999996991023
United States,Hatch 1-2,BWR,CO2,1980,0.491561986,8443.3,12443.0,HATCH-1,8784,0.511397259960442
United States,Hatch 1-2,BWR,CO2,1981,0.422217123,7252.2,11256.0,HATCH-1,8760,0.5099999996525193
United States,Hatch 1-2,BWR,CO2,1982,0.385882534,6628.1,9901.0,HATCH-1,8760,0.5099999996741147
United States,Hatch 1-2,BWR,CO2,1983,0.453300342,7786.1,12014.0,HATCH-1,8760,0.5099999994759893
United States,Hatch 1-2,BWR,CO2,1984,0.320361507,5502.68,8306.0,HATCH-1,8784,0.5113972605145128
United States,Hatch 1-2,BWR,CO2,1985,0.590196918,10137.5,13933.0,HATCH-1,8760,0.5100000001657213
United States,Hatch 1-2,BWR,CO2,1986,0.422909932,7264.1,11331.0,HATCH-1,8760,0.5100000005947054
United States,Hatch 1-2,BWR,CO2,1987,0.630880479,10836.3,15431.0,HATCH-1,8760,0.5099999996345617
United States,Hatch 1-2,BWR,CO2,1988,0.487311986,8370.3,11719.0,HATCH-1,8784,0.5113972599577077
United States,Hatch 1-2,BWR,CO2,1989,0.618688801,10626.89,14915.0,HATCH-1,8760,0.5099999996951131
United States,Hatch 1-2,BWR,CO2,1990,0.618936233,10631.14,14371.0,HATCH-1,8760,0.5100000001015883
United States,Hatch 1-2,BWR,CO2,1991,0.561211918,9639.64,13186.0,HATCH-1,8760,0.5100000001742805
United States,Hatch 1-2,BWR,CO2,1992,0.631651301,10849.54,15112.0,HATCH-1,8784,0.5113972599745242
United States,Hatch 1-2,BWR,CO2,1993,0.579654589,9956.42,14647.0,HATCH-1,8760,0.5099999999638424
United States,Hatch 1-2,BWR,CO2,1994,0.628056267,10787.79,15076.0,HATCH-1,8760,0.5099999998998868
United States,Hatch 1-2,BWR,CO2,1995,0.670762945,11521.34,15648.0,HATCH-1,8760,0.5099999998437681
United States,Hatch 1-2,BWR,CO2,1996,0.742199041,12748.36,16305.0,HATCH-1,8784,0.5113972602079012
United States,Hatch 1-2,BWR,CO2,1997,0.70110911,12042.58,15197.0,HATCH-1,8760,0.5100000002989393
United States,Hatch 1-2,BWR,CO2,1998,0.74413774,12781.66,15998.0,HATCH-1,8760,0.510000000187769
United States,Hatch 1-2,BWR,CO2,1999,0.759318973,13042.42,15326.0,HATCH-1,8760,0.5100000002668217
United States,Hatch 1-2,BWR,CO2,2000,0.775110925,13313.67,15414.0,HATCH-1,8784,0.5113972604999223
United States,Hatch 1-2,BWR,CO2,2001,0.819766781,14080.7,16307.0,HATCH-1,8760,0.5100000001107899
United States,Hatch 1-2,BWR,CO2,2002,0.81800274,14050.4,16322.0,HATCH-1,8760,0.5100000001708136
United States,Hatch 1-2,BWR,CO2,2003,0.821439418,14109.43,16490.0,HATCH-1,8760,0.5100000001190692
United States,Hatch 1-2,BWR,CO2,2004,0.839330753,14416.74,16635.0,HATCH-1,8784,0.5113972600152323
United States,Hatch 1-2,BWR,CO2,2005,0.798844555,13721.33,15845.0,HATCH-1,8760,0.5100000001311826
United States,Hatch 1-2,BWR,CO2,2006,0.818831781,14064.64,16210.0,HATCH-1,8760,0.5100000001109165
United States,Hatch 1-2,BWR,CO2,2007,0.829513253,14248.11,16294.0,HATCH-1,8760,0.5099999997389127
United States,Hatch 1-2,BWR,CO2,2008,0.810034863,13913.54,16043.0,HATCH-1,8784,0.5113972602653243
United States,Hatch 1-2,BWR,CO2,2009,0.722413836,12408.52,14408.0,HATCH-1,8760,0.5100000002707816
United States,Hatch 1-2,BWR,CO2,2010,0.809336815,13901.55,16146.0,HATCH-1,8760,0.5099999999568394
United States,Hatch 1-2,BWR,CO2,2011,0.790713664,13581.67,16165.0,HATCH-1,8760,0.5099999997526077
United States,Hatch 1-2,BWR,CO2,2012,0.837392055,14383.439999999999,16510.0,HATCH-1,8784,0.5113972603994594
United States,Hatch 1-2,BWR,CO2,2013,0.804812021,13823.83,15979.0,HATCH-1,8760,0.5100000002864619
United States,Hatch 1-2,BWR,CO2,2014,0.844759692,14509.99,16661.0,HATCH-1,8760,0.5100000001323226
United States,Hatch 1-2,BWR,CO2,2015,0.844018562,14497.26,16607.0,HATCH-1,8760,0.5100000002152131
United States,Hatch 1-2,BWR,CO2,2016,0.85275726,14647.36,16753.0,HATCH-1,8784,0.5113972601096716
United States,Hope Creek 1 1987,BWR,CO2,1987,0.425508836,7308.74,7457.0,HOPE CREEK-1,8760,0.5100000004597236
United States,Hope Creek 1 1987,BWR,CO2,1988,0.376728733,6470.87,6369.0,HOPE CREEK-1,8784,0.5113972604413317
United States,Hope Creek 1 1987,BWR,CO2,1989,0.385080856,6614.33,6717.0,HOPE CREEK-1,8760,0.5099999997822909
United States,Hope Creek 1 1987,BWR,CO2,1990,0.471583493,8100.14,7940.0,HOPE CREEK-1,8760,0.5099999998370398
United States,Hope Creek 1 1987,BWR,CO2,1991,0.430979692,7402.71,7280.0,HOPE CREEK-1,8760,0.5100000002593645
United States,Hope Creek 1 1987,BWR,CO2,1992,0.410975582,7059.11,6930.0,HOPE CREEK-1,8784,0.5113972600353303
United States,Hope Creek 1 1987,BWR,CO2,1993,0.513804041,8825.34,8526.0,HOPE CREEK-1,8760,0.5099999999048195
United States,Hope Creek 1 1987,BWR,CO2,1994,0.414848904,7125.64,6969.0,HOPE CREEK-1,8760,0.5099999998652752
United States,Hope Creek 1 1987,BWR,CO2,1995,0.411742329,7072.28,6937.0,HOPE CREEK-1,8760,0.5100000002884502
United States,Hope Creek 1 1987,BWR,CO2,1996,0.394185753,6770.72,6618.0,HOPE CREEK-1,8784,0.5113972597230427
United States,Hope Creek 1 1987,BWR,CO2,1997,0.373636712,6417.76,6511.0,HOPE CREEK-1,8760,0.5099999995512452
United States,Hope Creek 1 1987,BWR,CO2,1998,0.50652839,8700.37,8539.0,HOPE CREEK-1,8760,0.5099999995862246
United States,Hope Creek 1 1987,BWR,CO2,1999,0.448350548,7701.08,7538.0,HOPE CREEK-1,8760,0.5100000000623289
United States,Hope Creek 1 1987,BWR,CO2,2000,0.423354726,7271.74,7259.0,HOPE CREEK-1,8784,0.5113972602408777
United States,Hope Creek 1 1987,BWR,CO2,2001,0.46955339,8065.27,7859.0,HOPE CREEK-1,8760,0.5099999995536416
United States,Hope Creek 1 1987,BWR,CO2,2002,0.514836849,8843.08,8555.0,HOPE CREEK-1,8760,0.5099999996878916
United States,Hope Creek 1 1987,BWR,CO2,2003,0.422705,7260.58,7137.0,HOPE CREEK-1,8760,0.51
United States,Hope Creek 1 1987,BWR,CO2,2004,0.35216024,6048.87,6123.0,HOPE CREEK-1,8784,0.511397260671828
United States,Hope Creek 1 1987,BWR,CO2,2005,0.447400993,7684.77,7379.0,HOPE CREEK-1,8760,0.5099999998282317
United States,Hope Creek 1 1987,BWR,CO2,2006,0.501720068,8617.78,8042.0,HOPE CREEK-1,8760,0.5099999994987108
United States,Hope Creek 1 1987,BWR,CO2,2007,0.471839658,8104.54,7774.0,HOPE CREEK-1,8760,0.5100000005034215
United States,Hope Creek 1 1987,BWR,CO2,2008,0.582556233,10006.26,8756.0,HOPE CREEK-1,8784,0.5113972603822008
United States,Hope Creek 1 1987,BWR,CO2,2009,0.564743493,9700.3,8104.0,HOPE CREEK-1,8760,0.5099999998639219
United States,Hope Creek 1 1987,BWR,CO2,2010,0.549504041,9438.54,8001.0,HOPE CREEK-1,8760,0.5099999999110032
United States,Hope Creek 1 1987,BWR,CO2,2011,0.61164661,10505.93,8690.0,HOPE CREEK-1,8760,0.5100000003426636
United States,Hope Creek 1 1987,BWR,CO2,2012,0.558103596,9586.25,8141.0,HOPE CREEK-1,8784,0.5113972603743905
United States,Hope Creek 1 1987,BWR,CO2,2013,0.53053274,9112.68,7751.0,HOPE CREEK-1,8760,0.5100000002633692
United States,Hope Creek 1 1987,BWR,CO2,2014,0.60583226,10406.06,8636.0,HOPE CREEK-1,8760,0.5099999997693652
United States,Hope Creek 1 1987,BWR,CO2,2015,0.550214315,9450.74,7895.0,HOPE CREEK-1,8760,0.5099999999365129
United States,Hope Creek 1 1987,BWR,CO2,2016,0.561214829,9639.69,8087.0,HOPE CREEK-1,8784,0.5113972604861774
United States,Indian Point 1-3,PWR,CO2,1972,0.009563726,1246.7,5878.0,INDIAN POINT-1,8784,0.06738410939600545
United States,Indian Point 1-3,PWR,CO2,1973,0.002808438,366.1,1245.0,INDIAN POINT-2,8760,0.06719999147773831
United States,Indian Point 1-3,PWR,CO2,1974,0.034993864,4561.7,10793.0,INDIAN POINT-1,8760,0.06720000189403073
United States,Indian Point 1-3,PWR,CO2,1975,0.035640548,4646.0,6545.0,INDIAN POINT-2,8760,0.06720000010331469
United States,Indian Point 1-3,PWR,CO2,1976,0.041110904,5359.1,7484.0,INDIAN POINT-2,8784,0.06738410940941575
United States,Indian Point 1-3,PWR,CO2,1977,0.082320767,10731.1,13182.0,INDIAN POINT-2,8760,0.06719999989935795
United States,Indian Point 1-3,PWR,CO2,1978,0.075412055,9830.5,11868.0,INDIAN POINT-2,8760,0.06720000018310361
United States,Indian Point 1-3,PWR,CO2,1979,0.07366685,9603.0,11980.0,INDIAN POINT-2,8760,0.06720000062480476
United States,Indian Point 1-3,PWR,CO2,1980,0.056334466,7343.6,10356.0,INDIAN POINT-2,8784,0.06738410988398061
United States,Indian Point 1-3,PWR,CO2,1981,0.046782247,6098.4,9263.0,INDIAN POINT-2,8760,0.06720000060999606
United States,Indian Point 1-3,PWR,CO2,1982,0.045219617,5894.700000000001,7693.0,INDIAN POINT-2,8760,0.06720000083464805
United States,Indian Point 1-3,PWR,CO2,1983,0.045689864,5956.0,7583.0,INDIAN POINT-2,8760,0.06720000145063801
United States,Indian Point 1-3,PWR,CO2,1984,0.068529578,8933.32,11255.0,INDIAN POINT-2,8784,0.06738410950822314
United States,Indian Point 1-3,PWR,CO2,1985,0.087402652,11393.560000000001,14164.0,INDIAN POINT-2,8760,0.06719999995787093
United States,Indian Point 1-3,PWR,CO2,1986,0.071748657,9352.95,11355.0,INDIAN POINT-2,8760,0.0671999994996231
United States,Indian Point 1-3,PWR,CO2,1987,0.07671371,10000.18,11727.0,INDIAN POINT-2,8760,0.06720000035999352
United States,Indian Point 1-3,PWR,CO2,1988,0.098006828,12775.89,14464.0,INDIAN POINT-2,8784,0.06738411000345182
United States,Indian Point 1-3,PWR,CO2,1989,0.072459397,9445.599999999999,10835.0,INDIAN POINT-2,8760,0.06719999975861778
United States,Indian Point 1-3,PWR,CO2,1990,0.078660208,10253.92,11153.0,INDIAN POINT-2,8760,0.06719999981275454
United States,Indian Point 1-3,PWR,CO2,1991,0.08571989,11174.2,12072.0,INDIAN POINT-2,8760,0.06719999967782928
United States,Indian Point 1-3,PWR,CO2,1992,0.096973896,12641.240000000002,13742.0,INDIAN POINT-2,8784,0.06738410966519107
United States,Indian Point 1-3,PWR,CO2,1993,0.054651857,7124.26,7862.0,INDIAN POINT-2,8760,0.06719999934308966
United States,Indian Point 1-3,PWR,CO2,1994,0.058566795,7634.6,8760.0,INDIAN POINT-2,8760,0.06720000055012705
United States,Indian Point 1-3,PWR,CO2,1995,0.048853633,6368.42,7229.0,INDIAN POINT-2,8760,0.06720000016958681
United States,Indian Point 1-3,PWR,CO2,1996,0.105128724,13704.279999999999,14651.0,INDIAN POINT-2,8784,0.0673841100456208
United States,Indian Point 1-3,PWR,CO2,1997,0.057665117,7517.0599999999995,8289.0,INDIAN POINT-2,8760,0.06719999905814242
United States,Indian Point 1-3,PWR,CO2,1998,0.078009074,10169.04,10895.0,INDIAN POINT-2,8760,0.06720000002360105
United States,Indian Point 1-3,PWR,CO2,1999,0.111766871,14569.61,15324.0,INDIAN POINT-2,8760,0.06719999985998253
United States,Indian Point 1-3,PWR,CO2,2000,0.072834904,9494.55,9699.0,INDIAN POINT-2,8784,0.06738410948765346
United States,Indian Point 1-3,PWR,CO2,2001,0.12069074,15732.9,16559.0,INDIAN POINT-2,8760,0.06720000015254658
United States,Indian Point 1-3,PWR,CO2,2002,0.122656876,15989.2,16542.0,INDIAN POINT-2,8760,0.06719999960973658
United States,Indian Point 1-3,PWR,CO2,2003,0.122580548,15979.25,16345.0,INDIAN POINT-2,8760,0.06720000003003897
United States,Indian Point 1-3,PWR,CO2,2004,0.124737085,16260.37,16635.0,INDIAN POINT-2,8784,0.06738410962604172
United States,Indian Point 1-3,PWR,CO2,2005,0.129523321,16884.29,16699.0,INDIAN POINT-2,8760,0.06720000023453754
United States,Indian Point 1-3,PWR,CO2,2006,0.130097972,16959.2,16642.0,INDIAN POINT-2,8760,0.06719999968866457
United States,Indian Point 1-3,PWR,CO2,2007,0.127648931,16639.95,16281.0,INDIAN POINT-2,8760,0.06719999973317227
United States,Indian Point 1-3,PWR,CO2,2008,0.133233205,17367.9,16872.0,INDIAN POINT-2,8784,0.06738410934655312
United States,Indian Point 1-3,PWR,CO2,2009,0.126890936,16541.14,16316.0,INDIAN POINT-2,8760,0.067199999477666
United States,Indian Point 1-3,PWR,CO2,2010,0.125199353,16320.63,15943.0,INDIAN POINT-2,8760,0.06719999977206764
United States,Indian Point 1-3,PWR,CO2,2011,0.13029029,16984.269999999997,16601.0,INDIAN POINT-2,8760,0.06719999978803919
United States,Indian Point 1-3,PWR,CO2,2012,0.129447222,16874.37,16516.0,INDIAN POINT-2,8784,0.06738410963182626
United States,Indian Point 1-3,PWR,CO2,2013,0.13080994,17052.010000000002,16700.0,INDIAN POINT-2,8760,0.06720000014074587
United States,Indian Point 1-3,PWR,CO2,2014,0.132595183,17284.660000000003,16863.0,INDIAN POINT-2,8760,0.06720026908715589
United States,Indian Point 1-3,PWR,CO2,2015,0.125644071,16382.51,16131.0,INDIAN POINT-2,8760,0.06718397009737823
United States,Indian Point 1-3,PWR,CO2,2016,0.11582994,15099.260000000002,15010.0,INDIAN POINT-2,8784,0.06738410974842475
United States,Kewaunee,PWR,CO2,1974,0.014802411,1929.6,4669.0,KEWAUNEE,8760,0.06720000018656716
United States,Kewaunee,PWR,CO2,1975,0.025622685,3340.1,7730.0,KEWAUNEE,8760,0.06720000017963534
United States,Kewaunee,PWR,CO2,1976,0.025947945,3382.5,6924.0,KEWAUNEE,8784,0.06738410905543236
United States,Kewaunee,PWR,CO2,1977,0.027206795,3546.6,6985.0,KEWAUNEE,8760,0.06720000118423279
United States,Kewaunee,PWR,CO2,1978,0.029845698,3890.6,7835.0,KEWAUNEE,8760,0.06719999858119571
United States,Kewaunee,PWR,CO2,1979,0.026382904,3439.2,6921.0,KEWAUNEE,8760,0.06719999972086532
United States,Kewaunee,PWR,CO2,1980,0.027855781,3631.2,7207.0,KEWAUNEE,8784,0.06738411001982816
United States,Kewaunee,PWR,CO2,1981,0.028914411,3769.2,7596.0,KEWAUNEE,8760,0.06720000009551098
United States,Kewaunee,PWR,CO2,1982,0.029341698,3824.9,7669.0,KEWAUNEE,8760,0.06719999855682501
United States,Kewaunee,PWR,CO2,1983,0.028436493,3706.9,7334.0,KEWAUNEE,8760,0.06719999964390731
United States,Kewaunee,PWR,CO2,1984,0.029227397,3810.0,7527.0,KEWAUNEE,8784,0.06738410898897637
United States,Kewaunee,PWR,CO2,1985,0.028377271,3699.18,7213.0,KEWAUNEE,8760,0.06719999944852643
United States,Kewaunee,PWR,CO2,1986,0.029570071,3854.67,7514.0,KEWAUNEE,8760,0.06719999947077182
United States,Kewaunee,PWR,CO2,1987,0.030751057,4008.62,7809.0,KEWAUNEE,8760,0.06719999883251591
United States,Kewaunee,PWR,CO2,1988,0.030031572,3914.83,7679.0,KEWAUNEE,8784,0.06738410823662841
United States,Kewaunee,PWR,CO2,1989,0.028704296,3741.81,7390.0,KEWAUNEE,8760,0.06720000025656032
United States,Kewaunee,PWR,CO2,1990,0.029924252,3900.84,7668.0,KEWAUNEE,8760,0.06719999987694958
United States,Kewaunee,PWR,CO2,1991,0.028190476,3674.83,7247.0,KEWAUNEE,8760,0.06719999830196227
United States,Kewaunee,PWR,CO2,1992,0.030209929,3938.08,7682.0,KEWAUNEE,8784,0.06738411010847926
United States,Kewaunee,PWR,CO2,1993,0.029280405,3816.91,7548.0,KEWAUNEE,8760,0.06719999889963346
United States,Kewaunee,PWR,CO2,1994,0.030389972,3961.55,7738.0,KEWAUNEE,8760,0.06719999866718834
United States,Kewaunee,PWR,CO2,1995,0.029100208,3793.42,7645.0,KEWAUNEE,8760,0.06719999949386042
United States,Kewaunee,PWR,CO2,1996,0.024326093,3171.08,6299.0,KEWAUNEE,8784,0.06738410917163869
United States,Kewaunee,PWR,CO2,1997,0.01813326,2363.8,4866.0,KEWAUNEE,8760,0.06719999898468566
United States,Kewaunee,PWR,CO2,1998,0.028424833,3705.38,7584.0,KEWAUNEE,8760,0.06720000029146808
United States,Kewaunee,PWR,CO2,1999,0.033942597,4424.66,8760.0,KEWAUNEE,8760,0.06719999948470616
United States,Kewaunee,PWR,CO2,2000,0.029150148,3799.93,7760.0,KEWAUNEE,8784,0.0673841097157053
United States,Kewaunee,PWR,CO2,2001,0.02655566,3461.72,7009.0,KEWAUNEE,8760,0.06719999930670302
United States,Kewaunee,PWR,CO2,2002,0.034280669,4468.73,8514.0,KEWAUNEE,8760,0.06720000099357089
United States,Kewaunee,PWR,CO2,2003,0.031905655,4159.13,7893.0,KEWAUNEE,8760,0.0672000004327828
United States,Kewaunee,PWR,CO2,2004,0.029717436,3873.88,7049.0,KEWAUNEE,8784,0.06738411045876486
United States,Kewaunee,PWR,CO2,2005,0.023344559,3043.13,5451.0,KEWAUNEE,8760,0.06720000027603158
United States,Kewaunee,PWR,CO2,2006,0.028182805,3673.83,6653.0,KEWAUNEE,8760,0.0671999988567789
United States,Kewaunee,PWR,CO2,2007,0.035485666,4625.81,8238.0,KEWAUNEE,8760,0.06720000046694524
United States,Kewaunee,PWR,CO2,2008,0.033656,4387.3,7782.0,KEWAUNEE,8784,0.06738410958904109
United States,Kewaunee,PWR,CO2,2009,0.034638071,4515.32,8027.0,KEWAUNEE,8760,0.06719999954820478
United States,Kewaunee,PWR,CO2,2010,0.03828137,4990.25,8760.0,KEWAUNEE,8760,0.06720000024046892
United States,Kewaunee,PWR,CO2,2011,0.035247474,4594.76,8068.0,KEWAUNEE,8760,0.06720000005223342
United States,Kewaunee,PWR,CO2,2012,0.034642597,4515.91,7954.0,KEWAUNEE,8784,0.06738410908277623
United States,Kewaunee,PWR,CO2,2013,0.013297929,1733.48,3034.0,KEWAUNEE,8760,0.0672000011768235
United States,Lasalle 1-2,BWR,CO2,1982,0.026827397,460.8,1858.0,LASALLE-1,8760,0.5099999950520833
United States,Lasalle 1-2,BWR,CO2,1983,0.095467808,1639.8,3087.0,LASALLE-1,8760,0.5099999988291255
United States,Lasalle 1-2,BWR,CO2,1984,0.462373219,7941.9400000000005,10110.0,LASALLE-1,8784,0.5113972600770088
United States,Lasalle 1-2,BWR,CO2,1985,0.483476507,8304.42,9279.0,LASALLE-1,8760,0.5100000001589515
United States,Lasalle 1-2,BWR,CO2,1986,0.45577,7828.52,8864.0,LASALLE-1,8760,0.51
United States,Lasalle 1-2,BWR,CO2,1987,0.505423973,8681.4,10154.0,LASALLE-1,8760,0.510000000400857
United States,Lasalle 1-2,BWR,CO2,1988,0.647189418,11116.43,12411.0,LASALLE-1,8784,0.5113972604255143
United States,Lasalle 1-2,BWR,CO2,1989,0.738646507,12687.34,12694.0,LASALLE-1,8760,0.5100000001040407
United States,Lasalle 1-2,BWR,CO2,1990,0.864796404,14854.15,14491.0,LASALLE-1,8760,0.5099999999353716
United States,Lasalle 1-2,BWR,CO2,1991,0.905532363,15553.849999999999,14984.0,LASALLE-1,8760,0.5099999999922848
United States,Lasalle 1-2,BWR,CO2,1992,0.71418339,12267.15,12378.0,LASALLE-1,8784,0.5113972599797019
United States,Lasalle 1-2,BWR,CO2,1993,0.760732534,13066.7,12927.0,LASALLE-1,8760,0.5099999998346942
United States,Lasalle 1-2,BWR,CO2,1994,0.778634349,13374.19,13196.0,LASALLE-1,8760,0.5099999997936323
United States,Lasalle 1-2,BWR,CO2,1995,0.823525411,14145.259999999998,14081.0,LASALLE-1,8760,0.5100000000254502
United States,Lasalle 1-2,BWR,CO2,1996,0.520636062,8942.69,8998.0,LASALLE-1,8784,0.5113972606238167
United States,Lasalle 1-2,BWR,CO2,1998,0.194258185,3336.67,3174.0,LASALLE-1,8760,0.5100000001798201
United States,Lasalle 1-2,BWR,CO2,1999,0.852678664,14646.01,14194.0,LASALLE-1,8760,0.509999999770586
United States,Lasalle 1-2,BWR,CO2,2000,1.093696164,18785.84,17013.0,LASALLE-1,8784,0.5113972600946245
United States,Lasalle 1-2,BWR,CO2,2001,1.137241199,19533.79,17223.0,LASALLE-1,8760,0.5100000001658663
United States,Lasalle 1-2,BWR,CO2,2002,1.04347339,17923.190000000002,16023.0,LASALLE-1,8760,0.5099999997991428
United States,Lasalle 1-2,BWR,CO2,2003,1.074032055,18448.08,16478.0,LASALLE-1,8760,0.5100000000975711
United States,Lasalle 1-2,BWR,CO2,2004,1.105696301,18991.96,16823.0,LASALLE-1,8784,0.5113972601029068
United States,Lasalle 1-2,BWR,CO2,2005,1.089465959,18713.18,16617.0,LASALLE-1,8760,0.5100000000448881
United States,Lasalle 1-2,BWR,CO2,2006,1.112441575,19107.82,16889.0,LASALLE-1,8760,0.5099999998429963
United States,Lasalle 1-2,BWR,CO2,2007,1.105008151,18980.14,17047.0,LASALLE-1,8760,0.5100000001454151
United States,Lasalle 1-2,BWR,CO2,2008,1.097336027,18848.36,16887.0,LASALLE-1,8784,0.5113972600888353
United States,Lasalle 1-2,BWR,CO2,2009,1.095029966,18808.75,16638.0,LASALLE-1,8760,0.5100000001148401
United States,Lasalle 1-2,BWR,CO2,2010,1.1138825,19132.57,16879.0,LASALLE-1,8760,0.5100000000000001
United States,Lasalle 1-2,BWR,CO2,2011,1.121093527,19256.43,16767.0,LASALLE-1,8760,0.5099999998192811
United States,Lasalle 1-2,BWR,CO2,2012,1.140802466,19594.96,16997.0,LASALLE-1,8784,0.5113972603845071
United States,Lasalle 1-2,BWR,CO2,2013,1.092208664,18760.29,16427.0,LASALLE-1,8760,0.5099999998208983
United States,Lasalle 1-2,BWR,CO2,2014,1.091901267,18755.010000000002,16320.0,LASALLE-1,8760,0.5099999999424153
United States,Lasalle 1-2,BWR,CO2,2015,1.08776887,18684.03,16715.0,LASALLE-1,8760,0.5100000000642261
United States,Lasalle 1-2,BWR,CO2,2016,1.114598014,19144.86,16803.0,LASALLE-1,8784,0.5113972604122464
United States,Limerick 1-2,BWR,CO2,1985,0.067583733,1160.85,2552.0,LIMERICK-1,8760,0.5100000009303528
United States,Limerick 1-2,BWR,CO2,1986,0.419793459,7210.57,7022.0,LIMERICK-1,8760,0.5100000001164956
United States,Limerick 1-2,BWR,CO2,1987,0.31096726,5341.32,5924.0,LIMERICK-1,8760,0.5099999995506729
United States,Limerick 1-2,BWR,CO2,1988,0.388598459,6674.75,8470.0,LIMERICK-1,8784,0.5113972604001649
United States,Limerick 1-2,BWR,CO2,1989,0.305315925,5244.25,5638.0,LIMERICK-1,8760,0.5100000005720551
United States,Limerick 1-2,BWR,CO2,1990,0.749031644,12865.720000000001,12898.0,LIMERICK-1,8760,0.5100000001119253
United States,Limerick 1-2,BWR,CO2,1991,0.889633288,15280.76,14962.0,LIMERICK-1,8760,0.5100000001884722
United States,Limerick 1-2,BWR,CO2,1992,0.857499795,14728.82,14672.0,LIMERICK-1,8784,0.5113972605599091
United States,Limerick 1-2,BWR,CO2,1993,0.943976815,16214.189999999999,15915.0,LIMERICK-1,8760,0.5099999999629954
United States,Limerick 1-2,BWR,CO2,1994,0.956513733,16429.53,16497.0,LIMERICK-1,8760,0.5100000000657353
United States,Limerick 1-2,BWR,CO2,1995,0.963463356,16548.9,15957.0,LIMERICK-1,8760,0.5099999999129851
United States,Limerick 1-2,BWR,CO2,1996,0.998035068,17142.72,16104.0,LIMERICK-1,8784,0.5113972600212802
United States,Limerick 1-2,BWR,CO2,1997,1.020869795,17534.94,16374.0,LIMERICK-1,8760,0.5100000002395219
United States,Limerick 1-2,BWR,CO2,1998,0.972667808,16707.0,15407.0,LIMERICK-1,8760,0.5099999998850782
United States,Limerick 1-2,BWR,CO2,1999,1.065700308,18304.97,16314.0,LIMERICK-1,8760,0.5099999998951105
United States,Limerick 1-2,BWR,CO2,2000,1.102020925,18928.83,16643.0,LIMERICK-1,8784,0.5113972604328951
United States,Limerick 1-2,BWR,CO2,2001,1.128080993,19376.45,16965.0,LIMERICK-1,8760,0.509999999931876
United States,Limerick 1-2,BWR,CO2,2002,1.123417055,19296.34,16916.0,LIMERICK-1,8760,0.510000000093282
United States,Limerick 1-2,BWR,CO2,2003,1.132047466,19444.58,16924.0,LIMERICK-1,8760,0.5100000001110848
United States,Limerick 1-2,BWR,CO2,2004,1.134753493,19491.059999999998,17079.0,LIMERICK-1,8784,0.5113972602060638
United States,Limerick 1-2,BWR,CO2,2005,1.109169658,19051.620000000003,16727.0,LIMERICK-1,8760,0.5100000002141548
United States,Limerick 1-2,BWR,CO2,2006,1.125695171,19335.47,16934.0,LIMERICK-1,8760,0.5099999998944944
United States,Limerick 1-2,BWR,CO2,2007,1.109280856,19053.53,16751.0,LIMERICK-1,8760,0.5099999999244235
United States,Limerick 1-2,BWR,CO2,2008,1.109345479,19054.64,16768.0,LIMERICK-1,8784,0.5113972600655798
United States,Limerick 1-2,BWR,CO2,2009,1.125425616,19330.84,17001.0,LIMERICK-1,8760,0.5099999998013537
United States,Limerick 1-2,BWR,CO2,2010,1.10186024,18926.07,16856.0,LIMERICK-1,8760,0.5100000001268091
United States,Limerick 1-2,BWR,CO2,2011,1.077472808,18507.18,16352.0,LIMERICK-1,8760,0.5099999998962564
United States,Limerick 1-2,BWR,CO2,2012,1.059283973,18194.760000000002,16029.0,LIMERICK-1,8784,0.5113972604657605
United States,Limerick 1-2,BWR,CO2,2013,1.140203973,19584.68,16903.0,LIMERICK-1,8760,0.5100000001776899
United States,Limerick 1-2,BWR,CO2,2014,1.112884041,19115.42,16533.0,LIMERICK-1,8760,0.5099999999560565
United States,Limerick 1-2,BWR,CO2,2015,1.104465548,18970.82,16700.0,LIMERICK-1,8760,0.5100000000253021
United States,Limerick 1-2,BWR,CO2,2016,1.131752295,19439.510000000002,16876.0,LIMERICK-1,8784,0.5113972604906193
United States,Maine Yankee,PWR,CO2,1973,0.025816767,3365.4,6644.0,MAINE YANKEE,8760,0.06719999967908719
United States,Maine Yankee,PWR,CO2,1974,0.027419288,3574.3,6016.0,MAINE YANKEE,8760,0.06720000080575217
United States,Maine Yankee,PWR,CO2,1975,0.034539726,4502.5,7002.0,MAINE YANKEE,8760,0.06719999994669629
United States,Maine Yankee,PWR,CO2,1976,0.045480438,5928.7,8346.0,MAINE YANKEE,8784,0.06738410906134566
United States,Maine Yankee,PWR,CO2,1977,0.039466192,5144.7,7197.0,MAINE YANKEE,8760,0.0672000003731996
United States,Maine Yankee,PWR,CO2,1978,0.041079452,5355.0,7363.0,MAINE YANKEE,8760,0.06719999991036414
United States,Maine Yankee,PWR,CO2,1979,0.03482126,4539.2,5991.0,MAINE YANKEE,8760,0.06719999947127248
United States,Maine Yankee,PWR,CO2,1980,0.033781808,4403.7,6337.0,MAINE YANKEE,8784,0.0673841091518496
United States,Maine Yankee,PWR,CO2,1981,0.039982466,5212.0,6849.0,MAINE YANKEE,8760,0.06720000041442824
United States,Maine Yankee,PWR,CO2,1982,0.034705424,4524.1,6045.0,MAINE YANKEE,8760,0.06719999872681859
United States,Maine Yankee,PWR,CO2,1983,0.04398685,5734.0,7317.0,MAINE YANKEE,8760,0.06720000104638996
United States,Maine Yankee,PWR,CO2,1984,0.03938539,5134.17,6532.0,MAINE YANKEE,8784,0.06738406904329229
United States,Maine Yankee,PWR,CO2,1985,0.041075026,5354.42,6931.0,MAINE YANKEE,8760,0.06720003805454185
United States,Maine Yankee,PWR,CO2,1986,0.047881963,6241.76,7690.0,MAINE YANKEE,8760,0.06719995576247725
United States,Maine Yankee,PWR,CO2,1987,0.031014035,4042.9,5414.0,MAINE YANKEE,8760,0.0672000164733236
United States,Maine Yankee,PWR,CO2,1988,0.035331496,4605.71,6065.0,MAINE YANKEE,8784,0.06738415159964478
United States,Maine Yankee,PWR,CO2,1989,0.053251444,6941.71,8128.0,MAINE YANKEE,8760,0.06719996217646661
United States,Maine Yankee,PWR,CO2,1990,0.037280097,4859.73,5852.0,MAINE YANKEE,8760,0.06719995755319741
United States,Maine Yankee,PWR,CO2,1991,0.04805541,6264.37,7469.0,MAINE YANKEE,8760,0.06719995651597846
United States,Maine Yankee,PWR,CO2,1992,0.041102458,5358.0,6625.0,MAINE YANKEE,8784,0.06738409687793953
United States,Maine Yankee,PWR,CO2,1993,0.044031849,5739.87,6833.0,MAINE YANKEE,8760,0.06719995352507983
United States,Maine Yankee,PWR,CO2,1994,0.050875494,6631.98,7737.0,MAINE YANKEE,8760,0.06720004092895335
United States,Maine Yankee,PWR,CO2,1995,0.001515659,197.58,249.0,MAINE YANKEE,8760,0.06719897175827512
United States,Maine Yankee,PWR,CO2,1996,0.038831911,5062.02,6563.0,MAINE YANKEE,8784,0.06738406924982517
United States,McGuire 1-2,PWR,CO2,1981,0.000146521,19.1,45.0,MCGUIRE-1,8760,0.06720020732984293
United States,McGuire 1-2,PWR,CO2,1982,0.033003945,4302.3,7043.0,MCGUIRE-1,8760,0.06719999958161912
United States,McGuire 1-2,PWR,CO2,1983,0.035671233,4650.0,4852.0,MCGUIRE-1,8760,0.06720000023225806
United States,McGuire 1-2,PWR,CO2,1984,0.099665195,12992.07,12097.0,MCGUIRE-1,8784,0.0673841099132009
United States,McGuire 1-2,PWR,CO2,1985,0.095041743,12389.369999999999,11918.0,MCGUIRE-1,8760,0.06720000037774318
United States,McGuire 1-2,PWR,CO2,1986,0.087434411,11397.7,10513.0,MCGUIRE-1,8760,0.06720000003158531
United States,McGuire 1-2,PWR,CO2,1987,0.114533271,14930.23,13667.0,MCGUIRE-1,8760,0.06719999986336447
United States,McGuire 1-2,PWR,CO2,1988,0.118631243,15464.43,13992.0,MCGUIRE-1,8784,0.06738410911439995
United States,McGuire 1-2,PWR,CO2,1989,0.116798817,15225.56,14054.0,MCGUIRE-1,8760,0.06720000032314083
United States,McGuire 1-2,PWR,CO2,1990,0.086312647,11251.470000000001,10591.0,MCGUIRE-1,8760,0.06720000033062346
United States,McGuire 1-2,PWR,CO2,1991,0.125555452,16367.05,14807.0,MCGUIRE-1,8760,0.0671999999706728
United States,McGuire 1-2,PWR,CO2,1992,0.109470948,14270.32,12980.0,MCGUIRE-1,8784,0.0673841096227695
United States,McGuire 1-2,PWR,CO2,1993,0.094802476,12358.18,11473.0,MCGUIRE-1,8760,0.06719999949507127
United States,McGuire 1-2,PWR,CO2,1994,0.119189557,15537.21,13999.0,MCGUIRE-1,8760,0.06720000047112706
United States,McGuire 1-2,PWR,CO2,1995,0.137700241,17950.21,16161.0,MCGUIRE-1,8760,0.0671999999532039
United States,McGuire 1-2,PWR,CO2,1996,0.121384986,15823.400000000001,14401.0,MCGUIRE-1,8784,0.06738410942174247
United States,McGuire 1-2,PWR,CO2,1997,0.104786664,13659.689999999999,12575.0,MCGUIRE-1,8760,0.06720000063251802
United States,McGuire 1-2,PWR,CO2,1998,0.143842367,18750.88,16604.0,MCGUIRE-1,8760,0.0671999999424027
United States,McGuire 1-2,PWR,CO2,1999,0.131868724,17190.03,15511.0,MCGUIRE-1,8760,0.06720000036300111
United States,McGuire 1-2,PWR,CO2,2000,0.141514224,18447.39,16498.0,MCGUIRE-1,8784,0.06738410927594636
United States,McGuire 1-2,PWR,CO2,2001,0.142400943,18562.980000000003,16406.0,MCGUIRE-1,8760,0.06720000025211469
United States,McGuire 1-2,PWR,CO2,2002,0.138192197,18014.34,15982.0,MCGUIRE-1,8760,0.06719999987343415
United States,McGuire 1-2,PWR,CO2,2003,0.145295298,18940.28,16784.0,MCGUIRE-1,8760,0.06719999970855764
United States,McGuire 1-2,PWR,CO2,2004,0.139865983,18232.53,16105.0,MCGUIRE-1,8784,0.06738410931845444
United States,McGuire 1-2,PWR,CO2,2005,0.1343552,17514.16,15552.0,MCGUIRE-1,8760,0.0672
United States,McGuire 1-2,PWR,CO2,2006,0.141131967,18397.559999999998,16178.0,MCGUIRE-1,8760,0.06719999994129658
United States,McGuire 1-2,PWR,CO2,2007,0.135195124,17623.65,15612.0,MCGUIRE-1,8760,0.06720000035406966
United States,McGuire 1-2,PWR,CO2,2008,0.131006783,17077.67,15063.0,MCGUIRE-1,8784,0.06738410930015629
United States,McGuire 1-2,PWR,CO2,2009,0.145866576,19014.75,16667.0,MCGUIRE-1,8760,0.06720000030292272
United States,McGuire 1-2,PWR,CO2,2010,0.144606038,18850.43,16538.0,MCGUIRE-1,8760,0.06719999983448653
United States,McGuire 1-2,PWR,CO2,2011,0.13697063,17855.1,15684.0,MCGUIRE-1,8760,0.06719999993279233
United States,McGuire 1-2,PWR,CO2,2012,0.138026115,17992.690000000002,15707.0,MCGUIRE-1,8784,0.06738410955560285
United States,McGuire 1-2,PWR,CO2,2013,0.14496743,18897.54,16500.0,MCGUIRE-1,8760,0.06719999993649967
United States,McGuire 1-2,PWR,CO2,2014,0.134902523,17590.1,15150.0,MCGUIRE-1,8760,0.06718245498774879
United States,McGuire 1-2,PWR,CO2,2015,0.149838791,19536.0,16682.0,MCGUIRE-1,8760,0.06718815566953316
United States,McGuire 1-2,PWR,CO2,2016,0.152537019,19884.29,16869.0,MCGUIRE-1,8784,0.06738410951037224
United States,Millstone 2-3,PWR,CO2,1975,0.001033315,134.7,623.0,MILLSTONE-2,8760,0.06719999554565702
United States,Millstone 2-3,PWR,CO2,1976,0.034851945,4543.2,6815.0,MILLSTONE-2,8784,0.06738410919175912
United States,Millstone 2-3,PWR,CO2,1977,0.033336876,4345.7,5756.0,MILLSTONE-2,8760,0.06719999856409785
United States,Millstone 2-3,PWR,CO2,1978,0.034575781,4507.2,5756.0,MILLSTONE-2,8760,0.06720000034611288
United States,Millstone 2-3,PWR,CO2,1979,0.033530192,4370.9,5385.0,MILLSTONE-2,8760,0.06720000043926881
United States,Millstone 2-3,PWR,CO2,1980,0.037468603,4884.3,5947.0,MILLSTONE-2,8784,0.0673841100571218
United States,Millstone 2-3,PWR,CO2,1981,0.04673085,6091.7,7229.0,MILLSTONE-2,8760,0.06720000098494673
United States,Millstone 2-3,PWR,CO2,1982,0.038475836,5015.6,6183.0,MILLSTONE-2,8760,0.06720000066990987
United States,Millstone 2-3,PWR,CO2,1983,0.018981698,2474.4,2993.0,MILLSTONE-2,8760,0.06719999776915617
United States,Millstone 2-3,PWR,CO2,1984,0.050694115,6608.34,8209.0,MILLSTONE-2,8784,0.06738410949799799
United States,Millstone 2-3,PWR,CO2,1985,0.02696937,3515.65,4322.0,MILLSTONE-2,8760,0.0672000003413309
United States,Millstone 2-3,PWR,CO2,1986,0.039620767,5164.85,6352.0,MILLSTONE-2,8760,0.06719999979089421
United States,Millstone 2-3,PWR,CO2,1987,0.104641217,13640.73,14412.0,MILLSTONE-2,8760,0.0672000003606845
United States,Millstone 2-3,PWR,CO2,1988,0.10294457,13419.56,13764.0,MILLSTONE-2,8784,0.0673841096787078
United States,Millstone 2-3,PWR,CO2,1989,0.090874729,11846.17,12341.0,MILLSTONE-2,8760,0.06720000017220756
United States,Millstone 2-3,PWR,CO2,1990,0.103777819,13528.18,14187.0,MILLSTONE-2,8760,0.06719999988468514
United States,Millstone 2-3,PWR,CO2,1991,0.052354936,6824.84,7670.0,MILLSTONE-2,8760,0.06719999873403625
United States,Millstone 2-3,PWR,CO2,1992,0.071486915,9318.83,9498.0,MILLSTONE-2,8784,0.06738410952447893
United States,Millstone 2-3,PWR,CO2,1993,0.098182115,12798.74,13537.0,MILLSTONE-2,8760,0.06719999995312038
United States,Millstone 2-3,PWR,CO2,1994,0.100436383,13092.599999999999,12715.0,MILLSTONE-2,8760,0.06719999962421522
United States,Millstone 2-3,PWR,CO2,1995,0.082344241,10734.16,10356.0,MILLSTONE-2,8760,0.06719999992174516
United States,Millstone 2-3,PWR,CO2,1996,0.027027211,3523.19,3378.0,MILLSTONE-2,8784,0.06738410969150116
United States,Millstone 2-3,PWR,CO2,1998,0.026021283,3392.06,3402.0,MILLSTONE-3,8760,0.06720000208722723
United States,Millstone 2-3,PWR,CO2,1999,0.097737414,12740.77,12639.0,MILLSTONE-2,8760,0.06720000020720882
United States,Millstone 2-3,PWR,CO2,2000,0.125763879,16394.22,16137.0,MILLSTONE-2,8784,0.06738410934683077
United States,Millstone 2-3,PWR,CO2,2001,0.118549008,15453.71,15979.0,MILLSTONE-2,8760,0.06719999987575799
United States,Millstone 2-3,PWR,CO2,2002,0.114727276,14955.52,15088.0,MILLSTONE-2,8760,0.06719999958276275
United States,Millstone 2-3,PWR,CO2,2003,0.123625753,16115.5,15812.0,MILLSTONE-2,8760,0.06719999976916634
United States,Millstone 2-3,PWR,CO2,2004,0.127187047,16579.74,16582.0,MILLSTONE-2,8784,0.06738410981402604
United States,Millstone 2-3,PWR,CO2,2005,0.119748022,15610.01,15489.0,MILLSTONE-2,8760,0.06720000004612425
United States,Millstone 2-3,PWR,CO2,2006,0.127576898,16630.56,16213.0,MILLSTONE-2,8760,0.06719999966808092
United States,Millstone 2-3,PWR,CO2,2007,0.125701896,16386.14,16454.0,MILLSTONE-2,8760,0.0672000000585861
United States,Millstone 2-3,PWR,CO2,2008,0.118673129,15469.89,15335.0,MILLSTONE-2,8784,0.06738410972127146
United States,Millstone 2-3,PWR,CO2,2009,0.127782717,16657.39,15666.0,MILLSTONE-2,8760,0.06719999957496342
United States,Millstone 2-3,PWR,CO2,2010,0.128495529,16750.309999999998,16170.0,MILLSTONE-2,8760,0.0672000001217888
United States,Millstone 2-3,PWR,CO2,2011,0.122484581,15966.74,15294.0,MILLSTONE-2,8760,0.0672000000977031
United States,Millstone 2-3,PWR,CO2,2012,0.131326367,17119.33,16147.0,MILLSTONE-2,8784,0.06738410952578168
United States,Millstone 2-3,PWR,CO2,2013,0.1313424,17121.42,16514.0,MILLSTONE-2,8760,0.06720000000000001
United States,Millstone 2-3,PWR,CO2,2014,0.121789739,15879.240000000002,15210.0,MILLSTONE-2,8760,0.06718697580236838
United States,Millstone 2-3,PWR,CO2,2015,0.133875552,17453.6,16620.0,MILLSTONE-2,8760,0.06719243225008022
United States,Millstone 2-3,PWR,CO2,2016,0.127420789,16610.21,16264.0,MILLSTONE-2,8784,0.06738410956730831
United States,Monticello 1972,BWR,CO2,1972,0.216453082,3717.9,6975.0,MONTICELLO,8784,0.5113972598208666
United States,Monticello 1972,BWR,CO2,1973,0.190469863,3271.6,6242.0,MONTICELLO,8760,0.5099999999633207
United States,Monticello 1972,BWR,CO2,1974,0.17030274,2925.2,6567.0,MONTICELLO,8760,0.5100000008204568
United States,Monticello 1972,BWR,CO2,1975,0.16775274,2881.4,6322.0,MONTICELLO,8760,0.5100000008329285
United States,Monticello 1972,BWR,CO2,1976,0.232073288,3986.2,8033.0,MONTICELLO,8784,0.5113972609984446
United States,Monticello 1972,BWR,CO2,1977,0.207883219,3570.7,7001.0,MONTICELLO,8760,0.5099999995631109
United States,Monticello 1972,BWR,CO2,1978,0.224504795,3856.2,7638.0,MONTICELLO,8760,0.5100000010891551
United States,Monticello 1972,BWR,CO2,1979,0.256146918,4399.7,8549.0,MONTICELLO,8760,0.5100000003818442
United States,Monticello 1972,BWR,CO2,1980,0.20117637,3455.5,6876.0,MONTICELLO,8784,0.5113972606221965
United States,Monticello 1972,BWR,CO2,1981,0.189928425,3262.3,6362.0,MONTICELLO,8760,0.5100000009195966
United States,Monticello 1972,BWR,CO2,1982,0.141187329,2425.1,5543.0,MONTICELLO,8760,0.5100000008412024
United States,Monticello 1972,BWR,CO2,1983,0.241475685,4147.7,8438.0,MONTICELLO,8760,0.5100000001446584
United States,Monticello 1972,BWR,CO2,1984,0.016250719,279.13,808.0,MONTICELLO,8784,0.5113972546698672
United States,Monticello 1972,BWR,CO2,1985,0.249585034,4286.99,8028.0,MONTICELLO,8760,0.50999999949615
United States,Monticello 1972,BWR,CO2,1986,0.196775582,3379.91,6926.0,MONTICELLO,8760,0.5099999995029454
United States,Monticello 1972,BWR,CO2,1987,0.20584089,3535.62,7051.0,MONTICELLO,8760,0.509999998981791
United States,Monticello 1972,BWR,CO2,1988,0.266270068,4573.58,8759.0,MONTICELLO,8784,0.5113972593268293
United States,Monticello 1972,BWR,CO2,1989,0.15430411,2650.4,6578.0,MONTICELLO,8760,0.5100000013582855
United States,Monticello 1972,BWR,CO2,1990,0.262331541,4505.93,8414.0,MONTICELLO,8760,0.5099999998135789
United States,Monticello 1972,BWR,CO2,1991,0.209387021,3596.53,6996.0,MONTICELLO,8760,0.5100000011010614
United States,Monticello 1972,BWR,CO2,1992,0.259289007,4453.67,8527.0,MONTICELLO,8784,0.5113972605711694
United States,Monticello 1972,BWR,CO2,1993,0.224981027,3864.38,7322.0,MONTICELLO,8760,0.5099999990994675
United States,Monticello 1972,BWR,CO2,1994,0.230325548,3956.18,7508.0,MONTICELLO,8760,0.5100000001213292
United States,Monticello 1972,BWR,CO2,1995,0.276905548,4756.26,8760.0,MONTICELLO,8760,0.5100000001009196
United States,Monticello 1972,BWR,CO2,1996,0.225479384,3872.94,7443.0,MONTICELLO,8784,0.5113972612681839
United States,Monticello 1972,BWR,CO2,1997,0.213175342,3661.6,6609.0,MONTICELLO,8760,0.509999998885733
United States,Monticello 1972,BWR,CO2,1998,0.239800719,4118.93,7659.0,MONTICELLO,8760,0.5099999996212607
United States,Monticello 1972,BWR,CO2,1999,0.270680753,4649.34,8092.0,MONTICELLO,8760,0.5099999991998865
United States,Monticello 1972,BWR,CO2,2000,0.247514178,4251.42,7332.0,MONTICELLO,8784,0.5113972601041534
United States,Monticello 1972,BWR,CO2,2001,0.225924178,3880.58,6774.0,MONTICELLO,8760,0.5099999998144608
United States,Monticello 1972,BWR,CO2,2002,0.292001781,5015.56,8620.0,MONTICELLO,8760,0.5100000003110321
United States,Monticello 1972,BWR,CO2,2003,0.267369247,4592.46,7969.0,MONTICELLO,8760,0.5100000008100233
United States,Monticello 1972,BWR,CO2,2004,0.293126575,5034.88,8689.0,MONTICELLO,8784,0.5113972596764967
United States,Monticello 1972,BWR,CO2,2005,0.260526164,4474.92,7826.0,MONTICELLO,8760,0.5099999992491485
United States,Monticello 1972,BWR,CO2,2006,0.295322021,5072.59,8760.0,MONTICELLO,8760,0.5100000007806662
United States,Monticello 1972,BWR,CO2,2007,0.244070514,4192.27,7327.0,MONTICELLO,8760,0.5100000006297304
United States,Monticello 1972,BWR,CO2,2008,0.283994315,4878.02,8398.0,MONTICELLO,8784,0.5113972601506349
United States,Monticello 1972,BWR,CO2,2009,0.241300445,4144.69,7421.0,MONTICELLO,8760,0.5099999995657094
United States,Monticello 1972,BWR,CO2,2010,0.273345445,4695.11,8504.0,MONTICELLO,8760,0.5099999996166225
United States,Monticello 1972,BWR,CO2,2011,0.195528527,3358.49,6045.0,MONTICELLO,8760,0.5099999989638201
United States,Monticello 1972,BWR,CO2,2012,0.284713322,4890.37,8552.0,MONTICELLO,8784,0.511397260421604
United States,Monticello 1972,BWR,CO2,2013,0.174557397,2998.28,5419.0,MONTICELLO,8760,0.5099999992395641
United States,Monticello 1972,BWR,CO2,2014,0.251737979,4323.97,8304.0,MONTICELLO,8760,0.5099999990841749
United States,Monticello 1972,BWR,CO2,2015,0.271506884,4663.53,7407.0,MONTICELLO,8760,0.5100000008234107
United States,Monticello 1972,BWR,CO2,2016,0.325896986,5597.76,8784.0,MONTICELLO,8784,0.5113972598010632
United States,Nine Mile Point 1-2,BWR,CO2,1972,0.194731507,3344.8,6101.0,NINE MILE POINT-1,8784,0.5113972606696962
United States,Nine Mile Point 1-2,BWR,CO2,1973,0.203429452,3494.2,6682.0,NINE MILE POINT-1,8760,0.5099999998626296
United States,Nine Mile Point 1-2,BWR,CO2,1974,0.190883219,3278.7,6177.0,NINE MILE POINT-1,8760,0.5099999995242016
United States,Nine Mile Point 1-2,BWR,CO2,1975,0.177271575,3044.9,6235.0,NINE MILE POINT-1,8760,0.5099999990147459
United States,Nine Mile Point 1-2,BWR,CO2,1976,0.239443836,4112.8,7724.0,NINE MILE POINT-1,8784,0.5113972610931724
United States,Nine Mile Point 1-2,BWR,CO2,1977,0.172142466,2956.8,5171.0,NINE MILE POINT-1,8760,0.5100000007305194
United States,Nine Mile Point 1-2,BWR,CO2,1978,0.260088356,4467.4,8329.0,NINE MILE POINT-1,8760,0.509999999677665
United States,Nine Mile Point 1-2,BWR,CO2,1979,0.174971918,3005.4,5785.0,NINE MILE POINT-1,8760,0.5100000005589939
United States,Nine Mile Point 1-2,BWR,CO2,1980,0.264157877,4537.3,8097.0,NINE MILE POINT-1,8784,0.5113972608308905
United States,Nine Mile Point 1-2,BWR,CO2,1981,0.190394178,3270.3,5780.0,NINE MILE POINT-1,8760,0.5099999997798367
United States,Nine Mile Point 1-2,BWR,CO2,1982,0.066067123,1134.8,1872.0,NINE MILE POINT-1,8760,0.5099999977793445
United States,Nine Mile Point 1-2,BWR,CO2,1983,0.163130137,2802.0,4925.0,NINE MILE POINT-1,8760,0.5100000000428265
United States,Nine Mile Point 1-2,BWR,CO2,1984,0.211640103,3635.23,6316.0,NINE MILE POINT-1,8784,0.5113972609028865
United States,Nine Mile Point 1-2,BWR,CO2,1985,0.287154452,4932.3,8441.0,NINE MILE POINT-1,8760,0.5099999999026823
United States,Nine Mile Point 1-2,BWR,CO2,1986,0.183208767,3146.88,5722.0,NINE MILE POINT-1,8760,0.5099999996568029
United States,Nine Mile Point 1-2,BWR,CO2,1987,0.268691404,4615.17,8130.0,NINE MILE POINT-1,8760,0.5099999997919903
United States,Nine Mile Point 1-2,BWR,CO2,1988,0.147909315,2540.56,2800.0,NINE MILE POINT-2,8784,0.5113972600371572
United States,Nine Mile Point 1-2,BWR,CO2,1989,0.249660137,4288.28,4824.0,NINE MILE POINT-2,8760,0.5100000000279833
United States,Nine Mile Point 1-2,BWR,CO2,1990,0.317707295,5457.09,7740.0,NINE MILE POINT-1,8760,0.5100000007696409
United States,Nine Mile Point 1-2,BWR,CO2,1991,0.607600959,10436.44,13337.0,NINE MILE POINT-1,8760,0.5100000000804872
United States,Nine Mile Point 1-2,BWR,CO2,1992,0.470123356,8075.06,10221.0,NINE MILE POINT-1,8784,0.5113972600951572
United States,Nine Mile Point 1-2,BWR,CO2,1993,0.67210839,11544.45,14565.0,NINE MILE POINT-1,8760,0.5099999996881618
United States,Nine Mile Point 1-2,BWR,CO2,1994,0.772792637,13273.849999999999,16633.0,NINE MILE POINT-1,8760,0.5100000000090404
United States,Nine Mile Point 1-2,BWR,CO2,1995,0.662611096,11381.32,14229.0,NINE MILE POINT-1,8760,0.5100000000843488
United States,Nine Mile Point 1-2,BWR,CO2,1996,0.778662295,13374.67,15944.0,NINE MILE POINT-1,8784,0.5113972605888594
United States,Nine Mile Point 1-2,BWR,CO2,1997,0.673977808,11576.56,12899.0,NINE MILE POINT-1,8760,0.5099999998341477
United States,Nine Mile Point 1-2,BWR,CO2,1998,0.707545822,12153.14,15113.0,NINE MILE POINT-1,8760,0.510000000059244
United States,Nine Mile Point 1-2,BWR,CO2,1999,0.718841507,12347.16,13972.0,NINE MILE POINT-1,8760,0.5100000001069072
United States,Nine Mile Point 1-2,BWR,CO2,2000,0.738415377,12683.37,15264.0,NINE MILE POINT-1,8784,0.5113972604732022
United States,Nine Mile Point 1-2,BWR,CO2,2001,0.77063911,13236.86,15340.0,NINE MILE POINT-1,8760,0.5100000002719678
United States,Nine Mile Point 1-2,BWR,CO2,2002,0.775599384,13322.060000000001,15667.0,NINE MILE POINT-1,8760,0.5100000002882437
United States,Nine Mile Point 1-2,BWR,CO2,2003,0.810890685,13928.240000000002,15821.0,NINE MILE POINT-1,8760,0.510000000043078
United States,Nine Mile Point 1-2,BWR,CO2,2004,0.793625788,13631.689999999999,16046.0,NINE MILE POINT-1,8784,0.5113972604858239
United States,Nine Mile Point 1-2,BWR,CO2,2005,0.847136199,14550.810000000001,16427.0,NINE MILE POINT-1,8760,0.510000000222668
United States,Nine Mile Point 1-2,BWR,CO2,2006,0.840016575,14428.52,16813.0,NINE MILE POINT-1,8760,0.5099999997920784
United States,Nine Mile Point 1-2,BWR,CO2,2007,0.812973767,13964.02,16196.0,NINE MILE POINT-1,8760,0.5099999999226584
United States,Nine Mile Point 1-2,BWR,CO2,2008,0.839742363,14423.81,16770.0,NINE MILE POINT-1,8784,0.5113972602656303
United States,Nine Mile Point 1-2,BWR,CO2,2009,0.868309932,14914.5,16976.0,NINE MILE POINT-1,8760,0.510000000289651
United States,Nine Mile Point 1-2,BWR,CO2,2010,0.82898637,14239.06,16611.0,NINE MILE POINT-1,8760,0.5100000000842753
United States,Nine Mile Point 1-2,BWR,CO2,2011,0.824582089,14163.41,16121.0,NINE MILE POINT-1,8760,0.5099999999745823
United States,Nine Mile Point 1-2,BWR,CO2,2012,0.769470651,13216.79,15070.0,NINE MILE POINT-1,8784,0.51139726048337
United States,Nine Mile Point 1-2,BWR,CO2,2013,0.920506336,15811.05,16555.0,NINE MILE POINT-1,8760,0.5100000002125097
United States,Nine Mile Point 1-2,BWR,CO2,2014,0.886258322,15222.79,16515.0,NINE MILE POINT-1,8760,0.5100000000472975
United States,Nine Mile Point 1-2,BWR,CO2,2015,0.930093288,15975.72,16686.0,NINE MILE POINT-1,8760,0.5100000001802736
United States,Nine Mile Point 1-2,BWR,CO2,2016,0.900423048,15466.09,16656.0,NINE MILE POINT-1,8784,0.5113972603050932
United States,North Anna 1-2,PWR,CO2,1978,0.030466302,3971.5,5420.0,NORTH ANNA-1,8760,0.06720000138990305
United States,North Anna 1-2,PWR,CO2,1979,0.032132493,4188.7,5399.0,NORTH ANNA-1,8760,0.06719999968486642
United States,North Anna 1-2,PWR,CO2,1980,0.051500822,6713.5,9290.0,NORTH ANNA-1,8784,0.06738410969658153
United States,North Anna 1-2,PWR,CO2,1981,0.078941589,10290.599999999999,12516.0,NORTH ANNA-1,8760,0.06719999996501663
United States,North Anna 1-2,PWR,CO2,1982,0.049441864,6445.1,8017.0,NORTH ANNA-1,8760,0.06720000134055329
United States,North Anna 1-2,PWR,CO2,1983,0.085249643,11112.9,13329.0,NORTH ANNA-1,8760,0.06719999934130605
United States,North Anna 1-2,PWR,CO2,1984,0.065220745,8501.99,10321.0,NORTH ANNA-1,8784,0.06738410937674592
United States,North Anna 1-2,PWR,CO2,1985,0.096753578,12612.52,15072.0,NORTH ANNA-1,8760,0.06719999994291387
United States,North Anna 1-2,PWR,CO2,1986,0.094607704,12332.79,14535.0,NORTH ANNA-1,8760,0.06719999992215872
United States,North Anna 1-2,PWR,CO2,1987,0.070746871,9222.36,11306.0,NORTH ANNA-1,8760,0.06719999977879848
United States,North Anna 1-2,PWR,CO2,1988,0.113390641,14781.279999999999,16468.0,NORTH ANNA-1,8784,0.06738410953205677
United States,North Anna 1-2,PWR,CO2,1989,0.078245271,10199.83,11865.0,NORTH ANNA-1,8760,0.06719999979999666
United States,North Anna 1-2,PWR,CO2,1990,0.101338443,13210.189999999999,15708.0,NORTH ANNA-1,8760,0.06719999944588231
United States,North Anna 1-2,PWR,CO2,1991,0.102104724,13310.08,15088.0,NORTH ANNA-1,8760,0.0672000004688176
United States,North Anna 1-2,PWR,CO2,1992,0.08962171,11682.83,14462.0,NORTH ANNA-1,8784,0.06738410989802984
United States,North Anna 1-2,PWR,CO2,1993,0.091424757,11917.869999999999,13747.0,NORTH ANNA-1,8760,0.06720000061420371
United States,North Anna 1-2,PWR,CO2,1994,0.109591003,14285.970000000001,16529.0,NORTH ANNA-1,8760,0.06720000015959714
United States,North Anna 1-2,PWR,CO2,1995,0.106406443,13870.84,15819.0,NORTH ANNA-1,8760,0.06719999947227422
United States,North Anna 1-2,PWR,CO2,1996,0.100240307,13067.04,14844.0,NORTH ANNA-1,8784,0.06738410969033537
United States,North Anna 1-2,PWR,CO2,1997,0.115009578,14992.32,16730.0,NORTH ANNA-1,8760,0.06719999995197541
United States,North Anna 1-2,PWR,CO2,1998,0.109722795,14303.150000000001,16140.0,NORTH ANNA-1,8760,0.0672000002936416
United States,North Anna 1-2,PWR,CO2,1999,0.117443507,15309.6,16794.0,NORTH ANNA-1,8760,0.06720000008622042
United States,North Anna 1-2,PWR,CO2,2000,0.116847683,15231.93,16726.0,NORTH ANNA-1,8784,0.06738411005512761
United States,North Anna 1-2,PWR,CO2,2001,0.100466992,13096.59,14786.0,NORTH ANNA-1,8760,0.06720000014660306
United States,North Anna 1-2,PWR,CO2,2002,0.104896669,13674.029999999999,14760.0,NORTH ANNA-1,8760,0.06720000032470311
United States,North Anna 1-2,PWR,CO2,2003,0.105730071,13782.67,15150.0,NORTH ANNA-1,8760,0.06719999985198803
United States,North Anna 1-2,PWR,CO2,2004,0.113584033,14806.490000000002,16100.0,NORTH ANNA-1,8784,0.06738410966218192
United States,North Anna 1-2,PWR,CO2,2005,0.118024986,15385.4,16778.0,NORTH ANNA-1,8760,0.06719999982840874
United States,North Anna 1-2,PWR,CO2,2006,0.115783145,15093.16,16593.0,NORTH ANNA-1,8760,0.06719999988074069
United States,North Anna 1-2,PWR,CO2,2007,0.107296997,13986.93,15378.0,NORTH ANNA-1,8760,0.06719999983699068
United States,North Anna 1-2,PWR,CO2,2008,0.110722126,14433.42,15916.0,NORTH ANNA-1,8784,0.06738410957236747
United States,North Anna 1-2,PWR,CO2,2009,0.116622762,15202.61,16705.0,NORTH ANNA-1,8760,0.06720000020522791
United States,North Anna 1-2,PWR,CO2,2010,0.102790378,13399.46,14589.0,NORTH ANNA-1,8760,0.06719999994626649
United States,North Anna 1-2,PWR,CO2,2011,0.096032483,12518.52,13316.0,NORTH ANNA-1,8760,0.06720000056556207
United States,North Anna 1-2,PWR,CO2,2012,0.117624471,15333.189999999999,16005.0,NORTH ANNA-1,8784,0.06738410945563188
United States,North Anna 1-2,PWR,CO2,2013,0.115108997,15005.279999999999,15564.0,NORTH ANNA-1,8760,0.0671999998480535
United States,North Anna 1-2,PWR,CO2,2014,0.121893414,15888.65,16459.0,NORTH ANNA-1,8760,0.06720434439930391
United States,North Anna 1-2,PWR,CO2,2015,0.124794064,16270.63,16901.0,NORTH ANNA-1,8760,0.06718830190594956
United States,North Anna 1-2,PWR,CO2,2016,0.11599955,15121.369999999999,15760.0,NORTH ANNA-1,8784,0.06738410919116457
United States,Oconee 1-2-3,PWR,CO2,1973,0.018045041,2352.3,4752.0,OCONEE-1,8760,0.06719999964290269
United States,Oconee 1-2-3,PWR,CO2,1974,0.04868011,6345.8,7927.0,OCONEE-1,8760,0.06720000056730435
United States,Oconee 1-2-3,PWR,CO2,1975,0.117425864,15307.3,19831.0,OCONEE-1,8760,0.06720000056443659
United States,Oconee 1-2-3,PWR,CO2,1976,0.099680767,12994.1,16584.0,OCONEE-1,8784,0.06738410950569874
United States,Oconee 1-2-3,PWR,CO2,1977,0.100091945,13047.7,17315.0,OCONEE-1,8760,0.06719999986204465
United States,Oconee 1-2-3,PWR,CO2,1978,0.122010192,15904.9,19898.0,OCONEE-1,8760,0.06720000012071753
United States,Oconee 1-2-3,PWR,CO2,1979,0.109316603,14250.2,17790.0,OCONEE-1,8760,0.06720000015999775
United States,Oconee 1-2-3,PWR,CO2,1980,0.109122521,14224.900000000001,18445.0,OCONEE-1,8784,0.06738410986818888
United States,Oconee 1-2-3,PWR,CO2,1981,0.106350136,13863.5,17542.0,OCONEE-1,8760,0.06719999937678076
United States,Oconee 1-2-3,PWR,CO2,1982,0.08230389,10728.9,13741.0,OCONEE-1,8760,0.0671999996644577
United States,Oconee 1-2-3,PWR,CO2,1983,0.137453917,17918.1,21588.0,OCONEE-1,8760,0.06719999960486883
United States,Oconee 1-2-3,PWR,CO2,1984,0.144427683,18827.18,22570.0,OCONEE-1,8784,0.06738410996612344
United States,Oconee 1-2-3,PWR,CO2,1985,0.130308702,16986.67,21149.0,OCONEE-1,8760,0.06720000032496071
United States,Oconee 1-2-3,PWR,CO2,1986,0.127813096,16661.35,20820.0,OCONEE-1,8760,0.06720000005761838
United States,Oconee 1-2-3,PWR,CO2,1987,0.125457183,16354.24,21326.0,OCONEE-1,8760,0.06719999969916059
United States,Oconee 1-2-3,PWR,CO2,1988,0.143436098,18697.92,22812.0,OCONEE-1,8784,0.06738410929301229
United States,Oconee 1-2-3,PWR,CO2,1989,0.140334619,18293.620000000003,22121.0,OCONEE-1,8760,0.06719999991472436
United States,Oconee 1-2-3,PWR,CO2,1990,0.154590915,20152.03,23932.0,OCONEE-1,8760,0.06719999997022633
United States,Oconee 1-2-3,PWR,CO2,1991,0.146098707,19045.01,22696.0,OCONEE-1,8760,0.0672000000693095
United States,Oconee 1-2-3,PWR,CO2,1992,0.135572548,17672.85,21231.0,OCONEE-1,8784,0.06738410961627582
United States,Oconee 1-2-3,PWR,CO2,1993,0.154614389,20155.09,23832.0,OCONEE-1,8760,0.06719999998213849
United States,Oconee 1-2-3,PWR,CO2,1994,0.137376669,17908.03,21375.0,OCONEE-1,8760,0.06720000024793348
United States,Oconee 1-2-3,PWR,CO2,1995,0.151907671,19802.25,23425.0,OCONEE-1,8760,0.0671999998969814
United States,Oconee 1-2-3,PWR,CO2,1996,0.118543331,15452.970000000001,18339.0,OCONEE-1,8784,0.06738410930093049
United States,Oconee 1-2-3,PWR,CO2,1997,0.105277315,13723.65,17089.0,OCONEE-1,8760,0.06719999995627986
United States,Oconee 1-2-3,PWR,CO2,1998,0.13376674,17437.45,21057.0,OCONEE-1,8760,0.06720000013763479
United States,Oconee 1-2-3,PWR,CO2,1999,0.152195189,19839.73,23433.0,OCONEE-1,8760,0.0671999999818546
United States,Oconee 1-2-3,PWR,CO2,2000,0.156416745,20390.04,23958.0,OCONEE-1,8784,0.06738410950052083
United States,Oconee 1-2-3,PWR,CO2,2001,0.146133841,19049.59,22401.0,OCONEE-1,8760,0.06719999995590456
United States,Oconee 1-2-3,PWR,CO2,2002,0.158672471,20684.09,24219.0,OCONEE-1,8760,0.06719999990137347
United States,Oconee 1-2-3,PWR,CO2,2003,0.146868515,19145.36,22515.0,OCONEE-1,8760,0.06719999996866081
United States,Oconee 1-2-3,PWR,CO2,2004,0.143324636,18683.39,21899.0,OCONEE-1,8784,0.06738410976937269
United States,Oconee 1-2-3,PWR,CO2,2005,0.15831806,20637.89,24082.0,OCONEE-1,8760,0.06719999988370905
United States,Oconee 1-2-3,PWR,CO2,2006,0.152868264,19927.47,23240.0,OCONEE-1,8760,0.06720000043357235
United States,Oconee 1-2-3,PWR,CO2,2007,0.157771102,20566.59,23938.0,OCONEE-1,8760,0.06720000026839647
United States,Oconee 1-2-3,PWR,CO2,2008,0.15488549,20190.43,23751.0,OCONEE-1,8784,0.06738410941025029
United States,Oconee 1-2-3,PWR,CO2,2009,0.160315957,20898.329999999998,24194.0,OCONEE-1,8760,0.06720000035026724
United States,Oconee 1-2-3,PWR,CO2,2010,0.160685786,20946.54,24413.0,OCONEE-1,8760,0.06719999987396487
United States,Oconee 1-2-3,PWR,CO2,2011,0.156012778,20337.38,23744.0,OCONEE-1,8760,0.0671999999645972
United States,Oconee 1-2-3,PWR,CO2,2012,0.158417786,20650.89,24127.0,OCONEE-1,8784,0.06738410946085133
United States,Oconee 1-2-3,PWR,CO2,2013,0.161288822,21025.15,24415.0,OCONEE-1,8760,0.0672000000342447
United States,Oconee 1-2-3,PWR,CO2,2014,0.162596203,21193.38,24613.0,OCONEE-1,8760,0.0672069645464763
United States,Oconee 1-2-3,PWR,CO2,2015,0.168312283,21939.73,25543.0,OCONEE-1,8760,0.06720299653095092
United States,Oconee 1-2-3,PWR,CO2,2016,0.162454543,21177.11,24669.0,OCONEE-1,8784,0.06738410981063989
United States,Oyster Creek 1972,BWR,CO2,1972,0.262207534,4503.8,7137.0,OYSTER CREEK,8784,0.5113972597930637
United States,Oyster Creek 1972,BWR,CO2,1973,0.20894863,3589.0,6401.0,OYSTER CREEK,8760,0.509999999665645
United States,Oyster Creek 1972,BWR,CO2,1974,0.214223288,3679.6,6163.0,OYSTER CREEK,8760,0.5100000007826938
United States,Oyster Creek 1972,BWR,CO2,1975,0.183314726,3148.7,6414.0,OYSTER CREEK,8760,0.5099999999237781
United States,Oyster Creek 1972,BWR,CO2,1976,0.224731849,3860.1,6966.0,OYSTER CREEK,8784,0.5113972595570063
United States,Oyster Creek 1972,BWR,CO2,1977,0.189165753,3249.2,6136.0,OYSTER CREEK,8760,0.5099999988551028
United States,Oyster Creek 1972,BWR,CO2,1978,0.212249658,3645.7,6508.0,OYSTER CREEK,8760,0.5100000011191267
United States,Oyster Creek 1972,BWR,CO2,1979,0.265671575,4563.3,7520.0,OYSTER CREEK,8760,0.509999999342581
United States,Oyster Creek 1972,BWR,CO2,1980,0.113952397,1957.3,3662.0,OYSTER CREEK,8784,0.5113972591059112
United States,Oyster Creek 1972,BWR,CO2,1981,0.153052397,2628.9,5237.0,OYSTER CREEK,8760,0.5099999991327171
United States,Oyster Creek 1972,BWR,CO2,1982,0.117195205,2013.0,5474.0,OYSTER CREEK,8760,0.5099999979135619
United States,Oyster Creek 1972,BWR,CO2,1983,0.013128425,225.5,1007.0,OYSTER CREEK,8760,0.5100000133037694
United States,Oyster Creek 1972,BWR,CO2,1984,0.017767911,305.19,842.0,OYSTER CREEK,8784,0.5113972614567974
United States,Oyster Creek 1972,BWR,CO2,1985,0.218090788,3746.03,6518.0,OYSTER CREEK,8760,0.5100000007688139
United States,Oyster Creek 1972,BWR,CO2,1986,0.076714829,1317.69,2310.0,OYSTER CREEK,8760,0.5100000015481638
United States,Oyster Creek 1972,BWR,CO2,1987,0.181259007,3113.39,5421.0,OYSTER CREEK,8760,0.5100000004239751
United States,Oyster Creek 1972,BWR,CO2,1988,0.20652089,3547.3,5749.0,OYSTER CREEK,8784,0.5113972592563358
United States,Oyster Creek 1972,BWR,CO2,1989,0.140314623,2410.11,4686.0,OYSTER CREEK,8760,0.5099999989544045
United States,Oyster Creek 1972,BWR,CO2,1990,0.250636473,4305.05,7678.0,OYSTER CREEK,8760,0.5100000008083531
United States,Oyster Creek 1972,BWR,CO2,1991,0.172028356,2954.84,5167.0,OYSTER CREEK,8760,0.509999999512664
United States,Oyster Creek 1972,BWR,CO2,1992,0.26384,4531.84,7463.0,OYSTER CREEK,8784,0.5113972602739726
United States,Oyster Creek 1972,BWR,CO2,1993,0.271736849,4667.48,7654.0,OYSTER CREEK,8760,0.5099999994086746
United States,Oyster Creek 1972,BWR,CO2,1994,0.211526575,3633.28,6096.0,OYSTER CREEK,8760,0.5099999991742997
United States,Oyster Creek 1972,BWR,CO2,1995,0.302395068,5194.08,8511.0,OYSTER CREEK,8760,0.5099999991682839
United States,Oyster Creek 1972,BWR,CO2,1996,0.252636301,4339.4,7104.0,OYSTER CREEK,8784,0.51139725952528
United States,Oyster Creek 1972,BWR,CO2,1997,0.295362192,5073.28,8164.0,OYSTER CREEK,8760,0.5100000003784535
United States,Oyster Creek 1972,BWR,CO2,1998,0.250472295,4302.23,7094.0,OYSTER CREEK,8760,0.510000000976238
United States,Oyster Creek 1972,BWR,CO2,1999,0.313714623,5388.51,8760.0,OYSTER CREEK,8760,0.5099999995323383
United States,Oyster Creek 1972,BWR,CO2,2000,0.227532192,3908.2,7073.0,OYSTER CREEK,8784,0.5113972607665933
United States,Oyster Creek 1972,BWR,CO2,2001,0.304274966,5226.37,8497.0,OYSTER CREEK,8760,0.5100000004132887
United States,Oyster Creek 1972,BWR,CO2,2002,0.292916404,5031.27,8215.0,OYSTER CREEK,8760,0.5099999998091933
United States,Oyster Creek 1972,BWR,CO2,2003,0.30601863,5256.32,8468.0,OYSTER CREEK,8760,0.5099999997717035
United States,Oyster Creek 1972,BWR,CO2,2004,0.28218661,4846.97,7973.0,OYSTER CREEK,8784,0.5113972610187395
United States,Oyster Creek 1972,BWR,CO2,2005,0.312922842,5374.91,8706.0,OYSTER CREEK,8760,0.5099999992409175
United States,Oyster Creek 1972,BWR,CO2,2006,0.270400719,4644.53,7775.0,OYSTER CREEK,8760,0.5099999996641211
United States,Oyster Creek 1972,BWR,CO2,2007,0.295632911,5077.93,8435.0,OYSTER CREEK,8760,0.5100000000708951
United States,Oyster Creek 1972,BWR,CO2,2008,0.271534829,4664.01,7924.0,OYSTER CREEK,8784,0.5113972607125628
United States,Oyster Creek 1972,BWR,CO2,2009,0.289838356,4978.4,8320.0,OYSTER CREEK,8760,0.5099999997107505
United States,Oyster Creek 1972,BWR,CO2,2010,0.268097568,4604.97,7661.0,OYSTER CREEK,8760,0.5099999990618831
United States,Oyster Creek 1972,BWR,CO2,2011,0.308471404,5298.45,8541.0,OYSTER CREEK,8760,0.5099999998188149
United States,Oyster Creek 1972,BWR,CO2,2012,0.274689144,4718.19,7663.0,OYSTER CREEK,8784,0.5113972605800106
United States,Oyster Creek 1972,BWR,CO2,2013,0.297889486,5116.69,8324.0,OYSTER CREEK,8760,0.5099999994840414
United States,Oyster Creek 1972,BWR,CO2,2014,0.281404144,4833.53,7859.0,OYSTER CREEK,8760,0.510000000297919
United States,Oyster Creek 1972,BWR,CO2,2015,0.307152158,5275.79,8484.0,OYSTER CREEK,8760,0.510000000773344
United States,Oyster Creek 1972,BWR,CO2,2016,0.266946575,4585.2,7553.0,OYSTER CREEK,8784,0.5113972596179012
United States,Palisades,PWR,CO2,1972,0.014568438,1899.1,4990.0,PALISADES,8784,0.06738410794165657
United States,Palisades,PWR,CO2,1973,0.018497643,2411.3,3829.0,PALISADES,8760,0.06719999696429312
United States,Palisades,PWR,CO2,1974,0.000715726,93.3,317.0,PALISADES,8760,0.06719999742765273
United States,Palisades,PWR,CO2,1975,0.018624219,2427.8,5649.0,PALISADES,8760,0.06719999935744295
United States,Palisades,PWR,CO2,1976,0.021839233,2846.9,4847.0,PALISADES,8784,0.06738410996944044
United States,Palisades,PWR,CO2,1977,0.03900515,5084.6,8004.0,PALISADES,8760,0.06719999881996616
United States,Palisades,PWR,CO2,1978,0.02013085,2624.2,4346.0,PALISADES,8760,0.0672000022864111
United States,Palisades,PWR,CO2,1979,0.026338411,3433.4,5241.0,PALISADES,8760,0.06720000010485233
United States,Palisades,PWR,CO2,1980,0.01825063,2379.1,3764.0,PALISADES,8784,0.06738410908326678
United States,Palisades,PWR,CO2,1981,0.026563178,3462.7,5009.0,PALISADES,8760,0.06719999979206978
United States,Palisades,PWR,CO2,1982,0.025660274,3345.0,4788.0,PALISADES,8760,0.06720000007174888
United States,Palisades,PWR,CO2,1983,0.028920548,3770.0,5282.0,PALISADES,8760,0.06720000012732096
United States,Palisades,PWR,CO2,1984,0.006225589,811.55,1334.0,PALISADES,8784,0.06738410914423018
United States,Palisades,PWR,CO2,1985,0.040671343,5301.8,7342.0,PALISADES,8760,0.06720000088271907
United States,Palisades,PWR,CO2,1986,0.006453348,841.24,1323.0,PALISADES,8760,0.06720000057058628
United States,Palisades,PWR,CO2,1987,0.020209326,2634.43,3980.0,PALISADES,8760,0.0671999999088987
United States,Palisades,PWR,CO2,1988,0.026352372,3435.22,4853.0,PALISADES,8784,0.06738410804781061
United States,Palisades,PWR,CO2,1989,0.027906257,3637.78,6019.0,PALISADES,8760,0.06719999871350109
United States,Palisades,PWR,CO2,1990,0.023075759,3008.09,5073.0,PALISADES,8760,0.06720000027924695
United States,Palisades,PWR,CO2,1991,0.037388362,4873.84,6693.0,PALISADES,8760,0.06720000064015233
United States,Palisades,PWR,CO2,1992,0.037321085,4865.07,6293.0,PALISADES,8784,0.06738410971270711
United States,Palisades,PWR,CO2,1993,0.027199507,3545.65,4595.0,PALISADES,8760,0.06720000037228717
United States,Palisades,PWR,CO2,1994,0.034626641,4513.83,5860.0,PALISADES,8760,0.06719999981390526
United States,Palisades,PWR,CO2,1995,0.035774948,4663.52,6491.0,PALISADES,8760,0.06720000010292654
United States,Palisades,PWR,CO2,1996,0.04076754,5314.34,7068.0,PALISADES,8784,0.06738411004188666
United States,Palisades,PWR,CO2,1997,0.044519693,5803.46,7714.0,PALISADES,8760,0.06719999977254948
United States,Palisades,PWR,CO2,1998,0.041352395,5390.58,7142.0,PALISADES,8760,0.06720000077913695
United States,Palisades,PWR,CO2,1999,0.039340843,5128.36,6910.0,PALISADES,8760,0.06719999857264311
United States,Palisades,PWR,CO2,2000,0.0440944,5748.02,7672.0,PALISADES,8784,0.06738410958904109
United States,Palisades,PWR,CO2,2001,0.018070586,2355.63,3118.0,PALISADES,8760,0.06719999887928069
United States,Palisades,PWR,CO2,2002,0.048860921,6369.37,8187.0,PALISADES,8760,0.06720000062172554
United States,Palisades,PWR,CO2,2003,0.047240603,6158.15,7914.0,PALISADES,8760,0.06720000037024106
United States,Palisades,PWR,CO2,2004,0.041011485,5346.14,7164.0,PALISADES,8784,0.06738410970157907
United States,Palisades,PWR,CO2,2005,0.050981786,6645.84,8443.0,PALISADES,8760,0.06719999960275902
United States,Palisades,PWR,CO2,2006,0.045391529,5917.11,7498.0,PALISADES,8760,0.0672000003447629
United States,Palisades,PWR,CO2,2007,0.044692757,5826.02,7427.0,PALISADES,8760,0.06720000125643234
United States,Palisades,PWR,CO2,2008,0.052449983,6837.23,8599.0,PALISADES,8784,0.06738410886747996
United States,Palisades,PWR,CO2,2009,0.04693805,6118.71,7695.0,PALISADES,8760,0.06720000098059885
United States,Palisades,PWR,CO2,2010,0.047873557,6240.66,7915.0,PALISADES,8760,0.06720000117295286
United States,Palisades,PWR,CO2,2011,0.050944734,6641.01,8407.0,PALISADES,8760,0.06719999967474827
United States,Palisades,PWR,CO2,2012,0.039723255,5178.21,6702.0,PALISADES,8784,0.06738410993760392
United States,Palisades,PWR,CO2,2013,0.046347288,6041.7,7567.0,PALISADES,8760,0.06720000047668702
United States,Palisades,PWR,CO2,2014,0.044740291,5830.36,7286.0,PALISADES,8760,0.06722139784850337
United States,Palisades,PWR,CO2,2015,0.048454494,6318.52,7948.0,PALISADES,8760,0.06717734017459784
United States,Palisades,PWR,CO2,2016,0.054015376,7041.29,8784.0,PALISADES,8784,0.0673841104093142
United States,Palo Verde 1-3,PWR,CO2,1985,0.008650466,1127.65,2019.0,PALO VERDE-1,8760,0.06720000191548797
United States,Palo Verde 1-3,PWR,CO2,1986,0.048058357,6264.75,5349.0,PALO VERDE-1,8760,0.06720000116844248
United States,Palo Verde 1-3,PWR,CO2,1987,0.10324183,13458.310000000001,11360.0,PALO VERDE-1,8760,0.06719999991083575
United States,Palo Verde 1-3,PWR,CO2,1988,0.17990069,23451.34,19375.0,PALO VERDE-1,8784,0.06738410943511117
United States,Palo Verde 1-3,PWR,CO2,1989,0.06001451,7823.32,6621.0,PALO VERDE-1,8760,0.0672000004601627
United States,Palo Verde 1-3,PWR,CO2,1990,0.158009676,20597.690000000002,17249.0,PALO VERDE-1,8760,0.0671999996970534
United States,Palo Verde 1-3,PWR,CO2,1991,0.192515572,25095.78,20529.0,PALO VERDE-1,8760,0.06719999978960606
United States,Palo Verde 1-3,PWR,CO2,1992,0.196456515,25609.510000000002,21274.0,PALO VERDE-1,8784,0.0673841095655481
United States,Palo Verde 1-3,PWR,CO2,1993,0.169027715,22033.97,19184.0,PALO VERDE-1,8760,0.06719999997276932
United States,Palo Verde 1-3,PWR,CO2,1994,0.177749293,23170.89,20495.0,PALO VERDE-1,8760,0.06719999994303197
United States,Palo Verde 1-3,PWR,CO2,1995,0.20700446,26984.510000000002,22292.0,PALO VERDE-1,8760,0.06719999991106008
United States,Palo Verde 1-3,PWR,CO2,1996,0.221305403,28848.739999999998,23493.0,PALO VERDE-1,8784,0.06738410966829055
United States,Palo Verde 1-3,PWR,CO2,1997,0.226427485,29516.44,24139.0,PALO VERDE-1,8760,0.06720000002032765
United States,Palo Verde 1-3,PWR,CO2,1998,0.23213726,30260.75,24414.0,PALO VERDE-1,8760,0.06719999992068935
United States,Palo Verde 1-3,PWR,CO2,1999,0.233265085,30407.77,24391.0,PALO VERDE-1,8760,0.06720000001973181
United States,Palo Verde 1-3,PWR,CO2,2000,0.233056428,30380.57,24411.0,PALO VERDE-1,8784,0.06738410976331254
United States,Palo Verde 1-3,PWR,CO2,2001,0.221034992,28813.489999999998,23153.0,PALO VERDE-1,8760,0.06720000006663546
United States,Palo Verde 1-3,PWR,CO2,2002,0.236748898,30861.91,24631.0,PALO VERDE-1,8760,0.06719999982113875
United States,Palo Verde 1-3,PWR,CO2,2003,0.219291628,28586.23,23125.0,PALO VERDE-1,8760,0.06720000018470432
United States,Palo Verde 1-3,PWR,CO2,2004,0.215724121,28121.18,22536.0,PALO VERDE-1,8784,0.06738410973024603
United States,Palo Verde 1-3,PWR,CO2,2005,0.197944734,25803.51,20949.0,PALO VERDE-1,8760,0.06719999991629047
United States,Palo Verde 1-3,PWR,CO2,2006,0.184203408,24012.23,20452.0,PALO VERDE-1,8760,0.06719999992004075
United States,Palo Verde 1-3,PWR,CO2,2007,0.205559814,26796.19,21121.0,PALO VERDE-1,8760,0.06720000009852148
United States,Palo Verde 1-3,PWR,CO2,2008,0.224387474,29250.510000000002,22390.0,PALO VERDE-1,8784,0.06738410959726857
United States,Palo Verde 1-3,PWR,CO2,2009,0.235306476,30673.879999999997,23271.0,PALO VERDE-1,8760,0.06719999979656958
United States,Palo Verde 1-3,PWR,CO2,2010,0.239341929,31199.93,23778.0,PALO VERDE-1,8760,0.06720000006538476
United States,Palo Verde 1-3,PWR,CO2,2011,0.239939978,31277.89,23978.0,PALO VERDE-1,8760,0.06719999997698055
United States,Palo Verde 1-3,PWR,CO2,2012,0.24497246,31933.91,24538.0,PALO VERDE-1,8784,0.06738410951367997
United States,Palo Verde 1-3,PWR,CO2,2013,0.241115134,31431.08,24038.0,PALO VERDE-1,8760,0.06719999993127822
United States,Palo Verde 1-3,PWR,CO2,2014,0.247959575,32323.54,24607.0,PALO VERDE-1,8760,0.06719950466440247
United States,Palo Verde 1-3,PWR,CO2,2015,0.249484883,32514.699999999997,24680.0,PALO VERDE-1,8760,0.06721536951225138
United States,Palo Verde 1-3,PWR,CO2,2016,0.247344483,32243.120000000003,24548.0,PALO VERDE-1,8784,0.06738410980922442
United States,Peach Bottom 2-3,BWR,CO2,1974,0.353856164,6078.0,8064.0,PEACH BOTTOM-2,8760,0.5099999994471865
United States,Peach Bottom 2-3,BWR,CO2,1975,0.603435959,10364.9,14158.0,PEACH BOTTOM-2,8760,0.5100000000810428
United States,Peach Bottom 2-3,BWR,CO2,1976,0.677508219,11637.2,12827.0,PEACH BOTTOM-2,8784,0.5113972601395524
United States,Peach Bottom 2-3,BWR,CO2,1977,0.514622603,8839.4,10286.0,PEACH BOTTOM-2,8760,0.510000000257936
United States,Peach Bottom 2-3,BWR,CO2,1978,0.801515068,13767.2,14711.0,PEACH BOTTOM-2,8760,0.5099999996862107
United States,Peach Bottom 2-3,BWR,CO2,1979,0.854936986,14684.8,14795.0,PEACH BOTTOM-2,8760,0.5099999998202223
United States,Peach Bottom 2-3,BWR,CO2,1980,0.675691781,11606.0,11618.0,PEACH BOTTOM-2,8784,0.5113972604087541
United States,Peach Bottom 2-3,BWR,CO2,1981,0.570920548,9806.4,10139.0,PEACH BOTTOM-2,8760,0.5100000000489477
United States,Peach Bottom 2-3,BWR,CO2,1982,0.77717363,13349.099999999999,13461.0,PEACH BOTTOM-2,8760,0.5099999999101062
United States,Peach Bottom 2-3,BWR,CO2,1983,0.404436986,6946.8,7175.0,PEACH BOTTOM-2,8760,0.5099999996199689
United States,Peach Bottom 2-3,BWR,CO2,1984,0.577030068,9911.34,10089.0,PEACH BOTTOM-2,8784,0.5113972598369141
United States,Peach Bottom 2-3,BWR,CO2,1985,0.331793425,5699.04,6558.0,PEACH BOTTOM-2,8760,0.5100000005264044
United States,Peach Bottom 2-3,BWR,CO2,1986,0.684390308,11755.41,12552.0,PEACH BOTTOM-2,8760,0.5099999998366709
United States,Peach Bottom 2-3,BWR,CO2,1987,0.180923664,3107.63,3382.0,PEACH BOTTOM-2,8760,0.5099999989187902
United States,Peach Bottom 2-3,BWR,CO2,1989,0.240338664,4128.17,5207.0,PEACH BOTTOM-2,8760,0.5099999991860801
United States,Peach Bottom 2-3,BWR,CO2,1990,0.828685959,14233.900000000001,14661.0,PEACH BOTTOM-2,8760,0.510000000059014
United States,Peach Bottom 2-3,BWR,CO2,1991,0.596157979,10239.89,10489.0,PEACH BOTTOM-2,8760,0.5099999996132771
United States,Peach Bottom 2-3,BWR,CO2,1992,0.748634007,12858.89,13202.0,PEACH BOTTOM-2,8784,0.5113972603769066
United States,Peach Bottom 2-3,BWR,CO2,1993,0.816122842,14018.11,14165.0,PEACH BOTTOM-2,8760,0.5099999997089478
United States,Peach Bottom 2-3,BWR,CO2,1994,0.950020548,16318.0,16371.0,PEACH BOTTOM-2,8760,0.5100000000294154
United States,Peach Bottom 2-3,BWR,CO2,1995,0.962708253,16535.93,16527.0,PEACH BOTTOM-2,8760,0.5099999997750353
United States,Peach Bottom 2-3,BWR,CO2,1996,0.994689212,17085.25,16803.0,PEACH BOTTOM-2,8784,0.5113972601049444
United States,Peach Bottom 2-3,BWR,CO2,1997,0.997697979,17136.93,16572.0,PEACH BOTTOM-2,8760,0.5099999997689201
United States,Peach Bottom 2-3,BWR,CO2,1998,0.959591781,16482.4,16095.0,PEACH BOTTOM-2,8760,0.5100000000946463
United States,Peach Bottom 2-3,BWR,CO2,1999,1.049163151,18020.92,16735.0,PEACH BOTTOM-2,8760,0.5100000001531553
United States,Peach Bottom 2-3,BWR,CO2,2000,1.052590514,18079.79,16891.0,PEACH BOTTOM-2,8784,0.511397260420392
United States,Peach Bottom 2-3,BWR,CO2,2001,1.041755342,17893.68,16716.0,PEACH BOTTOM-2,8760,0.5099999997719866
United States,Peach Bottom 2-3,BWR,CO2,2002,1.076257774,18486.309999999998,16889.0,PEACH BOTTOM-2,8760,0.5100000000129826
United States,Peach Bottom 2-3,BWR,CO2,2003,1.059797466,18203.58,16519.0,PEACH BOTTOM-2,8760,0.5100000001186579
United States,Peach Bottom 2-3,BWR,CO2,2004,1.098896301,18875.16,16850.0,PEACH BOTTOM-2,8784,0.511397260101848
United States,Peach Bottom 2-3,BWR,CO2,2005,1.074961815,18464.05,16674.0,PEACH BOTTOM-2,8760,0.5099999999675044
United States,Peach Bottom 2-3,BWR,CO2,2006,1.10622726,19001.08,16932.0,PEACH BOTTOM-2,8760,0.5099999998736914
United States,Peach Bottom 2-3,BWR,CO2,2007,1.100267945,18898.72,16944.0,PEACH BOTTOM-2,8760,0.5099999999047554
United States,Peach Bottom 2-3,BWR,CO2,2008,1.081742021,18580.510000000002,16643.0,PEACH BOTTOM-2,8784,0.511397260487683
United States,Peach Bottom 2-3,BWR,CO2,2009,1.083449007,18609.83,16648.0,PEACH BOTTOM-2,8760,0.5100000000709302
United States,Peach Bottom 2-3,BWR,CO2,2010,1.092155685,18759.38,16779.0,PEACH BOTTOM-2,8760,0.510000000031984
United States,Peach Bottom 2-3,BWR,CO2,2011,1.09752524,18851.61,16712.0,PEACH BOTTOM-2,8760,0.5100000001273101
United States,Peach Bottom 2-3,BWR,CO2,2012,1.095651747,18819.43,16616.0,PEACH BOTTOM-2,8784,0.5113972604721821
United States,Peach Bottom 2-3,BWR,CO2,2013,1.093162295,18776.67,16416.0,PEACH BOTTOM-2,8760,0.5100000002236819
United States,Peach Bottom 2-3,BWR,CO2,2014,1.092590582,18766.85,16442.0,PEACH BOTTOM-2,8760,0.5099999999104804
United States,Peach Bottom 2-3,BWR,CO2,2015,1.156455856,19863.83,16698.0,PEACH BOTTOM-2,8760,0.5099999999275064
United States,Peach Bottom 2-3,BWR,CO2,2016,1.274035308,21883.43,17106.0,PEACH BOTTOM-2,8784,0.5113972601859946
United States,Perry 1 1988,BWR,CO2,1988,0.421147055,7233.82,6664.0,PERRY-1,8784,0.5113972605234856
United States,Perry 1 1988,BWR,CO2,1989,0.311913904,5357.58,4776.0,PERRY-1,8760,0.5099999998208147
United States,Perry 1 1988,BWR,CO2,1990,0.386510719,6638.89,5723.0,PERRY-1,8760,0.509999999765021
United States,Perry 1 1988,BWR,CO2,1991,0.52255613,8975.67,7949.0,PERRY-1,8760,0.5099999998663052
United States,Perry 1 1988,BWR,CO2,1992,0.417347671,7168.56,6383.0,PERRY-1,8784,0.5113972599886168
United States,Perry 1 1988,BWR,CO2,1993,0.231317021,3973.21,3853.0,PERRY-1,8760,0.5100000009966753
United States,Perry 1 1988,BWR,CO2,1994,0.267336644,4591.9,4151.0,PERRY-1,8760,0.5100000003135957
United States,Perry 1 1988,BWR,CO2,1995,0.530500137,9112.12,8174.0,PERRY-1,8760,0.5100000000131691
United States,Perry 1 1988,BWR,CO2,1996,0.435592979,7481.95,6673.0,PERRY-1,8784,0.5113972597432488
United States,Perry 1 1988,BWR,CO2,1997,0.474592842,8151.83,7178.0,PERRY-1,8760,0.5099999994994989
United States,Perry 1 1988,BWR,CO2,1998,0.593191712,10188.94,8684.0,PERRY-1,8760,0.5099999997173406
United States,Perry 1 1988,BWR,CO2,1999,0.53124476,9124.91,7850.0,PERRY-1,8760,0.5099999997369837
United States,Perry 1 1988,BWR,CO2,2000,0.58718,10085.68,8506.0,PERRY-1,8784,0.5113972602739726
United States,Perry 1 1988,BWR,CO2,2001,0.453048253,7781.77,6708.0,PERRY-1,8760,0.5099999995219596
United States,Perry 1 1988,BWR,CO2,2002,0.58072524,9974.81,8196.0,PERRY-1,8760,0.5100000002406062
United States,Perry 1 1988,BWR,CO2,2003,0.497960274,8553.2,7217.0,PERRY-1,8760,0.5100000000280596
United States,Perry 1 1988,BWR,CO2,2004,0.595427329,10227.34,8378.0,PERRY-1,8784,0.5113972604739844
United States,Perry 1 1988,BWR,CO2,2005,0.446396712,7667.52,6363.0,PERRY-1,8760,0.5099999996243896
United States,Perry 1 1988,BWR,CO2,2006,0.609867432,10475.37,8521.0,PERRY-1,8760,0.5100000004123959
United States,Perry 1 1988,BWR,CO2,2007,0.469144692,8058.25,6704.0,PERRY-1,8760,0.5100000002382652
United States,Perry 1 1988,BWR,CO2,2008,0.621814589,10680.58,8580.0,PERRY-1,8784,0.5113972602401743
United States,Perry 1 1988,BWR,CO2,2009,0.427628014,7345.14,6284.0,PERRY-1,8760,0.5100000003594213
United States,Perry 1 1988,BWR,CO2,2010,0.618270788,10619.71,8590.0,PERRY-1,8760,0.510000000271194
United States,Perry 1 1988,BWR,CO2,2011,0.498885377,8569.09,7115.0,PERRY-1,8760,0.5100000002940802
United States,Perry 1 1988,BWR,CO2,2012,0.610736644,10490.3,8607.0,PERRY-1,8784,0.5113972604116185
United States,Perry 1 1988,BWR,CO2,2013,0.491871712,8448.62,6981.0,PERRY-1,8760,0.5099999996591159
United States,Perry 1 1988,BWR,CO2,2014,0.608697226,10455.27,8490.0,PERRY-1,8760,0.509999999977045
United States,Perry 1 1988,BWR,CO2,2015,0.552083151,9482.84,7639.0,PERRY-1,8760,0.5100000002910521
United States,Perry 1 1988,BWR,CO2,2016,0.606660719,10420.29,8434.0,PERRY-1,8784,0.5113972601238544
United States,Pilgrim 1 1972,BWR,CO2,1972,0.051768493,889.2,1875.0,PILGRIM-1,8784,0.5113972587854251
United States,Pilgrim 1 1972,BWR,CO2,1973,0.237196575,4074.2,7574.0,PILGRIM-1,8760,0.5099999992636591
United States,Pilgrim 1 1972,BWR,CO2,1974,0.11487226,1973.1,3435.0,PILGRIM-1,8760,0.50999999878364
United States,Pilgrim 1 1972,BWR,CO2,1975,0.150630479,2587.3,6239.0,PILGRIM-1,8760,0.509999998469447
United States,Pilgrim 1 1972,BWR,CO2,1976,0.140628425,2415.5,5330.0,PILGRIM-1,8784,0.5113972615193542
United States,Pilgrim 1 1972,BWR,CO2,1977,0.154408904,2652.2,5379.0,PILGRIM-1,8760,0.5099999996380364
United States,Pilgrim 1 1972,BWR,CO2,1978,0.254807877,4376.7,7276.0,PILGRIM-1,8760,0.5100000005757763
United States,Pilgrim 1 1972,BWR,CO2,1979,0.28204863,4844.6,7828.0,PILGRIM-1,8760,0.5099999997523015
United States,Pilgrim 1 1972,BWR,CO2,1980,0.177225,3044.1,4952.0,PILGRIM-1,8784,0.5113972602739726
United States,Pilgrim 1 1972,BWR,CO2,1981,0.200512671,3444.1,5767.0,PILGRIM-1,8760,0.5099999994076827
United States,Pilgrim 1 1972,BWR,CO2,1982,0.19137226,3287.1,5597.0,PILGRIM-1,8760,0.5099999992698732
United States,Pilgrim 1 1972,BWR,CO2,1983,0.274322945,4711.9,7640.0,PILGRIM-1,8760,0.5099999996179885
United States,Pilgrim 1 1972,BWR,CO2,1984,0.000204932,3.52,34.0,PILGRIM-1,8784,0.511398490909091
United States,Pilgrim 1 1972,BWR,CO2,1985,0.288241404,4950.97,8013.0,PILGRIM-1,8760,0.5099999998060986
United States,Pilgrim 1 1972,BWR,CO2,1986,0.059821952,1027.53,1646.0,PILGRIM-1,8760,0.5099999995328603
United States,Pilgrim 1 1972,BWR,CO2,1989,0.099424384,1707.76,4919.0,PILGRIM-1,8760,0.5100000022485596
United States,Pilgrim 1 1972,BWR,CO2,1990,0.247036781,4243.22,6784.0,PILGRIM-1,8760,0.5100000003676454
United States,Pilgrim 1 1972,BWR,CO2,1991,0.199373904,3424.54,5572.0,PILGRIM-1,8760,0.5099999997196704
United States,Pilgrim 1 1972,BWR,CO2,1992,0.276073596,4741.97,7400.0,PILGRIM-1,8784,0.5113972604769748
United States,Pilgrim 1 1972,BWR,CO2,1993,0.252716644,4340.78,6880.0,PILGRIM-1,8760,0.5100000003317376
United States,Pilgrim 1 1972,BWR,CO2,1994,0.222634795,3824.08,6069.0,PILGRIM-1,8760,0.5100000010983033
United States,Pilgrim 1 1972,BWR,CO2,1995,0.2611625,4485.85,6962.0,PILGRIM-1,8760,0.51
United States,Pilgrim 1 1972,BWR,CO2,1996,0.309978699,5324.34,8345.0,PILGRIM-1,8784,0.5113972608841659
United States,Pilgrim 1 1972,BWR,CO2,1997,0.250949692,4310.43,6840.0,PILGRIM-1,8760,0.5100000004454311
United States,Pilgrim 1 1972,BWR,CO2,1998,0.331756747,5698.41,8760.0,PILGRIM-1,8760,0.5100000006528137
United States,Pilgrim 1 1972,BWR,CO2,1999,0.260433596,4473.33,7141.0,PILGRIM-1,8760,0.5100000002146051
United States,Pilgrim 1 1972,BWR,CO2,2000,0.320918664,5512.25,8454.0,PILGRIM-1,8784,0.5113972596627512
United States,Pilgrim 1 1972,BWR,CO2,2001,0.299481781,5144.04,7884.0,PILGRIM-1,8760,0.5100000003032635
United States,Pilgrim 1 1972,BWR,CO2,2002,0.335870514,5769.07,8760.0,PILGRIM-1,8760,0.5100000004576128
United States,Pilgrim 1 1972,BWR,CO2,2003,0.289767329,4977.18,7548.0,PILGRIM-1,8760,0.5100000004098706
United States,Pilgrim 1 1972,BWR,CO2,2004,0.34578,5939.28,8721.0,PILGRIM-1,8784,0.5113972602739726
United States,Pilgrim 1 1972,BWR,CO2,2005,0.318693527,5474.03,8166.0,PILGRIM-1,8760,0.5099999993642709
United States,Pilgrim 1 1972,BWR,CO2,2006,0.339371815,5829.21,8684.0,PILGRIM-1,8760,0.5099999998970701
United States,Pilgrim 1 1972,BWR,CO2,2007,0.298069966,5119.79,7774.0,PILGRIM-1,8760,0.5100000004218923
United States,Pilgrim 1 1972,BWR,CO2,2008,0.341686027,5868.96,8656.0,PILGRIM-1,8784,0.5113972596793981
United States,Pilgrim 1 1972,BWR,CO2,2009,0.314151849,5396.02,8012.0,PILGRIM-1,8760,0.5099999994885118
United States,Pilgrim 1 1972,BWR,CO2,2010,0.344530034,5917.81,8760.0,PILGRIM-1,8760,0.5099999996350001
United States,Pilgrim 1 1972,BWR,CO2,2011,0.296055,5085.18,7710.0,PILGRIM-1,8760,0.51
United States,Pilgrim 1 1972,BWR,CO2,2012,0.342133733,5876.65,8714.0,PILGRIM-1,8784,0.5113972604582543
United States,Pilgrim 1 1972,BWR,CO2,2013,0.25188411,4326.48,6796.0,PILGRIM-1,8760,0.5100000008320852
United States,Pilgrim 1 1972,BWR,CO2,2014,0.335875171,5769.15,8640.0,PILGRIM-1,8760,0.5099999996463951
United States,Pilgrim 1 1972,BWR,CO2,2015,0.290705822,4993.3,7507.0,PILGRIM-1,8760,0.5100000001441932
United States,Pilgrim 1 1972,BWR,CO2,2016,0.315130514,5412.83,8222.0,PILGRIM-1,8784,0.5113972607630389
United States,Point Beach 1-2,PWR,CO2,1972,0.025400986,3311.2,9336.0,POINT BEACH-1,8784,0.0673841087895627
United States,Point Beach 1-2,PWR,CO2,1973,0.043981479,5733.3,15059.0,POINT BEACH-1,8760,0.0671999993092983
United States,Point Beach 1-2,PWR,CO2,1974,0.048509808,6323.6,14236.0,POINT BEACH-1,8760,0.06719999969637548
United States,Point Beach 1-2,PWR,CO2,1975,0.05113874,6666.3,14521.0,POINT BEACH-1,8760,0.0672000003600198
United States,Point Beach 1-2,PWR,CO2,1976,0.054785643,7141.7,15198.0,POINT BEACH-1,8784,0.06738410856126693
United States,Point Beach 1-2,PWR,CO2,1977,0.05607211,7309.4,15229.0,POINT BEACH-1,8760,0.0672000004925165
United States,Point Beach 1-2,PWR,CO2,1978,0.058711014,7653.4,15903.0,POINT BEACH-1,8760,0.06720000034494474
United States,Point Beach 1-2,PWR,CO2,1979,0.051912,6767.1,14183.0,POINT BEACH-1,8760,0.0672
United States,Point Beach 1-2,PWR,CO2,1980,0.046542904,6067.200000000001,14308.0,POINT BEACH-1,8784,0.06738410943037974
United States,Point Beach 1-2,PWR,CO2,1981,0.048598795,6335.200000000001,14591.0,POINT BEACH-1,8760,0.06720000066296249
United States,Point Beach 1-2,PWR,CO2,1982,0.048383233,6307.1,14729.0,POINT BEACH-1,8760,0.06720000017123558
United States,Point Beach 1-2,PWR,CO2,1983,0.041433864,5401.200000000001,12743.0,POINT BEACH-1,8760,0.06720000159964451
United States,Point Beach 1-2,PWR,CO2,1984,0.050795683,6621.58,13784.0,POINT BEACH-1,8784,0.06738411066120172
United States,Point Beach 1-2,PWR,CO2,1985,0.053370762,6957.26,14408.0,POINT BEACH-1,8760,0.06720000044845241
United States,Point Beach 1-2,PWR,CO2,1986,0.055137907,7187.620000000001,14972.0,POINT BEACH-1,8760,0.0672000001836491
United States,Point Beach 1-2,PWR,CO2,1987,0.055027595,7173.24,14826.0,POINT BEACH-1,8760,0.06720000058550948
United States,Point Beach 1-2,PWR,CO2,1988,0.05791497,7549.629999999999,15413.0,POINT BEACH-1,8784,0.06738410974842476
United States,Point Beach 1-2,PWR,CO2,1989,0.054399167,7091.32,14813.0,POINT BEACH-1,8760,0.06719999984770113
United States,Point Beach 1-2,PWR,CO2,1990,0.056193238,7325.1900000000005,15075.0,POINT BEACH-1,8760,0.06719999957407247
United States,Point Beach 1-2,PWR,CO2,1991,0.056137392,7317.91,15093.0,POINT BEACH-1,8760,0.06720000026237
United States,Point Beach 1-2,PWR,CO2,1992,0.055799243,7273.83,14901.0,POINT BEACH-1,8784,0.06738410857993657
United States,Point Beach 1-2,PWR,CO2,1993,0.058679485,7649.29,15682.0,POINT BEACH-1,8760,0.06720000007843865
United States,Point Beach 1-2,PWR,CO2,1994,0.058741392,7657.360000000001,15898.0,POINT BEACH-1,8760,0.06720000025073915
United States,Point Beach 1-2,PWR,CO2,1995,0.055067102,7178.389999999999,14926.0,POINT BEACH-1,8760,0.06720000076897467
United States,Point Beach 1-2,PWR,CO2,1996,0.053343298,6953.68,14826.0,POINT BEACH-1,8784,0.06738410879304195
United States,Point Beach 1-2,PWR,CO2,1997,0.012879924,1678.99,3660.0,POINT BEACH-1,8760,0.06720000371652005
United States,Point Beach 1-2,PWR,CO2,1998,0.043787167,5707.969999999999,12098.0,POINT BEACH-1,8760,0.06719999981079089
United States,Point Beach 1-2,PWR,CO2,1999,0.05421897,7067.83,14265.0,POINT BEACH-1,8760,0.06720000016978336
United States,Point Beach 1-2,PWR,CO2,2000,0.058777524,7662.07,15485.0,POINT BEACH-1,8784,0.06738411040567366
United States,Point Beach 1-2,PWR,CO2,2001,0.061715605,8045.07,16242.0,POINT BEACH-1,8760,0.06719999947794116
United States,Point Beach 1-2,PWR,CO2,2002,0.061217129,7980.09,15898.0,POINT BEACH-1,8760,0.0672000002556362
United States,Point Beach 1-2,PWR,CO2,2003,0.0618016,8056.280000000001,16007.0,POINT BEACH-1,8760,0.0672
United States,Point Beach 1-2,PWR,CO2,2004,0.061491989,8015.92,15745.0,POINT BEACH-1,8784,0.06738410954400742
United States,Point Beach 1-2,PWR,CO2,2005,0.052729524,6873.67,13587.0,POINT BEACH-1,8760,0.06720000090781199
United States,Point Beach 1-2,PWR,CO2,2006,0.065668898,8560.41,16732.0,POINT BEACH-1,8760,0.06719999935517108
United States,Point Beach 1-2,PWR,CO2,2007,0.063552405,8284.51,16342.0,POINT BEACH-1,8760,0.06719999949302977
United States,Point Beach 1-2,PWR,CO2,2008,0.059934729,7812.92,15269.0,POINT BEACH-1,8784,0.0673841098508624
United States,Point Beach 1-2,PWR,CO2,2009,0.062657326,8167.83,16261.0,POINT BEACH-1,8760,0.06719999997061643
United States,Point Beach 1-2,PWR,CO2,2010,0.063613162,8292.43,16365.0,POINT BEACH-1,8760,0.06720000037624677
United States,Point Beach 1-2,PWR,CO2,2011,0.05350777,6975.12,13052.0,POINT BEACH-1,8760,0.06720000017204006
United States,Point Beach 1-2,PWR,CO2,2012,0.075087715,9788.220000000001,16672.0,POINT BEACH-1,8784,0.06738410952757497
United States,Point Beach 1-2,PWR,CO2,2013,0.076289643,9944.9,16741.0,POINT BEACH-1,8760,0.06719999926394433
United States,Point Beach 1-2,PWR,CO2,2014,0.072529535,9455.380000000001,15918.0,POINT BEACH-1,8760,0.0671954724823328
United States,Point Beach 1-2,PWR,CO2,2015,0.076803276,10011.47,16766.0,POINT BEACH-1,8760,0.06720258840709707
United States,Point Beach 1-2,PWR,CO2,2016,0.077888176,10153.279999999999,16980.0,POINT BEACH-1,8784,0.06738411015789972
United States,Prairie Island 1-2,PWR,CO2,1973,5.52e-05,7.2,312.0,PRAIRIE ISLAND-1,8760,0.06716
United States,Prairie Island 1-2,PWR,CO2,1974,0.011196931,1459.6000000000001,3952.0,PRAIRIE ISLAND-1,8760,0.0671999969580707
United States,Prairie Island 1-2,PWR,CO2,1975,0.052704438,6870.4,14595.0,PRAIRIE ISLAND-1,8760,0.06719999954587798
United States,Prairie Island 1-2,PWR,CO2,1976,0.045485041,5929.299999999999,13458.0,PRAIRIE ISLAND-1,8784,0.06738410944698363
United States,Prairie Island 1-2,PWR,CO2,1977,0.058276822,7596.8,15260.0,PRAIRIE ISLAND-1,8760,0.06720000009477674
United States,Prairie Island 1-2,PWR,CO2,1978,0.059337753,7735.1,16138.0,PRAIRIE ISLAND-1,8760,0.06719999951907538
United States,Prairie Island 1-2,PWR,CO2,1979,0.054495671,7103.9,15063.0,PRAIRIE ISLAND-1,8760,0.0671999997128338
United States,Prairie Island 1-2,PWR,CO2,1980,0.050433753,6574.4,14030.0,PRAIRIE ISLAND-1,8784,0.06738410902165977
United States,Prairie Island 1-2,PWR,CO2,1981,0.05317315,6931.5,14095.0,PRAIRIE ISLAND-1,8760,0.0671999991343865
United States,Prairie Island 1-2,PWR,CO2,1982,0.059649205,7775.7,15804.0,PRAIRIE ISLAND-1,8760,0.0671999994598557
United States,Prairie Island 1-2,PWR,CO2,1983,0.05834126,7605.200000000001,15195.0,PRAIRIE ISLAND-1,8760,0.06719999968442644
United States,Prairie Island 1-2,PWR,CO2,1984,0.061871178,8065.35,16115.0,PRAIRIE ISLAND-1,8784,0.06738410949952575
United States,Prairie Island 1-2,PWR,CO2,1985,0.055930345,7290.92,14711.0,PRAIRIE ISLAND-1,8760,0.06719999975311758
United States,Prairie Island 1-2,PWR,CO2,1986,0.058865512,7673.54,15800.0,PRAIRIE ISLAND-1,8760,0.0671999996246843
United States,Prairie Island 1-2,PWR,CO2,1987,0.061772296,8052.459999999999,15992.0,PRAIRIE ISLAND-1,8760,0.06720000011921823
United States,Prairie Island 1-2,PWR,CO2,1988,0.059141753,7709.549999999999,15573.0,PRAIRIE ISLAND-1,8784,0.06738410910520069
United States,Prairie Island 1-2,PWR,CO2,1989,0.063513743,8279.47,16535.0,PRAIRIE ISLAND-1,8760,0.06720000056525358
United States,Prairie Island 1-2,PWR,CO2,1990,0.058557436,7633.379999999999,15366.0,PRAIRIE ISLAND-1,8760,0.06720000044017199
United States,Prairie Island 1-2,PWR,CO2,1991,0.064956011,8467.48,16703.0,PRAIRIE ISLAND-1,8760,0.0672000000425156
United States,Prairie Island 1-2,PWR,CO2,1992,0.051560581,6721.290000000001,13360.0,PRAIRIE ISLAND-1,8784,0.06738410982177527
United States,Prairie Island 1-2,PWR,CO2,1993,0.06232286,8124.23,15818.0,PRAIRIE ISLAND-1,8760,0.0671999997045874
United States,Prairie Island 1-2,PWR,CO2,1994,0.063449995,8271.16,15992.0,PRAIRIE ISLAND-1,8760,0.0672000005077885
United States,Prairie Island 1-2,PWR,CO2,1995,0.065107364,8487.21,16418.0,PRAIRIE ISLAND-1,8760,0.0671999996041102
United States,Prairie Island 1-2,PWR,CO2,1996,0.063109392,8226.76,15980.0,PRAIRIE ISLAND-1,8784,0.06738410982306522
United States,Prairie Island 1-2,PWR,CO2,1997,0.054969447,7165.66,14145.0,PRAIRIE ISLAND-1,8760,0.0672000005191427
United States,Prairie Island 1-2,PWR,CO2,1998,0.057863112,7542.87,14503.0,PRAIRIE ISLAND-1,8760,0.06719999961818247
United States,Prairie Island 1-2,PWR,CO2,1999,0.066480592,8666.22,16333.0,PRAIRIE ISLAND-1,8760,0.0672000002215499
United States,Prairie Island 1-2,PWR,CO2,2000,0.066883715,8718.77,16319.0,PRAIRIE ISLAND-1,8784,0.0673841095200355
United States,Prairie Island 1-2,PWR,CO2,2001,0.060700164,7912.7,14921.0,PRAIRIE ISLAND-1,8760,0.0671999995753662
United States,Prairie Island 1-2,PWR,CO2,2002,0.066503912,8669.259999999998,16350.0,PRAIRIE ISLAND-1,8760,0.06719999966779172
United States,Prairie Island 1-2,PWR,CO2,2003,0.06779314,8837.32,16677.0,PRAIRIE ISLAND-1,8760,0.06720000027157555
United States,Prairie Island 1-2,PWR,CO2,2004,0.063382795,8262.4,15754.0,PRAIRIE ISLAND-1,8784,0.06738411009876066
United States,Prairie Island 1-2,PWR,CO2,2005,0.064185436,8367.029999999999,15761.0,PRAIRIE ISLAND-1,8760,0.0672000004015762
United States,Prairie Island 1-2,PWR,CO2,2006,0.062256964,8115.639999999999,15450.0,PRAIRIE ISLAND-1,8760,0.0671999995859846
United States,Prairie Island 1-2,PWR,CO2,2007,0.068379298,8913.73,16960.0,PRAIRIE ISLAND-1,8760,0.06719999938073064
United States,Prairie Island 1-2,PWR,CO2,2008,0.062281283,8118.8099999999995,15548.0,PRAIRIE ISLAND-1,8784,0.06738411046347927
United States,Prairie Island 1-2,PWR,CO2,2009,0.063314521,8253.5,15683.0,PRAIRIE ISLAND-1,8760,0.06720000047979645
United States,Prairie Island 1-2,PWR,CO2,2010,0.067375902,8782.93,16577.0,PRAIRIE ISLAND-1,8760,0.06720000062849187
United States,Prairie Island 1-2,PWR,CO2,2011,0.066018936,8606.04,16071.0,PRAIRIE ISLAND-1,8760,0.06719999899605393
United States,Prairie Island 1-2,PWR,CO2,2012,0.054164504,7060.73,13414.0,PRAIRIE ISLAND-1,8784,0.06738410945270533
United States,Prairie Island 1-2,PWR,CO2,2013,0.059255671,7724.4,15043.0,PRAIRIE ISLAND-1,8760,0.06719999973590182
United States,Prairie Island 1-2,PWR,CO2,2014,0.064311915,8383.2,15820.0,PRAIRIE ISLAND-1,8760,0.06720254501860864
United States,Prairie Island 1-2,PWR,CO2,2015,0.056627448,7377.959999999999,14070.0,PRAIRIE ISLAND-1,8760,0.06723490564871591
United States,Prairie Island 1-2,PWR,CO2,2016,0.063470093,8273.779999999999,15403.0,PRAIRIE ISLAND-1,8784,0.06738410942906388
United States,Quad Cities 1-2,BWR,CO2,1972,0.240515068,4131.2,7212.0,QUAD CITIES-1,8784,0.5113972592254067
United States,Quad Cities 1-2,BWR,CO2,1973,0.589026712,10117.4,14787.0,QUAD CITIES-1,8760,0.5099999997153419
United States,Quad Cities 1-2,BWR,CO2,1974,0.472035274,8107.9,12597.0,QUAD CITIES-1,8760,0.5100000000296008
United States,Quad Cities 1-2,BWR,CO2,1975,0.401962671,6904.299999999999,12086.0,QUAD CITIES-1,8760,0.509999999704532
United States,Quad Cities 1-2,BWR,CO2,1976,0.449551027,7721.7,12842.0,QUAD CITIES-1,8784,0.51139725982206
United States,Quad Cities 1-2,BWR,CO2,1977,0.459739384,7896.700000000001,13294.0,QUAD CITIES-1,8760,0.510000000486279
United States,Quad Cities 1-2,BWR,CO2,1978,0.536262671,9211.1,15337.0,QUAD CITIES-1,8760,0.5099999997785281
United States,Quad Cities 1-2,BWR,CO2,1979,0.511170205,8780.1,14782.0,QUAD CITIES-1,8760,0.5099999995216454
United States,Quad Cities 1-2,BWR,CO2,1980,0.414543836,7120.4,11326.0,QUAD CITIES-1,8784,0.5113972607471491
United States,Quad Cities 1-2,BWR,CO2,1981,0.552936644,9497.5,14201.0,QUAD CITIES-1,8760,0.5100000001516188
United States,Quad Cities 1-2,BWR,CO2,1982,0.484401027,8320.3,13294.0,QUAD CITIES-1,8760,0.5099999995817458
United States,Quad Cities 1-2,BWR,CO2,1983,0.520182534,8934.9,13878.0,QUAD CITIES-1,8760,0.5099999997582514
United States,Quad Cities 1-2,BWR,CO2,1984,0.485718527,8342.93,11524.0,QUAD CITIES-1,8784,0.5113972598557102
United States,Quad Cities 1-2,BWR,CO2,1985,0.619045103,10633.009999999998,14489.0,QUAD CITIES-1,8760,0.5100000002144267
United States,Quad Cities 1-2,BWR,CO2,1986,0.532946507,9154.14,12434.0,QUAD CITIES-1,8760,0.5100000001441971
United States,Quad Cities 1-2,BWR,CO2,1987,0.547788904,9409.08,12973.0,QUAD CITIES-1,8760,0.509999999897971
United States,Quad Cities 1-2,BWR,CO2,1988,0.572926199,9840.849999999999,14392.0,QUAD CITIES-1,8784,0.5113972606041145
United States,Quad Cities 1-2,BWR,CO2,1989,0.583560514,10023.509999999998,14791.0,QUAD CITIES-1,8760,0.5100000002633808
United States,Quad Cities 1-2,BWR,CO2,1990,0.565841507,9719.16,13462.0,QUAD CITIES-1,8760,0.5100000001358143
United States,Quad Cities 1-2,BWR,CO2,1991,0.514349555,8834.710000000001,12613.0,QUAD CITIES-1,8760,0.5100000002037418
United States,Quad Cities 1-2,BWR,CO2,1992,0.444231541,7630.33,11779.0,QUAD CITIES-1,8784,0.511397260163584
United States,Quad Cities 1-2,BWR,CO2,1993,0.474737226,8154.3099999999995,11440.0,QUAD CITIES-1,8760,0.5099999999705678
United States,Quad Cities 1-2,BWR,CO2,1994,0.330889863,5683.52,8271.0,QUAD CITIES-1,8760,0.5099999999788863
United States,Quad Cities 1-2,BWR,CO2,1995,0.488062432,8383.19,11900.0,QUAD CITIES-1,8760,0.5100000005153169
United States,Quad Cities 1-2,BWR,CO2,1996,0.427761336,7347.43,10117.0,QUAD CITIES-1,8784,0.5113972607325282
United States,Quad Cities 1-2,BWR,CO2,1997,0.47700137,8193.2,11482.0,QUAD CITIES-1,8760,0.5100000001464629
United States,Quad Cities 1-2,BWR,CO2,1998,0.405349281,6962.47,9394.0,QUAD CITIES-1,8760,0.5100000002240583
United States,Quad Cities 1-2,BWR,CO2,1999,0.753023151,12934.279999999999,16747.0,QUAD CITIES-1,8760,0.5100000002133864
United States,Quad Cities 1-2,BWR,CO2,2000,0.721259349,12388.689999999999,16398.0,QUAD CITIES-1,8784,0.5113972600505785
United States,Quad Cities 1-2,BWR,CO2,2001,0.755957979,12984.689999999999,16749.0,QUAD CITIES-1,8760,0.5099999996950255
United States,Quad Cities 1-2,BWR,CO2,2002,0.714136815,12266.35,15416.0,QUAD CITIES-1,8760,0.5099999999510857
United States,Quad Cities 1-2,BWR,CO2,2003,0.802572329,13785.36,16194.0,QUAD CITIES-1,8760,0.5100000001479831
United States,Quad Cities 1-2,BWR,CO2,2004,0.738344932,12682.16,16739.0,QUAD CITIES-1,8784,0.5113972606155418
United States,Quad Cities 1-2,BWR,CO2,2005,0.775360685,13317.96,16408.0,QUAD CITIES-1,8760,0.510000000045052
United States,Quad Cities 1-2,BWR,CO2,2006,0.7777075,13358.27,16161.0,QUAD CITIES-1,8760,0.51
United States,Quad Cities 1-2,BWR,CO2,2007,0.841667671,14456.880000000001,16932.0,QUAD CITIES-1,8760,0.5099999998588907
United States,Quad Cities 1-2,BWR,CO2,2008,0.82814976,14224.69,16636.0,QUAD CITIES-1,8784,0.5113972601047896
United States,Quad Cities 1-2,BWR,CO2,2009,0.765008733,13140.15,16639.0,QUAD CITIES-1,8760,0.5100000000821908
United States,Quad Cities 1-2,BWR,CO2,2010,0.861425514,14796.25,16547.0,QUAD CITIES-1,8760,0.5100000001784236
United States,Quad Cities 1-2,BWR,CO2,2011,0.885022911,15201.57,16641.0,QUAD CITIES-1,8760,0.5100000000236817
United States,Quad Cities 1-2,BWR,CO2,2012,0.902744829,15505.970000000001,16788.0,QUAD CITIES-1,8784,0.5113972604058953
United States,Quad Cities 1-2,BWR,CO2,2013,0.905764658,15557.84,16796.0,QUAD CITIES-1,8760,0.5100000002622471
United States,Quad Cities 1-2,BWR,CO2,2014,0.895936678,15389.03,16646.0,QUAD CITIES-1,8760,0.5099999999532134
United States,Quad Cities 1-2,BWR,CO2,2015,0.906015582,15562.150000000001,16930.0,QUAD CITIES-1,8760,0.5099999998920457
United States,Quad Cities 1-2,BWR,CO2,2016,0.911424144,15655.05,17120.0,QUAD CITIES-1,8784,0.5113972603662077
United States,R. E. Ginna,PWR,CO2,1972,0.019731178,2572.1,6029.0,GINNA,8784,0.06738410930834726
United States,R. E. Ginna,PWR,CO2,1973,0.026072986,3398.8,8325.0,GINNA,8760,0.06719999922325526
United States,R. E. Ginna,PWR,CO2,1974,0.01608811,2097.2,5465.0,GINNA,8760,0.06720000171657448
United States,R. E. Ginna,PWR,CO2,1975,0.023328986,3041.1,6709.0,GINNA,8760,0.06719999913189308
United States,R. E. Ginna,PWR,CO2,1976,0.015808876,2060.8,5113.0,GINNA,8784,0.06738410655279502
United States,R. E. Ginna,PWR,CO2,1977,0.023232329,3028.5,7489.0,GINNA,8760,0.0672000006736008
United States,R. E. Ginna,PWR,CO2,1978,0.024691397,3218.7,7058.0,GINNA,8760,0.06719999929163949
United States,R. E. Ginna,PWR,CO2,1979,0.022710685,2960.5,6375.0,GINNA,8760,0.06720000020266848
United States,R. E. Ginna,PWR,CO2,1980,0.023730959,3093.5,6673.0,GINNA,8784,0.06738410986132212
United States,R. E. Ginna,PWR,CO2,1981,0.025487671,3322.5,7194.0,GINNA,8760,0.06719999938600452
United States,R. E. Ginna,PWR,CO2,1982,0.018472329,2408.0,5150.0,GINNA,8760,0.06720000084717608
United States,R. E. Ginna,PWR,CO2,1983,0.023321315,3040.1,6529.0,GINNA,8760,0.06719999980263806
United States,R. E. Ginna,PWR,CO2,1984,0.024216395,3156.78,6779.0,GINNA,8784,0.06738411092315587
United States,R. E. Ginna,PWR,CO2,1985,0.027772164,3620.3,7700.0,GINNA,8760,0.06719999907190011
United States,R. E. Ginna,PWR,CO2,1986,0.027695222,3610.27,7659.0,GINNA,8760,0.06720000019943106
United States,R. E. Ginna,PWR,CO2,1987,0.029133041,3797.7,7994.0,GINNA,8760,0.0671999997788135
United States,R. E. Ginna,PWR,CO2,1988,0.02710377,3533.17,7592.0,GINNA,8784,0.06738410992960994
United States,R. E. Ginna,PWR,CO2,1989,0.02357715,3073.45,6569.0,GINNA,8760,0.06719999804779646
United States,R. E. Ginna,PWR,CO2,1990,0.02647634,3451.38,7325.0,GINNA,8760,0.06720000069537402
United States,R. E. Ginna,PWR,CO2,1991,0.026720822,3483.25,7536.0,GINNA,8760,0.06720000020670351
United States,R. E. Ginna,PWR,CO2,1992,0.026721819,3483.38,7536.0,GINNA,8784,0.06738410913997324
United States,R. E. Ginna,PWR,CO2,1993,0.026845019,3499.44,7509.0,GINNA,8760,0.06719999955421439
United States,R. E. Ginna,PWR,CO2,1994,0.025880515,3373.71,7219.0,GINNA,8760,0.06719999982215424
United States,R. E. Ginna,PWR,CO2,1995,0.027912395,3638.58,7776.0,GINNA,8760,0.06720000115429646
United States,R. E. Ginna,PWR,CO2,1996,0.022231617,2898.05,6175.0,GINNA,8784,0.06738411129138558
United States,R. E. Ginna,PWR,CO2,1997,0.029876767,3894.65,8011.0,GINNA,8760,0.06719999972269652
United States,R. E. Ginna,PWR,CO2,1998,0.033051967,4308.56,8760.0,GINNA,8760,0.0671999997493362
United States,R. E. Ginna,PWR,CO2,1999,0.027110521,3534.05,7444.0,GINNA,8760,0.06720000112052743
United States,R. E. Ginna,PWR,CO2,2000,0.029259233,3814.15,8001.0,GINNA,8784,0.06738410987297301
United States,R. E. Ginna,PWR,CO2,2001,0.032881052,4286.28,8760.0,GINNA,8760,0.06719999988801478
United States,R. E. Ginna,PWR,CO2,2002,0.029483233,3843.35,7951.0,GINNA,8760,0.06720000028100485
United States,R. E. Ginna,PWR,CO2,2003,0.029676855,3868.59,7925.0,GINNA,8760,0.0672000004652858
United States,R. E. Ginna,PWR,CO2,2004,0.03305143,4308.49,8733.0,GINNA,8784,0.06738410930975818
United States,R. E. Ginna,PWR,CO2,2005,0.030659464,3996.68,8166.0,GINNA,8760,0.0672000021617943
United States,R. E. Ginna,PWR,CO2,2006,0.031599112,4119.17,8157.0,GINNA,8760,0.06719999930083001
United States,R. E. Ginna,PWR,CO2,2007,0.037823243,4930.53,8675.0,GINNA,8760,0.06719999851537259
United States,R. E. Ginna,PWR,CO2,2008,0.036392329,4744.0,8280.0,GINNA,8784,0.06738411002023609
United States,R. E. Ginna,PWR,CO2,2009,0.035524712,4630.9,8235.0,GINNA,8760,0.06719999937809065
United States,R. E. Ginna,PWR,CO2,2010,0.037960022,4948.36,8654.0,GINNA,8760,0.06720000014550277
United States,R. E. Ginna,PWR,CO2,2011,0.033072296,4311.21,7539.0,GINNA,8760,0.0672000002226753
United States,R. E. Ginna,PWR,CO2,2012,0.035300866,4601.72,8055.0,GINNA,8784,0.0673841100597168
United States,R. E. Ginna,PWR,CO2,2013,0.03830469,4993.29,8668.0,GINNA,8760,0.06719999927903247
United States,R. E. Ginna,PWR,CO2,2014,0.035788209,4662.5,8142.0,GINNA,8760,0.06723961626595175
United States,R. E. Ginna,PWR,CO2,2015,0.036588387,4769.42,8313.0,GINNA,8760,0.06720193862566098
United States,Rancho Seco 1,PWR,CO2,1975,0.019257096,2510.3,3528.0,RANCHO SECO-1,8760,0.06720000038242442
United States,Rancho Seco 1,PWR,CO2,1976,0.016915069,2205.0,2662.0,RANCHO SECO-1,8784,0.06738411160816327
United States,Rancho Seco 1,PWR,CO2,1977,0.045056986,5873.5,6748.0,RANCHO SECO-1,8760,0.06719999955052354
United States,Rancho Seco 1,PWR,CO2,1978,0.038232657,4983.9,7046.0,RANCHO SECO-1,8760,0.06719999906097635
United States,Rancho Seco 1,PWR,CO2,1979,0.043817315,5711.9,6775.0,RANCHO SECO-1,8760,0.06719999989495615
United States,Rancho Seco 1,PWR,CO2,1980,0.033867726,4414.9,5301.0,RANCHO SECO-1,8784,0.0673841095345308
United States,Rancho Seco 1,PWR,CO2,1981,0.020183781,2631.1,3522.0,RANCHO SECO-1,8760,0.06720000059290791
United States,Rancho Seco 1,PWR,CO2,1982,0.025825205,3366.5,4668.0,RANCHO SECO-1,8760,0.06719999875241349
United States,Rancho Seco 1,PWR,CO2,1983,0.021868383,2850.7,4101.0,RANCHO SECO-1,8760,0.06719999827410812
United States,Rancho Seco 1,PWR,CO2,1984,0.028901761,3767.55,5116.0,RANCHO SECO-1,8784,0.06738412725086594
United States,Rancho Seco 1,PWR,CO2,1985,0.014853317,1936.24,2699.0,RANCHO SECO-1,8760,0.06719985999669463
United States,Rancho Seco 1,PWR,CO2,1988,0.02187953,2852.15,5227.0,RANCHO SECO-1,8784,0.06738418088810195
United States,Rancho Seco 1,PWR,CO2,1989,0.011093285,1446.09,2214.0,RANCHO SECO-1,8760,0.06719995062547975
United States,River Bend 1 1985,BWR,CO2,1985,0.001313425,22.56,180.0,RIVER BEND-1,8760,0.5100001329787235
United States,River Bend 1 1985,BWR,CO2,1986,0.174392055,2995.44,4221.0,RIVER BEND-1,8760,0.5100000006009133
United States,River Bend 1 1985,BWR,CO2,1987,0.289025616,4964.44,5836.0,RIVER BEND-1,8760,0.509999999226499
United States,River Bend 1 1985,BWR,CO2,1988,0.422029658,7248.98,8149.0,RIVER BEND-1,8784,0.5113972608383525
United States,River Bend 1 1985,BWR,CO2,1989,0.278579349,4785.01,5853.0,RIVER BEND-1,8760,0.5099999994231986
United States,River Bend 1 1985,BWR,CO2,1990,0.325593664,5592.55,6642.0,RIVER BEND-1,8760,0.5099999993992007
United States,River Bend 1 1985,BWR,CO2,1991,0.389323288,6687.2,7507.0,RIVER BEND-1,8760,0.5100000004306735
United States,River Bend 1 1985,BWR,CO2,1992,0.160840959,2762.68,3210.0,RIVER BEND-1,8784,0.5113972605788583
United States,River Bend 1 1985,BWR,CO2,1993,0.30610887,5257.87,6076.0,RIVER BEND-1,8760,0.5100000002282293
United States,River Bend 1 1985,BWR,CO2,1994,0.284472295,4886.23,5455.0,RIVER BEND-1,8760,0.5100000008595583
United States,River Bend 1 1985,BWR,CO2,1995,0.46172524,7930.81,8704.0,RIVER BEND-1,8760,0.5100000003026173
United States,River Bend 1 1985,BWR,CO2,1996,0.399402774,6860.33,7391.0,RIVER BEND-1,8784,0.5113972603090522
United States,River Bend 1 1985,BWR,CO2,1997,0.397209658,6822.66,7427.0,RIVER BEND-1,8760,0.5100000005980073
United States,River Bend 1 1985,BWR,CO2,1998,0.456059932,7833.5,8404.0,RIVER BEND-1,8760,0.5100000005514777
United States,River Bend 1 1985,BWR,CO2,1999,0.332127603,5704.78,6476.0,RIVER BEND-1,8760,0.5100000003996649
United States,River Bend 1 1985,BWR,CO2,2000,0.428070479,7352.74,7795.0,RIVER BEND-1,8784,0.5113972597339224
United States,River Bend 1 1985,BWR,CO2,2001,0.454795411,7811.78,8120.0,RIVER BEND-1,8760,0.5100000000460843
United States,River Bend 1 1985,BWR,CO2,2002,0.493257911,8472.43,8579.0,RIVER BEND-1,8760,0.5100000000424907
United States,River Bend 1 1985,BWR,CO2,2003,0.44556476,7653.23,8050.0,RIVER BEND-1,8760,0.509999999686407
United States,River Bend 1 1985,BWR,CO2,2004,0.432415377,7427.37,7758.0,RIVER BEND-1,8784,0.5113972606141878
United States,River Bend 1 1985,BWR,CO2,2005,0.455418356,7822.48,8162.0,RIVER BEND-1,8760,0.5099999998159153
United States,River Bend 1 1985,BWR,CO2,2006,0.435378151,7478.26,7921.0,RIVER BEND-1,8760,0.5100000003690698
United States,River Bend 1 1985,BWR,CO2,2007,0.41827976,7184.57,7916.0,RIVER BEND-1,8760,0.5099999996659508
United States,River Bend 1 1985,BWR,CO2,2008,0.370659966,6366.63,6771.0,RIVER BEND-1,8784,0.511397260614171
United States,River Bend 1 1985,BWR,CO2,2009,0.456052363,7833.37,8085.0,RIVER BEND-1,8760,0.5099999999846809
United States,River Bend 1 1985,BWR,CO2,2010,0.486896301,8363.16,8642.0,RIVER BEND-1,8760,0.5099999996125866
United States,River Bend 1 1985,BWR,CO2,2011,0.448080411,7696.44,7988.0,RIVER BEND-1,8760,0.5100000000467749
United States,River Bend 1 1985,BWR,CO2,2012,0.455265822,7819.86,8172.0,RIVER BEND-1,8784,0.5113972603662981
United States,River Bend 1 1985,BWR,CO2,2013,0.442456438,7599.84,7898.0,RIVER BEND-1,8760,0.5099999995894651
United States,River Bend 1 1985,BWR,CO2,2014,0.477249966,8197.47,8525.0,RIVER BEND-1,8760,0.510000000263496
United States,River Bend 1 1985,BWR,CO2,2015,0.403738938,6934.81,7556.0,RIVER BEND-1,8760,0.5099999995500958
United States,River Bend 1 1985,BWR,CO2,2016,0.413871986,7108.86,7501.0,RIVER BEND-1,8784,0.5113972599015877
United States,Salem 1-2,PWR,CO2,1977,0.026068383,3398.2,2432.0,SALEM-1,8760,0.06719999855217469
United States,Salem 1-2,PWR,CO2,1978,0.034804383,4537.0,4862.0,SALEM-1,8760,0.06719999891558298
United States,Salem 1-2,PWR,CO2,1979,0.01598915,2084.3,2231.0,SALEM-1,8760,0.06719999712133569
United States,Salem 1-2,PWR,CO2,1980,0.043647781,5689.8,6075.0,SALEM-1,8784,0.06738410986396709
United States,Salem 1-2,PWR,CO2,1981,0.070582017,9200.87,10092.0,SALEM-1,8760,0.06720000053473203
United States,Salem 1-2,PWR,CO2,1982,0.092431452,12049.099999999999,12709.0,SALEM-1,8760,0.067199999960163
United States,Salem 1-2,PWR,CO2,1983,0.047438904,6184.0,6205.0,SALEM-1,8760,0.06719999984476067
United States,Salem 1-2,PWR,CO2,1984,0.04131611,5385.85,5570.0,SALEM-1,8784,0.06738411025929054
United States,Salem 1-2,PWR,CO2,1985,0.107713852,14041.27,13268.0,SALEM-1,8760,0.06719999996581505
United States,Salem 1-2,PWR,CO2,1986,0.095136559,12401.73,12309.0,SALEM-1,8760,0.06720000006773248
United States,Salem 1-2,PWR,CO2,1987,0.095070817,12393.16,12700.0,SALEM-1,8760,0.06720000039699318
United States,Salem 1-2,PWR,CO2,1988,0.102800121,13400.73,12679.0,SALEM-1,8784,0.067384109885357
United States,Salem 1-2,PWR,CO2,1989,0.107688383,14037.95,13478.0,SALEM-1,8760,0.06719999964952147
United States,Salem 1-2,PWR,CO2,1990,0.087799638,11445.310000000001,11031.0,SALEM-1,8760,0.06719999972739925
United States,Salem 1-2,PWR,CO2,1991,0.111022838,14472.619999999999,13667.0,SALEM-1,8760,0.06719999978442052
United States,Salem 1-2,PWR,CO2,1992,0.077114915,10052.48,9747.0,SALEM-1,8784,0.06738410952919081
United States,Salem 1-2,PWR,CO2,1993,0.087805698,11446.1,11074.0,SALEM-1,8760,0.06719999951773967
United States,Salem 1-2,PWR,CO2,1994,0.087345348,11386.09,11941.0,SALEM-1,8760,0.0672000000421567
United States,Salem 1-2,PWR,CO2,1995,0.035488428,4626.17,4893.0,SALEM-1,8760,0.0672000011413329
United States,Salem 1-2,PWR,CO2,1997,0.019671189,2564.28,2834.0,SALEM-2,8760,0.06719999985960971
United States,Salem 1-2,PWR,CO2,1998,0.10949051,14272.869999999999,13486.0,SALEM-1,8760,0.06720000025222678
United States,Salem 1-2,PWR,CO2,1999,0.12242183,15958.560000000001,15094.0,SALEM-1,8760,0.06719999992480524
United States,Salem 1-2,PWR,CO2,2000,0.132975912,17334.36,16147.0,SALEM-1,8784,0.0673841094224419
United States,Salem 1-2,PWR,CO2,2001,0.132152483,17227.02,15852.0,SALEM-1,8760,0.06720000041098227
United States,Salem 1-2,PWR,CO2,2002,0.130318904,16988.0,15475.0,SALEM-1,8760,0.06719999994348953
United States,Salem 1-2,PWR,CO2,2003,0.13188606,17192.29,15756.0,SALEM-1,8760,0.06719999986040254
United States,Salem 1-2,PWR,CO2,2004,0.124676483,16252.470000000001,14711.0,SALEM-1,8784,0.06738411002586067
United States,Salem 1-2,PWR,CO2,2005,0.140587693,18326.61,16002.0,SALEM-1,8760,0.06719999992797358
United States,Salem 1-2,PWR,CO2,2006,0.148633743,19375.47,16945.0,SALEM-1,8760,0.06720000024154253
United States,Salem 1-2,PWR,CO2,2007,0.144433205,18827.9,16519.0,SALEM-1,8760,0.0671999997769268
United States,Salem 1-2,PWR,CO2,2008,0.134674553,17555.79,15338.0,SALEM-1,8784,0.06738410937656465
United States,Salem 1-2,PWR,CO2,2009,0.15073405,19649.260000000002,16804.0,SALEM-1,8760,0.067200000305355
United States,Salem 1-2,PWR,CO2,2010,0.143692702,18731.370000000003,16273.0,SALEM-1,8760,0.0672000002946928
United States,Salem 1-2,PWR,CO2,2011,0.138071145,17998.56,15710.0,SALEM-1,8760,0.067199999899992
United States,Salem 1-2,PWR,CO2,2012,0.143109534,18655.35,16285.0,SALEM-1,8784,0.06738410947293941
United States,Salem 1-2,PWR,CO2,2013,0.148722115,19386.989999999998,16452.0,SALEM-1,8760,0.0671999999690514
United States,Salem 1-2,PWR,CO2,2014,0.125690893,16381.939999999999,14145.0,SALEM-1,8760,0.06721134509587998
United States,Salem 1-2,PWR,CO2,2015,0.14321688,18670.09,16303.0,SALEM-1,8760,0.06719731232147247
United States,Salem 1-2,PWR,CO2,2016,0.121017381,15775.48,13875.0,SALEM-1,8784,0.06738410968819966
United States,San Onofre 1-3,PWR,CO2,1972,0.022745205,2965.0,6799.0,SAN ONOFRE-1,8784,0.06738410816863406
United States,San Onofre 1-3,PWR,CO2,1973,0.017455124,2275.4,5503.0,SAN ONOFRE-1,8760,0.06720000274237495
United States,San Onofre 1-3,PWR,CO2,1974,0.024126795,3145.1,7541.0,SAN ONOFRE-1,8760,0.06720000133541064
United States,San Onofre 1-3,PWR,CO2,1975,0.024893917,3245.1,7657.0,SAN ONOFRE-1,8760,0.06719999781824905
United States,San Onofre 1-3,PWR,CO2,1976,0.018998576,2476.6,6160.0,SAN ONOFRE-1,8784,0.06738411192118227
United States,San Onofre 1-3,PWR,CO2,1977,0.017941479,2338.8,5584.0,SAN ONOFRE-1,8760,0.06719999830682401
United States,San Onofre 1-3,PWR,CO2,1978,0.020561972,2680.4,7021.0,SAN ONOFRE-1,8760,0.06719999803014476
United States,San Onofre 1-3,PWR,CO2,1979,0.025740822,3355.5,7904.0,SAN ONOFRE-1,8760,0.06720000021457309
United States,San Onofre 1-3,PWR,CO2,1980,0.006263562,816.5,1960.0,SAN ONOFRE-1,8784,0.06738411342069811
United States,San Onofre 1-3,PWR,CO2,1981,0.005973589,778.7,2334.0,SAN ONOFRE-1,8760,0.06719999953769101
United States,San Onofre 1-3,PWR,CO2,1982,0.004880438,636.2,2196.0,SAN ONOFRE-1,8760,0.06719999509588179
United States,San Onofre 1-3,PWR,CO2,1983,0.035729534,4657.6,5878.0,SAN ONOFRE-2,8760,0.06719999953624184
United States,San Onofre 1-3,PWR,CO2,1984,0.078383814,10217.89,10697.0,SAN ONOFRE-1,8784,0.06738410984811932
United States,San Onofre 1-3,PWR,CO2,1985,0.087218005,11369.49,16550.0,SAN ONOFRE-1,8760,0.0671999996305903
United States,San Onofre 1-3,PWR,CO2,1986,0.107499902,14013.380000000001,16062.0,SAN ONOFRE-1,8760,0.06720000039390923
United States,San Onofre 1-3,PWR,CO2,1987,0.126435036,16481.71,20375.0,SAN ONOFRE-1,8760,0.06720000020386235
United States,San Onofre 1-3,PWR,CO2,1988,0.126829797,16533.17,17754.0,SAN ONOFRE-1,8784,0.06738410945075869
United States,San Onofre 1-3,PWR,CO2,1989,0.117048208,15258.07,16626.0,SAN ONOFRE-1,8760,0.06719999987416496
United States,San Onofre 1-3,PWR,CO2,1990,0.126370828,16473.34,17961.0,SAN ONOFRE-1,8760,0.06720000032051787
United States,San Onofre 1-3,PWR,CO2,1991,0.12649863,16490.0,19391.0,SAN ONOFRE-1,8760,0.06719999992722862
United States,San Onofre 1-3,PWR,CO2,1992,0.142315562,18551.850000000002,22768.0,SAN ONOFRE-1,8784,0.06738410975767915
United States,San Onofre 1-3,PWR,CO2,1993,0.113405753,14783.25,13902.0,SAN ONOFRE-2,8760,0.06719999974836385
United States,San Onofre 1-3,PWR,CO2,1994,0.141587178,18456.9,17502.0,SAN ONOFRE-2,8760,0.0671999999609902
United States,San Onofre 1-3,PWR,CO2,1995,0.107379079,13997.630000000001,13372.0,SAN ONOFRE-2,8760,0.06719999971709496
United States,San Onofre 1-3,PWR,CO2,1996,0.133394071,17388.87,16329.0,SAN ONOFRE-2,8784,0.06738410947140326
United States,San Onofre 1-3,PWR,CO2,1997,0.103555967,13499.26,12554.0,SAN ONOFRE-2,8760,0.06719999991999562
United States,San Onofre 1-3,PWR,CO2,1998,0.134160734,17488.809999999998,16096.0,SAN ONOFRE-2,8760,0.06719999987649247
United States,San Onofre 1-3,PWR,CO2,1999,0.127802893,16660.019999999997,15105.0,SAN ONOFRE-2,8760,0.06719999992076842
United States,San Onofre 1-3,PWR,CO2,2000,0.13929394,18157.96,16602.0,SAN ONOFRE-2,8784,0.06738410972157667
United States,San Onofre 1-3,PWR,CO2,2001,0.116382652,15171.310000000001,13708.0,SAN ONOFRE-2,8760,0.06719999996836133
United States,San Onofre 1-3,PWR,CO2,2002,0.138531879,18058.62,16276.0,SAN ONOFRE-2,8760,0.06719999978071414
United States,San Onofre 1-3,PWR,CO2,2003,0.140450685,18308.75,16412.0,SAN ONOFRE-2,8760,0.06720000003277121
United States,San Onofre 1-3,PWR,CO2,2004,0.115480055,15053.650000000001,13607.0,SAN ONOFRE-2,8784,0.06738410970894101
United States,San Onofre 1-3,PWR,CO2,2005,0.141150762,18400.010000000002,16733.0,SAN ONOFRE-2,8760,0.06720000016956512
United States,San Onofre 1-3,PWR,CO2,2006,0.10430491,13596.89,12442.0,SAN ONOFRE-2,8760,0.06720000026476643
United States,San Onofre 1-3,PWR,CO2,2007,0.132019079,17209.629999999997,15489.0,SAN ONOFRE-2,8760,0.06719999976989628
United States,San Onofre 1-3,PWR,CO2,2008,0.118122411,15398.099999999999,14381.0,SAN ONOFRE-2,8784,0.06738410961248466
United States,San Onofre 1-3,PWR,CO2,2009,0.119244789,15544.41,13980.0,SAN ONOFRE-2,8760,0.06719999997684055
United States,San Onofre 1-3,PWR,CO2,2010,0.10609875,13830.73,13109.0,SAN ONOFRE-2,8760,0.06719999956618343
United States,San Onofre 1-3,PWR,CO2,2011,0.138909611,18107.86,16213.0,SAN ONOFRE-2,8760,0.06720000001988087
United States,San Onofre 1-3,PWR,CO2,2012,0.007760603,1011.65,949.0,SAN ONOFRE-2,8784,0.06738411184895962
United States,Seabrook 1,PWR,CO2,1990,0.031406028,4094.0,4125.0,SEABROOK-1,8760,0.06720000128969224
United States,Seabrook 1,PWR,CO2,1991,0.052274696,6814.38,6394.0,SEABROOK-1,8760,0.06720000014087855
United States,Seabrook 1,PWR,CO2,1992,0.060360636,7868.44,7056.0,SEABROOK-1,8784,0.06738411001723342
United States,Seabrook 1,PWR,CO2,1993,0.069400186,9046.81,8094.0,SEABROOK-1,8760,0.06719999970818444
United States,Seabrook 1,PWR,CO2,1994,0.047588493,6203.5,5466.0,SEABROOK-1,8760,0.0671999997872169
United States,Seabrook 1,PWR,CO2,1995,0.064289841,8380.64,7465.0,SEABROOK-1,8760,0.06719999989976899
United States,Seabrook 1,PWR,CO2,1996,0.075517074,9844.19,8690.0,SEABROOK-1,8784,0.06738410961348774
United States,Seabrook 1,PWR,CO2,1997,0.060953315,7945.7,6929.0,SEABROOK-1,8760,0.06719999992448746
United States,Seabrook 1,PWR,CO2,1998,0.0643496,8388.43,7294.0,SEABROOK-1,8760,0.06720000000000001
United States,Seabrook 1,PWR,CO2,1999,0.066630104,8685.71,7564.0,SEABROOK-1,8760,0.06719999988947363
United States,Seabrook 1,PWR,CO2,2000,0.060767595,7921.49,6910.0,SEABROOK-1,8784,0.06738411012069699
United States,Seabrook 1,PWR,CO2,2001,0.066680197,8692.24,7703.0,SEABROOK-1,8760,0.06719999973769707
United States,Seabrook 1,PWR,CO2,2002,0.071291605,9293.37,8083.0,SEABROOK-1,8760,0.0671999995480649
United States,Seabrook 1,PWR,CO2,2003,0.071153983,9275.43,8121.0,SEABROOK-1,8760,0.06719999946956638
United States,Seabrook 1,PWR,CO2,2004,0.078069907,10176.97,8784.0,SEABROOK-1,8784,0.06738410971910107
United States,Seabrook 1,PWR,CO2,2005,0.072533117,9455.21,7928.0,SEABROOK-1,8760,0.06719999925120648
United States,Seabrook 1,PWR,CO2,2006,0.072089643,9397.4,7718.0,SEABROOK-1,8760,0.06719999922106114
United States,Seabrook 1,PWR,CO2,2007,0.08257223,10763.88,8669.0,SEABROOK-1,8760,0.06719999988851605
United States,Seabrook 1,PWR,CO2,2008,0.071723266,9349.64,7596.0,SEABROOK-1,8784,0.06738410982069898
United States,Seabrook 1,PWR,CO2,2009,0.067634729,8816.67,7326.0,SEABROOK-1,8760,0.06720000023137988
United States,Seabrook 1,PWR,CO2,2010,0.083693534,10910.05,8760.0,SEABROOK-1,8760,0.06719999980201741
United States,Seabrook 1,PWR,CO2,2011,0.064144855,8361.74,6959.0,SEABROOK-1,8760,0.0672000002152662
United States,Seabrook 1,PWR,CO2,2012,0.062818652,8188.86,7689.0,SEABROOK-1,8784,0.06738410953026429
United States,Seabrook 1,PWR,CO2,2013,0.083816734,10926.11,8760.0,SEABROOK-1,8760,0.06719999980230841
United States,Seabrook 1,PWR,CO2,2014,0.078003588,10167.58,8190.0,SEABROOK-1,8760,0.06720492298855775
United States,Seabrook 1,PWR,CO2,2015,0.072787014,9483.63,7705.0,SEABROOK-1,8760,0.06723314201840434
United States,Seabrook 1,PWR,CO2,2016,0.082546685,10760.55,8667.0,SEABROOK-1,8784,0.06738410964495309
United States,Sequoyah 1-2,PWR,CO2,1980,0.003980143,518.84,834.0,SEQUOYAH-1,8784,0.06738411863387557
United States,Sequoyah 1-2,PWR,CO2,1981,0.036884131,4808.11,4998.0,SEQUOYAH-1,8760,0.06719999907656023
United States,Sequoyah 1-2,PWR,CO2,1982,0.077611857,10117.26,10507.0,SEQUOYAH-1,8760,0.06719999953742417
United States,Sequoyah 1-2,PWR,CO2,1983,0.107645041,14032.3,13137.0,SEQUOYAH-1,8760,0.06719999994013812
United States,Sequoyah 1-2,PWR,CO2,1984,0.09595155,12507.970000000001,12104.0,SEQUOYAH-1,8784,0.0673841091080327
United States,Sequoyah 1-2,PWR,CO2,1985,0.074418936,9701.04,8983.0,SEQUOYAH-1,8760,0.06719999910937384
United States,Sequoyah 1-2,PWR,CO2,1988,0.03116354,4062.39,5379.0,SEQUOYAH-1,8784,0.06738411018144493
United States,Sequoyah 1-2,PWR,CO2,1989,0.119811617,15618.3,14727.0,SEQUOYAH-1,8760,0.06720000031501508
United States,Sequoyah 1-2,PWR,CO2,1990,0.107597786,14026.14,13270.0,SEQUOYAH-1,8760,0.06719999981178001
United States,Sequoyah 1-2,PWR,CO2,1991,0.127258236,16589.02,15256.0,SEQUOYAH-1,8760,0.0672000002025436
United States,Sequoyah 1-2,PWR,CO2,1992,0.120273962,15678.57,14765.0,SEQUOYAH-1,8784,0.06738410978858403
United States,Sequoyah 1-2,PWR,CO2,1993,0.025966126,3384.87,3432.0,SEQUOYAH-1,8760,0.06719999992909624
United States,Sequoyah 1-2,PWR,CO2,1994,0.091755617,11961.0,11189.0,SEQUOYAH-1,8760,0.06720000041133685
United States,Sequoyah 1-2,PWR,CO2,1995,0.120570148,15717.18,14684.0,SEQUOYAH-1,8760,0.06720000003053983
United States,Sequoyah 1-2,PWR,CO2,1996,0.130226772,16975.989999999998,15238.0,SEQUOYAH-1,8784,0.06738410927716146
United States,Sequoyah 1-2,PWR,CO2,1997,0.13079406,17049.94,15487.0,SEQUOYAH-1,8760,0.06719999985923704
United States,Sequoyah 1-2,PWR,CO2,1998,0.143492483,18705.27,16622.0,SEQUOYAH-1,8760,0.06720000037850295
United States,Sequoyah 1-2,PWR,CO2,1999,0.145492219,18965.949999999997,16963.0,SEQUOYAH-1,8760,0.06719999991774735
United States,Sequoyah 1-2,PWR,CO2,2000,0.128713698,16778.75,15146.0,SEQUOYAH-1,8784,0.0673841092591522
United States,Sequoyah 1-2,PWR,CO2,2001,0.14543783,18958.86,16748.0,SEQUOYAH-1,8760,0.06719999993670506
United States,Sequoyah 1-2,PWR,CO2,2002,0.141883824,18495.57,16400.0,SEQUOYAH-1,8760,0.06719999968857407
United States,Sequoyah 1-2,PWR,CO2,2003,0.119743343,15609.400000000001,13844.0,SEQUOYAH-1,8760,0.06720000029981933
United States,Sequoyah 1-2,PWR,CO2,2004,0.143876811,18755.37,16380.0,SEQUOYAH-1,8784,0.06738410960828818
United States,Sequoyah 1-2,PWR,CO2,2005,0.145746521,18999.1,16525.0,SEQUOYAH-1,8760,0.06720000020843092
United States,Sequoyah 1-2,PWR,CO2,2006,0.138087408,18000.68,15846.0,SEQUOYAH-1,8760,0.06719999989333736
United States,Sequoyah 1-2,PWR,CO2,2007,0.143073786,18650.690000000002,16360.0,SEQUOYAH-1,8760,0.06719999985845028
United States,Sequoyah 1-2,PWR,CO2,2008,0.145119474,18917.36,16487.0,SEQUOYAH-1,8784,0.06738410960176261
United States,Sequoyah 1-2,PWR,CO2,2009,0.136199134,17754.53,15657.0,SEQUOYAH-1,8760,0.06719999987834091
United States,Sequoyah 1-2,PWR,CO2,2010,0.138088022,18000.760000000002,16097.0,SEQUOYAH-1,8760,0.0672000000399983
United States,Sequoyah 1-2,PWR,CO2,2011,0.143360536,18688.07,16652.0,SEQUOYAH-1,8760,0.06719999953767297
United States,Sequoyah 1-2,PWR,CO2,2012,0.12723223,16585.63,14773.0,SEQUOYAH-1,8784,0.06738410951649108
United States,Sequoyah 1-2,PWR,CO2,2013,0.141662586,18466.73,16353.0,SEQUOYAH-1,8760,0.06719999985704021
United States,Sequoyah 1-2,PWR,CO2,2014,0.14492344,18892.39,16627.0,SEQUOYAH-1,8760,0.06719792119472444
United States,Sequoyah 1-2,PWR,CO2,2015,0.126700944,16511.32,15045.0,SEQUOYAH-1,8760,0.0672205656143785
United States,Sequoyah 1-2,PWR,CO2,2016,0.132476208,17269.22,15309.0,SEQUOYAH-1,8784,0.06738410947755602
United States,Shearon Harris 1,PWR,CO2,1988,0.041007036,5345.56,6458.0,HARRIS-1,8784,0.0673841102193222
United States,Shearon Harris 1,PWR,CO2,1989,0.043256931,5638.85,6873.0,HARRIS-1,8760,0.0671999992126054
United States,Shearon Harris 1,PWR,CO2,1990,0.048627945,6339.0,7812.0,HARRIS-1,8760,0.06719999971604354
United States,Shearon Harris 1,PWR,CO2,1991,0.045470772,5927.44,7080.0,HARRIS-1,8760,0.0671999991092276
United States,Shearon Harris 1,PWR,CO2,1992,0.041638531,5427.88,6501.0,HARRIS-1,8784,0.06738410876880108
United States,Shearon Harris 1,PWR,CO2,1993,0.05774697,7527.73,8721.0,HARRIS-1,8760,0.06720000015941062
United States,Shearon Harris 1,PWR,CO2,1994,0.046526488,6065.06,7195.0,HARRIS-1,8760,0.06720000047485103
United States,Shearon Harris 1,PWR,CO2,1995,0.045769183,5966.34,7279.0,HARRIS-1,8760,0.06719999917537385
United States,Shearon Harris 1,PWR,CO2,1996,0.054218279,7067.74,8301.0,HARRIS-1,8784,0.06738410902721378
United States,Shearon Harris 1,PWR,CO2,1997,0.045329545,5909.03,6934.0,HARRIS-1,8760,0.06719999969538147
United States,Shearon Harris 1,PWR,CO2,1998,0.051486017,6711.57,7891.0,HARRIS-1,8760,0.06720000073306247
United States,Shearon Harris 1,PWR,CO2,1999,0.055571562,7244.15,8484.0,HARRIS-1,8760,0.06720000043069235
United States,Shearon Harris 1,PWR,CO2,2000,0.052762433,6877.96,8098.0,HARRIS-1,8784,0.0673841097464946
United States,Shearon Harris 1,PWR,CO2,2001,0.041435857,5401.46,6335.0,HARRIS-1,8760,0.06719999913356758
United States,Shearon Harris 1,PWR,CO2,2002,0.060104417,7835.04,8643.0,HARRIS-1,8760,0.0672000006279483
United States,Shearon Harris 1,PWR,CO2,2003,0.055516098,7236.92,8082.0,HARRIS-1,8760,0.06719999923724458
United States,Shearon Harris 1,PWR,CO2,2004,0.053763298,7008.43,7687.0,HARRIS-1,8784,0.06738410879926032
United States,Shearon Harris 1,PWR,CO2,2005,0.060839243,7930.83,8710.0,HARRIS-1,8760,0.06719999907701968
United States,Shearon Harris 1,PWR,CO2,2006,0.053923167,7029.27,7749.0,HARRIS-1,8760,0.06719999984635673
United States,Shearon Harris 1,PWR,CO2,2007,0.056790521,7403.05,8176.0,HARRIS-1,8760,0.06720000053491465
United States,Shearon Harris 1,PWR,CO2,2008,0.059999857,7821.41,8534.0,HARRIS-1,8784,0.06738410898904418
United States,Shearon Harris 1,PWR,CO2,2009,0.056791364,7403.16,8091.0,HARRIS-1,8760,0.06719999954613975
United States,Shearon Harris 1,PWR,CO2,2010,0.054317085,7080.62,7746.0,HARRIS-1,8760,0.06720000008473834
United States,Shearon Harris 1,PWR,CO2,2011,0.062227276,8111.77,8760.0,HARRIS-1,8760,0.06719999923074742
United States,Shearon Harris 1,PWR,CO2,2012,0.05463406,7121.94,7612.0,HARRIS-1,8784,0.06738410925113102
United States,Shearon Harris 1,PWR,CO2,2013,0.052842214,6888.36,7392.0,HARRIS-1,8760,0.06720000038325523
United States,Shearon Harris 1,PWR,CO2,2014,0.061753178,8048.57,8522.0,HARRIS-1,8760,0.06721167105212479
United States,Shearon Harris 1,PWR,CO2,2015,0.055763438,7272.18,7712.0,HARRIS-1,8760,0.0671721157727119
United States,South Texas 1-2,PWR,CO2,1988,0.02141417,2791.49,2404.0,SOUTH TEXAS-1,8784,0.0673841100200968
United States,South Texas 1-2,PWR,CO2,1989,0.071605896,9334.34,8369.0,SOUTH TEXAS-1,8760,0.06720000010284605
United States,South Texas 1-2,PWR,CO2,1990,0.096082498,12525.04,10692.0,SOUTH TEXAS-1,8760,0.06719999955928284
United States,South Texas 1-2,PWR,CO2,1991,0.111292483,14507.77,12203.0,SOUTH TEXAS-1,8760,0.06720000048801435
United States,South Texas 1-2,PWR,CO2,1992,0.13506057,17606.11,14581.0,SOUTH TEXAS-1,8784,0.06738410965738598
United States,South Texas 1-2,PWR,CO2,1993,0.010404724,1356.33,1378.0,SOUTH TEXAS-1,8760,0.06720000460065029
United States,South Texas 1-2,PWR,CO2,1994,0.10925669,14242.39,11940.0,SOUTH TEXAS-1,8760,0.06719999974723344
United States,South Texas 1-2,PWR,CO2,1995,0.147478378,19224.86,15555.0,SOUTH TEXAS-1,8760,0.06719999996254848
United States,South Texas 1-2,PWR,CO2,1996,0.158677381,20684.73,16586.0,SOUTH TEXAS-1,8784,0.06738410966466568
United States,South Texas 1-2,PWR,CO2,1997,0.152244285,19846.129999999997,16112.0,SOUTH TEXAS-1,8760,0.0672000000302326
United States,South Texas 1-2,PWR,CO2,1998,0.159898028,20843.85,16835.0,SOUTH TEXAS-1,8760,0.06720000025331213
United States,South Texas 1-2,PWR,CO2,1999,0.149164285,19444.63,15891.0,SOUTH TEXAS-1,8760,0.06720000003085684
United States,South Texas 1-2,PWR,CO2,2000,0.146897359,19149.12,15354.0,SOUTH TEXAS-1,8784,0.06738410963302753
United States,South Texas 1-2,PWR,CO2,2001,0.152471276,19875.72,15991.0,SOUTH TEXAS-1,8760,0.0671999996860491
United States,South Texas 1-2,PWR,CO2,2002,0.146426883,19087.79,15236.0,SOUTH TEXAS-1,8760,0.06720000037091775
United States,South Texas 1-2,PWR,CO2,2003,0.121044307,15778.989999999998,12545.0,SOUTH TEXAS-1,8760,0.06720000008365555
United States,South Texas 1-2,PWR,CO2,2004,0.164223298,21407.68,16833.0,SOUTH TEXAS-1,8784,0.06738410933048326
United States,South Texas 1-2,PWR,CO2,2005,0.152189819,19839.03,15711.0,SOUTH TEXAS-1,8760,0.06719999992136713
United States,South Texas 1-2,PWR,CO2,2006,0.163938159,21370.51,16702.0,SOUTH TEXAS-1,8760,0.0672000000393065
United States,South Texas 1-2,PWR,CO2,2007,0.170136438,22178.5,16703.0,SOUTH TEXAS-1,8760,0.06719999985932322
United States,South Texas 1-2,PWR,CO2,2008,0.165235517,21539.629999999997,16155.0,SOUTH TEXAS-1,8784,0.06738410925944412
United States,South Texas 1-2,PWR,CO2,2009,0.163827924,21356.14,16080.0,SOUTH TEXAS-1,8760,0.06720000029218764
United States,South Texas 1-2,PWR,CO2,2010,0.16206845,21126.78,15959.0,SOUTH TEXAS-1,8760,0.06720000028399975
United States,South Texas 1-2,PWR,CO2,2011,0.156795014,20439.35,15317.0,SOUTH TEXAS-1,8760,0.06720000012916262
United States,South Texas 1-2,PWR,CO2,2012,0.143016098,18643.17,13964.0,SOUTH TEXAS-1,8784,0.06738410929214293
United States,South Texas 1-2,PWR,CO2,2013,0.138590871,18066.309999999998,13585.0,SOUTH TEXAS-1,8760,0.06719999988708264
United States,South Texas 1-2,PWR,CO2,2014,0.158824576,20703.760000000002,15654.0,SOUTH TEXAS-1,8760,0.06720051264891014
United States,South Texas 1-2,PWR,CO2,2015,0.149513672,19486.879999999997,14907.0,SOUTH TEXAS-1,8760,0.06721136306684292
United States,South Texas 1-2,PWR,CO2,2016,0.166780734,21741.059999999998,16623.0,SOUTH TEXAS-1,8784,0.06738410948941773
United States,St. Lucie 1-2,PWR,CO2,1976,0.002433315,317.2,919.0,ST. LUCIE-1,8784,0.0673841076923077
United States,St. Lucie 1-2,PWR,CO2,1977,0.040992767,5343.7,7414.0,ST. LUCIE-1,8760,0.06719999979789285
United States,St. Lucie 1-2,PWR,CO2,1978,0.038430576,5009.7,6674.0,ST. LUCIE-1,8760,0.06720000114976946
United States,St. Lucie 1-2,PWR,CO2,1979,0.03750926,4889.6,6469.0,ST. LUCIE-1,8760,0.0671999995091623
United States,St. Lucie 1-2,PWR,CO2,1980,0.039904986,5201.9,6797.0,ST. LUCIE-1,8784,0.0673841090801438
United States,St. Lucie 1-2,PWR,CO2,1981,0.038008657,4954.7,6364.0,ST. LUCIE-1,8760,0.06719999905544231
United States,St. Lucie 1-2,PWR,CO2,1982,0.052046247,6784.6,8227.0,ST. LUCIE-1,8760,0.06720000054830055
United States,St. Lucie 1-2,PWR,CO2,1983,0.028194083,3675.3,4948.0,ST. LUCIE-1,8760,0.06720000192637335
United States,St. Lucie 1-2,PWR,CO2,1984,0.075240296,9808.11,12221.0,ST. LUCIE-1,8784,0.06738410968718743
United States,St. Lucie 1-2,PWR,CO2,1985,0.091880197,11977.24,14435.0,ST. LUCIE-1,8760,0.06719999980963895
United States,St. Lucie 1-2,PWR,CO2,1986,0.101285283,13203.259999999998,15604.0,ST. LUCIE-1,8760,0.06720000053623121
United States,St. Lucie 1-2,PWR,CO2,1987,0.089518378,11669.36,14018.0,ST. LUCIE-1,8760,0.06719999993829995
United States,St. Lucie 1-2,PWR,CO2,1988,0.104812898,13663.11,16191.0,ST. LUCIE-1,8784,0.06738410918392665
United States,St. Lucie 1-2,PWR,CO2,1989,0.095052636,12390.79,14788.0,ST. LUCIE-1,8760,0.06720000027116915
United States,St. Lucie 1-2,PWR,CO2,1990,0.075523057,9844.97,11950.0,ST. LUCIE-1,8760,0.06719999952463035
United States,St. Lucie 1-2,PWR,CO2,1991,0.101429348,13222.04,15849.0,ST. LUCIE-1,8760,0.06720000003630301
United States,St. Lucie 1-2,PWR,CO2,1992,0.096452866,12573.32,15077.0,ST. LUCIE-1,8784,0.06738410976130409
United States,St. Lucie 1-2,PWR,CO2,1993,0.077942948,10160.42,13365.0,ST. LUCIE-1,8760,0.06720000004724214
United States,St. Lucie 1-2,PWR,CO2,1994,0.090451736,11791.029999999999,14571.0,ST. LUCIE-1,8760,0.0671999992672396
United States,St. Lucie 1-2,PWR,CO2,1995,0.082967222,10815.369999999999,13232.0,ST. LUCIE-1,8760,0.06720000006657192
United States,St. Lucie 1-2,PWR,CO2,1996,0.093641512,12206.84,14916.0,ST. LUCIE-1,8784,0.0673841093524614
United States,St. Lucie 1-2,PWR,CO2,1997,0.093716921,12216.67,14598.0,ST. LUCIE-1,8760,0.06720000032414725
United States,St. Lucie 1-2,PWR,CO2,1998,0.105670696,13774.93,16402.0,ST. LUCIE-1,8760,0.06720000006969182
United States,St. Lucie 1-2,PWR,CO2,1999,0.105446543,13745.71,16335.0,ST. LUCIE-1,8760,0.06720000034046987
United States,St. Lucie 1-2,PWR,CO2,2000,0.109836943,14318.029999999999,16825.0,ST. LUCIE-1,8784,0.06738410991679722
United States,St. Lucie 1-2,PWR,CO2,2001,0.102926926,13417.26,15894.0,ST. LUCIE-1,8760,0.0671999999821126
United States,St. Lucie 1-2,PWR,CO2,2002,0.110039157,14344.39,16905.0,ST. LUCIE-1,8760,0.06720000051030403
United States,St. Lucie 1-2,PWR,CO2,2003,0.102764986,13396.150000000001,15880.0,ST. LUCIE-1,8760,0.06719999980292846
United States,St. Lucie 1-2,PWR,CO2,2004,0.100537107,13105.73,15577.0,ST. LUCIE-1,8784,0.06738410969003635
United States,St. Lucie 1-2,PWR,CO2,2005,0.094902664,12371.24,14819.0,ST. LUCIE-1,8760,0.06720000069839402
United States,St. Lucie 1-2,PWR,CO2,2006,0.10365017,13511.54,16194.0,ST. LUCIE-1,8760,0.06720000008881297
United States,St. Lucie 1-2,PWR,CO2,2007,0.087499693,11406.21,13649.0,ST. LUCIE-1,8760,0.06719999988427358
United States,St. Lucie 1-2,PWR,CO2,2008,0.105558696,13760.33,16233.0,ST. LUCIE-1,8784,0.06738410965899799
United States,St. Lucie 1-2,PWR,CO2,2009,0.101841447,13275.76,15481.0,ST. LUCIE-1,8760,0.06720000028020995
United States,St. Lucie 1-2,PWR,CO2,2010,0.096917819,12633.93,15402.0,ST. LUCIE-1,8760,0.06719999987652298
United States,St. Lucie 1-2,PWR,CO2,2011,0.080701907,10520.07,13393.0,ST. LUCIE-1,8760,0.06720000012547446
United States,St. Lucie 1-2,PWR,CO2,2012,0.076784362,10009.39,11922.0,ST. LUCIE-1,8784,0.0673841099016024
United States,St. Lucie 1-2,PWR,CO2,2013,0.119841611,15622.21,15687.0,ST. LUCIE-1,8760,0.06720000002304412
United States,St. Lucie 1-2,PWR,CO2,2014,0.12134699,15817.57,15881.0,ST. LUCIE-1,8760,0.06720372550271629
United States,St. Lucie 1-2,PWR,CO2,2015,0.115642727,15075.26,15199.0,ST. LUCIE-1,8760,0.0671981968151793
United States,St. Lucie 1-2,PWR,CO2,2016,0.119582707,15588.460000000001,15663.0,ST. LUCIE-1,8784,0.06738410967395111
United States,Surry 1-2,PWR,CO2,1972,0.003126795,407.6,1048.0,SURRY-1,8784,0.06738411992149165
United States,Surry 1-2,PWR,CO2,1973,0.052603178,6857.2,10769.0,SURRY-1,8760,0.06719999989500088
United States,Surry 1-2,PWR,CO2,1974,0.045863233,5978.6,8654.0,SURRY-1,8760,0.0672000001806443
United States,Surry 1-2,PWR,CO2,1975,0.068362192,8911.5,12310.0,SURRY-1,8760,0.06720000021545194
United States,Surry 1-2,PWR,CO2,1976,0.059376876,7740.200000000001,10595.0,SURRY-1,8784,0.06738410878065165
United States,Surry 1-2,PWR,CO2,1977,0.072732493,9481.2,12641.0,SURRY-1,8760,0.0671999998607771
United States,Surry 1-2,PWR,CO2,1978,0.077296876,10076.2,13535.0,SURRY-1,8760,0.06719999938071892
United States,Surry 1-2,PWR,CO2,1979,0.021990357,2866.6,3863.0,SURRY-1,8760,0.06720000255354776
United States,Surry 1-2,PWR,CO2,1980,0.036163726,4714.2,6901.0,SURRY-1,8784,0.06738410953799161
United States,Surry 1-2,PWR,CO2,1981,0.05774674,7527.700000000001,10375.0,SURRY-1,8760,0.06720000031882248
United States,Surry 1-2,PWR,CO2,1982,0.084194083,10975.3,15505.0,SURRY-1,8760,0.06720000064508488
United States,Surry 1-2,PWR,CO2,1983,0.058325917,7603.2,10739.0,SURRY-1,8760,0.06719999906881313
United States,Surry 1-2,PWR,CO2,1984,0.065539102,8543.49,12465.0,SURRY-1,8784,0.06738411023691723
United States,Surry 1-2,PWR,CO2,1985,0.07433977,9690.72,13684.0,SURRY-1,8760,0.06720000012382982
United States,Surry 1-2,PWR,CO2,1986,0.068945743,8987.57,12085.0,SURRY-1,8760,0.06720000052071919
United States,Surry 1-2,PWR,CO2,1987,0.072296383,9424.349999999999,12569.0,SURRY-1,8760,0.06719999947794811
United States,Surry 1-2,PWR,CO2,1988,0.047990696,6255.93,8625.0,SURRY-1,8784,0.06738410974291592
United States,Surry 1-2,PWR,CO2,1989,0.031176734,4064.11,5572.0,SURRY-1,8760,0.06719999946851833
United States,Surry 1-2,PWR,CO2,1990,0.08139155,10609.970000000001,14574.0,SURRY-1,8760,0.06719999943449415
United States,Surry 1-2,PWR,CO2,1991,0.08113211,10576.15,14646.0,SURRY-1,8760,0.06720000034038852
United States,Surry 1-2,PWR,CO2,1992,0.089371934,11650.27,15503.0,SURRY-1,8784,0.06738410940312971
United States,Surry 1-2,PWR,CO2,1993,0.082626083,10770.9,14685.0,SURRY-1,8760,0.06720000065732669
United States,Surry 1-2,PWR,CO2,1994,0.085479704,11142.89,14811.0,SURRY-1,8760,0.06719999991384641
United States,Surry 1-2,PWR,CO2,1995,0.086411298,11264.33,14592.0,SURRY-1,8760,0.06719999950995753
United States,Surry 1-2,PWR,CO2,1996,0.101407869,13219.24,16323.0,SURRY-1,8784,0.06738410992583538
United States,Surry 1-2,PWR,CO2,1997,0.092758553,12091.740000000002,15101.0,SURRY-1,8760,0.06719999969235195
United States,Surry 1-2,PWR,CO2,1998,0.099198707,12931.26,15930.0,SURRY-1,8760,0.06720000010207822
United States,Surry 1-2,PWR,CO2,1999,0.099657217,12991.029999999999,16253.0,SURRY-1,8760,0.06720000037872287
United States,Surry 1-2,PWR,CO2,2000,0.100400022,13087.86,16210.0,SURRY-1,8784,0.06738410964420463
United States,Surry 1-2,PWR,CO2,2001,0.097135989,12662.369999999999,15583.0,SURRY-1,8760,0.06719999997156931
United States,Surry 1-2,PWR,CO2,2002,0.104889764,13673.130000000001,16726.0,SURRY-1,8760,0.06719999975426255
United States,Surry 1-2,PWR,CO2,2003,0.084628274,11031.9,13602.0,SURRY-1,8760,0.0672000000217551
United States,Surry 1-2,PWR,CO2,2004,0.103629688,13508.869999999999,16549.0,SURRY-1,8784,0.06738410980281845
United States,Surry 1-2,PWR,CO2,2005,0.101529611,13235.11,16422.0,SURRY-1,8760,0.06720000002720038
United States,Surry 1-2,PWR,CO2,2006,0.095893172,12500.36,15636.0,SURRY-1,8760,0.06719999957761216
United States,Surry 1-2,PWR,CO2,2007,0.101885786,13281.54,16480.0,SURRY-1,8760,0.06719999980122787
United States,Surry 1-2,PWR,CO2,2008,0.103541238,13497.34,16765.0,SURRY-1,8784,0.06738410935725113
United States,Surry 1-2,PWR,CO2,2009,0.099800055,13009.650000000001,16240.0,SURRY-1,8760,0.06720000013835883
United States,Surry 1-2,PWR,CO2,2010,0.101048778,13172.43,16370.0,SURRY-1,8760,0.06719999994534039
United States,Surry 1-2,PWR,CO2,2011,0.099952176,13029.48,15361.0,SURRY-1,8760,0.06720000044207444
United States,Surry 1-2,PWR,CO2,2012,0.104440767,13614.6,16020.0,SURRY-1,8784,0.06738410950949716
United States,Surry 1-2,PWR,CO2,2013,0.110500964,14404.59,16740.0,SURRY-1,8760,0.06719999976674101
United States,Surry 1-2,PWR,CO2,2014,0.109959804,14332.33,16642.0,SURRY-1,8760,0.06720804524037613
United States,Surry 1-2,PWR,CO2,2015,0.090465449,11789.71,13951.0,SURRY-1,8760,0.06721771216085892
United States,Surry 1-2,PWR,CO2,2016,0.112080702,14610.52,16985.0,SURRY-1,8784,0.06738410996788616
United States,Susquehanna 1-2,BWR,CO2,1982,0.018705822,321.3,852.0,SUSQUEHANNA-1,8760,0.5100000022408964
United States,Susquehanna 1-2,BWR,CO2,1983,0.26040274,4472.8,4891.0,SUSQUEHANNA-1,8760,0.5100000005365767
United States,Susquehanna 1-2,BWR,CO2,1984,0.408708527,7020.17,8144.0,SUSQUEHANNA-1,8784,0.5113972597769
United States,Susquehanna 1-2,BWR,CO2,1985,0.734128699,12609.740000000002,12932.0,SUSQUEHANNA-1,8760,0.5100000002569441
United States,Susquehanna 1-2,BWR,CO2,1986,0.657737568,11297.61,11722.0,SUSQUEHANNA-1,8760,0.5099999996176182
United States,Susquehanna 1-2,BWR,CO2,1987,0.857644178,14731.3,14762.0,SUSQUEHANNA-1,8760,0.5099999999511245
United States,Susquehanna 1-2,BWR,CO2,1988,0.834007774,14325.31,14191.0,SUSQUEHANNA-1,8784,0.511397260290772
United States,Susquehanna 1-2,BWR,CO2,1989,0.772043938,13260.99,13192.0,SUSQUEHANNA-1,8760,0.5099999997647235
United States,Susquehanna 1-2,BWR,CO2,1990,0.857999315,14737.400000000001,14671.0,SUSQUEHANNA-1,8760,0.5099999999592872
United States,Susquehanna 1-2,BWR,CO2,1991,0.923529658,15862.98,15551.0,SUSQUEHANNA-1,8760,0.5100000002572026
United States,Susquehanna 1-2,BWR,CO2,1992,0.790991952,13586.45,13687.0,SUSQUEHANNA-1,8784,0.5113972602385465
United States,Susquehanna 1-2,BWR,CO2,1993,0.790049384,13570.26,13299.0,SUSQUEHANNA-1,8760,0.5100000002829718
United States,Susquehanna 1-2,BWR,CO2,1994,0.892167568,15324.29,14826.0,SUSQUEHANNA-1,8760,0.5099999997180946
United States,Susquehanna 1-2,BWR,CO2,1995,0.90967524,15625.01,14817.0,SUSQUEHANNA-1,8760,0.5100000001535999
United States,Susquehanna 1-2,BWR,CO2,1996,0.982743219,16880.06,15780.0,SUSQUEHANNA-1,8784,0.5113972601813026
United States,Susquehanna 1-2,BWR,CO2,1997,0.979123733,16817.89,15485.0,SUSQUEHANNA-1,8760,0.5100000000642173
United States,Susquehanna 1-2,BWR,CO2,1998,0.959076541,16473.55,15187.0,SUSQUEHANNA-1,8760,0.5099999999490092
United States,Susquehanna 1-2,BWR,CO2,1999,0.966970479,16609.14,15502.0,SUSQUEHANNA-1,8760,0.5099999997615771
United States,Susquehanna 1-2,BWR,CO2,2000,1.020451199,17527.75,16185.0,SUSQUEHANNA-1,8784,0.5113972604593288
United States,Susquehanna 1-2,BWR,CO2,2001,1.036889966,17810.11,16411.0,SUSQUEHANNA-1,8760,0.5100000001212793
United States,Susquehanna 1-2,BWR,CO2,2002,1.009100205,17332.78,15932.0,SUSQUEHANNA-1,8760,0.5099999997576846
United States,Susquehanna 1-2,BWR,CO2,2003,1.048793459,18014.57,16286.0,SUSQUEHANNA-1,8760,0.510000000046629
United States,Susquehanna 1-2,BWR,CO2,2004,1.052843185,18084.129999999997,16143.0,SUSQUEHANNA-1,8784,0.5113972603072419
United States,Susquehanna 1-2,BWR,CO2,2005,1.067061473,18328.35,16257.0,SUSQUEHANNA-1,8760,0.5100000001898698
United States,Susquehanna 1-2,BWR,CO2,2006,1.040584555,17873.57,15794.0,SUSQUEHANNA-1,8760,0.5100000001007073
United States,Susquehanna 1-2,BWR,CO2,2007,1.061795548,18237.9,16075.0,SUSQUEHANNA-1,8760,0.5100000000263187
United States,Susquehanna 1-2,BWR,CO2,2008,1.111820377,19097.15,16488.0,SUSQUEHANNA-1,8784,0.511397260406291
United States,Susquehanna 1-2,BWR,CO2,2009,1.134497329,19486.66,16535.0,SUSQUEHANNA-1,8760,0.5100000001046869
United States,Susquehanna 1-2,BWR,CO2,2010,1.077961849,18515.58,15644.0,SUSQUEHANNA-1,8760,0.5099999998509362
United States,Susquehanna 1-2,BWR,CO2,2011,1.015939795,17450.260000000002,14188.0,SUSQUEHANNA-1,8760,0.510000000240684
United States,Susquehanna 1-2,BWR,CO2,2012,0.990298322,17009.829999999998,13991.0,SUSQUEHANNA-1,8784,0.5113972603164171
United States,Susquehanna 1-2,BWR,CO2,2013,1.104739178,18975.52,15116.0,SUSQUEHANNA-1,8760,0.5099999999620564
United States,Susquehanna 1-2,BWR,CO2,2014,1.098075993,18861.07,15032.0,SUSQUEHANNA-1,8760,0.5099999999300145
United States,Susquehanna 1-2,BWR,CO2,2015,1.200682055,20623.48,16269.0,SUSQUEHANNA-1,8760,0.5100000000872791
United States,Susquehanna 1-2,BWR,CO2,2016,1.130789932,19422.98,15539.0,SUSQUEHANNA-1,8784,0.511397260496999
United States,Three Mile Island 1,PWR,CO2,1974,0.018796055,2450.2,3651.0,THREE MILE ISLAND-1,8760,0.0672000007346339
United States,Three Mile Island 1,PWR,CO2,1975,0.042510904,5541.6,7198.0,THREE MILE ISLAND-1,8760,0.06719999982676483
United States,Three Mile Island 1,PWR,CO2,1976,0.033326904,4344.4,5745.0,THREE MILE ISLAND-1,8784,0.06738410936746156
United States,Three Mile Island 1,PWR,CO2,1977,0.041935562,5466.6,7087.0,THREE MILE ISLAND-1,8760,0.06720000057073867
United States,Three Mile Island 1,PWR,CO2,1978,0.048469917,5681.9,7454.0,THREE MILE ISLAND-1,8760,0.07472790315211461
United States,Three Mile Island 1,PWR,CO2,1979,0.016928876,888.7,1128.0,THREE MILE ISLAND-1,8760,0.16686953275571056
United States,Three Mile Island 1,PWR,CO2,1985,0.006226433,811.66,1853.0,THREE MILE ISLAND-1,8760,0.06720000133060641
United States,Three Mile Island 1,PWR,CO2,1986,0.036961995,4818.26,6209.0,THREE MILE ISLAND-1,8760,0.06720000087168397
United States,Three Mile Island 1,PWR,CO2,1987,0.038619364,5034.31,6351.0,THREE MILE ISLAND-1,8760,0.06719999933257984
United States,Three Mile Island 1,PWR,CO2,1988,0.041926586,5465.43,6679.0,THREE MILE ISLAND-1,8784,0.06738410910468161
United States,Three Mile Island 1,PWR,CO2,1989,0.0553616,7216.78,8714.0,THREE MILE ISLAND-1,8760,0.0672
United States,Three Mile Island 1,PWR,CO2,1990,0.040781655,5316.18,7123.0,THREE MILE ISLAND-1,8760,0.06720000033858899
United States,Three Mile Island 1,PWR,CO2,1991,0.043505326,5671.23,7536.0,THREE MILE ISLAND-1,8760,0.06719999995768114
United States,Three Mile Island 1,PWR,CO2,1992,0.053211583,6936.51,8743.0,THREE MILE ISLAND-1,8784,0.06738410887780742
United States,Three Mile Island 1,PWR,CO2,1993,0.045737502,5962.21,7702.0,THREE MILE ISLAND-1,8760,0.06720000092583119
United States,Three Mile Island 1,PWR,CO2,1994,0.050560329,6590.9,8349.0,THREE MILE ISLAND-1,8760,0.06720000030951767
United States,Three Mile Island 1,PWR,CO2,1995,0.049003759,6387.99,7926.0,THREE MILE ISLAND-1,8760,0.06720000013149677
United States,Three Mile Island 1,PWR,CO2,1996,0.054467748,7100.26,8784.0,THREE MILE ISLAND-1,8784,0.06738410965682948
United States,Three Mile Island 1,PWR,CO2,1997,0.045404264,5918.77,7633.0,THREE MILE ISLAND-1,8760,0.06720000145976275
United States,Three Mile Island 1,PWR,CO2,1998,0.054152767,7059.2,8760.0,THREE MILE ISLAND-1,8760,0.06719999984700817
United States,Three Mile Island 1,PWR,CO2,1999,0.048546707,6328.41,7827.0,THREE MILE ISLAND-1,8760,0.0672000002085832
United States,Three Mile Island 1,PWR,CO2,2000,0.054810422,7144.93,8784.0,THREE MILE ISLAND-1,8784,0.06738410969008793
United States,Three Mile Island 1,PWR,CO2,2001,0.04155246,5416.66,7034.0,THREE MILE ISLAND-1,8760,0.06719999955692253
United States,Three Mile Island 1,PWR,CO2,2002,0.056103715,7313.52,8760.0,THREE MILE ISLAND-1,8760,0.06719999991796016
United States,Three Mile Island 1,PWR,CO2,2003,0.047600536,6205.07,7602.0,THREE MILE ISLAND-1,8760,0.06719999860759024
United States,Three Mile Island 1,PWR,CO2,2004,0.055795331,7273.32,8784.0,THREE MILE ISLAND-1,8784,0.06738410897691838
United States,Three Mile Island 1,PWR,CO2,2005,0.051822247,6755.4,8145.0,THREE MILE ISLAND-1,8760,0.06720000055067059
United States,Three Mile Island 1,PWR,CO2,2006,0.05544023,7227.03,8647.0,THREE MILE ISLAND-1,8760,0.06719999983395669
United States,Three Mile Island 1,PWR,CO2,2007,0.050977567,6645.29,8034.0,THREE MILE ISLAND-1,8760,0.06719999983747887
United States,Three Mile Island 1,PWR,CO2,2008,0.056499397,7365.1,8784.0,THREE MILE ISLAND-1,8784,0.06738410927862486
United States,Three Mile Island 1,PWR,CO2,2009,0.045195912,5891.61,7152.0,THREE MILE ISLAND-1,8760,0.06719999951116927
United States,Three Mile Island 1,PWR,CO2,2010,0.050889041,6633.75,8084.0,THREE MILE ISLAND-1,8760,0.06719999987337479
United States,Three Mile Island 1,PWR,CO2,2011,0.050007464,6518.83,7975.0,THREE MILE ISLAND-1,8760,0.06720000132539121
United States,Three Mile Island 1,PWR,CO2,2012,0.053992131,7038.26,8432.0,THREE MILE ISLAND-1,8784,0.06738410895647504
United States,Three Mile Island 1,PWR,CO2,2013,0.051237852,6679.22,8064.0,THREE MILE ISLAND-1,8760,0.06719999992813531
United States,Three Mile Island 1,PWR,CO2,2014,0.05606835,7308.91,8760.0,THREE MILE ISLAND-1,8760,0.06719999917908416
United States,Three Mile Island 1,PWR,CO2,2015,0.050590891,6598.04,8028.0,THREE MILE ISLAND-1,8760,0.06716785669077484
United States,Three Mile Island 1,PWR,CO2,2016,0.054332657,7082.65,8510.0,THREE MILE ISLAND-1,8784,0.06738410892646114
United States,Trojan,PWR,CO2,1976,0.016776219,2186.9,3145.0,TROJAN,8784,0.06738410887374822
United States,Trojan,PWR,CO2,1977,0.050019507,6520.4,6646.0,TROJAN,8760,0.06720000020244157
United States,Trojan,PWR,CO2,1978,0.013084822,1705.7,1801.0,TROJAN,8760,0.06720000042211408
United States,Trojan,PWR,CO2,1979,0.040555507,5286.7,5085.0,TROJAN,8760,0.06720000024968317
United States,Trojan,PWR,CO2,1980,0.046633424,6079.0,6363.0,TROJAN,8784,0.06738410863892087
United States,Trojan,PWR,CO2,1981,0.049312219,6428.2,6492.0,TROJAN,8760,0.06719999975731931
United States,Trojan,PWR,CO2,1982,0.036941589,4815.6,4750.0,TROJAN,8760,0.06719999992524295
United States,Trojan,PWR,CO2,1983,0.03144285,4098.8,4309.0,TROJAN,8760,0.06720000146384307
United States,Trojan,PWR,CO2,1984,0.036455486,4752.23,4780.0,TROJAN,8784,0.06738415207681447
United States,Trojan,PWR,CO2,1985,0.053043722,6914.63,6716.0,TROJAN,8760,0.0671999810141685
United States,Trojan,PWR,CO2,1986,0.054420639,7094.12,6982.0,TROJAN,8760,0.06719999064577425
United States,Trojan,PWR,CO2,1987,0.033470387,4363.1,4629.0,TROJAN,8760,0.06720006191010977
United States,Trojan,PWR,CO2,1988,0.04866917,6344.37,5859.0,TROJAN,8784,0.06738415150440469
United States,Trojan,PWR,CO2,1989,0.042557975,5547.74,5292.0,TROJAN,8760,0.06719995187229395
United States,Trojan,PWR,CO2,1990,0.046828428,6104.42,5655.0,TROJAN,8760,0.06720000086494703
United States,Trojan,PWR,CO2,1991,0.011477477,1496.17,1397.0,TROJAN,8760,0.06720004980717431
United States,Trojan,PWR,CO2,1992,0.035379319,4611.95,4656.0,TROJAN,8784,0.06738406489575993
United States,Turkey Point 3-4,PWR,CO2,1972,0.000775562,101.1,420.0,TURKEY POINT-3,8784,0.06738414053412464
United States,Turkey Point 3-4,PWR,CO2,1974,0.061310028,7992.2,12849.0,TURKEY POINT-3,8760,0.06720000066064413
United States,Turkey Point 3-4,PWR,CO2,1975,0.06419211,8367.9,13120.0,TURKEY POINT-3,8760,0.06720000043021547
United States,Turkey Point 3-4,PWR,CO2,1976,0.062112438,8096.8,12490.0,TURKEY POINT-3,8784,0.06738410920264797
United States,Turkey Point 3-4,PWR,CO2,1977,0.062482959,8145.1,12572.0,TURKEY POINT-3,8760,0.06720000010312949
United States,Turkey Point 3-4,PWR,CO2,1978,0.063625972,8294.1,13780.0,TURKEY POINT-3,8760,0.0671999993634029
United States,Turkey Point 3-4,PWR,CO2,1979,0.051613589,6728.2,10870.0,TURKEY POINT-3,8760,0.06719999994649387
United States,Turkey Point 3-4,PWR,CO2,1980,0.06325315,8245.5,12905.0,TURKEY POINT-3,8784,0.06738410885937783
United States,Turkey Point 3-4,PWR,CO2,1981,0.041734576,5440.4,8186.0,TURKEY POINT-3,8760,0.06720000105874568
United States,Turkey Point 3-4,PWR,CO2,1982,0.058444055,7618.6,11418.0,TURKEY POINT-3,8760,0.06720000023626388
United States,Turkey Point 3-4,PWR,CO2,1983,0.056075945,7309.9,10983.0,TURKEY POINT-3,8760,0.06719999975375861
United States,Turkey Point 3-4,PWR,CO2,1984,0.060359792,7868.33,12027.0,TURKEY POINT-3,8784,0.06738410983372584
United States,Turkey Point 3-4,PWR,CO2,1985,0.065964317,8598.92,13076.0,TURKEY POINT-3,8760,0.06719999917664078
United States,Turkey Point 3-4,PWR,CO2,1986,0.047999364,6257.06,9606.0,TURKEY POINT-3,8760,0.06719999946300659
United States,Turkey Point 3-4,PWR,CO2,1987,0.027177874,3542.83,5880.0,TURKEY POINT-3,8760,0.06720000006774246
United States,Turkey Point 3-4,PWR,CO2,1988,0.051671124,6735.7,10306.0,TURKEY POINT-3,8784,0.06738411051798625
United States,Turkey Point 3-4,PWR,CO2,1989,0.043823222,5712.67,9372.0,TURKEY POINT-3,8760,0.06720000012603564
United States,Turkey Point 3-4,PWR,CO2,1990,0.059631024,7773.33,11892.0,TURKEY POINT-3,8760,0.06719999925900483
United States,Turkey Point 3-4,PWR,CO2,1991,0.016417205,2140.1,3490.0,TURKEY POINT-3,8760,0.0671999980374749
United States,Turkey Point 3-4,PWR,CO2,1992,0.061910685,8070.5,13035.0,TURKEY POINT-3,8784,0.06738410966358961
United States,Turkey Point 3-4,PWR,CO2,1993,0.079808745,10403.64,15698.0,TURKEY POINT-3,8760,0.06719999982698364
United States,Turkey Point 3-4,PWR,CO2,1994,0.074942345,9769.27,14950.0,TURKEY POINT-3,8760,0.06719999981574877
United States,Turkey Point 3-4,PWR,CO2,1995,0.084376657,10999.1,16475.0,TURKEY POINT-3,8760,0.06719999957451064
United States,Turkey Point 3-4,PWR,CO2,1996,0.083740712,10916.2,16261.0,TURKEY POINT-3,8784,0.0673841093244902
United States,Turkey Point 3-4,PWR,CO2,1997,0.082043145,10694.91,15379.0,TURKEY POINT-3,8760,0.06719999983169564
United States,Turkey Point 3-4,PWR,CO2,1998,0.088907748,11589.76,16517.0,TURKEY POINT-3,8760,0.06720000004141587
United States,Turkey Point 3-4,PWR,CO2,1999,0.090885852,11847.62,16869.0,TURKEY POINT-3,8760,0.06719999995948553
United States,Turkey Point 3-4,PWR,CO2,2000,0.086499288,11275.8,16150.0,TURKEY POINT-3,8784,0.06738410984515511
United States,Turkey Point 3-4,PWR,CO2,2001,0.089226257,11631.28,16546.0,TURKEY POINT-3,8760,0.06719999959763671
United States,Turkey Point 3-4,PWR,CO2,2002,0.092588022,12069.51,17129.0,TURKEY POINT-3,8760,0.06720000005965446
United States,Turkey Point 3-4,PWR,CO2,2003,0.084445315,11008.05,15963.0,TURKEY POINT-3,8760,0.06719999994549444
United States,Turkey Point 3-4,PWR,CO2,2004,0.082950576,10813.2,15596.0,TURKEY POINT-3,8784,0.06738411012318277
United States,Turkey Point 3-4,PWR,CO2,2005,0.077018181,10039.869999999999,14605.0,TURKEY POINT-3,8760,0.06720000015538051
United States,Turkey Point 3-4,PWR,CO2,2006,0.084120362,10965.689999999999,15574.0,TURKEY POINT-3,8760,0.06720000028452383
United States,Turkey Point 3-4,PWR,CO2,2007,0.086124164,11226.900000000001,15872.0,TURKEY POINT-3,8760,0.0671999997007188
United States,Turkey Point 3-4,PWR,CO2,2008,0.087255902,11374.43,16032.0,TURKEY POINT-3,8784,0.06738411007566972
United States,Turkey Point 3-4,PWR,CO2,2009,0.081964438,10684.650000000001,15262.0,TURKEY POINT-3,8760,0.0671999997079923
United States,Turkey Point 3-4,PWR,CO2,2010,0.086745611,11307.91,15991.0,TURKEY POINT-3,8760,0.06720000003183613
United States,Turkey Point 3-4,PWR,CO2,2011,0.083714247,10912.75,15493.0,TURKEY POINT-3,8760,0.06720000034088566
United States,Turkey Point 3-4,PWR,CO2,2012,0.059166224,7712.74,11537.0,TURKEY POINT-3,8784,0.06738410884017873
United States,Turkey Point 3-4,PWR,CO2,2013,0.083724219,10914.05,14101.0,TURKEY POINT-3,8760,0.06719999985706498
United States,Turkey Point 3-4,PWR,CO2,2014,0.092466333,12050.7,15554.0,TURKEY POINT-3,8760,0.06721643365779581
United States,Turkey Point 3-4,PWR,CO2,2015,0.100085792,13050.18,16175.0,TURKEY POINT-3,8760,0.06718309923081521
United States,Turkey Point 3-4,PWR,CO2,2016,0.10535257,13733.46,16732.0,TURKEY POINT-3,8784,0.06738410967665834
United States,Virgil C. Summer 1,PWR,CO2,1982,0.00146674,191.2,761.0,SUMMER-1,8760,0.06720001255230125
United States,Virgil C. Summer 1,PWR,CO2,1983,0.03319726,4327.5,6238.0,SUMMER-1,8760,0.06719999944540729
United States,Virgil C. Summer 1,PWR,CO2,1984,0.032285074,4208.59,5362.0,SUMMER-1,8784,0.06738410964622354
United States,Virgil C. Summer 1,PWR,CO2,1985,0.040159595,5235.09,6272.0,SUMMER-1,8760,0.06720000080227846
United States,Virgil C. Summer 1,PWR,CO2,1986,0.054930936,7160.64,8346.0,SUMMER-1,8760,0.06719999879340394
United States,Virgil C. Summer 1,PWR,CO2,1987,0.039645852,5168.12,6135.0,SUMMER-1,8760,0.0671999999071229
United States,Virgil C. Summer 1,PWR,CO2,1988,0.038879036,5068.16,5952.0,SUMMER-1,8784,0.06738411025381992
United States,Virgil C. Summer 1,PWR,CO2,1989,0.041522543,5412.76,7073.0,SUMMER-1,8760,0.0672000008646236
United States,Virgil C. Summer 1,PWR,CO2,1990,0.046927003,6117.27,7261.0,SUMMER-1,8760,0.06720000037271529
United States,Virgil C. Summer 1,PWR,CO2,1991,0.041011408,5346.13,7065.0,SUMMER-1,8760,0.06719999964086171
United States,Virgil C. Summer 1,PWR,CO2,1992,0.05765085,7515.2,8532.0,SUMMER-1,8784,0.06738411038961038
United States,Virgil C. Summer 1,PWR,CO2,1993,0.04686709,6109.46,7258.0,SUMMER-1,8760,0.06719999941074989
United States,Virgil C. Summer 1,PWR,CO2,1994,0.034183321,4456.04,6022.0,SUMMER-1,8760,0.06720000088868144
United States,Virgil C. Summer 1,PWR,CO2,1995,0.058004876,7561.35,8478.0,SUMMER-1,8760,0.06719999917475053
United States,Virgil C. Summer 1,PWR,CO2,1996,0.054888669,7155.13,7829.0,SUMMER-1,8784,0.067384110211275
United States,Virgil C. Summer 1,PWR,CO2,1997,0.05575383,7267.91,7805.0,SUMMER-1,8760,0.06719999983489063
United States,Virgil C. Summer 1,PWR,CO2,1998,0.062819112,8188.92,8638.0,SUMMER-1,8760,0.06719999964830527
United States,Virgil C. Summer 1,PWR,CO2,1999,0.056585315,7376.3,7779.0,SUMMER-1,8760,0.06719999991865841
United States,Virgil C. Summer 1,PWR,CO2,2000,0.048779912,6358.81,6688.0,SUMMER-1,8784,0.0673841091348853
United States,Virgil C. Summer 1,PWR,CO2,2001,0.051838586,6757.53,7095.0,SUMMER-1,8760,0.06719999960932471
United States,Virgil C. Summer 1,PWR,CO2,2002,0.056610017,7379.52,7645.0,SUMMER-1,8760,0.06720000066671003
United States,Virgil C. Summer 1,PWR,CO2,2003,0.056399364,7352.06,7564.0,SUMMER-1,8760,0.06719999954298522
United States,Virgil C. Summer 1,PWR,CO2,2004,0.063236581,8243.34,8413.0,SUMMER-1,8784,0.06738410977880324
United States,Virgil C. Summer 1,PWR,CO2,2005,0.057299507,7469.4,7746.0,SUMMER-1,8760,0.06720000017672102
United States,Virgil C. Summer 1,PWR,CO2,2006,0.057698411,7521.4,7783.0,SUMMER-1,8760,0.06720000004786343
United States,Virgil C. Summer 1,PWR,CO2,2007,0.06504469,8479.04,8719.0,SUMMER-1,8760,0.06719999957542364
United States,Virgil C. Summer 1,PWR,CO2,2008,0.055064876,7178.1,7404.0,SUMMER-1,8784,0.0673841087173486
United States,Virgil C. Summer 1,PWR,CO2,2009,0.052717019,6872.04,7150.0,SUMMER-1,8760,0.06719999977299317
United States,Virgil C. Summer 1,PWR,CO2,2010,0.065106367,8487.08,8681.0,SUMMER-1,8760,0.06719999987274775
United States,Virgil C. Summer 1,PWR,CO2,2011,0.05696834,7426.23,7622.0,SUMMER-1,8760,0.06720000032317879
United States,Virgil C. Summer 1,PWR,CO2,2012,0.05585885,7281.6,7456.0,SUMMER-1,8784,0.06738411041529334
United States,Virgil C. Summer 1,PWR,CO2,2013,0.064207298,8369.88,8501.0,SUMMER-1,8760,0.06719999934049234
United States,Virgil C. Summer 1,PWR,CO2,2014,0.053045487,6914.78,7078.0,SUMMER-1,8760,0.06720075926059832
United States,Virgil C. Summer 1,PWR,CO2,2015,0.054554507,7115.39,7301.0,SUMMER-1,8760,0.06716391952092576
United States,Vogtle 1-2,PWR,CO2,1988,0.052162159,6799.71,6569.0,VOGTLE-1,8784,0.06738410971291423
United States,Vogtle 1-2,PWR,CO2,1989,0.109365315,14256.55,13379.0,VOGTLE-1,8760,0.06719999995791408
United States,Vogtle 1-2,PWR,CO2,1990,0.109093217,14221.080000000002,14105.0,VOGTLE-1,8760,0.06720000034596528
United States,Vogtle 1-2,PWR,CO2,1991,0.125801929,16399.18,15391.0,VOGTLE-1,8760,0.06720000012439648
United States,Vogtle 1-2,PWR,CO2,1992,0.131662674,17163.170000000002,15698.0,VOGTLE-1,8784,0.06738410960306283
United States,Vogtle 1-2,PWR,CO2,1993,0.132571485,17281.64,15314.0,VOGTLE-1,8760,0.06720000003471893
United States,Vogtle 1-2,PWR,CO2,1994,0.139223364,18148.760000000002,15909.0,VOGTLE-1,8760,0.06719999981486338
United States,Vogtle 1-2,PWR,CO2,1995,0.146901502,19149.66,16529.0,VOGTLE-1,8760,0.06720000028825576
United States,Vogtle 1-2,PWR,CO2,1996,0.131848855,17187.44,15061.0,VOGTLE-1,8784,0.06738410969405566
United States,Vogtle 1-2,PWR,CO2,1997,0.142538717,18580.940000000002,15927.0,VOGTLE-1,8760,0.06719999961896438
United States,Vogtle 1-2,PWR,CO2,1998,0.142727583,18605.56,16085.0,VOGTLE-1,8760,0.0671999997355629
United States,Vogtle 1-2,PWR,CO2,1999,0.141522664,18448.489999999998,15941.0,VOGTLE-1,8760,0.06720000046833101
United States,Vogtle 1-2,PWR,CO2,2000,0.149852855,19534.39,16747.0,VOGTLE-1,8784,0.06738410968143874
United States,Vogtle 1-2,PWR,CO2,2001,0.150364296,19601.059999999998,16777.0,VOGTLE-1,8760,0.06720000004897694
United States,Vogtle 1-2,PWR,CO2,2002,0.130853283,17057.66,14797.0,VOGTLE-1,8760,0.06720000041506279
United States,Vogtle 1-2,PWR,CO2,2003,0.146889688,19148.12,16498.0,VOGTLE-1,8760,0.0672000001504064
United States,Vogtle 1-2,PWR,CO2,2004,0.148292296,19330.96,16664.0,VOGTLE-1,8784,0.06738410963883842
United States,Vogtle 1-2,PWR,CO2,2005,0.136647902,17813.03,15428.0,VOGTLE-1,8760,0.06720000030988552
United States,Vogtle 1-2,PWR,CO2,2006,0.137676767,17947.15,15560.0,VOGTLE-1,8760,0.06719999993982331
United States,Vogtle 1-2,PWR,CO2,2007,0.14044171,18307.58,16083.0,VOGTLE-1,8760,0.06720000019663985
United States,Vogtle 1-2,PWR,CO2,2008,0.136375803,17777.559999999998,15595.0,VOGTLE-1,8784,0.06738410971764405
United States,Vogtle 1-2,PWR,CO2,2009,0.14794686,19285.93,16571.0,VOGTLE-1,8760,0.06719999987555696
United States,Vogtle 1-2,PWR,CO2,2010,0.150436483,19610.47,16771.0,VOGTLE-1,8760,0.06720000036103163
United States,Vogtle 1-2,PWR,CO2,2011,0.143676822,18729.300000000003,16117.0,VOGTLE-1,8760,0.06720000003844244
United States,Vogtle 1-2,PWR,CO2,2012,0.150035507,19558.199999999997,16745.0,VOGTLE-1,8784,0.06738410965671689
United States,Vogtle 1-2,PWR,CO2,2013,0.146387683,19082.68,16508.0,VOGTLE-1,8760,0.06720000037101706
United States,Vogtle 1-2,PWR,CO2,2014,0.138796946,18096.72,15736.0,VOGTLE-1,8760,0.06718682982109465
United States,Vogtle 1-2,PWR,CO2,2015,0.148480888,19359.92,16639.0,VOGTLE-1,8760,0.06718481165624653
United States,Vogtle 1-2,PWR,CO2,2016,0.152351605,19860.12,17004.0,VOGTLE-1,8784,0.06738410937698262
United States,Waterford 3,PWR,CO2,1985,0.021272866,2773.07,3372.0,WATERFORD-3,8760,0.0672000007789201
United States,Waterford 3,PWR,CO2,1986,0.056064285,7308.38,6921.0,WATERFORD-3,8760,0.06720000008209753
United States,Waterford 3,PWR,CO2,1987,0.057028559,7434.08,7085.0,WATERFORD-3,8760,0.06720000011299314
United States,Waterford 3,PWR,CO2,1988,0.050234378,6548.41,6468.0,WATERFORD-3,8784,0.06738410947878952
United States,Waterford 3,PWR,CO2,1989,0.05837371,7609.43,7136.0,WATERFORD-3,8760,0.0672000004730972
United States,Waterford 3,PWR,CO2,1990,0.066005052,8604.23,8079.0,WATERFORD-3,8760,0.06719999994421348
United States,Waterford 3,PWR,CO2,1991,0.055807759,7274.94,6869.0,WATERFORD-3,8760,0.06720000011546487
United States,Waterford 3,PWR,CO2,1992,0.058471364,7622.16,7213.0,WATERFORD-3,8784,0.06738410914701344
United States,Waterford 3,PWR,CO2,1993,0.070106093,9138.83,8691.0,WATERFORD-3,8760,0.06719999985556137
United States,Waterford 3,PWR,CO2,1994,0.060847605,7931.92,7555.0,WATERFORD-3,8760,0.0671999994704939
United States,Waterford 3,PWR,CO2,1995,0.059555233,7763.45,7241.0,WATERFORD-3,8760,0.06720000013911341
United States,Waterford 3,PWR,CO2,1996,0.068479945,8926.85,8237.0,WATERFORD-3,8784,0.06738410938684979
United States,Waterford 3,PWR,CO2,1997,0.051555902,6720.68,6161.0,WATERFORD-3,8760,0.06720000082134546
United States,Waterford 3,PWR,CO2,1998,0.066132011,8620.78,7966.0,WATERFORD-3,8760,0.06720000004175956
United States,Waterford 3,PWR,CO2,1999,0.057087321,7441.74,6905.0,WATERFORD-3,8760,0.06720000053213361
United States,Waterford 3,PWR,CO2,2000,0.065031957,8477.38,7743.0,WATERFORD-3,8784,0.06738411045488112
United States,Waterford 3,PWR,CO2,2001,0.07317635,9539.06,8718.0,WATERFORD-3,8760,0.06719999937100721
United States,Waterford 3,PWR,CO2,2002,0.067874531,8847.93,8136.0,WATERFORD-3,8760,0.06719999949818771
United States,Waterford 3,PWR,CO2,2003,0.06522949,8503.13,7865.0,WATERFORD-3,8760,0.06719999957662649
United States,Waterford 3,PWR,CO2,2004,0.074061304,9654.42,8771.0,WATERFORD-3,8784,0.06738410948933234
United States,Waterford 3,PWR,CO2,2005,0.060708219,7913.75,6975.0,WATERFORD-3,8760,0.06719999980287474
United States,Waterford 3,PWR,CO2,2006,0.071187583,9279.81,7996.0,WATERFORD-3,8760,0.06719999946981674
United States,Waterford 3,PWR,CO2,2007,0.075891507,9893.0,8423.0,WATERFORD-3,8760,0.06720000013342767
United States,Waterford 3,PWR,CO2,2008,0.069455189,9053.98,7703.0,WATERFORD-3,8784,0.06738410954917064
United States,Waterford 3,PWR,CO2,2009,0.068704098,8956.07,7648.0,WATERFORD-3,8760,0.06719999938365824
United States,Waterford 3,PWR,CO2,2010,0.07883097,10276.18,8760.0,WATERFORD-3,8760,0.0672000001167749
United States,Waterford 3,PWR,CO2,2011,0.06859885,8942.35,7876.0,WATERFORD-3,8760,0.06720000067096457
United States,Waterford 3,PWR,CO2,2012,0.060451693,7880.31,6820.0,WATERFORD-3,8784,0.06738410942107606
United States,Waterford 3,PWR,CO2,2013,0.072008789,9386.86,8176.0,WATERFORD-3,8760,0.06719999996164851
United States,Waterford 3,PWR,CO2,2014,0.070307052,9166.31,7999.0,WATERFORD-3,8760,0.06719058983604088
United States,Waterford 3,PWR,CO2,2015,0.064452226,8405.17,7300.0,WATERFORD-3,8760,0.06717312080065008
United States,Waterford 3,PWR,CO2,2016,0.077444931,10095.5,8622.0,WATERFORD-3,8784,0.06738410914803625
United States,Watts Bar,PWR,CO2,1996,0.042531079,5544.23,5491.0,WATTS BAR-1,8784,0.06738410887282816
United States,Watts Bar,PWR,CO2,1997,0.05830206,7600.09,7269.0,WATTS BAR-1,8760,0.06719999968421426
United States,Watts Bar,PWR,CO2,1998,0.074265052,9680.98,8672.0,WATTS BAR-1,8760,0.06719999995041824
United States,Watts Bar,PWR,CO2,1999,0.063421381,8267.43,7606.0,WATTS BAR-1,8760,0.06720000018869225
United States,Watts Bar,PWR,CO2,2000,0.069627102,9076.39,8124.0,WATTS BAR-1,8784,0.06738411019887863
United States,Watts Bar,PWR,CO2,2001,0.073847736,9626.58,8419.0,WATTS BAR-1,8760,0.06719999910248499
United States,Watts Bar,PWR,CO2,2002,0.069649808,9079.35,7998.0,WATTS BAR-1,8760,0.0671999997885311
United States,Watts Bar,PWR,CO2,2003,0.06558605,8549.61,7551.0,WATTS BAR-1,8760,0.0672000007017864
United States,Watts Bar,PWR,CO2,2004,0.075614729,9856.92,8680.0,WATTS BAR-1,8784,0.06738410979656932
United States,Watts Bar,PWR,CO2,2005,0.067632811,8816.42,7841.0,WATTS BAR-1,8760,0.0672000000408329
United States,Watts Bar,PWR,CO2,2006,0.05137463,6697.05,6099.0,WATTS BAR-1,8760,0.06719999982081662
United States,Watts Bar,PWR,CO2,2007,0.077093512,10049.69,8760.0,WATTS BAR-1,8760,0.067199999713424
United States,Watts Bar,PWR,CO2,2008,0.062231419,8112.31,7247.0,WATTS BAR-1,8784,0.0673841093962139
United States,Watts Bar,PWR,CO2,2009,0.07063257,9207.46,8055.0,WATTS BAR-1,8760,0.06720000013032912
United States,Watts Bar,PWR,CO2,2010,0.074705995,9738.46,8544.0,WATTS BAR-1,8760,0.06720000043127969
United States,Watts Bar,PWR,CO2,2011,0.063141764,8230.98,7386.0,WATTS BAR-1,8760,0.06719999959178616
United States,Watts Bar,PWR,CO2,2012,0.065331824,8516.47,7557.0,WATTS BAR-1,8784,0.06738410891085157
United States,Watts Bar,PWR,CO2,2013,0.076465315,9967.8,8709.0,WATTS BAR-1,8760,0.06719999993980619
United States,Watts Bar,PWR,CO2,2014,0.067437479,8789.69,7769.0,WATTS BAR-1,8760,0.06720968726314579
United States,Watts Bar,PWR,CO2,2015,0.0648447,8449.15,7609.0,WATTS BAR-1,8760,0.06723038080753686
United States,Watts Bar,PWR,CO2,2016,0.086288559,12335.679999999998,11249.0,WATTS BAR-1,8784,0.06144441994733976
United States,Wolf Creek,PWR,CO2,1985,0.029258312,3814.03,4350.0,WOLF CREEK,8760,0.0671999992448932
United States,Wolf Creek,PWR,CO2,1986,0.053438269,6966.06,6416.0,WOLF CREEK,8760,0.06720000063737606
United States,Wolf Creek,PWR,CO2,1987,0.049894772,6504.14,6009.0,WOLF CREEK,8760,0.06719999918820935
United States,Wolf Creek,PWR,CO2,1988,0.051216143,6676.39,5963.0,WOLF CREEK,8784,0.0673841102919392
United States,Wolf Creek,PWR,CO2,1989,0.074481995,9709.26,8618.0,WOLF CREEK,8760,0.06720000043257672
United States,Wolf Creek,PWR,CO2,1990,0.06051943,7889.14,7036.0,WOLF CREEK,8760,0.06719999984789216
United States,Wolf Creek,PWR,CO2,1991,0.045194148,5891.38,6288.0,WOLF CREEK,8760,0.06720000008147498
United States,Wolf Creek,PWR,CO2,1992,0.06513383,8490.66,7538.0,WOLF CREEK,8784,0.06738410944732212
United States,Wolf Creek,PWR,CO2,1993,0.060668789,7908.61,7000.0,WOLF CREEK,8760,0.06719999995447999
United States,Wolf Creek,PWR,CO2,1994,0.065558126,8545.97,7500.0,WOLF CREEK,8760,0.06719999997191659
United States,Wolf Creek,PWR,CO2,1995,0.077189326,10062.18,8625.0,WOLF CREEK,8760,0.06719999997614831
United States,Wolf Creek,PWR,CO2,1996,0.063162476,8233.68,7078.0,WOLF CREEK,8784,0.06738410882910192
United States,Wolf Creek,PWR,CO2,1997,0.06480251,8447.47,7255.0,WOLF CREEK,8760,0.06720000042616309
United States,Wolf Creek,PWR,CO2,1998,0.079786345,10400.72,8760.0,WOLF CREEK,8760,0.06719999982693506
United States,Wolf Creek,PWR,CO2,1999,0.070242564,9156.62,7847.0,WOLF CREEK,8760,0.06719999963305237
United States,Wolf Creek,PWR,CO2,2000,0.069588822,9071.4,7795.0,WOLF CREEK,8784,0.06738410966862887
United States,Wolf Creek,PWR,CO2,2001,0.079371638,10346.66,8731.0,WOLF CREEK,8760,0.06719999969845342
United States,Wolf Creek,PWR,CO2,2002,0.069360986,9041.7,7695.0,WOLF CREEK,8760,0.0671999997080195
United States,Wolf Creek,PWR,CO2,2003,0.068292843,8902.46,7594.0,WOLF CREEK,8760,0.06719999917775536
United States,Wolf Creek,PWR,CO2,2004,0.077730608,10132.74,8650.0,WOLF CREEK,8784,0.06738410939903719
United States,Wolf Creek,PWR,CO2,2005,0.067667562,8820.95,7528.0,WOLF CREEK,8760,0.06720000035370338
United States,Wolf Creek,PWR,CO2,2006,0.071728098,9350.27,7935.0,WOLF CREEK,8760,0.06719999940964272
United States,Wolf Creek,PWR,CO2,2007,0.079544088,10369.14,8760.0,WOLF CREEK,8760,0.06720000027774724
United States,Wolf Creek,PWR,CO2,2008,0.065250664,8505.89,7271.0,WOLF CREEK,8784,0.06738411060759075
United States,Wolf Creek,PWR,CO2,2009,0.067265589,8768.55,7541.0,WOLF CREEK,8760,0.06719999995894418
United States,Wolf Creek,PWR,CO2,2010,0.073304076,9555.71,8163.0,WOLF CREEK,8760,0.06719999934698731
United States,Wolf Creek,PWR,CO2,2011,0.056388548,7350.65,6333.0,WOLF CREEK,8760,0.06720000006530034
United States,Wolf Creek,PWR,CO2,2012,0.063640011,8295.93,7014.0,WOLF CREEK,8784,0.06738410963255474
United States,Wolf Creek,PWR,CO2,2013,0.055047924,7175.89,6210.0,WOLF CREEK,8760,0.06720000086957854
United States,Wolf Creek,PWR,CO2,2014,0.065779059,8569.17,7161.0,WOLF CREEK,8760,0.06724391707014798
United States,Wolf Creek,PWR,CO2,2015,0.066365416,8653.66,7194.0,WOLF CREEK,8760,0.06718094357300841
United States,Wolf Creek,PWR,CO2,2016,0.063299255,8251.51,6867.0,WOLF CREEK,8784,0.06738410980778063
United States,Yankee NPS,PWR,CO2,1972,0.005294685,690.2,4712.0,YANKEE NPS,8784,0.06738411046073602
United States,Yankee NPS,PWR,CO2,1973,0.008024876,1046.1,6244.0,YANKEE NPS,8760,0.0671999940349871
United States,Yankee NPS,PWR,CO2,1974,0.006992329,911.5,6099.0,YANKEE NPS,8760,0.06720000223806911
United States,Yankee NPS,PWR,CO2,1975,0.00915485,1193.4,7218.0,YANKEE NPS,8760,0.06720000502765208
United States,Yankee NPS,PWR,CO2,1976,0.00960515,1252.1,7886.0,YANKEE NPS,8784,0.06738410478396295
United States,Yankee NPS,PWR,CO2,1977,0.007863781,1025.1,6472.0,YANKEE NPS,8760,0.06720000152180275
United States,Yankee NPS,PWR,CO2,1978,0.009155617,1193.5,7093.0,YANKEE NPS,8760,0.06720000412232928
United States,Yankee NPS,PWR,CO2,1979,0.009452493,1232.2,7147.0,YANKEE NPS,8760,0.06719999892874533
United States,Yankee NPS,PWR,CO2,1980,0.002238466,291.8,1933.0,YANKEE NPS,8784,0.06738411701165181
United States,Yankee NPS,PWR,CO2,1981,0.006789808,885.1,6516.0,YANKEE NPS,8760,0.06719999783075357
United States,Yankee NPS,PWR,CO2,1982,0.006767562,882.2,6427.0,YANKEE NPS,8760,0.06720000353661301
United States,Yankee NPS,PWR,CO2,1983,0.010303233,1343.1,8000.0,YANKEE NPS,8760,0.0672000008041099
United States,Yankee NPS,PWR,CO2,1984,0.007871928,1026.16,6269.0,YANKEE NPS,8784,0.06738424373586964
United States,Yankee NPS,PWR,CO2,1985,0.009064835,1181.67,7473.0,YANKEE NPS,8760,0.06719977201756835
United States,Yankee NPS,PWR,CO2,1986,0.010683849,1392.72,8320.0,YANKEE NPS,8760,0.06719980846114079
United States,Yankee NPS,PWR,CO2,1987,0.008711537,1135.61,7099.0,YANKEE NPS,8760,0.06720006350771833
United States,Yankee NPS,PWR,CO2,1988,0.008567892,1116.89,7424.0,YANKEE NPS,8784,0.06738386352102714
United States,Yankee NPS,PWR,CO2,1989,0.01002703,1307.1,7978.0,YANKEE NPS,8760,0.06719974202432867
United States,Yankee NPS,PWR,CO2,1990,0.006339491,826.4,5272.0,YANKEE NPS,8760,0.06719983199419167
United States,Yankee NPS,PWR,CO2,1991,0.007610392,992.07,6288.0,YANKEE NPS,8760,0.06719992935982338
United States,Zion 1-2,PWR,CO2,1973,0.005415124,705.9,1717.0,ZION-1,8760,0.067200008839779
United States,Zion 1-2,PWR,CO2,1974,0.036518136,4760.4,7747.0,ZION-1,8760,0.06719999818502648
United States,Zion 1-2,PWR,CO2,1975,0.074769205,9746.7,12441.0,ZION-1,8760,0.06719999956908491
United States,Zion 1-2,PWR,CO2,1976,0.072460931,9445.8,10880.0,ZION-1,8784,0.06738410911770312
United States,Zion 1-2,PWR,CO2,1977,0.086756274,11309.3,13139.0,ZION-1,8760,0.06720000002122148
United States,Zion 1-2,PWR,CO2,1978,0.103576986,13502.0,14052.0,ZION-1,8760,0.0671999998044734
United States,Zion 1-2,PWR,CO2,1979,0.078992219,10297.2,11842.0,ZION-1,8760,0.0671999998485025
United States,Zion 1-2,PWR,CO2,1980,0.090463781,11792.599999999999,13024.0,ZION-1,8784,0.06738410972168987
United States,Zion 1-2,PWR,CO2,1981,0.087831014,11449.4,12655.0,ZION-1,8760,0.06720000023057977
United States,Zion 1-2,PWR,CO2,1982,0.075840876,9886.4,11248.0,ZION-1,8760,0.06719999936882992
United States,Zion 1-2,PWR,CO2,1983,0.078446028,10226.0,12144.0,ZION-1,8760,0.06720000051633093
United States,Zion 1-2,PWR,CO2,1984,0.089704229,11693.59,12204.0,ZION-1,8784,0.06738409227072267
United States,Zion 1-2,PWR,CO2,1985,0.076443728,9964.98,11007.0,ZION-1,8760,0.06720004026902213
United States,Zion 1-2,PWR,CO2,1986,0.094065486,12262.11,12820.0,ZION-1,8760,0.06719998901983427
United States,Zion 1-2,PWR,CO2,1987,0.085910429,11199.04,11864.0,ZION-1,8760,0.06719998839543388
United States,Zion 1-2,PWR,CO2,1988,0.099726357,13000.04,13452.0,ZION-1,8784,0.0673841249633078
United States,Zion 1-2,PWR,CO2,1989,0.097377894,12693.9,13371.0,ZION-1,8760,0.06720002138349916
United States,Zion 1-2,PWR,CO2,1990,0.054411457,7092.93,7706.0,ZION-1,8760,0.06719992489986508
United States,Zion 1-2,PWR,CO2,1991,0.072050513,9392.3,10023.0,ZION-1,8760,0.06719999296019079
United States,Zion 1-2,PWR,CO2,1992,0.072699377,9476.89,10056.0,ZION-1,8784,0.06738406033709371
United States,Zion 1-2,PWR,CO2,1993,0.094457072,12313.16,12392.0,ZION-1,8760,0.06719996741047789
United States,Zion 1-2,PWR,CO2,1994,0.079004132,10298.76,10367.0,ZION-1,8760,0.06719995381191522
United States,Zion 1-2,PWR,CO2,1995,0.095058212,12391.52,12505.0,ZION-1,8760,0.06719998330471161
United States,Zion 1-2,PWR,CO2,1996,0.09924455,12937.240000000002,12854.0,ZION-1,8784,0.06738408866187841
United States,Zion 1-2,PWR,CO2,1997,0.008279746,1079.32,1238.0,ZION-1,8760,0.06720025104695548
