Country,Reactor,Reactor Type,Emission Type,1972,1973,1974,1975,1976,1977,1978,1979,1980,1981,1982,1983,1984,1985,1986,1987,1988,1989,1990,1991,1992,1993,1994,1995,1996,1997,1998,1999,2000,2001,2002,2003,2004,2005,2006,2007,2008,2009,2010,2011,2012,2013,2014,2015,2016
Argentina,Atucha 1,PHWR,CO2,0,0,0.173059361,0.430648402,0.439926941,0.280730594,0.495307763,0.457296804,0.39826484,0.483579909,0.320292237,0.430319635,0.311620091,0.268575342,0.40273242,0.256767123,0.147598174,0,0.314628311,0.497148858,0.407349772,0.439024658,0.484357991,0.487983562,0.372383562,0.496829224,0.433673059,0.254885845,0.306456621,0.260449315,0.184748858,0.369059361,0.497718721,0.364924201,0.3836621,0.496573516,0.453198174,0.437841096,0.50826484,0.426385388,0.452485845,0.44740274,0.480677626,0.356410959,0.452387215
Argentina,Atucha 2,PHWR,CO2,0,0,0,0,0,0,0,0,0,0,0,0,0,0,0,0,0,0,0,0,0,0,0,0,0,0,0,0,0,0,0,0,0,0,0,0,0,0,0,0,0,0,0.19969863,0.717063014,0.94987032
Argentina,Embalse,PHWR,CO2,0,0,0,0,0,0,0,0,0,0,0,0.148931507,0.461565297,0.690149772,0.559209132,0.835990868,0.832982648,0.850955251,0.913377169,0.821700457,0.795247489,0.871830137,0.942080365,0.711947032,0.893510502,0.865210959,0.832042009,0.95009863,0.742370776,0.936641096,0.801008219,0.913998174,0.838277626,0.798626484,0.922757991,0.731273059,0.797919635,0.948389041,0.713915982,0.650109589,0.62566758,0.600126027,0.280020091,0.117143379,0
Armenia,Armenia 1-2,PWR,CO2,0,0,0,0,0,0,0,0,0,0,0,0,0,0,0,0.036288,0.033784417,0.00902605,0,0,0,0,0,0,0.016094093,0.010969557,0.010866071,0.014501469,0.014126652,0.013926433,0.015947726,0.015323671,0.016850476,0.019212526,0.018576811,0.01801075,0.01738217,0.017570345,0.017540581,0.018079869,0.016289864,0.016628395,0.017380272,0.01972273,0.016837229
Armenia,Armenia 1-2,PWR,CH4,0,0,0,0,0,0,0,0,0,0,0,0,0,0,0,0.093312,0.086874214,0.023209841,0,0,0,0,0,0,0.041384811,0.02820743,0.027941326,0.03728949,0.036325677,0.035810827,0.041008438,0.039403726,0.043329797,0.049403638,0.047768942,0.046313359,0.044697009,0.045180888,0.045104351,0.04649109,0.04188822,0.042758728,0.044692128,0.05071559,0.043295731
Belgium,Doel 1-4,PWR,CO2,0,0,0.000876822,0.025078028,0.039352657,0.041476822,0.042052164,0.043191343,0.043595617,0.044398795,0.064419178,0.088564383,0.100638904,0.127215124,0.149983726,0.138597776,0.152890357,0.139721534,0.147211496,0.153497764,0.154293655,0.139743704,0.129255057,0.149234707,0.150195529,0.16650994,0.171022772,0.172818685,0.170900953,0.171838148,0.167491167,0.167380471,0.164514652,0.168206586,0.166239529,0.17418355,0.15787006,0.162941819,0.168961743,0.174824329,0.139772241,0.158951321,0.107735712,0.085737792,0.169689206
Belgium,Doel 1-4,PWR,CH4,0,0,0.002254685,0.064486356,0.101192548,0.106654685,0.108134137,0.111063452,0.112103014,0.114168328,0.165649315,0.227736986,0.258785753,0.327124603,0.385672438,0.356394279,0.39314663,0.359283946,0.378543847,0.394708537,0.396755112,0.359340953,0.332370148,0.383746389,0.386217074,0.428168416,0.439772844,0.444390904,0.439459595,0.441869523,0.430691573,0.430406926,0.423037677,0.432531222,0.427473074,0.447900559,0.405951584,0.418993249,0.434473052,0.449548274,0.359414335,0.408731967,0.277034688,0.220468608,0.436343674
Belgium,Tihange 1-3,PWR,CO2,0,0,0,0.023752438,0.033826302,0.044817643,0.048873424,0.03957589,0.047354521,0.049204822,0.048963792,0.087068493,0.101490411,0.096772603,0.136179726,0.166849315,0.160321096,0.160482192,0.164133698,0.158503014,0.162169864,0.165852055,0.167248219,0.152273972,0.166102597,0.177616428,0.166204931,0.185505753,0.180542466,0.166266302,0.178133776,0.178378641,0.180735934,0.179571978,0.173706017,0.17756503,0.174744164,0.181953819,0.181832153,0.1776096,0.155297512,0.152745907,0.138462845,0.104702438,0.148133395
Belgium,Tihange 1-3,PWR,CH4,0,0,0,0.061077699,0.086981917,0.11524537,0.125674521,0.101766575,0.121768767,0.126526685,0.125906893,0.223890411,0.260975342,0.248843836,0.350176438,0.429041096,0.412254247,0.412668493,0.422058083,0.407579178,0.41700822,0.426476712,0.430066849,0.391561644,0.427120964,0.456727956,0.42738411,0.477014795,0.464252054,0.427541917,0.458058279,0.458687935,0.464749546,0.461756515,0.446672614,0.456595791,0.449342137,0.467881249,0.467568395,0.4567104,0.39933646,0.392775189,0.356047315,0.269234842,0.380914445
Brazil,Angra 1-2,PWR,CO2,0,0,0,0,0,0,0,0,0,0,0.000396603,0.001246576,0.011855736,0.024313052,0.001015364,0.006985117,0.004346828,0.013003507,0.015766992,0.010021315,0.011555715,0.003089205,0.000317972,0.017901896,0.017558224,0.022936757,0.023733414,0.027859464,0.042852274,0.103710619,0.099829052,0.09632023,0.082925874,0.070552636,0.099599836,0.089373085,0.10132594,0.093769852,0.105664789,0.113493896,0.116375748,0.10571005,0.110952038,0.106565827,0.11484191
Brazil,Angra 1-2,PWR,CH4,0,0,0,0,0,0,0,0,0,0,0.001019836,0.003205479,0.03048618,0.062519277,0.002610937,0.017961732,0.011177556,0.033437589,0.040543693,0.025769096,0.029714696,0.007943672,0.000817644,0.046033447,0.045149721,0.05898023,0.061028778,0.07163862,0.110191562,0.266684449,0.256703277,0.247680591,0.213237962,0.181421063,0.256113863,0.229816504,0.260552416,0.241122477,0.271709458,0.291841447,0.299251923,0.271825841,0.285305242,0.274026413,0.29530777
Bulgaria,Kozloduy 1-6,PWR,CO2,0,0,0.007112,0.015700712,0.035277698,0.04175989,0.04198274,0.043944657,0.043767452,0.064691507,0.076174576,0.087317808,0.090466466,0.093333972,0.085650926,0.088294893,0.113196252,0.103410674,0.103647485,0.093227803,0.081539145,0.095245721,0.108332997,0.124457469,0.128948515,0.126127496,0.118869436,0.111650498,0.128789797,0.140145064,0.144413567,0.123369688,0.119782696,0.133306926,0.139265096,0.105055617,0.113085786,0.109076724,0.10921051,0.117094772,0.114001424,0.102150981,0.115175827,0.112705622,0.115708656
Bulgaria,Kozloduy 1-7,PWR,CH4,0,0,0.018288,0.04037326,0.090714083,0.107382575,0.107955616,0.113000548,0.112544877,0.166349589,0.195877479,0.224531507,0.232628054,0.240001644,0.220245238,0.227044011,0.291076077,0.265913162,0.266522104,0.239728636,0.209672088,0.244917567,0.278570564,0.32003349,0.331581896,0.324327847,0.305664263,0.287101283,0.331173764,0.36037302,0.371349173,0.31723634,0.308012647,0.342789238,0.358110247,0.270143014,0.290792022,0.280483003,0.280827025,0.301100844,0.293146521,0.262673951,0.296166413,0.289814458,0.297536544
China - Taiwan,CHANGJIANG-1,PWR,CO2,0,0,0,0,0,0,0,0,0,0,0,0,0,0,0,0,0,0,0,0,0,0,0,0,0,0,0,0,0,0,0,0,0,0,0,0,0,0,0,0,0,0,0,0.000335462,0.027748627
China - Taiwan,CHANGJIANG-2,PWR,CH4,0,0,0,0,0,0,0,0,0,0,0,0,0,0,0,0,0,0,0,0,0,0,0,0,0,0,0,0,0,0,0,0,0,0,0,0,0,0,0,0,0,0,0,0.000862618,0.071353613
China - Taiwan,CHANGJIANG-1,PWR,CO2,0,0,0,0,0,0,0,0,0,0,0,0,0,0,0,0,0,0,0,0,0,0,0,0,0,0,0,0,0,0,0,0,0,0,0,0,0,0,0,0,0,0,0,0,0.014047958
China - Taiwan,CHANGJIANG-2,PWR,CH4,0,0,0,0,0,0,0,0,0,0,0,0,0,0,0,0,0,0,0,0,0,0,0,0,0,0,0,0,0,0,0,0,0,0,0,0,0,0,0,0,0,0,0,0,0.036123322
China - Taiwan,DAYA BAY-1,PWR,CO2,0,0,0,0,0,0,0,0,0,0,0,0,0,0,0,0,0,0,0,0,0,0,0.045393676,0.028564833,0.047965688,0.049795736,0.046337852,0.051578685,0.053595683,0.053770279,0.056669315,0.056772953,0.057848,0.063368143,0.050899781,0.057857436,0.063329786,0.057067298,0.056218707,0.063077557,0.053331715,0.054849392,0.06326857,0.050489524,0.055508043
China - Taiwan,DAYA BAY-2,PWR,CH4,0,0,0,0,0,0,0,0,0,0,0,0,0,0,0,0,0,0,0,0,0,0,0.116726597,0.073452427,0.12334034,0.12804618,0.119154477,0.132630904,0.137817468,0.138266433,0.145721096,0.145987595,0.148752,0.162946652,0.130885151,0.148776263,0.162848022,0.146744483,0.144562389,0.16219943,0.137138696,0.141041293,0.162690609,0.129830203,0.14273497
China - Taiwan,DAYA BAY-2,PWR,CO2,0,0,0,0,0,0,0,0,0,0,0,0,0,0,0,0,0,0,0,0,0,0,0.044042159,0.048661162,0.040480329,0.045374115,0.04801463,0.052083529,0.053664264,0.056425524,0.051619112,0.053568603,0.04878045,0.050530257,0.063078936,0.056338838,0.055036186,0.063077557,0.058958334,0.0545664,0.063709436,0.054399857,0.047944976,0.062851792,0.055924592
China - Taiwan,DAYA BAY-3,PWR,CH4,0,0,0,0,0,0,0,0,0,0,0,0,0,0,0,0,0,0,0,0,0,0,0.113251265,0.125128701,0.104092274,0.116676296,0.123466191,0.133929074,0.13799382,0.145094203,0.13273486,0.137747836,0.125435441,0.129934948,0.16220298,0.144871299,0.141521622,0.16219943,0.151607146,0.1403136,0.163824263,0.139885348,0.123287079,0.161618893,0.143806093
China - Taiwan,FANGCHENGGANG-1,PWR,CO2,0,0,0,0,0,0,0,0,0,0,0,0,0,0,0,0,0,0,0,0,0,0,0,0,0,0,0,0,0,0,0,0,0,0,0,0,0,0,0,0,0,0,0,0.00506915,0.054786641
China - Taiwan,FANGCHENGGANG-2,PWR,CH4,0,0,0,0,0,0,0,0,0,0,0,0,0,0,0,0,0,0,0,0,0,0,0,0,0,0,0,0,0,0,0,0,0,0,0,0,0,0,0,0,0,0,0,0.013034959,0.140879935
China - Taiwan,FANGCHENGGANG-2,PWR,CO2,0,0,0,0,0,0,0,0,0,0,0,0,0,0,0,0,0,0,0,0,0,0,0,0,0,0,0,0,0,0,0,0,0,0,0,0,0,0,0,0,0,0,0,0,0.020315702
China - Taiwan,FANGCHENGGANG-3,PWR,CH4,0,0,0,0,0,0,0,0,0,0,0,0,0,0,0,0,0,0,0,0,0,0,0,0,0,0,0,0,0,0,0,0,0,0,0,0,0,0,0,0,0,0,0,0,0.052240378
China - Taiwan,FANGJIASHAN-1,PWR,CO2,0,0,0,0,0,0,0,0,0,0,0,0,0,0,0,0,0,0,0,0,0,0,0,0,0,0,0,0,0,0,0,0,0,0,0,0,0,0,0,0,0,0,0,0.055081219,0.060045686
China - Taiwan,FANGJIASHAN-2,PWR,CH4,0,0,0,0,0,0,0,0,0,0,0,0,0,0,0,0,0,0,0,0,0,0,0,0,0,0,0,0,0,0,0,0,0,0,0,0,0,0,0,0,0,0,0,0.141637421,0.154403194
China - Taiwan,FANGJIASHAN-2,PWR,CO2,0,0,0,0,0,0,0,0,0,0,0,0,0,0,0,0,0,0,0,0,0,0,0,0,0,0,0,0,0,0,0,0,0,0,0,0,0,0,0,0,0,0,0,0.056771366,0.056190557
China - Taiwan,FANGJIASHAN-3,PWR,CH4,0,0,0,0,0,0,0,0,0,0,0,0,0,0,0,0,0,0,0,0,0,0,0,0,0,0,0,0,0,0,0,0,0,0,0,0,0,0,0,0,0,0,0,0.145983514,0.144490003
China - Taiwan,FUQING-1,PWR,CO2,0,0,0,0,0,0,0,0,0,0,0,0,0,0,0,0,0,0,0,0,0,0,0,0,0,0,0,0,0,0,0,0,0,0,0,0,0,0,0,0,0,0,0.007924896,0.046275802,0.05110607
China - Taiwan,FUQING-2,PWR,CH4,0,0,0,0,0,0,0,0,0,0,0,0,0,0,0,0,0,0,0,0,0,0,0,0,0,0,0,0,0,0,0,0,0,0,0,0,0,0,0,0,0,0,0.020378304,0.118994918,0.13141561
China - Taiwan,FUQING-2,PWR,CO2,0,0,0,0,0,0,0,0,0,0,0,0,0,0,0,0,0,0,0,0,0,0,0,0,0,0,0,0,0,0,0,0,0,0,0,0,0,0,0,0,0,0,0,0.015474547,0.04657081
China - Taiwan,FUQING-2,PWR,CH4,0,0,0,0,0,0,0,0,0,0,0,0,0,0,0,0,0,0,0,0,0,0,0,0,0,0,0,0,0,0,0,0,0,0,0,0,0,0,0,0,0,0,0,0.039791693,0.11975351
China - Taiwan,FUQING-3,PWR,CO2,0,0,0,0,0,0,0,0,0,0,0,0,0,0,0,0,0,0,0,0,0,0,0,0,0,0,0,0,0,0,0,0,0,0,0,0,0,0,0,0,0,0,0,0,0.012491136
China - Taiwan,FUQING-3,PWR,CH4,0,0,0,0,0,0,0,0,0,0,0,0,0,0,0,0,0,0,0,0,0,0,0,0,0,0,0,0,0,0,0,0,0,0,0,0,0,0,0,0,0,0,0,0,0.032120064
China - Taiwan,Guangdong 1-2,PWR,CO2,0,0,0,0,0,0,0,0,0,0,0,0,0,0,0,0,0,0,0,0,0,0,0.089435836,0.077225995,0.088446017,0.095169852,0.094352483,0.103662214,0.107259945,0.110195803,0.108288428,0.110341557,0.10662845,0.1138984,0.113978717,0.114196274,0.118365972,0.120144855,0.115177041,0.117643957,0.11704115,0.10924925,0,0,0
China - Taiwan,Guangdong 1-2,PWR,CH4,0,0,0,0,0,0,0,0,0,0,0,0,0,0,0,0,0,0,0,0,0,0,0.229977863,0.198581128,0.227432614,0.244722477,0.242620668,0.266559978,0.275811288,0.283360636,0.278455956,0.28373543,0.274187441,0.2928816,0.293088132,0.293647562,0.304369644,0.308943912,0.296169535,0.30251303,0.300962959,0.280926641,0,0,0
China - Taiwan,Hongyanhe 1-2,PWR,CO2,0,0,0,0,0,0,0,0,0,0,0,0,0,0,0,0,0,0,0,0,0,0,0,0,0,0,0,0,0,0,0,0,0,0,0,0,0,0,0,0,0,0.044227572,0.084817064,0.083353776,0.087105469
China - Taiwan,Hongyanhe 1-2,PWR,CH4,0,0,0,0,0,0,0,0,0,0,0,0,0,0,0,0,0,0,0,0,0,0,0,0,0,0,0,0,0,0,0,0,0,0,0,0,0,0,0,0,0,0.113728044,0.21810102,0.214338279,0.22398549
China - Taiwan,HONGYANHE-3,PWR,CO2,0,0,0,0,0,0,0,0,0,0,0,0,0,0,0,0,0,0,0,0,0,0,0,0,0,0,0,0,0,0,0,0,0,0,0,0,0,0,0,0,0,0,0,0.017816669,0.042068947
China - Taiwan,HONGYANHE-3,PWR,CH4,0,0,0,0,0,0,0,0,0,0,0,0,0,0,0,0,0,0,0,0,0,0,0,0,0,0,0,0,0,0,0,0,0,0,0,0,0,0,0,0,0,0,0,0.045814291,0.108177293
China - Taiwan,HONGYANHE-4,PWR,CO2,0,0,0,0,0,0,0,0,0,0,0,0,0,0,0,0,0,0,0,0,0,0,0,0,0,0,0,0,0,0,0,0,0,0,0,0,0,0,0,0,0,0,0,0,0.008671891
China - Taiwan,HONGYANHE-4,PWR,CH4,0,0,0,0,0,0,0,0,0,0,0,0,0,0,0,0,0,0,0,0,0,0,0,0,0,0,0,0,0,0,0,0,0,0,0,0,0,0,0,0,0,0,0,0,0.022299149
China - Taiwan,Lingao 1-4,PWR,CO2,0,0,0,0,0,0,0,0,0,0,0,0,0,0,0,0,0,0,0,0,0,0,0,0,0,0,0,0,0,0,0.035163781,0.102103572,0.107403167,0.11075235,0.11554411,0.107781666,0.112153424,0.11074445,0.133361008,0.19602777,0.229081271,0.229487386,0.236927638,0.234765808,0.233457479
China - Taiwan,Lingao 1-4,PWR,CH4,0,0,0,0,0,0,0,0,0,0,0,0,0,0,0,0,0,0,0,0,0,0,0,0,0,0,0,0,0,0,0.090421151,0.262552044,0.276179573,0.284791759,0.297113425,0.277152854,0.288394521,0.284771441,0.342928307,0.504071409,0.589066126,0.590110422,0.609242499,0.603683507,0.600319233
China - Taiwan,Ningde 1-4,PWR,CO2,0,0,0,0,0,0,0,0,0,0,0,0,0,0,0,0,0,0,0,0,0,0,0,0,0,0,0,0,0,0,0,0,0,0,0,0,0,0,0,0,0,0.053299572,0.089103517,0.14384275,0.170770159
China - Taiwan,Ningde 1-4,PWR,CH4,0,0,0,0,0,0,0,0,0,0,0,0,0,0,0,0,0,0,0,0,0,0,0,0,0,0,0,0,0,0,0,0,0,0,0,0,0,0,0,0,0,0.137056044,0.229123332,0.369881359,0.439123265
China - Taiwan,Qinshan2 1-2,PWR,CO2,0,0,0,0,0,0,0,0,0,0,0,0,0,0,0,0,0,0,0,0,0,0.01335155,0.012646641,0.015832657,0.015907989,0.015431989,0.008818005,0.005223189,0.015614641,0.017792428,0.036427157,0.0505064,0.08227635,0.089453019,0.077011583,0.079638443,0.090089731,0.088098203,0.102295276,0.122842597,0.16556914,0.163595102,0.14559394,0.14580091,0.149596943
China - Taiwan,Qinshan2 1-2,PWR,CH4,0,0,0,0,0,0,0,0,0,0,0,0,0,0,0,0,0,0,0,0,0,0.034332559,0.032519935,0.040712548,0.040906258,0.039682258,0.022674872,0.013431058,0.040151935,0.045751956,0.09366983,0.1298736,0.211567759,0.230022049,0.198029786,0.20478457,0.23165931,0.226538236,0.263044997,0.315880964,0.425749216,0.420673117,0.374384416,0.374916625,0.384677852
China - Taiwan,Qinshan3 1-2,PWR,CO2,0,0,0,0,0,0,0,0,0,0,0,0,0,0,0,0,0,0,0,0,0,0,0,0,0,0,0,0,0,0,0,0.039696712,0.074902762,0.07200411,0.081437502,0.082052274,0.079872724,0.08323257,0.080991343,0.081695562,0.082506641,0.084625129,0.082988702,0.079643967,0.076950828
China - Taiwan,Qinshan3 1-2,PWR,CH4,0,0,0,0,0,0,0,0,0,0,0,0,0,0,0,0,0,0,0,0,0,0,0,0,0,0,0,0,0,0,0,0.10207726,0.192607101,0.185153425,0.209410717,0.210991562,0.205387003,0.214026609,0.208263452,0.210074301,0.212159935,0.217607474,0.213399517,0.204798773,0.197873556
China - Taiwan,QINSHAN-1,PWR,CO2,0,0,0,0,0,0,0,0,0,0,0,0,0,0,0,0,0,0,0,0,0,0.01335155,0.012646641,0.015832657,0.015907989,0.015431989,0.008818005,0.005223189,0.015614641,0.017792428,0.013679726,0.017310674,0.019678553,0.016834981,0.017723693,0.01581371,0.018646619,0.016841731,0.016641359,0.017894224,0.020398345,0.016560964,0.018879978,0.018511989,0.018551266
China - Taiwan,QINSHAN-1,PWR,CH4,0,0,0,0,0,0,0,0,0,0,0,0,0,0,0,0,0,0,0,0,0,0.034332559,0.032519935,0.040712548,0.040906258,0.039682258,0.022674872,0.013431058,0.040151935,0.045751956,0.035176438,0.044513162,0.050601995,0.043289951,0.045575211,0.040663825,0.047948449,0.04330731,0.042792065,0.046013721,0.052452888,0.042585337,0.048548515,0.047602258,0.047703254
China - Taiwan,Tianwan 1-2,PWR,CO2,0,0,0,0,0,0,0,0,0,0,0,0,0,0,0,0,0,0,0,0,0,0,0,0,0,0,0,0,0,0,0,0,0,0,0.009473972,0.071227397,0.100640362,0.101882488,0.11254251,0.115193381,0.116528176,0.119751781,0.120194795,0.119370367,0.1101128
China - Taiwan,Tianwan 1-2,PWR,CH4,0,0,0,0,0,0,0,0,0,0,0,0,0,0,0,0,0,0,0,0,0,0,0,0,0,0,0,0,0,0,0,0,0,0,0.024361644,0.183156164,0.258789501,0.26198354,0.289395025,0.296211551,0.299643879,0.307933151,0.309072328,0.306952373,0.2831472
China - Taiwan,YANGJIANG 1-3,PWR,CO2,0,0,0,0,0,0,0,0,0,0,0,0,0,0,0,0,0,0,0,0,0,0,0,0,0,0,0,0,0,0,0,0,0,0,0,0,0,0,0,0,0,0,0.052113524,0.101166455,0.165571057
China - Taiwan,YANGJIANG 1-3,PWR,CH4,0,0,0,0,0,0,0,0,0,0,0,0,0,0,0,0,0,0,0,0,0,0,0,0,0,0,0,0,0,0,0,0,0,0,0,0,0,0,0,0,0,0,0.134006203,0.260142312,0.425754148
China - Taiwan,Maanshan 1-2,PWR,CO2,0,0,0,0,0,0,0,0,0,0,0,0,0,0,0,0,0,0.082095847,0.093897731,0.097165293,0.09201897,0.098266498,0.102250707,0.098649907,0.106528953,0.094851957,0.10199349,0.107558433,0.102392471,0.094564055,0.110777283,0.103474269,0.11258846,0.11055543,0.10503475,0.115053381,0.116486904,0.111957502,0.117595014,0.114482028,0.108776548,0.116445633,0,0,0
China - Taiwan,Maanshan 1-2,PWR,CH4,0,0,0,0,0,0,0,0,0,0,0,0,0,0,0,0,0,0.211103605,0.24145131,0.249853611,0.236620209,0.252685283,0.262930389,0.253671189,0.273931595,0.24390503,0.262268975,0.276578827,0.263294926,0.243164712,0.284855868,0.26607669,0.289513184,0.284285391,0.270089359,0.295851551,0.299537753,0.287890717,0.302387178,0.294382356,0.279711123,0.299431627,0,0,0
Czech Republic,Dukovany 1-4,PWR,CO2,0,0,0,0,0,0,0,0,0,0,0,0,0,0.015295824,0.04396583,0.076554378,0.084752931,0.089153611,0.09025566,0.085469424,0.093970531,0.096863736,0.099546521,0.093820559,0.092430608,0.095845381,0.094749545,0.096080888,0.097458717,0.097532592,0.095389633,0.098762828,0.09789337,0.098726005,0.100661995,0.099640953,0.103662674,0.100276438,0.101938334,0.103319464,0.108110608,0.113073205,0.110871869,0.09074777,0.086016076
Czech Republic,Dukovany 1-4,PWR,CH4,0,0,0,0,0,0,0,0,0,0,0,0,0,0.039332121,0.113054991,0.196854115,0.21793611,0.229252142,0.232085984,0.219778521,0.24163851,0.24907818,0.255976767,0.241252865,0.237678707,0.246459551,0.243641688,0.24706514,0.250608132,0.250798093,0.245287627,0.253961556,0.251725809,0.253866872,0.258845128,0.256219595,0.266561162,0.257853699,0.262127146,0.26567862,0.277998707,0.290759672,0.28509909,0.233351409,0.221184197
Czech Republic,Temelin 1-2,PWR,CO2,0,0,0,0,0,0,0,0,0,0,0,0,0,0,0,0,0,0,0,0,0,0,0,0,0,0,0,0,1.77E-05,0.0081648,0.03949051,0.088129808,0.092483693,0.079668285,0.087273392,0.08934263,0.088259069,0.096603529,0.100899496,0.101469008,0.111307134,0.109433743,0.10880754,0.103620789,0.044392964
Czech Republic,Temelin 1-2,PWR,CH4,0,0,0,0,0,0,0,0,0,0,0,0,0,0,0,0,0,0,0,0,0,0,0,0,0,0,0,0,4.56E-05,0.0209952,0.101547025,0.226619507,0.237815211,0.204861304,0.224417293,0.229738191,0.22695189,0.248409074,0.259455847,0.260920307,0.286218346,0.281401052,0.279790816,0.266453458,0.114153337
Finland,Loviisa 1-2,PWR,CO2,0,0,0,0,0,0.019220274,0.022828055,0.022259617,0.01326663,0.044641205,0.047889972,0.052255671,0.05333417,0.054847857,0.051376088,0.055021457,0.053368,0.054670652,0.050033162,0.052188088,0.050452624,0.053652219,0.050801052,0.049474159,0.052354783,0.058297764,0.057843014,0.060277633,0.057558028,0.059084219,0.055913545,0.058881545,0.059254214,0.062432712,0.059309293,0.062282664,0.058836745,0.062510883,0.059411628,0.061846783,0.058395189,0.06167886,0.06047486,0.06186903,0.060846455
Finland,Loviisa 1-2,PWR,CH4,0,0,0,0,0,0.049423562,0.058700712,0.057239014,0.034114191,0.114791672,0.123145644,0.134371726,0.137145009,0.141037348,0.13210994,0.141483748,0.137232,0.140581677,0.128656701,0.13419794,0.129735321,0.137962849,0.130631277,0.127219265,0.134626586,0.149908537,0.148739178,0.154999627,0.148006356,0.151930849,0.143777688,0.151409688,0.152367978,0.16054126,0.152509611,0.16015542,0.151294488,0.160742268,0.152772756,0.159034586,0.150159058,0.158602784,0.155506784,0.159091791,0.156462312
Finland,Olkiluoto 1-2,BWR,CO2,0,0,0,0,0,0,0.006008219,0.201729452,0.288382877,0.464915068,0.558007534,0.576107877,0.631498185,0.630531164,0.658075822,0.66145661,0.66905887,0.633612123,0.675760479,0.67558524,0.674962877,0.687363562,0.681785582,0.679926644,0.690130719,0.724898048,0.782202021,0.826888733,0.819260274,0.823906164,0.821242637,0.82405113,0.820291918,0.827745719,0.830656096,0.837556233,0.837182466,0.841389966,0.823465445,0.826907363,0.841299144,0.851934041,0.859468185,0.830257877,0.835347979
France,Belleville 1-2,PWR,CO2,0,0,0,0,0,0,0,0,0,0,0,0,0,0,0,0.004771507,0.064208219,0.104775386,0.109224855,0.126855343,0.128542093,0.128821479,0.113665271,0.120449172,0.111960647,0.140332702,0.082917743,0.111077534,0.108325864,0.138254795,0.145339562,0.130613864,0.149539945,0.149425797,0.127882136,0.138297753,0.123045348,0.128210466,0.111386608,0.140131638,0.149151474,0.123806948,0.137326038,0.151246488,0.127821534
France,Belleville 1-2,PWR,CH4,0,0,0,0,0,0,0,0,0,0,0,0,0,0,0,0.012269589,0.165106849,0.269422422,0.280863912,0.326199452,0.330536811,0.331255233,0.292282126,0.309726444,0.287898805,0.360855517,0.213217052,0.285627946,0.27855222,0.355512328,0.373730301,0.33586422,0.384531288,0.384237764,0.32883978,0.355622795,0.316402323,0.329684054,0.286422707,0.360338499,0.383532362,0.318360723,0.353124099,0.38891954,0.328683946
France,Blayais 1-4,PWR,CO2,0,0,0,0,0,0,0,0,0,0.012551671,0.059854795,0.105978083,0.192624657,0.196279233,0.194020822,0.168636712,0.149711781,0.181701436,0.170780669,0.18062355,0.171766115,0.173477107,0.155552657,0.190885052,0.207066674,0.200048647,0.203706597,0.177720833,0.14917725,0.187995376,0.200812241,0.160165907,0.193790224,0.192740647,0.203815222,0.206940022,0.212983189,0.163887605,0.202361293,0.199795803,0.184263321,0.182513589,0.1767752,0.1526168,0.186229381
France,Blayais 1-4,PWR,CH4,0,0,0,0,0,0,0,0,0,0.032275726,0.153912328,0.272515068,0.495320548,0.504718027,0.498910685,0.43363726,0.384973151,0.467232263,0.43915029,0.464460559,0.441684296,0.446083989,0.399992548,0.490847277,0.532457162,0.514410805,0.523816964,0.456996427,0.383598641,0.483416679,0.516374335,0.411855189,0.498317721,0.495618805,0.524096285,0.532131485,0.547671058,0.421425272,0.520357611,0.513760636,0.473819967,0.469320658,0.4545648,0.3924432,0.478875551
France,Bugey 2-5,PWR,CO2,0,0,0,0,0,0,0.007177205,0.097202192,0.169319452,0.158030466,0.157699836,0.185313972,0.177980274,0.175088219,0.178600876,0.143838685,0.131147397,0.152768076,0.139539266,0.128211157,0.092763617,0.158254389,0.154932362,0.162278028,0.159073217,0.17121931,0.181686553,0.179866936,0.171220997,0.161257907,0.168112843,0.188130466,0.194812186,0.193892789,0.196797578,0.180595934,0.192016712,0.160491014,0.119055003,0.161418159,0.20600651,0.162709917,0.186633885,0.193403671,0.113672559
France,Bugey 2-5,PWR,CH4,0,0,0,0,0,0,0.018455672,0.249948493,0.435392877,0.406364054,0.405513863,0.476521644,0.457663562,0.450226849,0.459259397,0.369870904,0.337236164,0.392832197,0.358815254,0.32968583,0.238535014,0.406939858,0.398397501,0.417286356,0.409045414,0.440278225,0.467193995,0.46251498,0.440282564,0.414663189,0.43229017,0.483764054,0.500945622,0.498581458,0.506050915,0.464389546,0.49375726,0.412691178,0.306141436,0.415075265,0.529731025,0.418396932,0.479915704,0.497323726,0.292300865
France,Cattenom 1-4,PWR,CO2,0,0,0,0,0,0,0,0,0,0,0,0,0,0,0.001696876,0.06709874,0.102955617,0.065726433,0.133976778,0.160304066,0.249841238,0.240532121,0.243514312,0.249504624,0.274013676,0.271338564,0.266041348,0.260894257,0.270722641,0.227328088,0.280455824,0.28913475,0.273148285,0.293367047,0.261467912,0.286025753,0.268356066,0.25877715,0.268411145,0.263078257,0.233182159,0.231949008,0.276967792,0.278816943,0.244071781
France,Cattenom 1-4,PWR,CH4,0,0,0,0,0,0,0,0,0,0,0,0,0,0,0.004363397,0.172539616,0.264743014,0.169010827,0.344511715,0.412210454,0.642448899,0.618511167,0.62617966,0.641583321,0.704606597,0.697727737,0.684106323,0.670870948,0.696143935,0.58455794,0.721172121,0.743489359,0.702381304,0.754372405,0.67234606,0.735494795,0.690058454,0.665426959,0.690200088,0.676486948,0.599611265,0.596440307,0.712202893,0.716957852,0.627613151
France,Chinon B1-B4,PWR,CO2,0,0,0,0,0,0,0,0,0,0,0.000284603,0.02942685,0.076420822,0.084503233,0.10075474,0.112510136,0.142063562,0.157217162,0.173719671,0.167599638,0.189838926,0.174604395,0.172909896,0.193790071,0.187446883,0.190962992,0.192574257,0.178840986,0.182457205,0.187931321,0.195054136,0.177722828,0.181681797,0.184701962,0.183537162,0.176835572,0.186357336,0.146839364,0.158735605,0.195664997,0.204499803,0.162694038,0.192169293,0.184287945,0.178075167
France,Chinon B1-B4,PWR,CH4,0,0,0,0,0,0,0,0,0,0,0.000731836,0.075669041,0.196510685,0.217294027,0.259083616,0.28931178,0.365306301,0.404272701,0.446707726,0.430970499,0.488157238,0.448982728,0.444625447,0.498317326,0.482006268,0.491047693,0.495190948,0.459876822,0.469175672,0.483251967,0.50156778,0.457001556,0.467181764,0.474947901,0.471952701,0.454720044,0.47920458,0.377586937,0.408177272,0.503138564,0.525856636,0.418356099,0.494149611,0.473883288,0.457907573
France,Chooz-A,GCR,CO2,1.34341895,1.273413242,0.92614726,1.265565068,0.856392694,1.545776256,1.263242009,1.058561644,1.140810502,1.145770548,1.269771689,1.194178082,1.204223744,1.060175228,0.859016495,0.51855645,1.088851199,1.022070776,0.93040411,0.836725171,0,0,0,0,0,0,0,0,0,0,0,0,0,0,0,0,0,0,0,0,0,0,0,0,0
France,Chooz B1-B2,PWR,CO2,0,0,0,0,0,0,0,0,0,0,0,0,0,0,0,0,0,0,0,0,0,0,0,0,0,0.067086543,0.012479408,0.093553293,0.119997336,0.150999628,0.148284241,0.157219157,0.159063243,0.148585797,0.14810274,0.164308372,0.17962675,0.126356176,0.148843321,0.16718286,0.140281304,0.158882664,0.163827847,0.159855683,0.171942247
France,Chooz B1-B2,PWR,CH4,0,0,0,0,0,0,0,0,0,0,0,0,0,0,0,0,0,0,0,0,0,0,0,0,0,0.172508252,0.032089907,0.240565611,0.30856458,0.388284756,0.381302335,0.40427783,0.40901977,0.382077764,0.380835616,0.422507244,0.461897359,0.324915879,0.382739967,0.429898784,0.360723353,0.40855542,0.421271605,0.411057468,0.442137205
France,Civaux,PWR,CO2,0,0,0,0,0,0,0,0,0,0,0,0,0,0,0,0,0,0,0,0,0,0,0,0,0,0,0,0.022375759,0.107249896,0.085014443,0.130682443,0.153553764,0.176247496,0.148006696,0.164611693,0.145794696,0.162587792,0.151796208,0.166344088,0.148089162,0.123851441,0.139760888,0.150108076,0.157768186,0.138410597
France,Civaux,PWR,CH4,0,0,0,0,0,0,0,0,0,0,0,0,0,0,0,0,0,0,0,0,0,0,0,0,0,0,0,0.057537665,0.275785447,0.21860857,0.33604057,0.394852537,0.453207847,0.380588647,0.423287211,0.374900647,0.418082893,0.390333107,0.42774194,0.380800701,0.318475135,0.35938514,0.385992197,0.405689622,0.355912964
France,Cruas 1-4,PWR,CO2,0,0,0,0,0,0,0,0,0,0,0,0.002979507,0.07342137,0.171140603,0.170782203,0.160744548,0.136110685,0.171663167,0.178968329,0.157922148,0.167343957,0.173316088,0.171171288,0.171146279,0.188322017,0.167015857,0.194093315,0.187415814,0.190753721,0.181166367,0.19230845,0.183530488,0.183631441,0.192135157,0.178284515,0.149354531,0.176179222,0.181168438,0.17812457,0.195440843,0.16931155,0.198204636,0.174009721,0.168771419,0.172784241
France,Cruas 1-4,PWR,CH4,0,0,0,0,0,0,0,0,0,0,0,0.007661589,0.188797809,0.440075836,0.439154236,0.413343123,0.349998904,0.441419573,0.460204274,0.406085523,0.43031303,0.44566994,0.44015474,0.440090433,0.484256614,0.429469348,0.499097096,0.481926378,0.490509567,0.465856373,0.494507441,0.47193554,0.472195135,0.49406183,0.458445896,0.38405451,0.453032285,0.465861699,0.458034609,0.50256217,0.435372559,0.509669063,0.447453567,0.433983649,0.444302335
France,Dampierre 1-4,PWR,CO2,0,0,0,0,0,0,0,0,0.02158685,0.129132931,0.143205808,0.162070136,0.181455343,0.184260712,0.185628493,0.1542184,0.142324383,0.178418608,0.13966285,0.167077304,0.165402521,0.181469917,0.157611079,0.1689016,0.179123902,0.167065567,0.17115234,0.162839485,0.168206357,0.159836197,0.173534181,0.175639934,0.180075057,0.183368778,0.18893794,0.184188679,0.188213469,0.176842017,0.190799824,0.188718926,0.177288866,0.179532931,0.178471079,0.196126805,0.185933348
France,Dampierre 1-4,PWR,CH4,0,0,0,0,0,0,0,0,0.055509041,0.33205611,0.368243507,0.41675178,0.466599452,0.47381326,0.477330411,0.3965616,0.365976986,0.458790707,0.359133041,0.429627353,0.425320767,0.466636932,0.405285633,0.4343184,0.460604317,0.429597173,0.440106016,0.418730104,0.43253063,0.411007364,0.446230751,0.451645546,0.463050148,0.471519715,0.485840416,0.473628033,0.48397749,0.454736614,0.490628121,0.485277238,0.455885654,0.46165611,0.458925633,0.504326072,0.478114323
France,Fessenheim 1-2,PWR,CO2,0,0,0,0,0,0.008780493,0.090824329,0.069524383,0.085235069,0.085306411,0.060572822,0.076750685,0.099434521,0.091761753,0.085793534,0.085762083,0.078469041,0.068248657,0.06588891,0.071817852,0.054228636,0.086867276,0.088073655,0.084033293,0.094793962,0.089257479,0.078354357,0.089150312,0.072976592,0.093646422,0.073278148,0.088792143,0.081623683,0.090748076,0.089591102,0.072751671,0.078850762,0.067118302,0.090171967,0.054962312,0.095577271,0.07110251,0.084248627,0.098686345,0.06451246
France,Fessenheim 1-2,PWR,CH4,0,0,0,0,0,0.022578411,0.233548274,0.178776986,0.21917589,0.219359342,0.155758685,0.197358904,0.255688767,0.235958795,0.220611946,0.220531068,0.201777535,0.175496548,0.169428625,0.184674477,0.139445063,0.223372997,0.226475112,0.216085611,0.243755901,0.229519233,0.20148263,0.22924366,0.187654093,0.240805085,0.188429523,0.228322652,0.209889468,0.233352197,0.230377117,0.187075726,0.202759101,0.172589917,0.231870773,0.14133166,0.245770126,0.182835025,0.216639324,0.253764888,0.165889184
France,Flamanville 1-2,PWR,CO2,0,0,0,0,0,0,0,0,0,0,0,0,0,0.00016171,0.053223014,0.109629589,0.109552876,0.104326159,0.11437486,0.106235759,0.126186181,0.132612757,0.11913486,0.127553195,0.137973107,0.118136833,0.116034992,0.109148372,0.137646543,0.142712931,0.127680921,0.13483051,0.139078608,0.144825205,0.137443485,0.13546331,0.085176076,0.126487047,0.1236144,0.145104131,0.131462992,0.1384992,0.141618476,0.124874783,0.152442203
France,Flamanville 1-2,PWR,CH4,0,0,0,0,0,0,0,0,0,0,0,0,0,0.000415825,0.136859178,0.281904658,0.281707397,0.268267265,0.294106784,0.273177665,0.324478751,0.34100423,0.306346784,0.327993928,0.354787989,0.303780427,0.298375693,0.280667244,0.353948252,0.36697611,0.328322367,0.346707025,0.357630707,0.372407672,0.353426104,0.348334225,0.219024197,0.325252405,0.3178656,0.37312491,0.338047693,0.3561408,0.364161797,0.321106586,0.391994236
France,Golfech 1-2,PWR,CO2,0,0,0,0,0,0,0,0,0,0,0,0,0,0,0,0,0,0,0.01396617,0.073160164,0.054204088,0.077522257,0.115357238,0.114516088,0.137152362,0.136559298,0.129920921,0.133811386,0.135350466,0.126346817,0.146440383,0.137757315,0.123849983,0.142606762,0.138018828,0.149126083,0.130726707,0.150702674,0.137812241,0.143286817,0.121607759,0.147233512,0.115334762,0.144366159,0.152478334
France,Golfech 1-2,PWR,CH4,0,0,0,0,0,0,0,0,0,0,0,0,0,0,0,0,0,0,0.035913009,0.188126137,0.13938194,0.199342948,0.296632899,0.29446994,0.352677501,0.351152483,0.334082367,0.344086422,0.348044054,0.324891814,0.376560986,0.354233096,0.318471386,0.366703101,0.354905556,0.383467068,0.336154389,0.387521162,0.354374335,0.368451814,0.312705665,0.37860046,0.296575101,0.371227265,0.392087146
France,Gravelines 1-6,PWR,CO2,0,0,0,0,0,0,0,0,0.021870685,0.143894685,0.107774685,0.166734247,0.199406028,0.26557885,0.275409534,0.24305611,0.248241096,0.260902005,0.268438915,0.263304405,0.26499645,0.267184822,0.269617753,0.285249885,0.273520647,0.270152745,0.291051562,0.264390576,0.272306443,0.271361578,0.271933698,0.285038543,0.296955036,0.293584143,0.295055178,0.285855298,0.289063178,0.285610357,0.280962203,0.289122324,0.245452372,0.270742357,0.267614028,0.2888704,0.240819562
France,Gravelines 1-6,PWR,CH4,0,0,0,0,0,0,0,0,0.056238904,0.370014904,0.277134904,0.428745205,0.512758356,0.682917041,0.708195946,0.625001425,0.638334247,0.670890872,0.690271496,0.677068472,0.681419441,0.687046685,0.693302795,0.733499704,0.703338805,0.694678488,0.748418301,0.679861479,0.70021657,0.697786915,0.699258083,0.732956252,0.763598663,0.754930652,0.758713315,0.735056483,0.743305315,0.73442663,0.722474236,0.743457403,0.631163244,0.69619463,0.688150356,0.7428096,0.619250301
France,Nogent 1-2,PWR,CO2,0,0,0,0,0,0,0,0,0,0,0,0,0,0,0,0.003728219,0.059567124,0.081642707,0.108525469,0.116600898,0.123697096,0.1296232,0.113345304,0.11433006,0.128147102,0.13422686,0.118256197,0.135491693,0.143915167,0.142083814,0.132071857,0.148986543,0.1285088,0.129855715,0.148295057,0.158929917,0.123871003,0.110967069,0.141439276,0.14134845,0.125119112,0.143065041,0.128074378,0.121412679,0.157757217
France,Nogent 1-2,PWR,CH4,0,0,0,0,0,0,0,0,0,0,0,0,0,0,0,0.009586849,0.153172603,0.209938389,0.27906549,0.299830883,0.318078247,0.3333168,0.291459353,0.293991584,0.329521117,0.345154784,0.304087364,0.348407211,0.370067573,0.365358378,0.339613348,0.383108252,0.3304512,0.333914696,0.381330148,0.408676932,0.318525436,0.28534389,0.363700997,0.363467441,0.32173486,0.367881535,0.329334115,0.312204033,0.405661414
France,Paluel 1-4,PWR,CO2,0,0,0,0,0,0,0,0,0,0,0,0,0.021517808,0.094271781,0.196774028,0.25142926,0.227743562,0.255083529,0.224075255,0.239442038,0.214696712,0.254418893,0.22015303,0.25148411,0.228344833,0.256310543,0.254088417,0.268048833,0.284736757,0.260762389,0.255774707,0.256860186,0.243124843,0.273492493,0.263902685,0.214974488,0.285319157,0.225644483,0.253647167,0.292273052,0.261375474,0.267465512,0.293690159,0.224449611,0.149923124
France,Paluel 1-4,PWR,CH4,0,0,0,0,0,0,0,0,0,0,0,0,0.055331507,0.242413151,0.505990356,0.646532384,0.585626301,0.655929074,0.576193512,0.615708099,0.55207726,0.654220011,0.566107791,0.646673425,0.587172427,0.659084252,0.653370214,0.689268427,0.73218023,0.670531858,0.657706389,0.660497622,0.62517817,0.703266411,0.678606904,0.55279154,0.73367783,0.580228668,0.652235573,0.751559277,0.672108362,0.68776846,0.755203265,0.577156142,0.385516603
France,Penly 1-2,PWR,CO2,0,0,0,0,0,0,0,0,0,0,0,0,0,0,0,0,0,0,0.02214777,0.064719967,0.100278203,0.127615792,0.128330443,0.130785238,0.14796834,0.127130357,0.144550422,0.127614257,0.136979069,0.14300766,0.119755003,0.149578608,0.135980888,0.134966521,0.148962378,0.137792372,0.155098521,0.136799331,0.127451628,0.136930817,0.135230411,0.147711507,0.119137852,0.148570148,0.139397117
France,Penly 1-2,PWR,CH4,0,0,0,0,0,0,0,0,0,0,0,0,0,0,0,0,0,0,0.056951409,0.166422773,0.257858236,0.328154893,0.32999257,0.336304899,0.380490016,0.32690663,0.371701085,0.328150948,0.35223189,0.367733984,0.307941436,0.384630707,0.34966514,0.347056767,0.383046115,0.354323244,0.398824767,0.35176971,0.327732756,0.352107814,0.347735342,0.379829589,0.306354477,0.382037523,0.358449732
France,St. Alban 1-2,PWR,CO2,0,0,0,0,0,0,0,0,0,0,0,0,0,0.009898192,0.05989315,0.10013874,0.074771507,0.099018664,0.106397698,0.121956417,0.085820383,0.105933052,0.11277771,0.124942367,0.126354795,0.116314915,0.113623693,0.136912789,0.128550148,0.137723638,0.13086709,0.137673392,0.158057392,0.129912329,0.126317129,0.129015485,0.091142378,0.133747638,0.14619406,0.126931902,0.136803628,0.133153578,0.131772066,0.141722498,0.133100724
France,St. Alban 1-2,PWR,CH4,0,0,0,0,0,0,0,0,0,0,0,0,0,0.025452493,0.154010959,0.257499616,0.192269589,0.25461942,0.273594083,0.313602214,0.220680986,0.272399277,0.289999825,0.321280373,0.324912328,0.299095496,0.292175211,0.352061458,0.330557523,0.354146499,0.336515375,0.354017293,0.406433293,0.334060274,0.324815474,0.331754104,0.234366115,0.343922499,0.375927584,0.326396317,0.351780756,0.342394915,0.338842454,0.364429283,0.342259003
France,St. Laurent B1-B2,PWR,CO2,0,0,0,0,0,0,0,0,0,0.011030466,0.015303343,0.059781917,0.077671233,0.08381589,0.085451397,0.078488219,0.083071781,0.089322224,0.086527902,0.077083924,0.085236986,0.082164657,0.095264669,0.074827507,0.088976789,0.085099211,0.095476011,0.083681567,0.078405676,0.098662871,0.098591069,0.086937162,0.098443321,0.08524366,0.099100515,0.094613074,0.103374159,0.095255386,0.103538093,0.086170729,0.100336197,0.062923595,0.09397966,0.081414488,0.093573469
France,St. Laurent B1-B2,PWR,CH4,0,0,0,0,0,0,0,0,0,0.028364054,0.039351452,0.153724932,0.199726027,0.215526575,0.219732164,0.201826849,0.213613151,0.229685721,0.222500317,0.198215803,0.219180822,0.211280548,0.24496629,0.192413589,0.228797458,0.218826542,0.245509742,0.215181173,0.201614597,0.253704526,0.25351989,0.223552701,0.253139967,0.219197984,0.254829896,0.243290762,0.265819265,0.244942422,0.266240811,0.221581874,0.258007364,0.161803528,0.241661984,0.20935154,0.24061749
France,Tricastin 1-4,PWR,CO2,0,0,0,0,0,0,0,0,0.031313972,0.137842083,0.157289424,0.17833315,0.193307397,0.197973808,0.186190028,0.173833205,0.155143014,0.173052428,0.171627343,0.160005578,0.179634576,0.181337359,0.181613217,0.187090707,0.200989676,0.179880208,0.184647189,0.158853436,0.174168285,0.182039736,0.193431211,0.1871688,0.181178411,0.190047507,0.192589524,0.207712822,0.183299736,0.176640493,0.196975934,0.173188669,0.184749217,0.191790564,0.185209721,0.197155441,0.161624976
France,Tricastin 1-4,PWR,CH4,0,0,0,0,0,0,0,0,0.080521644,0.354451068,0.404458521,0.458570959,0.497076164,0.509075507,0.478774356,0.446999672,0.398939178,0.444991956,0.441327452,0.411442915,0.461917479,0.466296065,0.467005414,0.481090389,0.516830597,0.462549107,0.474807058,0.408480263,0.447861304,0.46810218,0.497394542,0.4812912,0.465887342,0.488693589,0.495230203,0.534118685,0.47134218,0.454218411,0.506509546,0.44534229,0.475069414,0.493175737,0.476253567,0.506971135,0.415607079
Germany,Biblis A,PWR,CO2,0,0,0.005995836,0.060730083,0.044558357,0.108791124,0.097617205,0.096619178,0.072470136,0.114684164,0.139542028,0.109361096,0.115966028,0.117715683,0.105024702,0.100422498,0.088811474,0.088961524,0.108569271,0.083223134,0.11135017,0.12030411,0.118577162,0.079501743,0.091056614,0.12635817,0.13980377,0.122421753,0.108975924,0.130213655,0.125357688,0.080454357,0.141257008,0.109302871,0.117420724,0.006790883,0.144532241,0.019364493,0.110560033,0.028784767,0,0,0,0,0
Germany,Biblis A,PWR,CH4,0,0,0.015417863,0.156163068,0.11457863,0.279748603,0.251015672,0.248449315,0.18635178,0.294902137,0.358822356,0.281214247,0.298198356,0.302697468,0.270063517,0.258229283,0.228372362,0.228758203,0.279178126,0.214002346,0.286329009,0.309353425,0.304912701,0.204433052,0.234145578,0.324921009,0.359495409,0.314798795,0.280223803,0.334835112,0.32234834,0.20688263,0.363232307,0.281064526,0.301939003,0.017462268,0.371654335,0.049794411,0.284297227,0.074017973,0,0,0,0,0
Germany,Biblis B,PWR,CO2,0,0,0,0,0,0,0.043403836,0.04622685,0.042897534,0.062179945,0.070544657,0.049786302,0.06302685,0.059683803,0.051570783,0.043135266,0.042895693,0.039628055,0.069808986,0.03005405,0.058535343,0.057087474,0.0611688,0.060251628,0.060275638,0.06497097,0.062766564,0.066796493,0.063638093,0.057091157,0.078044055,0.059774553,0.067264362,0.052873666,0.063764362,0.006790883,0.079535112,0.011593764,0.074698936,0.01258834,0,0,0,0,0
Germany,Biblis B,PWR,CH4,0,0,0,0,0,0,0.111609863,0.118869041,0.110307946,0.159891288,0.181400548,0.128021917,0.162069041,0.153472636,0.132610586,0.110919254,0.110303211,0.101900712,0.179508822,0.077281841,0.150519452,0.146796362,0.1572912,0.154932756,0.154994499,0.167068209,0.161399737,0.171762411,0.163640811,0.14680583,0.200684712,0.153705995,0.172965501,0.135960854,0.163965501,0.017462268,0.20451886,0.029812537,0.19208298,0.032370016,0,0,0,0,0
Germany,Brokdorf,PWR,CO2,0,0,0,0,0,0,0,0,0,0,0,0,0,0,0.002277129,0.072732953,0.065832757,0.068974279,0.063956833,0.072820943,0.08275749,0.072471057,0.078465972,0.076040098,0.080972855,0.086296153,0.08248355,0.085099364,0.086953962,0.086035945,0.086968153,0.081043353,0.084696624,0.087457348,0.085928011,0.087648822,0.087838685,0.087907879,0.087148657,0.074420624,0.078606433,0.085504866,0.084185414,0.081505162,0.084061447
Germany,Brokdorf,PWR,CH4,0,0,0,0,0,0,0,0,0,0,0,0,0,0,0.005855474,0.187027595,0.16928423,0.177362433,0.164460427,0.187253852,0.212804975,0.186354148,0.201769644,0.195531683,0.208215912,0.221904395,0.212100559,0.218826937,0.223595901,0.221235288,0.223632395,0.208397195,0.217791321,0.224890323,0.220957742,0.225382685,0.225870904,0.226048833,0.224096548,0.191367321,0.202130827,0.219869654,0.216476778,0.209584701,0.216158005
Germany,Brunsbüttel,BWR,CO2,0,0,0,0,0,0,0.135854452,0,0.04162089,0.25979726,0.200227397,0.140657534,0.310541096,0.327500925,0.327826952,0.304709281,0.296062568,0.23853387,0.278306301,0.222356507,0.203030651,0,0,0.1747175,0.273417637,0.297088973,0.232520993,0.362112808,0.336786301,0.33559339,0.050067911,0.285612226,0.283712534,0.350900959,0.347416541,0.144841747,0,0,0,0,0,0,0,0,0
Germany,Emsland,PWR,CO2,0,0,0,0,0,0,0,0,0,0,0,0,0,0,0,0,0.043686981,0.075616953,0.077013348,0.071244888,0.077924767,0.080372274,0.08075269,0.080515112,0.08098743,0.081700088,0.082809041,0.082306038,0.082864581,0.08387074,0.086242302,0.085127517,0.085512767,0.083523079,0.085515836,0.084300866,0.083586904,0.083227047,0.084214488,0.084809469,0.083214926,0.083709336,0.084037589,0.079751288,0.08085234
Germany,Emsland,PWR,CH4,0,0,0,0,0,0,0,0,0,0,0,0,0,0,0,0,0.112337951,0.194443595,0.198034323,0.18320114,0.200377973,0.206671562,0.207649775,0.20703886,0.208253391,0.21008594,0.212937535,0.211644099,0.213080351,0.215667616,0.221765917,0.218899332,0.219889973,0.214773633,0.219897863,0.216773654,0.214937753,0.214012405,0.21655154,0.21808149,0.213981238,0.21525258,0.216096658,0.20507474,0.207906016
Germany,Grafenrheinfeld,PWR,CO2,0,0,0,0,0,0,0,0,0,0,0.062436931,0.072201643,0.073567124,0.074730312,0.066879112,0.06413611,0.067506159,0.07212286,0.06068137,0.074821217,0.074082247,0.067858959,0.074215266,0.076298312,0.073095957,0.077717183,0.07016846,0.063952614,0.073650586,0.081115157,0.075868033,0.078785403,0.07770514,0.077525326,0.07230045,0.079101688,0.074894324,0.080143364,0.05747725,0.065453336,0.076684943,0.074140855,0.075584581,0.031379331,0
Germany,Grafenrheinfeld,PWR,CH4,0,0,0,0,0,0,0,0,0,0,0.16055211,0.18566137,0.189172603,0.19216366,0.17197486,0.164921425,0.173587265,0.185458784,0.156037809,0.192397414,0.190497205,0.174494465,0.190839254,0.19619566,0.18796103,0.199844186,0.180433184,0.164449578,0.189387222,0.20858183,0.195089227,0.202591036,0.199813216,0.199350838,0.185915441,0.20340434,0.192585403,0.206082937,0.147798641,0.16830858,0.197189852,0.190647912,0.194360351,0.08068971,0
Germany,Gundremmingen A,BWR,CO2,0,0,0,0,0,0,0,0,0,0,0,0,0,0,0,0,0,0,0,0,0,0,0,0,0,0,0,0,0,0,0,0,0,0,0,0,0,0,0,0,0,0,0,0,0
Germany,Gundremmingen B-C,BWR,CO2,0,0,0,0,0,0,0,0,0,0,0,0,0.433267123,1.065237466,0.949951267,0.916741301,0.846239041,1.021059589,0.972669555,0.951534829,0.975047226,0.856111267,0.950580616,1.051346952,1.099171096,1.060740034,1.088790034,1.035310479,1.13604363,1.167591438,1.182593938,1.190348733,1.091816267,1.18275637,1.20098887,1.186786884,1.141031267,1.203102226,1.155973801,1.151287158,1.162156678,1.144768356,1.138662329,1.174567842,1.073327021
Germany,Grohnde TOT,PWR,CO2,0,0,0,0,0,0,0,0,0,0,0,0,0.009312876,0.083394357,0.07828777,0.074015736,0.078310093,0.078855978,0.077660186,0.076388296,0.079967157,0.081929611,0.078756405,0.082628076,0.081237205,0.091016493,0.08550594,0.086011014,0.08481223,0.083820876,0.082787102,0.083869896,0.082047057,0.083163452,0.084350498,0.082990466,0.080900438,0.083366893,0.082714608,0.073668307,0.084449611,0.079934707,0.07273234,0.075673336,0.064560405
Germany,Grohnde TOT,PWR,CH4,0,0,0,0,0,0,0,0,0,0,0,0,0.023947397,0.21444263,0.201311409,0.19032618,0.201368811,0.202772515,0.199697622,0.196427047,0.20562983,0.210676142,0.202516472,0.212472197,0.208895672,0.234042411,0.219872416,0.221171178,0.218088591,0.215539397,0.212881117,0.215665447,0.210978148,0.213848877,0.216901283,0.213404054,0.208029699,0.214372011,0.212694707,0.189432789,0.217156142,0.205546389,0.187026016,0.19458858,0.166012472
Germany,Krümmel,BWR,CO2,0,0,0,0,0,0,0,0,0,0,0,0.054958904,0.56309589,0.54154839,0.552402192,0.534465445,0.5367325,0.479817432,0.514084075,0.450474966,0.484674075,0.381830479,0.144373082,0.536660308,0.47986226,0.538562911,0.268453288,0.612296918,0.52530524,0.474015308,0.493926849,0.552413836,0.560456815,0.538141404,0.592541986,0.317577466,0,0.019501096,0,0,0,0,0,0,0
Germany,Lingen,BWR,CO2,0,0,0,0,0,0,0,0,0,0,0,0,0,0,0,0,0,0,0,0,0,0,0,0,0,0,0,0,0,0,0,0,0,0,0,0,0,0,0,0,0,0,0,0,0
Germany,Isar 1,BWR,CO2,0,0,0,0,0,0,0.136593836,0.303496575,0.244636986,0.241953082,0.093342808,0.415859589,0.325270548,0.379332295,0.370879452,0.417122945,0.328306096,0.303045377,0.294283973,0.393594829,0.341863014,0.324582979,0.299846815,0.375278493,0.338619041,0.349224247,0.36886274,0.438515582,0.386922329,0.342850993,0.440497945,0.366862911,0.39420613,0.427149452,0.396359658,0.393315377,0.441454486,0.395657534,0.365918014,0.090885959,0,0,0,0,0
Germany,Isar 2,PWR,CO2,0,0,0,0,0,0,0,0,0,0,0,0,0,0,0,0,0.046203836,0.059290345,0.071122762,0.074404745,0.075511704,0.078192647,0.080546871,0.077021557,0.078745972,0.083665457,0.08252789,0.089069688,0.086617041,0.089993611,0.088312997,0.089535485,0.088950093,0.085170324,0.090177336,0.087279376,0.087882795,0.088102959,0.087262422,0.089414664,0.087337217,0.087467857,0.082810192,0.080587759,0.086983189
Germany,Isar 2,PWR,CH4,0,0,0,0,0,0,0,0,0,0,0,0,0,0,0,0,0.118809863,0.152460888,0.182887101,0.191326488,0.194172953,0.201066805,0.207120526,0.19805543,0.202489644,0.215139748,0.212214575,0.22903634,0.222729535,0.231412142,0.227090564,0.230234104,0.228728811,0.219009403,0.23188458,0.224432679,0.225984328,0.226550465,0.224389085,0.22992342,0.224581414,0.224917348,0.212940493,0.207225665,0.223671058
Germany,Mülheim-Kärlich,PWR,CO2,0,0,0,0,0,0,0,0,0,0,0,0,0,0,0.010414404,0.02227957,0.04625264,0,0,0,0,0,0,0,0,0,0,0,0,0,0,0,0,0,0,0,0,0,0,0,0,0,0,0,0
Germany,Mülheim-Kärlich,PWR,CH4,0,0,0,0,0,0,0,0,0,0,0,0,0,0,0.026779897,0.057290321,0.11893536,0,0,0,0,0,0,0,0,0,0,0,0,0,0,0,0,0,0,0,0,0,0,0,0,0,0,0,0
Germany,Neckarwestheim 1,PWR,CO2,0,0,0,0,0,0,0.037853698,0.027409315,0.041984657,0.045638466,0.044348164,0.046387945,0.044815343,0.047265841,0.031859397,0.041387298,0.040422488,0.030834443,0.044140657,0.041458871,0.040427857,0.042648526,0.04838891,0.045766576,0.046445479,0.047793238,0.045319879,0.044870038,0.04711211,0.045962498,0.047855605,0.046211353,0.045478597,0.045127408,0.047424866,0.036158586,0.029050576,0.033461688,0.01465566,0.010394367,0,0,0,0,0
Germany,Neckarwestheim 1,PWR,CH4,0,0,0,0,0,0,0.097338083,0.070481096,0.107960548,0.117356054,0.114038137,0.119283288,0.115239452,0.121540735,0.081924164,0.106424483,0.10394354,0.07928857,0.113504548,0.106608526,0.103957348,0.109667638,0.124428625,0.117685479,0.119431233,0.122896899,0.116536833,0.115380099,0.121145425,0.118189283,0.123057272,0.118829195,0.116944964,0.116041907,0.121949654,0.092979222,0.074701479,0.08604434,0.037685984,0.026728373,0,0,0,0,0
Germany,Neckarwestheim 2,PWR,CO2,0,0,0,0,0.014826192,0.037946521,0.037853698,0.027409315,0.041984657,0.045638466,0.044348164,0.046387945,0.044815343,0.047265841,0.031859397,0.041387298,0.040422488,0.097368734,0.118504898,0.113836417,0.118709567,0.118686936,0.127561172,0.126560383,0.127870093,0.12536183,0.126717874,0.125118269,0.127459759,0.12592697,0.122937874,0.127104274,0.125801622,0.128256033,0.130868471,0.116024483,0.111147419,0.116155507,0.092749962,0.093303595,0.079966543,0.078390717,0.080822729,0.080799869,0.08196045
Germany,Neckarwestheim 2,PWR,CH4,0,0,0,0,0.038124493,0.097576767,0.097338083,0.070481096,0.107960548,0.117356054,0.114038137,0.119283288,0.115239452,0.121540735,0.081924164,0.106424483,0.10394354,0.250376746,0.304726883,0.292722214,0.305253173,0.30519498,0.328014444,0.325440986,0.328808811,0.322358991,0.325845962,0.32173269,0.327753665,0.323812209,0.316125962,0.326839562,0.323489885,0.329801227,0.336518926,0.298348668,0.285807649,0.298685589,0.238499901,0.239923528,0.205628252,0.201576132,0.207829874,0.20777109,0.210755441
Germany,Niederaichbach,GCR,CO2,0,0,0,0,0,0,0,0,0,0,0,0,0,0,0,0,0,0,0,0,0,0,0,0,0,0,0,0,0,0,0,0,0,0,0,0,0,0,0,0,0,0,0,0,0
Germany,Obrigheim,PWR,CO2,0.018427836,0.01917885,0.018685589,0.019855452,0.017024,0.016451726,0.017030904,0.018196164,0.016309041,0.018426302,0.018467726,0.014966576,0.019047671,0.019890664,0.020431102,0.019047364,0.020111211,0.019623014,0.009038553,0.008067529,0.014437567,0.020074312,0.020128164,0.016611671,0.021287748,0.021244866,0.02116309,0.021501085,0.020407474,0.021456898,0.021794817,0.018795824,0.01989005,0.006579464,0,0,0,0,0,0,0,0,0,0,0
Germany,Obrigheim,PWR,CH4,0.047385863,0.049317041,0.048048658,0.051056877,0.043776,0.042304438,0.043793753,0.046790137,0.041937535,0.047381917,0.047488438,0.038485479,0.048979726,0.05114742,0.052537117,0.048978937,0.051714542,0.050459178,0.023241995,0.020745074,0.037125173,0.05161966,0.051758137,0.042715726,0.054739923,0.054629654,0.054419375,0.055288504,0.052476362,0.055174883,0.056043814,0.048332121,0.051145841,0.01691862,0,0,0,0,0,0,0,0,0,0,0
Germany,Philippsburg 1,BWR,CO2,0,0,0,0,0,0,0,0.098797945,0.102232877,0.063511301,0.29309863,0.320380137,0.368236301,0.356313014,0.304018219,0.377752226,0.36093387,0.358564932,0.302918459,0.359321199,0.379182089,0.268655308,0.382263048,0.367774041,0.40344726,0.373157568,0.402053493,0.401299555,0.401997021,0.405027329,0.381881712,0.372325616,0.368645582,0.338357637,0.401062603,0.404324623,0.356686199,0.35803863,0.377765616,0.082397021,0,0,0,0,0
Germany,Philippsburg 2,PWR,CO2,0,0,0,0,0,0,0,0,0,0,0,0,0.000199452,0.071801359,0.078517293,0.07376834,0.074494192,0.074236438,0.065330828,0.07597075,0.072109205,0.080404724,0.078896866,0.080935726,0.086053129,0.085254247,0.082323605,0.08532674,0.081998576,0.069008647,0.084791364,0.084461502,0.078975726,0.083028515,0.084047485,0.085709534,0.083162302,0.084150357,0.085857512,0.082290926,0.078459989,0.066851036,0.886629436,0.977748033,0.892658104
Germany,Philippsburg 2,PWR,CH4,0,0,0,0,0,0,0,0,0,0,0,0,0.000512877,0.184632065,0.201901611,0.189690016,0.191556493,0.190893699,0.167993556,0.195353359,0.185423672,0.206755003,0.202877654,0.208120438,0.221279474,0.219225205,0.211689272,0.219411616,0.210853479,0.177450805,0.218034937,0.217186717,0.203080438,0.213501896,0.216122104,0.220395946,0.213845917,0.21638663,0.22077646,0.211605238,0.201754258,0.171902663,0.295543145,0.325916011,0.297552702
Germany,Rheinsberg,BWR,CO2,0,0,0,0,0,0,0,0,0,0,0,0,0,0,0,0,0,0,0,0,0,0,0,0,0,0,0,0,0,0,0,0,0,0,0,0,0,0,0,0,0,0,0,0,0
Germany,Stade,PWR,CO2,0.025159343,0.030052055,0.038854795,0.034777534,0.039793753,0.039552876,0.040188055,0.032349589,0.031958357,0.035418083,0.036861808,0.036599452,0.037512329,0.037291474,0.038501917,0.033976274,0.034101776,0.032123057,0.032287683,0.017617753,0.032580186,0.03451863,0.041064876,0.033471124,0.038655726,0.037957336,0.039109864,0.035481524,0.037724898,0.033143255,0.036145008,0.034374564,0,0,0,0,0,0,0,0,0,0,0,0,0
Germany,Stade,PWR,CH4,0.064695452,0.077276712,0.099912328,0.089427946,0.102326795,0.101707397,0.103340712,0.083184658,0.08217863,0.091075068,0.094787507,0.094112877,0.096460274,0.095892362,0.099004932,0.087367562,0.087690279,0.082602148,0.083025468,0.045302795,0.083777622,0.088762191,0.105595397,0.086068603,0.099400438,0.09760458,0.10056822,0.091238203,0.097006883,0.085225512,0.092944307,0.088391737,0,0,0,0,0,0,0,0,0,0,0,0,0
Germany,Unterweser,PWR,CO2,0,0,0,0,0,0,0.00604263,0.061991233,0.071127671,0.06922137,0.06991715,0.063019178,0.072746302,0.076189228,0.055852943,0.06653966,0.069872504,0.070924843,0.065090411,0.049755157,0.06698114,0.083039792,0.058960483,0.061221271,0.076004504,0.076193983,0.050768219,0.06211075,0.073764734,0.081750181,0.051970992,0.070996186,0.074595298,0.06820217,0.07971531,0.069626181,0.071308098,0.076934104,0.082073753,0.018175759,0,0,0,0,0
Germany,Unterweser,PWR,CH4,0,0,0,0,0,0,0.015538191,0.159406027,0.182899726,0.177997809,0.179786959,0.162049315,0.187061917,0.195915156,0.143621852,0.171101984,0.179672153,0.18237817,0.167375342,0.12794183,0.172237216,0.213530893,0.151612668,0.157426126,0.195440153,0.195927386,0.130546849,0.159713359,0.189680746,0.210214751,0.133639693,0.182561622,0.191816483,0.175377009,0.204982225,0.179038751,0.183363683,0.197830553,0.211046795,0.046737665,0,0,0,0,0
Germany,Würgassen,BWR,CO2,0,0,0,0,0,0,0.159590411,0.089017123,0.221116438,0.211184247,0.064134247,0.082554795,0.260763699,0.270299418,0.280763151,0.275453562,0.271002123,0.220484178,0.063545651,0.237547637,0.220534829,0.228839212,0.195870274,0,0,0,0,0,0,0,0,0,0,0,0,0,0,0,0,0,0,0,0,0,0
Hungary,Paks 1-4,PWR,CO2,0,0,0,0,0,0,0,0,0,0,2.99E-05,0.017641534,0.02698011,0.046786236,0.053556329,0.079211157,0.096849776,0.100099617,0.098904362,0.098993117,0.107120483,0.105836624,0.101483507,0.10127577,0.102867243,0.100871036,0.1006824,0.101826948,0.102388866,0.10198045,0.100560964,0.081565611,0.085990224,0.099883288,0.095953008,0.106345074,0.106368931,0.109680679,0.112441096,0.112820208,0.113253557,0.111520624,0.113363408,0.114759879,0.116472405
Hungary,Paks 1-4,PWR,CH4,0,0,0,0,0,0,0,0,0,0,7.69E-05,0.045363946,0.069377425,0.120307463,0.137716274,0.20368583,0.249042279,0.257399014,0.254325501,0.254553732,0.275452668,0.272151321,0.260957589,0.260423409,0.26451577,0.259382663,0.2588976,0.261840723,0.263285654,0.262235441,0.258585337,0.209740142,0.221117721,0.25684274,0.246736307,0.273458762,0.27352011,0.282036033,0.289134247,0.290109107,0.29122343,0.286767321,0.291505907,0.295096833,0.299500472
Italy,Enrico Fermi (Trino),PWR,CO2,0.015230466,0.010409864,0.01196789,0.016933479,0.011617315,0.014007671,0.016070466,0.005408219,0,0,0,0,0.012511781,0.009936548,0.01546674,0.001219726,0,0,0,0,0,0,0,0,0,0,0,0,0,0,0,0,0,0,0,0,0,0,0,0,0,0,0,0,0
Italy,Enrico Fermi (Trino),PWR,CH4,0.039164054,0.02676822,0.030774575,0.043543233,0.029873096,0.036019726,0.041324054,0.013906849,0,0,0,0,0.032173151,0.025551123,0.039771616,0.003136438,0,0,0,0,0,0,0,0,0,0,0,0,0,0,0,0,0,0,0,0,0,0,0,0,0,0,0,0,0
Japan,Fukuschima-Daiichi-1,BWR,CO2,0.150735274,0.129060274,0.094879795,0,0.091048973,0,0.087189041,0.14580411,0.072744863,0.063156164,0.137106164,0.175792808,0.155431233,0.098931267,0.146984795,0.192640856,0.162691164,0.083881027,0.136955377,0.074519966,0.104448699,0.145586952,0.194308253,0.176452432,0.133822021,0.189731062,0.191379829,0.148862363,0.215776575,0.028381849,0.181655479,0,0,0.049563733,0.216261541,0.035557945,0.176786027,0.153547842,0.121620445,0.042453425,0,0,0,0,0
Japan,Fukuschima-Daiichi-2,BWR,CO2,0,0.000346404,0.213670205,0.036218151,0.244019863,0.002893493,0.225675,0.173260274,0.168195205,0.223666438,0.307991096,0.199266781,0.215336438,0.248379315,0.322598288,0.224206712,0.238771404,0.37937887,0.181804521,0.224321404,0.265976062,0.243746233,0.131922329,0.372397226,0.302292603,0.268906815,0.231488767,0.183878288,0.300833048,0.349112466,0.296977192,0.093215308,0.21375113,0.199397192,0.187436062,0.342320616,0.307956164,0.285465514,0.278886747,0.073307842,0,0,0,0,0
Japan,Fukuschima-Daiichi-3,BWR,CO2,0,0,0.016575,0.172433562,0.279865411,0.126399658,0.160318151,0.286222945,0.249585616,0.216738356,0.168067123,0.234856164,0.261830856,0.337592055,0.246511644,0.218254384,0.298256267,0.332238801,0.169973801,0.261463493,0.35506363,0.24477089,0.244654452,0.347366473,0.285835788,0.146517295,0.153272466,0.297854555,0.34538411,0.328200137,0.207685856,0.144590822,0.231110925,0.297141952,0.23764661,0.251090582,0.388254384,0.235065753,0.282597637,0.074044315,0,0,0,0,0
Japan,Fukuschima-Daiichi-4,BWR,CO2,0,0,0,0,0,0,0.184158904,0.228067808,0.251332192,0.271738014,0.333869521,0.280511644,0.258095514,0.256690103,0.251229726,0.347222089,0.309137432,0.246421404,0.248815377,0.377457055,0.237694349,0.24490363,0.368136164,0.319370616,0.288178527,0.265293733,0.316793836,0.342942979,0.257090068,0.341074144,0.272915205,0,0.275317911,0.088236986,0.280116336,0.294042363,0.256762877,0.317999555,0.351689247,0,0,0,0,0,0
Japan,Fukuschima-Daiichi-5,BWR,CO2,0,0,0,0,0,0.050947603,0.279842123,0.226973288,0.249329452,0.265124315,0.236445548,0.310820548,0.27313411,0.239422295,0.242038082,0.232586199,0.346561884,0.277503459,0.230347089,0.382838836,0.281852432,0.236351233,0.247210856,0.342251918,0.329920514,0.268354315,0.312631747,0.358288973,0.095888733,0.343791815,0.383692911,0.158575068,0.318535753,0.162580548,0.27112089,0.313775753,0.228840959,0.333018356,0.342793356,0.001590548,0,0,0,0,0
Japan,Fukuschima-Daiichi-6,BWR,CO2,0,0,0,0,0,0,0,0.188373973,0.374995548,0.431904795,0.388118151,0.313673288,0.345428356,0.31349863,0.453151301,0.453480822,0.325623356,0.298568904,0.449863664,0.404545274,0.303532089,0.380225377,0.470375445,0.398850274,0.358499726,0.541888973,0.368468014,0.463453185,0.436386507,0.452879418,0.365087808,0.26920024,0.063388459,0.464964555,0.309829075,0.397841918,0.490469212,0.415160377,0.329844829,0,0,0,0,0,0
Japan,Fukushima-Daini-1,BWR,CO2,0,0,0,0,0,0,0,0,0,0.055465411,0.436865068,0.365744521,0.369366918,0.474657466,0.450676404,0.407073733,0.346944384,0.363650959,0.478387568,0.360443664,0.40180024,0.326792397,0.483751301,0.44989161,0.393641404,0.425281781,0.447941267,0.430203048,0.479086199,0.343647432,0.537838082,0.188588219,0.392963733,0.32638661,0.398614486,0.401226781,0.543398014,0.436295103,0.388135616,0.103284315,0,0,0,0,0
Japan,Fukushima-Daini-2,BWR,CO2,0,0,0,0,0,0,0,0,0,0,0,0.093220548,0.508382089,0.393567466,0.411252705,0.398501541,0.444119178,0.483729178,0.364529486,0.400975856,0.472523151,0.395058459,0.410922021,0.395114932,0.543063253,0.431147945,0.433562877,0.479236404,0.516665514,0.393671096,0.270441473,0,0.184545479,0.442089075,0.457497945,0.279052089,0.45971726,0.525192295,0.407743253,0.10348226,0,0,0,0,0
Japan,Fukushima-Daini-3,BWR,CO2,0,0,0,0,0,0,0,0,0,0,0,0,0.002231541,0.368781233,0.398070137,0.434306918,0.488408253,0.006995616,0.053150616,0.448001815,0.438575548,0.396499966,0.281871644,0.523537705,0.469279178,0.435907945,0.482327842,0.498751473,0.445020411,0.191424075,0.356499897,0,0.399519795,0.020929212,0.505188185,0.375100925,0.391826712,0.540464349,0.440398973,0.10241976,0,0,0,0,0
Japan,Fukushima-Daini-4,BWR,CO2,0,0,0,0,0,0,0,0,0,0,0,0,0,0,0.001609178,0.324417055,0.40813274,0.532001027,0.410529041,0.423771575,0.343593288,0.526827671,0.392132945,0.453101233,0.39837113,0.54003411,0.470119281,0.473671233,0.389206267,0.538537295,0.348535514,0,0.084414897,0.31123274,0.335559623,0.364347842,0.415967295,0.384082979,0.461865548,0.06222524,0,0,0,0,0
Japan,Genkai 1-4,PWR,CO2,0,0,0,0.014196383,0.028020712,0.029035617,0.026203397,0.017028603,0.039596603,0.05277885,0.056328329,0.058548383,0.053263441,0.053293743,0.057525502,0.05858605,0.044677643,0.041613676,0.056617074,0.054388888,0.051951583,0.064774586,0.117675869,0.117303583,0.118198433,0.162650696,0.189266192,0.194619178,0.185642302,0.161409797,0.197152296,0.202979671,0.192307529,0.186551957,0.194694279,0.196691945,0.179508536,0.18257189,0.2032632,0.10588434,0,0,0,0,0
Japan,Genkai 1-4,PWR,CH4,0,0,0,0.036504986,0.07205326,0.074663014,0.067380164,0.043787836,0.101819836,0.135717041,0.144844274,0.150552986,0.136963135,0.137041052,0.147922717,0.150649841,0.11488537,0.107006597,0.145586762,0.13985714,0.133589786,0.166563222,0.30259509,0.301637786,0.303938827,0.418244647,0.486684493,0.500449315,0.477365917,0.415053764,0.506963047,0.521947726,0.494505074,0.47970503,0.500642433,0.505779288,0.46159338,0.469470575,0.5226768,0.272274016,0,0,0,0,0
Japan,Hamaoka-1,BWR,CO2,0,0,0.008919178,0.102931507,0.14674726,0.13102226,0.003254452,0.178092466,0.17767911,0.139388356,0.174517808,0.177853767,0.138413767,0.258324315,0.169989521,0.191583014,0.107047603,0.113569897,0.118801473,0.125914692,0.158942432,0.167242158,0.095599966,0.203744418,0.213214349,0.239743664,0.21015726,0.167594966,0.186184932,0.178722397,0,0,0,0,0,0,0,0,0,0,0,0,0,0,0
Japan,Hamaoka-2,BWR,CO2,0,0,0,0,0,0,0.155899315,0.254097603,0.274171575,0.293273288,0.362332877,0.284581164,0.273266849,0.256000205,0.282099863,0.407649521,0.233804726,0.268565651,0.339306027,0.308530205,0.251481815,0.311348014,0.26418524,0.403003048,0.358205719,0.297293904,0.30226,0.303993767,0.289516986,0.298908322,0.009546781,0.40462911,0.055385651,0,0,0,0,0,0,0,0,0,0,0,0
Japan,Hamaoka-3,BWR,CO2,0,0,0,0,0,0,0,0,0,0,0,0,0,0,0,0.325249589,0.411421541,0.497307637,0.384320514,0.393744452,0.383396575,0.510465171,0.377869829,0.449785068,0.401220959,0.472140651,0.53565661,0.44353,0.448635822,0.377074555,0.369745925,0.086549795,0.543911507,0.337286404,0.37242226,0.535415,0.400715034,0.374762671,0.491067705,0,0,0,0,0,0
Japan,Hamaoka-4,BWR,CO2,0,0,0,0,0,0,0,0,0,0,0,0,0,0,0,0,0,0,0,0,0,0.342186712,0.413962808,0.555759692,0.483293699,0.458941199,0.41650524,0.555706712,0.479356336,0.510787123,0.374723082,0.217144726,0.423818733,0.55864911,0.37979339,0.449505034,0.541064007,0.282219795,0.437397774,0.14478411,0,0,0,0,0
Japan,Hamaoka-5,BWR,CO2,0,0,0,0,0,0,0,0,0,0,0,0,0,0,0,0,0,0,0,0,0,0,0,0,0,0,0,0,0,0,0,0,0.217015479,0.691086096,0.197082979,0.445536233,0.437589897,0.077912979,0,0.195233938,0,0,0,0,0
Japan,Higashi-Dori-1,BWR,CO2,0,0,0,0,0,0,0,0,0,0,0,0,0,0,0,0,0,0,0,0,0,0,0,0,0,0,0,0,0,0,0,0,0,0.160080034,0.539652192,0.358096267,0.36531137,0.41129113,0.541378973,0.053037671,0,0,0,0,0
Japan,Kashiwazaki Kariwa-1,BWR,CO2,0,0,0,0,0,0,0,0,0,0,0,0,0,0.288778185,0.390285651,0.535352705,0.405190925,0.375067158,0.348581507,0.52581,0.405094863,0.400215514,0.408713185,0.537666336,0.396726438,0.459924521,0.35957387,0.535549486,0.449145822,0.41164161,0.343854692,0,0.378234281,0.181989658,0.366747637,0.184310856,0,0,0.308027192,0.326350514,0,0,0,0,0
Japan,Kashiwazaki Kariwa-2,BWR,CO2,0,0,0,0,0,0,0,0,0,0,0,0,0,0,0,0,0,0,0.313584212,0.386716815,0.526700171,0.419909897,0.424484178,0.448098459,0.512973836,0.424089452,0.474023459,0.477911336,0.47390411,0.442202603,0.341525925,0,0.271317671,0.371926815,0.543228596,0.106557979,0,0,0,0,0,0,0,0,0
Japan,Kashiwazaki Kariwa-3,BWR,CO2,0,0,0,0,0,0,0,0,0,0,0,0,0,0,0,0,0,0,0,0,0.003087363,0.377750479,0.422929144,0.538752123,0.461187877,0.46669774,0.392864178,0.525617877,0.46255661,0.40670113,0.324603356,0,0.381334452,0.352908356,0.426829247,0.294245548,0,0,0,0,0,0,0,0,0
Japan,Kashiwazaki Kariwa-4,BWR,CO2,0,0,0,0,0,0,0,0,0,0,0,0,0,0,0,0,0,0,0,0,0,0.000675342,0.351649658,0.35993774,0.469711164,0.437616678,0.539033322,0.474005411,0.402814418,0.325528459,0.537937055,0.243695582,0.327408356,0.418712329,0.163974315,0.294686267,0,0,0,0,0,0,0,0,0
Japan,Kashiwazaki Kariwa-5,BWR,CO2,0,0,0,0,0,0,0,0,0,0,0,0,0,0,0,0,0,0.060634692,0.460550377,0.412967842,0.406223151,0.53784274,0.416540753,0.437128801,0.460270925,0.519263836,0.428059418,0.45246839,0.410023116,0.535532603,0.476876199,0.087509247,0.357163014,0.398969041,0.489069041,0,0,0,0.04541911,0.547380788,0.034303322,0,0,0,0
Japan,Kashiwazaki Kariwa-6,BWR,CO2,0,0,0,0,0,0,0,0,0,0,0,0,0,0,0,0,0,0,0,0,0,0,0,0,0.329707432,0.591591267,0.623077363,0.565331507,0.547935034,0.539690034,0.669761575,0.489112705,0.502733664,0.647772774,0.491760514,0.218797568,0,0.212719486,0.554368253,0.638100822,0.160471267,0,0,0,0
Japan,Kashiwazaki Kariwa-7,BWR,CO2,0,0,0,0,0,0,0,0,0,0,0,0,0,0,0,0,0,0,0,0,0,0,0,0,0.003396507,0.473201404,0.565634829,0.491685993,0.654394041,0.586754418,0.465168904,0.336418938,0.629067534,0.464442911,0.475431781,0.370190719,0,0.312421575,0.525943904,0.427833527,0,0,0,0,0
Japan,Ikata 1-3,PWR,CO2,0,0,0,0,0,0.017691397,0.024072329,0.019672876,0.023991014,0.030083507,0.059844055,0.063230904,0.054425633,0.056523638,0.064577436,0.064857743,0.054277117,0.056114224,0.063879124,0.060668943,0.054889743,0.054334115,0.080528383,0.113622005,0.098361698,0.110727189,0.108860164,0.105985293,0.103940986,0.106123683,0.11388674,0.103572614,0.112694093,0.1083992,0.099150762,0.118975989,0.10947417,0.106630443,0.108635781,0.080268789,0.001295671,0,0,0,0.02184793
Japan,Ikata 1-3,PWR,CH4,0,0,0,0,0,0.045492164,0.061900274,0.050587397,0.061691178,0.077357589,0.153884712,0.162593753,0.139951627,0.145346499,0.166056263,0.166777052,0.139569732,0.144293721,0.164260603,0.156005852,0.141145052,0.139716296,0.207072986,0.292170872,0.252930083,0.284727058,0.279926137,0.272533611,0.267276822,0.272889468,0.292851616,0.266329578,0.289784811,0.2787408,0.254959101,0.305938258,0.281505009,0.27419257,0.279349151,0.206405458,0.003331726,0,0,0,0.05618039
Japan,Mihama 1-3,PWR,CO2,0.02192937,0.026501041,0.026961315,0.001996822,0.041756055,0.047151233,0.053192329,0.020558136,0.066304767,0.074977864,0.05807737,0.056891397,0.083368274,0.077559693,0.098629731,0.075564789,0.073335836,0.079152702,0.09115235,0.054198871,0.044117107,0.047484317,0.062744931,0.051582828,0.080545874,0.088528252,0.089735474,0.084936964,0.084428898,0.091053008,0.084520647,0.095064603,0.069100317,0.036210367,0.042623364,0.06208183,0.073323255,0.092263145,0.079924504,0.049871759,0,0,0,0,0
Japan,Mihama 1-3,PWR,CH4,0.056389809,0.068145535,0.069329096,0.005134685,0.107372712,0.121246027,0.136780274,0.05286378,0.170497973,0.19280022,0.149341809,0.146292164,0.214375562,0.199439211,0.25361931,0.194309458,0.188577863,0.203535517,0.234391759,0.139368526,0.113443989,0.122102532,0.16134411,0.132641556,0.207117962,0.227644077,0.230748362,0.218409337,0.217102883,0.234136307,0.217338805,0.244451836,0.177686532,0.093112373,0.109602937,0.159638991,0.188545512,0.237248088,0.205520153,0.128241665,0,0,0,0,0
Japan,Ohi (Oi) 1-4,PWR,CO2,0,0,0,0,0,0.011903452,0.037169424,0.060071124,0.065219288,0.089688219,0.129346192,0.110917896,0.088890795,0.091915024,0.147906203,0.07303405,0.067945721,0.117174707,0.095061381,0.110635364,0.183630597,0.257607364,0.224064745,0.195591047,0.266540515,0.23563143,0.238936888,0.219630619,0.265797403,0.252057917,0.272482883,0.270782247,0.207423464,0.263596603,0.227857403,0.26186114,0.206027298,0.237297008,0.185251683,0.133392997,0.072203408,0.106990685,0,0,0
Japan,Ohi (Oi) 1-4,PWR,CH4,0,0,0,0,0,0.030608877,0.095578521,0.154468603,0.16770674,0.230626849,0.332604493,0.285217447,0.228576328,0.236352921,0.380330236,0.187801841,0.174717567,0.301306389,0.244443551,0.284490937,0.472192964,0.662418937,0.576166488,0.502948405,0.685389896,0.605909391,0.61440914,0.564764449,0.683479036,0.648148932,0.700670268,0.696297205,0.53337462,0.677819836,0.585919036,0.673357216,0.529784483,0.610192307,0.476361468,0.343010564,0.185665907,0.275118904,0,0,0
Japan,Onagawa-1,BWR,CO2,0,0,0,0,0,0,0,0,0,0,0,0.005856849,0.207156062,0.189745034,0.195999521,0.18407274,0.198563493,0.175456884,0.165963082,0.19479613,0.23989387,0.133908767,0.199623082,0.170954212,0.216992774,0.192393425,0.195589075,0.246860377,0.214776952,0.199407089,0.182992774,0.108059452,0.174593493,0.110534349,0,0.125880342,0.030903904,0.181489555,0.154928801,0.049570137,0,0,0,0,0
Japan,Onagawa-2,BWR,CO2,0,0,0,0,0,0,0,0,0,0,0,0,0,0,0,0,0,0,0,0,0,0,0.000887842,0.261788938,0.301299966,0.403552055,0.328805616,0.340068699,0.341082295,0.379656575,0.305237911,0.19051411,0.409885137,0.109293116,0.144658938,0.301844315,0.37571339,0.199706918,0.343815685,0,0,0,0,0,0
Japan,Onagawa-3,BWR,CO2,0,0,0,0,0,0,0,0,0,0,0,0,0,0,0,0,0,0,0,0,0,0,0,0,0,0,0,0,0,0.091277192,0.387304247,0.348048219,0.311396918,0.255106541,0.162904829,0.131658014,0.378552158,0.198284041,0.311051678,0.076607705,0,0,0,0,0
Japan,Sendai 1-2,PWR,CO2,0,0,0,0,0,0,0,0,0,0,0,0.005111343,0.046562619,0.066788362,0.092671485,0.093542707,0.100438531,0.094975233,0.094471924,0.086347014,0.10048709,0.095439496,0.0870464,0.087749085,0.096233162,0.101006893,0.08584355,0.08987509,0.099911441,0.104153786,0.096492526,0.096894038,0.098524252,0.106696186,0.098964581,0.090966783,0.095808866,0.108934115,0.081983157,0.061681085,0,0,0,0,0
Japan,Sendai 1-2,PWR,CH4,0,0,0,0,0,0,0,0,0,0,0,0.013143452,0.119732449,0.171741501,0.238298104,0.240538389,0.25827051,0.244222027,0.242927803,0.222035178,0.258395375,0.245415847,0.2238336,0.225640504,0.247456701,0.259732011,0.220740559,0.231107375,0.256915135,0.267824022,0.248123638,0.249156099,0.253348077,0.274361622,0.254480351,0.233914586,0.246365654,0.280116296,0.21081383,0.158608504,0,0,0,0,0
Japan,Shika-1,BWR,CO2,0,0,0,0,0,0,0,0,0,0,0,0,0,0,0,0,0,0,0,0,0,0.165012945,0.192844623,0.203605856,0.201129795,0.258018082,0.205550377,0.193617774,0.219083425,0.257760171,0.205925308,0.088714384,0.205801301,0.244741781,0.16930661,0.052885137,0,0.189091815,0.18581,0.042474966,0,0,0,0,0
Japan,Shika-2,BWR,CO2,0,0,0,0,0,0,0,0,0,0,0,0,0,0,0,0,0,0,0,0,0,0,0,0,0,0,0,0,0,0,0,0,0,0.118644281,0.264772089,0,0.371550719,0.328767192,0.540227397,0.081979589,0,0,0,0,0
Japan,Shimane-1,BWR,CO2,0,0.002503425,0.175030137,0.171519521,0.163182534,0.109399658,0.157296575,0.152743836,0.159206164,0.133502397,0.137793151,0.156964726,0.174115514,0.220673973,0.124037705,0.175310753,0.137112568,0.152319418,0.218060514,0.181138493,0.155520308,0.148405925,0.171631301,0.173762705,0.130729418,0.17020726,0.223873699,0.195576849,0.08041,0.165610856,0.197550479,0.160043938,0.229258973,0.138694384,0.157160925,0.166893425,0.159430308,0.14748024,0.056467363,0,0,0,0,0,0
Japan,Shimane-2,BWR,CO2,0,0,0,0,0,0,0,0,0,0,0,0,0,0,0,0,0.076681644,0.340702123,0.298286541,0.322796233,0.321145137,0.393381164,0.3229575,0.312264966,0.325077842,0.401898048,0.347130103,0.335267945,0.354203151,0.401772877,0.352522363,0.281561918,0.238556575,0.343927466,0.296067808,0.317993733,0.273839726,0.31286113,0.112038151,0.402990822,0.028625788,0,0,0,0
Japan,Takahama 1-4,PWR,CO2,0,0,0.020408548,0.06251211,0.052923069,0.039321205,0.053183124,0.022475945,0.064869479,0.06714937,0.06141589,0.071078576,0.075023967,0.166058641,0.16697006,0.160651343,0.148818619,0.166148778,0.152987321,0.143793578,0.165905983,0.169322521,0.157333995,0.171517107,0.162735079,0.176835726,0.200630664,0.18432285,0.190675321,0.195144888,0.189960822,0.196106017,0.18026983,0.190581348,0.186359102,0.177740088,0.131106357,0.191121633,0.181964329,0.144487057,0.008284241,0,0,0,0
Japan,Takahama 1-4,PWR,CH4,0,0,0.052479123,0.160745425,0.13608789,0.101111672,0.136756603,0.057795288,0.166807233,0.172669809,0.157926575,0.182773479,0.192918773,0.427007935,0.429351584,0.413103452,0.382676449,0.427239715,0.393395967,0.369754915,0.426615386,0.435400767,0.404573128,0.441043989,0.418461633,0.454720438,0.51590742,0.473973041,0.490307967,0.50180114,0.488470685,0.504272614,0.463550991,0.490066323,0.479209117,0.45704594,0.33713063,0.491455627,0.467908274,0.371538148,0.021302335,0,0,0,0
Japan,Tomari 1-2,PWR,CO2,0,0,0,0,0,0,0,0,0,0,0,0,0,0,0,0,0.000421611,0.027670214,0.034565731,0.052303693,0.055891989,0.066300548,0.064557567,0.062199124,0.05894629,0.065748757,0.071424702,0.064037457,0.06348697,0.067316757,0.066689019,0.056488504,0.058712395,0.069588745,0.065616734,0.066093731,0.047020055,0.064167255,0.06166045,0.035988822,0,0,0,0,0
Japan,Tomari 1-2,PWR,CH4,0,0,0,0,0,0,0,0,0,0,0,0,0,0,0,0,0.001084142,0.071151978,0.08888331,0.134495211,0.143722258,0.170487123,0.166005173,0.159940603,0.151576175,0.16906823,0.183663517,0.164667748,0.163252209,0.17310023,0.171486049,0.145256153,0.150974728,0.178942488,0.168728746,0.16995531,0.120908712,0.165001512,0.158555441,0.092542685,0,0,0,0,0
Japan,Tsuruga 2,PWR,CO2,0,0,0,0,0,0,0,0,0,0,0,0,0,0,0.011917643,0.06713349,0.060907134,0.057593162,0.055240471,0.071029326,0.062280362,0.060173917,0.059947617,0.070732296,0.062077764,0.050033238,0.065470521,0.039366312,0.068993228,0.061927715,0.066705512,0.064905688,0.072470521,0.059019474,0.047951036,0.046528483,0.007615233,0.066748011,0.047394334,0.027055517,0,0,0,0,0
Japan,Tsuruga 2,PWR,CH4,0,0,0,0,0,0,0,0,0,0,0,0,0,0,0.03064537,0.172628975,0.156618346,0.148096701,0.142046926,0.182646838,0.160149501,0.154732932,0.154151014,0.181883047,0.159628537,0.128656899,0.168352767,0.10122766,0.177411156,0.159242696,0.17152846,0.16690034,0.186352767,0.151764362,0.123302663,0.119644668,0.019582027,0.171637742,0.121871146,0.069571332,0,0,0,0,0
Lithuania,Ignalina,LWGR,CO2,0,0,0,0,0,0,0,0,0,0,0,0,0.691674201,1.298797945,1.356843836,1.36122911,1.737403995,2.281059247,2.330064498,2.317123858,1.980483219,1.637934703,0.983571689,1.578578425,1.87961153,1.610547146,1.823530479,1.29351484,1.100682991,1.475100799,1.913975457,2.114656279,2.065326027,1.416358904,1.178988699,1.346724315,1.35639863,1.487778767,0,0,0,0,0,0,0
Netherlands,Borssele,PWR,CO2,0,0.00476,0.02296537,0.021302247,0.025118685,0.024106083,0.026267069,0.022246576,0.02756274,0.023384219,0.025437041,0.02339726,0.023489315,0.025017041,0.027416986,0.022637271,0.023263397,0.026249808,0.022138104,0.020931189,0.021712197,0.025531014,0.025483605,0.025980548,0.027004888,0,0,0.027648657,0.028375583,0.028741578,0.028282992,0.029061008,0.027652417,0.028935353,0.025104953,0.030637907,0.030175869,0.030820483,0.028804559,0.03005006,0.028434805,0.020995628,0.029714597,0.029623464,0.028765666
Netherlands,Borssele,PWR,CH4,0,0.01224,0.059053809,0.054777205,0.064590904,0.061987068,0.06754389,0.057205479,0.070875616,0.060130849,0.065409535,0.060164384,0.060401096,0.064329535,0.070500822,0.058210126,0.059820164,0.067499507,0.056926553,0.053823058,0.055831364,0.065651178,0.065529272,0.066807123,0.06944114,0,0,0.071096548,0.072965786,0.073906915,0.072727693,0.074728307,0.071106214,0.074405195,0.064555595,0.078783189,0.07759509,0.079252668,0.074068865,0.077271584,0.073118072,0.053988756,0.076408964,0.07617462,0.073968854
Netherlands,Dodewaard,BWR,CO2,0,0,0,0,0,0,0.023753425,0.022297945,0.022181507,0.02340411,0.021832192,0.01909589,0.025791096,0.02479089,0.023706267,0.023923425,0.025119829,0.021092226,0.023817466,0.024048596,0.024244795,0.025186199,0.024257603,0.023132226,0.023126986,0.004111438,0,0,0,0,0,0,0,0,0,0,0,0,0,0,0,0,0,0,0
Pakistan,Chasnupp 1-4,PWR,CO2,0,0,0,0,0,0,0,0,0,0,0,0,0,0,0,0,0,0,0,0,0,0,0,0,0,0,0,0,0.004059233,0.012133972,0.010402192,0.013883397,0.013430104,0.016532964,0.019430543,0.01495223,0.010405643,0.016461469,0.016077064,0.027866904,0.036093228,0.029844624,0,0,0
Pakistan,Chasnupp 1-4,PWR,CH4,0,0,0,0,0,0,0,0,0,0,0,0,0,0,0,0,0,0,0,0,0,0,0,0,0,0,0,0,0.010438027,0.031201644,0.026748493,0.035700164,0.034534553,0.042513337,0.049964252,0.038448591,0.02675737,0.04232949,0.04134102,0.071657753,0.092811156,0.076743321,0,0,0
Republic of Korea,Kori 1-4,PWR,CO2,0,0,0,0,0,0,0.016441753,0.022647014,0.024995945,0.020774466,0.027303452,0.023516855,0.056173983,0.054548833,0.09847086,0.15716891,0.143869524,0.157781688,0.160467924,0.16243805,0.165360866,0.168533917,0.16813555,0.169087628,0.176748504,0.165166936,0.182710203,0.177866664,0.190688898,0.188939243,0.194684383,0.194687222,0.190478553,0.193777874,0.188777995,0.175429666,0.195243386,0.195133304,0.214522038,0.260799748,0.272748997,0.218235759,0,0,0
Republic of Korea,Kori 1-4,PWR,CH4,0,0,0,0,0,0,0.042278795,0.058235178,0.064275288,0.053420054,0.070208877,0.060471912,0.144447386,0.140268427,0.253210784,0.404148625,0.369950203,0.40572434,0.412631803,0.417697841,0.425213654,0.433372932,0.432348559,0.434796756,0.454496153,0.42471498,0.469826236,0.45737142,0.490342883,0.48584377,0.500616986,0.500624285,0.489801995,0.498285962,0.485429128,0.451104854,0.502054422,0.501771353,0.551628099,0.670627923,0.701354564,0.561177665,0,0,0
Republic of Korea,Shin-Wolsong 1-2,PWR,CO2,0,0,0,0,0,0,0,0,0,0,0,0,0,0,0,0,0,0,0,0,0,0,0,0,0,0,0,0,0,0,0,0,0,0,0,0,0,0,0,0,0.038084757,0.025283157,0.06606297,0.087351638,0.112132405
Republic of Korea,Shin-Wolsong 1-2,PWR,CH4,0,0,0,0,0,0,0,0,0,0,0,0,0,0,0,0,0,0,0,0,0,0,0,0,0,0,0,0,0,0,0,0,0,0,0,0,0,0,0,0,0.09793223,0.06501383,0.169876209,0.224618499,0.288340472
Republic of Korea,Ulchin/Hanul 1-2,PWR,CO2,0,0,0,0,0,0,0,0,0,0,0,0,0,0,0,0,0,0.039931529,0.089856986,0.106748888,0.108146357,0.108991496,0.105619069,0.114792943,0.113611266,0.106293983,0.152305195,0.167959803,0.219390664,0.229718136,0.201682926,0.226688383,0.267727485,0.336112767,0.358247112,0.355990312,0.376740383,0.371626817,0.367814981,0.343803178,0.287663255,0.329184493,0,0,0
Republic of Korea,Ulchin/Hanul 1-2,PWR,CH4,0,0,0,0,0,0,0,0,0,0,0,0,0,0,0,0,0,0.102681074,0.231060822,0.27449714,0.27809063,0.280263847,0.27159189,0.295181852,0.292143254,0.273327386,0.391641928,0.431896636,0.56414742,0.59070378,0.518613238,0.582912986,0.688442104,0.864289973,0.92120686,0.91540366,0.968760986,0.955611814,0.945809951,0.884065315,0.739705512,0.846474411,0,0,0
Republic of Korea,Hanbit 1-6,PWR,CO2,0,0,0,0,0,0,0,0,0,0,0,0,0,0,0.018931989,0.07879085,0.095740822,0.093244066,0.098667321,0.102875912,0.102656208,0.104746389,0.117852997,0.142388592,0.21460435,0.221627441,0.222027957,0.21841634,0.221494805,0.240742312,0.283759517,0.346962959,0.319190104,0.359944526,0.365308329,0.348173557,0.364260898,0.37267885,0.371181962,0.369446729,0.339527003,0.323682992,0.33061794,0.311089819,0.314938247
Republic of Korea,Hanbit 1-6,PWR,CH4,0,0,0,0,0,0,0,0,0,0,0,0,0,0,0.048682258,0.202605041,0.246190685,0.239770454,0.253715967,0.26453806,0.263973107,0.269347858,0.303050564,0.366142093,0.551839759,0.569899135,0.57092903,0.561642016,0.569558072,0.61905166,0.729667332,0.892190465,0.820774553,0.925571638,0.939364274,0.89530343,0.936670883,0.958317041,0.954467901,0.950005874,0.873069436,0.832327693,0.850160416,0.799945249,0.809841205
Republic of Korea,Hanul 1-6,PWR,CO2,0,0,0,0,0,0,0,0,0,0,0,0,0,0,0,0,0,0.039931529,0.089856986,0.106748888,0.108146357,0.108991496,0.105619069,0.114792943,0.113611266,0.106293983,0.152305195,0.167959803,0.219390664,0.229718136,0.201682926,0.226688383,0.267727485,0.336112767,0.358247112,0.355990312,0.376740383,0.371626817,0.367814981,0.343803178,0.287663255,0.329184493,0.323642028,0.361325655,0.305274795
Republic of Korea,Hanul 1-6,PWR,CH4,0,0,0,0,0,0,0,0,0,0,0,0,0,0,0,0,0,0.102681074,0.231060822,0.27449714,0.27809063,0.280263847,0.27159189,0.295181852,0.292143254,0.273327386,0.391641928,0.431896636,0.56414742,0.59070378,0.518613238,0.582912986,0.688442104,0.864289973,0.92120686,0.91540366,0.968760986,0.955611814,0.945809951,0.884065315,0.739705512,0.846474411,0.832222356,0.929123112,0.784992328
Republic of Korea,Shin Kori 1-3,PWR,CO2,0,0,0,0,0,0,0,0,0,0,0,0,0,0,0,0,0,0,0,0,0,0,0,0,0,0,0,0,0,0,0,0,0,0,0,0,0,0,0.007809776,0.060349819,0.095826664,0.045171364,0.120622312,0.114844417,0.139685019
Republic of Korea,Shin Kori 1-3,PWR,CH4,0,0,0,0,0,0,0,0,0,0,0,0,0,0,0,0,0,0,0,0,0,0,0,0,0,0,0,0,0,0,0,0,0,0,0,0,0,0,0.020082279,0.155185249,0.24641142,0.116154937,0.31017166,0.295314214,0.359190049
Republic of Korea,Wolsong 1-4,PHWR,CO2,0,0,0,0,0,0,0,0,0,0,0.055762557,0.528438356,0.674553425,0.958266667,0.807380822,0.941696804,0.806456621,0.922951598,0.871291324,0.924560731,0.884628311,1.024894977,0.837099543,0.848787215,0.823411872,1.641013699,2.303072146,2.924310502,3.873413699,3.76703379,3.885585388,3.952865753,3.95510137,3.943981735,4.063835616,4.006889498,4.056315982,3.408367123,3.21313242,3.79710137,3.885258447,2.85203105,2.764224658,3.442916895,2.866182648
Romania,Cernavoda,PHWR,CO2,0,0,0,0,0,0,0,0,0,0,0,0,0,0,0,0,0,0,0,0,0,0,0,0,0.21670137,0.904710502,0.896562557,0.879092237,0.922986301,0.922348858,0.932642922,0.829483105,0.939234703,0.933873973,0.945746119,1.292885845,1.887413699,1.976237443,1.955205479,1.974608219,1.929410046,1.953561644,1.964142466,1.95610411,1.897388128
Russian Federation,Balakovo 1-4,PWR,CO2,0,0,0,0,0,0,0,0,0,0,0,0,0,0.000376811,0.037343792,0.043665731,0.095932679,0.136539814,0.091551869,0.112485819,0.136976843,0.116274257,0.105147517,0.095947408,0.130109786,0.118454729,0.138194192,0.148287386,0.200419704,0.204941205,0.205293622,0.210528778,0.213931814,0.210531617,0.222938608,0.219511715,0.229954641,0.22953725,0.233025512,0.237516943,0.232152143,0.247129228,0.218335792,0.240052745,0.246371386
Russian Federation,Balakovo 1-4,PWR,CH4,0,0,0,0,0,0,0,0,0,0,0,0,0,0.000968942,0.096026893,0.11228331,0.246684033,0.351102378,0.23541909,0.289249249,0.35222617,0.298990948,0.270379332,0.246721907,0.334568022,0.304597874,0.355356493,0.381310422,0.515364953,0.526991672,0.527897885,0.541359715,0.550110378,0.541367014,0.573270707,0.564458696,0.591311935,0.590238641,0.59920846,0.610757852,0.596962652,0.635475156,0.561434893,0.617278488,0.633526422
Russian Federation,Kalinin 1-4,PWR,CO2,0,0,0,0,0,0,0,0,0,0,0,0,0.009849557,0.034425731,0.040640121,0.102307321,0.089914828,0.097502904,0.091904976,0.086012855,0.094184789,0.082768843,0.068284329,0.080308603,0.069246992,0.069637304,0.084748866,0.093238926,0.097489557,0.102307628,0.109328953,0.111121336,0.110008548,0.132699288,0.154235507,0.165445479,0.168690948,0.161444011,0.163641589,0.171122422,0.205165129,0.218229238,0.205369567,0.242960526,0.197002324
Russian Federation,Kalinin 1-4,PWR,CH4,0,0,0,0,0,0,0,0,0,0,0,0,0.02532743,0.08852331,0.104503167,0.263075967,0.231209556,0.250721753,0.236327079,0.221175912,0.242189458,0.21283417,0.175588274,0.206507836,0.178063693,0.179067353,0.217925654,0.239757238,0.25068743,0.263076756,0.281131595,0.28574058,0.282879123,0.34122674,0.396605589,0.425431233,0.433776723,0.415141742,0.420792658,0.440029085,0.527567474,0.561160899,0.528093173,0.624755638,0.506577403
Russian Federation,Kola 1-4,PWR,CO2,0,0.007043726,0.01552274,0.018401983,0.033483857,0.036271814,0.045730136,0.04213954,0.051652098,0.053139167,0.055249753,0.06712229,0.070778783,0.08440389,0.084133633,0.098134936,0.090947683,0.089607211,0.088477852,0.085923024,0.076526071,0.072926115,0.051980274,0.065988559,0.063066433,0.062706422,0.060458904,0.061439902,0.062532822,0.068703255,0.068460307,0.070971331,0.072385676,0.071587869,0.075534795,0.073385238,0.076180483,0.070425293,0.076214543,0.075284943,0.070772264,0.073878652,0.073896757,0.066468317,0.070275014
Russian Federation,Kola 1-4,PWR,CH4,0,0.018112438,0.039915616,0.047319386,0.086101348,0.093270378,0.11759178,0.108358816,0.132819683,0.136643573,0.142070795,0.172600175,0.182002586,0.217038575,0.216343627,0.25234698,0.233865468,0.230418542,0.227514477,0.220944921,0.196781326,0.187524296,0.133663562,0.169684865,0.162170827,0.161245085,0.155465753,0.157988317,0.160798685,0.176665512,0.176040789,0.18249771,0.186134597,0.18408309,0.194232328,0.188704899,0.195892668,0.181093611,0.195980252,0.193589852,0.18198582,0.189973677,0.19002023,0.170918532,0.180707178
Russian Federation,Kursk 1,LWGR,CO2,0,0,0,0,0.000357648,0.540905365,0.750632763,0.880059932,0.961298059,0.910112785,1.040359132,0.997300342,0.988351712,0.941873744,0.842297603,1.042178539,0.985088356,0.852632306,0.755440982,0.617808676,0.544521918,0.713725228,0.231594406,0,0,0.004119635,0.669088927,0.676273059,0.511940297,0.192339155,0.365469178,0.95759395,0.979649429,0.923053425,0.866323858,0.999661416,0.959355479,1.06273516,0.837094635,1.135986301,0.888735502,1.003129566,0.931596918,1.016439726,0.785617009
Russian Federation,Kursk 2,LWGR,CO2,0,0,0,0,0,0,0,0.536309361,0.950412785,0.947676256,0.871977968,0.847024201,0.938864155,0.958666895,0.833619064,1.068001941,0.849698402,0.914778539,0.710800228,0.649400457,0.32030605,0.658629566,0.625093721,0.704220091,0.622711872,0.646183105,0.250064498,0.550287329,0.544346804,0.707602169,0.449326598,0.557432877,0.547909932,1.023471005,0.975655936,0.850142123,1.014436301,0.953949201,1.105396233,0.94512226,1.098467352,0.235121918,0.934897374,0.972952055,0.842653767
Russian Federation,Kursk 3,LWGR,CO2,0,0,0,0,0,0,0,0,0,0,0,0.116338128,0.813129224,0.929106735,0.713937443,0.810118151,0.993348402,0.875644977,1.022402511,0.76263105,0.983978311,0.825455479,0.753563699,0.789220205,1.000119977,0.971842009,0.672010959,0.891427511,0.947149429,0.524630137,0.994258105,0.756936872,1.023111872,0.740094749,0.995957306,0.855578082,0.314224543,1.1309629,0.897624772,1.124047374,0.921162785,1.077999772,1.034356279,1.089021575,1.038973059
Russian Federation,Kursk 4,LWGR,CO2,0,0,0,0,0,0,0,0,0,0,0,0,0,0.02581895,0.939166895,0.915294977,0.987321804,0.909971804,0.897834018,1.091654224,0.907828881,0.836729566,0.796834703,0.92120137,0.977996233,0.886208219,0.985600342,0.87488516,1.005981849,0.990082078,0.820807534,0.925046461,0.804772717,1.05085411,0.539654338,1.102106164,0.898187215,0.620954795,1.121484475,0.816312443,1.108622489,0.922152626,1.115655251,1.001020776,1.10122911
Russian Federation,Leningrad 1,LWGR,CO2,0,0.004823059,0.53546347,0.593439612,0.608183333,0.881776941,0.803404452,0.938190411,0.822462215,0.95195468,0.847319521,1.063267922,0.986885502,1.040008904,0.879148744,1.203989954,0.982461644,0.679229224,0,0.583806849,1.067248059,0.967636301,0.820832763,0,0.571759589,1.019875228,0.835540868,0.985070548,0.937578995,1.053326484,0.864379795,1.105046005,0.197147374,1.060391895,1.009444064,1.118703425,0.867965183,1.130229795,0.941643721,0.707297945,0.326347489,0.077143721,0.893481393,0.80093653,0.98150742
Russian Federation,Leningrad 2,LWGR,CO2,0,0,0,0.243371575,0.815065868,0.803401484,0.936534247,0.836046918,0.942624658,0.768304452,1.078403425,1.007764155,1.060464612,0.884856279,1.06142032,1.072678082,1.011346575,0.906956279,0.890158676,0.654563356,0,0,0.02435274,1.010920662,1.075157877,0.977543607,0.878049087,0.97318653,1.076291667,1.04972032,1.042502055,1.058762443,0.996004795,0.558471689,0.216880365,0.95887911,1.041414269,1.080159018,0.954916781,1.150268493,0.790416324,0.491395548,0.476961986,0.973305251,0.831369292
Russian Federation,Leningrad 3,LWGR,CO2,0,0,0,0,0,0,0,0.009356735,0.793265639,0.972560274,0.951739498,0.847142922,1.070711758,1.013866438,1.022626598,0.891940982,1.031650913,1.029632648,1.117752169,0.965591324,0.818677968,1.060155936,0.984174201,0.532163014,0,0,0.205759132,1.16542032,0.942767123,0.916157192,0.373193493,0.998621119,1.025320091,0.659984475,1.088098516,0.557391324,0.744033333,0.791889954,1.083811187,1.009620662,1.098387215,1.022825457,1.06840411,1.011673059,1.042509475
Russian Federation,Leningrad 4,LWGR,CO2,0,0,0,0,0,0,0,0,0,0.583407648,0.996546461,1.015696233,0.909157078,1.088573402,1.047857877,1.0861871,0.897896347,1.09961153,1.151978082,0.909807078,0.833737785,0.999590183,0.915204452,0.911331164,1.050638927,1.134484475,0.546412557,0,0,0.532128881,1.117247603,0.290446119,1.073268721,0.9987621,0.832822146,0.716399429,1.116909247,0.601447374,0.775009247,0.977936872,1.121905936,1.0377621,1.030278196,0.98199863,1.025759361
Russian Federation,Novovoronezh 2-5,PWR,CO2,0.013111595,0.034119343,0.038676976,0.03538594,0.039472866,0.043029633,0.042669852,0.038932581,0.051099693,0.080447069,0.081397995,0.092268592,0.099804274,0.099695189,0.084548493,0.115125567,0.080179726,0.07868115,0.069418443,0.07149474,0.070472931,0.079470904,0.053320822,0.063193469,0.068190126,0.082916515,0.069211781,0.06563645,0.079584285,0.076205414,0.087290576,0.091052241,0.066266028,0.057148383,0.096070915,0.081008219,0.092270357,0.086572624,0.084240493,0.059563748,0.095474247,0.100783276,0,0,0
Russian Federation,Novovoronezh 2-5,PWR,CH4,0.033715528,0.087735452,0.099455079,0.090992416,0.101501654,0.110647627,0.109722477,0.100112351,0.131399211,0.20686389,0.209309128,0.237262093,0.256639562,0.256359058,0.217410411,0.296037173,0.206176438,0.202322959,0.17850457,0.183843616,0.18121611,0.204353753,0.137110685,0.16249749,0.175346038,0.213213896,0.177973151,0.168779441,0.204645304,0.195956778,0.224461479,0.234134335,0.170398356,0.146952986,0.247039496,0.208306849,0.23726663,0.222615321,0.216618411,0.153163923,0.245505205,0.259156997,0,0,0
Russian Federation,Volgodonsk/Rostov,PWR,CO2,0,0,0,0,0,0,0,0,0,0,0,0,0,0,0,0,0,0,0,0,0,0,0,0,0,0,0,0,0,0,0.055050148,0.053498641,0.057068679,0.055484953,0.055358838,0.056072417,0.059419298,0.060810017,0.089770531,0.115557764,0.115085447,0.125729896,0.114956493,0.148603671,0.175162093
Russian Federation,Volgodonsk/Rostov,PWR,CH4,0,0,0,0,0,0,0,0,0,0,0,0,0,0,0,0,0,0,0,0,0,0,0,0,0,0,0,0,0,0,0.141557523,0.137567935,0.146748033,0.142675595,0.142351299,0.144186214,0.152792483,0.156368614,0.23083851,0.297148537,0.295934005,0.323305447,0.295602411,0.382123726,0.450416811
Russian Federation,Bilibino 1,LWGR,CO2,0,0,0.007546233,0.008380251,0.008236301,0.006486644,0.00798847,0.00961347,0.008815068,0.007531393,0.010727968,0.010376256,0.011559018,0.011532306,0.01086153,0.011386872,0.011809817,0.010517237,0.011373516,0.010630023,0.009951826,0.007897945,0.007357763,0.003941553,0.004397146,0.00522968,0.008230365,0.004961073,0.008718607,0.006808676,0.007357763,0.003825799,0.005133219,0.003882192,0.003542352,0.004219064,0.004373402,0,0.001242123,0.00566153,0.005985046,0.005594749,0.006599429,0.005909361,0.007108447
Russian Federation,Bilibino 2,LWGR,CO2,0,0,0,0.0094621,0.009809361,0.00846484,0.008994635,0.010365868,0.0065371,0.0061379,0.009485845,0.010946119,0.011520434,0.011575342,0.011328995,0.013121689,0.011140525,0.011101941,0.010776941,0.008582078,0.010126941,0.007783676,0.007098059,0.006744863,0.002497603,0.006546005,0.002694977,0.008037443,0.007191553,0.008415868,0.004455023,0.004934361,0.002659361,0.003759018,0.003018493,0.00391484,0.004492123,0.006298174,0.00713516,0.003221804,0.00419532,0.006399087,0.006078539,0.005903425,0.005311301
Russian Federation,Bilibino 3,LWGR,CO2,0,0,0,7.42E-05,0.007598174,0.006900685,0.009180137,0.009218721,0.011787557,0.013323516,0.011774201,0.010805137,0.011349772,0.0103629,0.011443265,0.013221119,0.011383904,0.01102032,0.010943151,0.009822717,0.010524658,0.007804452,0.006635046,0.002567352,0.007808904,0.003833219,0.003436986,0.00763379,0.006712215,0.008004795,0.004560388,0.005256393,0.004613813,0.003022945,0.003895548,0.00407363,0.004938813,0.006614269,0.004999658,0.003293037,0.005139155,0.00650742,0.006692922,0.00766347,0.00730137
Russian Federation,Bilibino 4,LWGR,CO2,0,0,0,0,8.90E-05,0.007813356,0.008651826,0.01105,0.01151895,0.011613927,0.011517466,0.01120879,0.011725228,0.01205468,0.011061872,0.014179795,0.011256279,0.010591438,0.011173174,0.0091,0.010364384,0.008310502,0.005707534,0.004434247,0.005220776,0.00224532,0.005533904,0.004257648,0.008288242,0.005259361,0.004915068,0.003638813,0.003873288,0.003702626,0.003742694,0.002904224,0.004385274,0.006253653,0.0055621,0.004866096,0.003635845,0.006749315,0.00681016,0.00602363,0.006459932
Russian Federation,SMOLENSK 1,LWGR,CO2,0,0,0,0,0,0,0,0,0,0,0.028745434,0.704047945,1.027140982,0.868186301,0.451104452,1.104964384,0.993637785,0.965570548,0.924222831,0.993389954,1.016460502,0.933530594,0.62593516,0.742375685,0.840908562,0.693705822,0.527431963,0.96147911,0.775915982,0.766513242,1.019035274,0.996037443,0.346832877,1.091361872,0.803904566,0.974948059,1.156781849,0.908559018,0.726613927,0.80797968,0.935934703,1.153864269,1.087932306,1.046379795,1.00112911
Slovakia,Bohunice B 1-4,PWR,CO2,0,0,0,0,0,0,7.44E-05,0.014909808,0.034691617,0.036297972,0.041532822,0.043731397,0.051380076,0.066704592,0.083470455,0.081976098,0.081793753,0.086718224,0.08563006,0.083303145,0.084759069,0.078138181,0.086009557,0.087084219,0.086387595,0.082825534,0.07329349,0.074198236,0.074528329,0.082671496,0.085316307,0.08192915,0.081261753,0.081100657,0.082483857,0.060022795,0.069451736,0.050240745,0.052924296,0.05614514,0.056783003,0.057654302,0.057516757,0.05435943,0.051545929
Slovakia,Bohunice B 1-4,PWR,CH4,0,0,0,0,0,0,0.000191342,0.038339507,0.089207014,0.093337644,0.106798685,0.112452164,0.132120197,0.171526093,0.214638312,0.210795683,0.210326795,0.222989721,0.220191584,0.214208088,0.21795189,0.200926751,0.22116743,0.223930849,0.222139528,0.212979946,0.188468975,0.190795463,0.191644274,0.212583847,0.219384789,0.210674959,0.208958795,0.208544548,0.212101348,0.154344328,0.17859018,0.129190488,0.136091047,0.144373216,0.146013436,0.148253917,0.14790023,0.139781391,0.132546674
Slovakia,Bohunice A1,PWR,CO2,0,0,0,0,0,0,0,0,0,0,0,0,0,0,0,0,0,0,0,0,0,0,0,0,0,0,0,0,0,0,0,0,0,0,0,0,0,0,0,0,0,0,0,0,0
Slovakia,Bohunice A1,PWR,CH4,0,0,0,0,0,0,0,0,0,0,0,0,0,0,0,0,0,0,0,0,0,0,0,0,0,0,0,0,0,0,0,0,0,0,0,0,0,0,0,0,0,0,0,0,0
Slovakia,Mochovce,PWR,CO2,0,0,0,0,0,0,0,0,0,0,0,0,0,0,0,0,0,0,0,0,0,0,0,0,0,0,0.007182422,0.018227924,0.041872043,0.038083605,0.041525304,0.044197731,0.038589907,0.044212767,0.044853085,0.048590126,0.049095124,0.050066455,0.050911978,0.053876603,0.053767902,0.05452697,0.053104953,0.053679759,0.053805797
Slovakia,Mochovce,PWR,CH4,0,0,0,0,0,0,0,0,0,0,0,0,0,0,0,0,0,0,0,0,0,0,0,0,0,0,0.018469085,0.046871803,0.10767097,0.097929272,0.106779353,0.11365131,0.099231189,0.113689973,0.115336504,0.124946038,0.126244603,0.128742312,0.130916515,0.138539836,0.138260317,0.140212209,0.136555595,0.138033665,0.138357764
Slovenia,Krsko,PWR,CO2,0,0,0,0,0,0,0,0,0,0.002017534,0.01831737,0.028568438,0.032277479,0.029497962,0.029319376,0.032823824,0.030192055,0.034167288,0.033651934,0.036194564,0.028899452,0.028865085,0.033780504,0.035046028,0.033459003,0.036775736,0.036772822,0.034462093,0.034894828,0.038634476,0.040724657,0.038074936,0.039983847,0.043063617,0.040576757,0.04164091,0.045812833,0.041882783,0.041276679,0.045277457,0.04022549,0.038635934,0.046493962,0.041207255,0.041664536
Slovenia,Krsko,PWR,CH4,0,0,0,0,0,0,0,0,0,0.005187946,0.047101809,0.073461699,0.082999233,0.075851901,0.075392679,0.084404121,0.077636712,0.08785874,0.086533546,0.093071737,0.074312877,0.074224504,0.086864153,0.090118356,0.086037436,0.09456618,0.094558685,0.088616811,0.089729556,0.099345797,0.104720548,0.09790698,0.102815605,0.110735014,0.10434023,0.107076625,0.117804427,0.107698586,0.106140033,0.116427748,0.103436975,0.099349546,0.119555901,0.105961512,0.10713738
South Africa,Koeberg 1-2,PWR,CO2,0,0,0,0,0,0,0,0,0,0,0,0,0.030297764,0.041379397,0.06772149,0.04769451,0.080679353,0.085290992,0.064947803,0.070335847,0.071346992,0.056078553,0.074333019,0.086588197,0.090196208,0.096865041,0.104185545,0.103297676,0.099688131,0.082123157,0.092188274,0.097185776,0.10958126,0.093879243,0.07728115,0.096664208,0.097790959,0.088785085,0.098958443,0.099254553,0.09510434,0.104640296,0.11324811,0.084116143,0.116675386
South Africa,Koeberg 1-2,PWR,CH4,0,0,0,0,0,0,0,0,0,0,0,0,0.077908537,0.106404164,0.174140975,0.122643025,0.207461195,0.219319693,0.167008636,0.180863605,0.183463693,0.144201995,0.191142049,0.222655364,0.231933107,0.249081535,0.267905688,0.265622597,0.25634091,0.21117383,0.237055562,0.249906279,0.281780384,0.24140377,0.198722959,0.248565107,0.251462465,0.228304504,0.25446457,0.255225995,0.244554016,0.269075047,0.291209425,0.216298652,0.300022422
Spain,Almaraz 1-2,PWR,CO2,0,0,0,0,0,0,0,0,0,0.014490192,0.017817205,0.033958247,0.083105841,0.084853348,0.086302904,0.10429977,0.097339967,0.10055337,0.108240789,0.109657052,0.101810915,0.10924595,0.106117545,0.102819069,0.101088592,0.097312121,0.106821074,0.115952757,0.114097315,0.120843781,0.119540285,0.10837189,0.120813172,0.120996438,0.110485162,0.117994838,0.119076329,0.105438641,0.114234476,0.117038236,0.115412548,0.115902664,0.116613864,0.12331154,0.116405359
Spain,Almaraz 1-2,PWR,CH4,0,0,0,0,0,0,0,0,0,0.037260493,0.045815672,0.087321205,0.213700735,0.218194323,0.221921753,0.268199409,0.250302773,0.258565809,0.278333458,0.281975277,0.261799496,0.280918159,0.272873688,0.26439189,0.259942093,0.250231167,0.274682762,0.29816423,0.293393096,0.310741151,0.307389304,0.278670575,0.310662444,0.311133699,0.284104701,0.303415299,0.306196274,0.271127935,0.293745797,0.300955463,0.296775123,0.29803542,0.29986422,0.317086816,0.299328065
Spain,Asco 1-2,PWR,CO2,0,0,0,0,0,0,0,0,0,0,0,0.002767781,0.03097966,0.035987364,0.080524931,0.094709041,0.103822466,0.103423562,0.104136986,0.104758357,0.107029041,0.10472,0.107036712,0.097309589,0.10726685,0.109905753,0.113135343,0.117845479,0.123752329,0.119878357,0.124097534,0.12352457,0.112334083,0.115524011,0.118038181,0.112507759,0.11169246,0.102166093,0.117410136,0.105991507,0.116754247,0.122445228,0.106889117,0.121512636,0.123399759
Spain,Asco 1-2,PWR,CH4,0,0,0,0,0,0,0,0,0,0,0,0.007117151,0.079661984,0.092538937,0.20706411,0.243537535,0.266972054,0.265946301,0.267780822,0.26937863,0.275217535,0.26928,0.27523726,0.250224658,0.275829041,0.282614795,0.290919452,0.303031233,0.318220274,0.30825863,0.319107946,0.317634609,0.288859068,0.297061742,0.303526751,0.289305665,0.287209184,0.262712811,0.30191178,0.272549589,0.300225205,0.314859156,0.274857732,0.312461063,0.317313665
Spain,Cofrentes,BWR,CO2,0,0,0,0,0,0,0,0,0,0,0,0,0,0,0,0,0,0,0,0,0,0,0,0,0,0,0,0,0,0,0,0,0,0,0,0.349801199,0.457386747,0.451023973,0.535727055,0.442412192,0.405288733,0.466498048,0.530655582,0.433073253,0.534874144
Spain,José Cabrera 1,PWR,CO2,0.00687726,0.006711562,0.007804712,0.008311781,0.008121534,0.008742904,0.007732603,0.007298411,0.007014576,0.008503562,0.006642521,0.000113534,0.00849128,0.002122523,0.00805165,0.008416447,0.008761913,0.008690893,0.007344285,0.008042483,0.008621008,0.007003544,0.000161464,0.002675258,0.007516228,0.006257033,0.008440918,0.008512307,0.008428345,0.008115197,0.007267465,0.00821599,0.008997221,0.008392835,0.00300381,0,0,0,0,0,0,0,0,0,0
Spain,José Cabrera 1,PWR,CH4,0.017684384,0.017258301,0.02006926,0.021373151,0.020883946,0.022481753,0.019883836,0.018767342,0.018037479,0.021866301,0.017080767,0.000291946,0.02183472,0.005457916,0.020704241,0.021642293,0.022530635,0.022348011,0.018885304,0.020680668,0.022168307,0.018009113,0.000415193,0.006879235,0.019327443,0.016089515,0.021705219,0.021888789,0.021672888,0.020867652,0.018687768,0.021126831,0.023135711,0.021581576,0.007724081,0,0,0,0,0,0,0,0,0,0
Spain,Sta Maria de Garona,BWR,CO2,0,0,0,0,0,0,0.181125685,0.136197945,0.045457534,0.185061301,0.119005822,0.135190753,0.167291062,0.100777979,0.198737568,0.149339178,0.156802295,0.204686404,0.148958425,0.214146438,0.13840387,0.213772089,0.182465308,0.222744247,0.186524932,0.195834178,0.220798562,0.193915856,0.224409897,0.199985205,0.223644315,0.208293664,0.225528288,0.204656712,0.213480411,0.193396541,0.223636747,0.198761438,0.213232979,0.208335582,0.215699726,0,0,0,0
Spain,Trillo 1,PWR,CO2,0,0,0,0,0,0,0,0,0,0,0,0,0,0,0,0,0.022217655,0.054832362,0.048884471,0.049721403,0.060897776,0.056735364,0.060815157,0.057324208,0.0585032,0.059570576,0.050551353,0.052385469,0.062953896,0.060659583,0.06004274,0.062249447,0.061217359,0.061988317,0.058974904,0.06097771,0.059405643,0.05521063,0.059033972,0.060109479,0.060976943,0.057435364,0.059724307,0.060809786,0.061404767
Spain,Trillo 1,PWR,CH4,0,0,0,0,0,0,0,0,0,0,0,0,0,0,0,0,0.057131112,0.140997501,0.125702926,0.127855036,0.156594279,0.145890937,0.15638183,0.147405107,0.1504368,0.153181479,0.129989195,0.13470549,0.161881447,0.155981786,0.154395616,0.160070005,0.157416065,0.159398532,0.151649753,0.156799825,0.15275737,0.141970191,0.151801644,0.154567233,0.156797852,0.147690937,0.153576789,0.156368022,0.157897973
Spain,Vandellos 1,GCR,CO2,0,0,0,0,0,0,0,0,0,0,0,0,0,0,0,0,0,0,0,0,0,0,0,0,0,0,0,0,0,0,0,0,0,0,0,0,0,0,0,0,0,0,0,0,0
Spain,Vandellos 2,PWR,CO2,0,0,0,0,0,0,0,0,0,0,0,0,0,0,0,0.000308997,0.039137864,0.045020855,0.056263047,0.055347331,0.051536876,0.053011288,0.055297622,0.058081052,0.057621929,0.055563583,0.064123912,0.055419824,0.061192734,0.069120493,0.061447112,0.063051781,0.066563671,0.036042521,0.05387315,0.041330685,0.053131189,0.039614707,0.065196274,0.053962136,0.059210871,0.059397972,0.067697786,0.057369545,0.058687464
Spain,Vandellos 2,PWR,CH4,0,0,0,0,0,0,0,0,0,0,0,0,0,0,0,0.000794564,0.10064022,0.115767912,0.144676405,0.14232171,0.132523397,0.13631474,0.142193885,0.149351277,0.148170674,0.142877786,0.16489006,0.142508121,0.157352746,0.177738411,0.15800686,0.162133151,0.171163726,0.092680767,0.138530959,0.106278904,0.136623058,0.101866389,0.167647562,0.13875978,0.152256526,0.152737644,0.174080022,0.147521688,0.15091062
Sweden,Forsmark 1-3,BWR,CO2,0,0,0,0,0,0,0,0,0,0.520153425,0.63252226,0.66430411,0.720376747,0.901143219,1.302631404,1.169397979,1.239596918,1.132319932,1.200817705,1.356962705,1.266774795,1.292244521,1.415103288,1.362634418,1.366917021,1.262389726,1.366228288,1.379824795,1.111566541,1.331361404,1.341778562,1.389120651,1.454779075,1.452567911,1.29807226,1.363734178,1.222811164,1.275090822,1.143889829,1.37568774,1.432266301,1.470576849,1.47609661,1.232261301,1.398251164
Sweden,Oskarshamn 1-3,BWR,CO2,0,0,0,0,0,0,0.393100548,0.378765822,0.41721726,0.391337671,0.418395616,0.418472466,0.443979452,0.613281986,0.91981411,0.845414075,0.84956976,0.868889212,0.825798288,0.954118014,0.751432603,0.637557637,0.753419041,0.757081027,0.853423288,0.949773699,0.802715548,0.874091678,0.825422774,0.982815411,0.779706164,0.80293911,1.017724212,0.964540411,0.916150377,0.896431541,0.879195171,0.49289637,0.702127363,0.903970925,0.724192432,0.682121507,0.714284692,0.707767637,0.793683425
Sweden,Ringhals 1,BWR,CO2,0,0,0,0,0,0,0.241790068,0.225203425,0.258132192,0.236334932,0.272902397,0.190085616,0.286301541,0.300926199,0.260268836,0.283684007,0.273323904,0.282671575,0.263477877,0.328295034,0.197001473,0.232664212,0.313756541,0.329926336,0.377894863,0.130197877,0.326122295,0.287042089,0.188610342,0.339708904,0.34676274,0.297166986,0.379767774,0.353090582,0.379520342,0.347183082,0.265056199,0.076518048,0.20886887,0.347640103,0.321927603,0.35633339,0.319337432,0.336165685,0.379984349
Sweden,Ringhals 2,PWR,CO2,0,0,0,0,0,0,0.031409096,0.027503671,0.03326937,0.03139989,0.034888767,0.030188603,0.032055628,0.032945336,0.030447967,0.032346367,0.032342915,0.027766871,0.038852953,0.047813643,0.039839628,0.020328767,0.048012022,0.046768745,0.043904843,0.047370783,0.046766904,0.049447386,0.039457217,0.048502521,0.050172164,0.052252757,0.052061666,0.044373633,0.0524664,0.048828011,0.044081512,0.021374357,0.042958443,0.013245611,0.027715857,0.048312428,0.033151847,0,0.005383902
Sweden,Ringhals 2,PWR,CH4,0,0,0,0,0,0,0.080766247,0.070723726,0.085549809,0.080742575,0.089713973,0.077627836,0.082428756,0.08471658,0.078294773,0.083176373,0.083167496,0.071400526,0.099907595,0.12294937,0.102444756,0.052273973,0.123459485,0.120262488,0.11289817,0.121810586,0.120257753,0.127150422,0.101461414,0.124720767,0.129014137,0.13436423,0.133872854,0.114103627,0.1349136,0.125557742,0.11335246,0.05496263,0.11046457,0.034060142,0.071269348,0.124231956,0.085247605,0,0.013844317
Sweden,Ringhals 3,PWR,CO2,0,0,0,0,0,0,0,0,0.002694136,0.021933589,0.009601315,0.022322521,0.041014707,0.046719726,0.047821469,0.047325447,0.047187057,0.044720833,0.045039879,0.045441315,0.043128592,0.051288022,0.052727222,0.037386214,0.052292953,0.050487605,0.048962795,0.053514367,0.047299595,0.048215693,0.052859474,0.05150926,0.057518136,0.055091419,0.050406443,0.045956822,0.058299836,0.062159157,0.058343178,0.054784953,0.063884647,0.053314762,0.062136372,0.05947714,0.057055102
Sweden,Ringhals 3,PWR,CH4,0,0,0,0,0,0,0,0,0.00692778,0.056400658,0.024689096,0.057400767,0.105466389,0.120136438,0.12296949,0.121694005,0.121338148,0.114996427,0.115816833,0.116849096,0.110902093,0.131883485,0.135584285,0.096135978,0.134467595,0.129825272,0.125904328,0.137608373,0.121627528,0.123983211,0.135924362,0.132452384,0.14790378,0.141663649,0.12961657,0.118174685,0.149913863,0.15983783,0.150025315,0.140875595,0.164274805,0.137095101,0.159779244,0.152941216,0.146713117
Sweden,Ringhals 4,PWR,CO2,0,0,0,0,0,0,0,0,0,0,0.001462136,0.020352548,0.045933117,0.045442236,0.043106652,0.043464745,0.050950257,0.042474236,0.049612164,0.053055397,0.049344515,0.048653567,0.047827836,0.047958247,0.04930125,0.04888309,0.052239562,0.0535976,0.031150652,0.050814093,0.045584,0.053671857,0.055306597,0.054694203,0.054407222,0.055178181,0.056245096,0.057286159,0.055458948,0.031470772,0.053415024,0.056608022,0.051707485,0.058338115,0.063913183
Sweden,Ringhals 4,PWR,CH4,0,0,0,0,0,0,0,0,0,0,0.00375978,0.052335123,0.118113732,0.116851463,0.110845677,0.111766488,0.131014948,0.109219463,0.127574137,0.136428164,0.126885896,0.125109173,0.122985863,0.123321205,0.126774641,0.125699375,0.134330301,0.1378224,0.080101677,0.130664811,0.117216,0.138013348,0.142216964,0.140642236,0.139904285,0.141886751,0.144630247,0.147307265,0.142608723,0.080924844,0.137352921,0.145563485,0.132962104,0.150012296,0.164348186
Switzerland,Beznau 1-2,PWR,CO2,0.030849096,0.029731397,0.037393424,0.038646904,0.039892712,0.040559343,0.04230685,0.041108603,0.039963288,0.040952876,0.04057315,0.04098126,0.041863069,0.040376153,0.040397326,0.038462641,0.039865403,0.038942936,0.039879288,0.039236745,0.037230717,0.036893721,0.044107134,0.04151211,0.042247628,0.04448126,0.045267562,0.038804624,0.043037381,0.043410433,0.045419759,0.045889698,0.045264417,0.045237107,0.046210817,0.045973622,0.046257074,0.044691069,0.042425907,0.044541786,0.042335233,0.045800943,0.045828943,0.020343343,0.023384757
Switzerland,Beznau 1-2,PWR,CH4,0.079326247,0.076452164,0.096154521,0.099377753,0.10258126,0.104295452,0.108789041,0.105707836,0.10276274,0.105307397,0.104330959,0.105380384,0.10764789,0.103824395,0.103878838,0.098903935,0.102511036,0.10013898,0.10254674,0.100894488,0.095736132,0.094869567,0.113418346,0.106745425,0.108636756,0.114380384,0.116402301,0.099783321,0.110667551,0.111626827,0.116793665,0.118002083,0.116394214,0.116323989,0.118827814,0.118217885,0.118946762,0.11491989,0.109095189,0.114536022,0.108862027,0.117773852,0.117845852,0.052311452,0.06013223
Switzerland,Gösgen,PWR,CO2,0,0,0,0,0,0,0,0.026072219,0.045534136,0.05007474,0.049372822,0.052867069,0.054732559,0.051763331,0.05181565,0.053010828,0.052616757,0.052767957,0.054707321,0.054787485,0.056820131,0.056829414,0.058770005,0.059995562,0.060820219,0.061122619,0.060140395,0.057794531,0.059868296,0.060376208,0.060244493,0.061283024,0.061489534,0.058211079,0.062130083,0.062588898,0.061093776,0.061925414,0.061593019,0.06068183,0.061936997,0.049174136,0.061535408,0.061148931,0.063159178
Switzerland,Gösgen,PWR,CH4,0,0,0,0,0,0,0,0.067042849,0.11708778,0.128763616,0.126958685,0.13594389,0.140740865,0.13310571,0.133240241,0.136313556,0.13530023,0.13568903,0.140675967,0.140882104,0.14610891,0.146132778,0.151122872,0.154274301,0.156394849,0.157172449,0.154646728,0.14861451,0.153947047,0.155253107,0.154914411,0.157584921,0.158115946,0.149685633,0.159763068,0.160942883,0.157098279,0.159236778,0.158382049,0.156038991,0.159266564,0.12644778,0.158233907,0.15724011,0.162409315
Switzerland,LEIBSTADT,BWR,CO2,0,0,0,0,0,0,0,0,0,0,0,0,0.000128664,0.394103082,0.419715445,0.42944911,0.40773976,0.428738253,0.442246267,0.411044863,0.438834041,0.42721524,0.406848425,0.446764075,0.448586336,0.45192637,0.468443151,0.484382979,0.51367887,0.529198938,0.534092842,0.541982123,0.506043425,0.335812877,0.54534137,0.54940274,0.541883733,0.546389897,0.510846507,0.551996404,0.458842808,0.564241062,0.550613699,0.500598767,0.353705377
Switzerland,MUEHLEBERG,BWR,CO2,0.050074315,0.117113699,0.107484247,0.136471575,0.137117808,0.141431849,0.143551027,0.144028425,0.144523288,0.147818493,0.155055137,0.149291438,0.14712976,0.14558637,0.123102705,0.143507363,0.145408219,0.133758562,0.144260719,0.14060339,0.140509075,0.149534212,0.153879692,0.155384658,0.154224349,0.148409418,0.154844966,0.157355959,0.164005171,0.161193185,0.164656062,0.159767397,0.169191918,0.166234384,0.167838904,0.168856575,0.173100753,0.173704486,0.175170445,0.145308664,0.172987808,0.169969726,0.175506952,0.170825548,0.171518938
Ukraine,Khmelnitski 1-2,PWR,CO2,0,0,0,0,0,0,0,0,0,0,0,0,0,0,0,0.000359014,0.027449129,0.045047474,0.049852043,0.039679376,0.046603736,0.042097578,0.048354926,0.043728022,0.034504515,0.047194192,0.042185643,0.042396526,0.045257283,0.047310641,0.05163085,0.054754959,0.048533283,0.095463276,0.106347836,0.108307836,0.088157962,0.09375566,0.095590236,0.105962279,0.099764153,0.10666343,0.079205633,0.098162324,0.10949097
Ukraine,Khmelnitski 1-2,PWR,CH4,0,0,0,0,0,0,0,0,0,0,0,0,0,0,0,0.000923178,0.070583474,0.115836362,0.12819097,0.102032679,0.11983818,0.108250915,0.124341238,0.112443485,0.088725896,0.121356493,0.10847737,0.109019638,0.116375868,0.121655935,0.132765041,0.140798465,0.124799868,0.245476997,0.273465863,0.278505863,0.226691901,0.241085984,0.245803463,0.272474433,0.256536395,0.274277391,0.203671627,0.252417403,0.281548209
Ukraine,Rovno 1-4 (Rivne),PWR,CO2,0,0,0,0,0,0,0,0,0,0.012998521,0.029054104,0.030405162,0.042149283,0.042792285,0.043324285,0.087523628,0.085592395,0.088758772,0.090133841,0.080456274,0.10088891,0.08310423,0.083186926,0.079275595,0.08258903,0.08849795,0.084046641,0.077384483,0.080111989,0.086948438,0.08500217,0.0909104,0.101511967,0.110632143,0.11135715,0.11537565,0.12077543,0.085823452,0.11941954,0.123852976,0.126900757,0.114028734,0.12931029,0.134408285,0.123807715
Ukraine,Rovno 1-4 (Rivne),PWR,CH4,0,0,0,0,0,0,0,0,0,0.033424767,0.074710553,0.078184701,0.108383868,0.110037304,0.111405304,0.225060756,0.220094728,0.228236844,0.231772735,0.206887562,0.259428625,0.213696591,0.213909238,0.203851528,0.212371791,0.227566159,0.216119935,0.198988668,0.206002258,0.223581699,0.218577009,0.2337696,0.261030773,0.284482652,0.286346959,0.296680241,0.310565391,0.220688877,0.307078816,0.318479079,0.32631623,0.293216746,0.332512175,0.345621304,0.318362696
Ukraine,South Ukraine 1-3,PWR,CO2,0,0,0,0,0,0,0,0,0,0,0.000167617,0.019629381,0.046603276,0.09621874,0.090072471,0.061581129,0.079152164,0.063199759,0.10459634,0.121500438,0.136679124,0.126768888,0.112314674,0.12138069,0.121872953,0.146040098,0.127022805,0.127044669,0.116727014,0.137365469,0.127704395,0.134649315,0.157365907,0.148428307,0.128464,0.128321008,0.138694357,0.11918411,0.129306992,0.126104405,0.127231079,0.096947353,0.141795683,0.114685085,0.125555605
Ukraine,South Ukraine 1-3,PWR,CH4,0,0,0,0,0,0,0,0,0,0,0.000431014,0.050475551,0.119836997,0.247419616,0.231614926,0.158351474,0.203534137,0.162513665,0.268962016,0.312429699,0.351460603,0.32597714,0.288809162,0.312121775,0.313387595,0.375531683,0.326630072,0.32668629,0.300155178,0.35322549,0.328382728,0.346241096,0.404655189,0.381672789,0.330336,0.329968307,0.35664263,0.306473425,0.332503693,0.324268472,0.327165633,0.249293195,0.364617468,0.294904504,0.322857272
Ukraine,Zaporozhe 1-6 (Zaporizhzhia),PWR,CO2,0,0,0,0,0,0,0,0,0,0,0,0,0,0.034482038,0.081220789,0.15025337,0.184912767,0.135327069,0.180113643,0.197068757,0.235178443,0.197863266,0.175638936,0.17773234,0.249426148,0.260980559,0.256248712,0.243484088,0.267047583,0.278778433,0.299199638,0.308812767,0.308639014,0.28527474,0.305178674,0.31711005,0.300384767,0.299203857,0.299646795,0.29532183,0.29728114,0.281991298,0.287342597,0.284893557,0.224756153
Ukraine,Zaporozhe 1-6 (Zaporizhzhia),PWR,CH4,0,0,0,0,0,0,0,0,0,0,0,0,0,0.088668099,0.208853458,0.386365809,0.475489973,0.34798389,0.46314937,0.50674823,0.60474457,0.508791254,0.45164298,0.457026016,0.641381523,0.671092865,0.65892526,0.62610194,0.686693786,0.716858827,0.769370499,0.794089973,0.793643178,0.733563616,0.784745162,0.815425841,0.772417973,0.769381348,0.770520328,0.759398991,0.764437216,0.725120483,0.738880964,0.73258343,0.577944395
Ukraine,Chernobil,LWGR,CO2,0,0,0,0,0,0.94707226,0.903221005,1.484211187,1.572836758,1.96541895,1.957967694,0.816791781,2.014042808,2.703406393,2.781854566,2.35965137,1.962100685,0.782012329,1.724691895,1.415740068,1.596637443,1.573378425,0.602132991,0.649703196,0.452227854,0.918279338,0,0,0,0,0,0,0,0,0,0,0,0,0,0,0,0,0,0,0
United Kingdom,Berkeley A-B,GCR,CO2,0,0,0,0,0,0,0,0,0,0,0,0,0,0,0,0,0,0,0,0,0,0,0,0,0,0,0,0,0,0,0,0,0,0,0,0,0,0,0,0,0,0,0,0,0
United Kingdom,Bradwell A-B,GCR,CO2,0,0,0,0,0,0,0,0,0,0,0,0,0,0,0,0,0,0,0,0,0,0,0,0,0,0,0,0,0,0,0,0,0,0,0,0,0,0,0,0,0,0,0,0,0
United Kingdom,Claderhall A-D,GCR,CO2,0,0,0,0,0,0,0,0,0,0,0,0,0,0,0,0,0,0,0,0,0,0,0,0,0,0,0,0,0,0,0,0,0,0,0,0,0,0,0,0,0,0,0,0,0
United Kingdom,Chapelcross A-D,GCR,CO2,0,0,0,0,0,0,0,0,0,0,0,0,0,0,0,0,0,0,0,0,0,0,0,0,0,0,0,0,0,0,0,0,0,0,0,0,0,0,0,0,0,0,0,0,0
United Kingdom,Dungeness AA-AB,GCR,CO2,0,0,0,0,0,0,1.674486301,0.733961187,0.043321918,0.075342466,1.626141553,1.859703196,1.82956621,2.094734018,1.64897032,1.917955479,1.308924658,1.3831621,1.880623288,2.009383562,2.351727169,2.021300228,2.223017123,2.102437785,1.727759703,2.228755708,2.183870434,2.188503995,1.881125571,1.503521689,2.022235731,1.813405251,1.802932648,1.774390411,2.234739155,0,0,0,0,0,0,0,0,0,0
United Kingdom,Dungeness B1-B2,AGR,CO2,0,0,0,0,0,0,0,0,0,0,0,0,0.095570776,0.389674658,0.387157534,0.154845434,0.363621233,0.140599315,0.237162557,0.658990868,0.545394292,0.926918265,0.791727169,0.263308676,0.979990411,0.863894292,0.654634247,0.592516438,0.355419406,0.967930594,0.74328653,0.995684475,1.054297489,0.910142237,0.822989041,0.936058219,0.570356164,0.641297489,0.593719863,0.215221233,0.651858219,0.760740183,0.701123516,1.063210502,1.230467352
United Kingdom,Hartlepool A1-A2,AGR,CO2,0,0,0,0,0,0,0,0,0,0,0,0,0.133607306,0.217872603,0.447042694,0.336835845,0.310002511,0.649544064,0.789027854,0.768609589,1.155028767,1.39268516,1.278621918,1.172257078,1.420506164,1.369564384,1.350047489,1.513884247,1.442065525,1.426700685,1.524365068,1.290002511,0.850752511,0.954839954,0.776712329,1.101036073,1.40E-09,1.091234475,1.301790639,1.175338356,1.409924658,1.119813014,0.930188128,0.985747032,1.048537671
United Kingdom,Heysham 1A-1B,AGR,CO2,0,0,0,0,0,0,0,0,0,0,0,0,0.244041096,0.040975571,0.338614612,0.301594521,0.527422831,0.83900274,0.523206849,0.845684703,1.09636621,1.300333105,1.397519635,1.278973516,1.400663242,1.350707534,1.404070548,1.404040183,1.438875571,1.482393836,1.415900228,1.405043836,1.07936484,1.325772831,1.34934589,1.137242694,0.619984247,1.315049087,1.250852055,1.366219406,1.263734932,1.212866667,1.007189726,1.016134703,1.395961416
United Kingdom,Heysham 2A-2B,AGR,CO2,0,0,0,0,0,0,0,0,0,0,0,0,0,0.314648402,0.041905708,0.351865068,0.403695434,1.011837215,0.611804795,0.810545662,1.124259132,1.393818265,1.301357534,1.257176027,1.250925571,1.474156849,1.391576027,1.070760274,1.493413242,1.395084018,1.345379224,1.315261644,0.993867352,1.145794521,1.404626712,1.123253881,0.752629452,1.099159817,0.616755936,1.356513699,1.295439498,1.291319406,1.276469178,1.231525342,1.348160046
United Kingdom,Hinkley point AA-AB,GCR,CO2,0,0,0,0,0,0,0,0,0,0,0,0,0,0,0,0,0,0,0,0,0,0,0,0,0,0,0,0,0,0,0,0,0,0,0,0,0,0,0,0,0,0,0,0,0
United Kingdom,Hinkley Point BA-BB,AGR,CO2,0,0,0,0,0,0,0,0.731878767,0.854399543,0.947784018,0.975814384,1.204616895,1.246856621,1.197501826,1.070207306,0.768571233,1.146462557,1.067559132,1.20910137,1.111595205,1.201257534,1.372242922,1.434908904,1.49118379,1.265293151,1.39018242,1.436991324,1.298918721,1.284923516,1.530153653,1.252694749,1.389741324,1.39508242,1.268593379,1.039306621,0.589772374,0.853202511,0.790741096,1.02533379,0.971093379,1.002765982,1.203626027,1.253316438,1.135153881,1.160518493
United Kingdom,Hunterstone A,GCR,CO2,0,0,0,0,0,0,0,0,0,0,0,0,0,0,0,0,0,0,0,0,0,0,0,0,0,0,0,0,0,0,0,0,0,0,0,0,0,0,0,0,0,0,0,0,0
United Kingdom,Hunterstone B1-B2,AGR,CO2,0,0,0,0,0,0,0.344949772,0.359589041,0.644063927,0.769472603,0.989317352,1.129109589,1.198789954,1.302815068,1.308472603,1.261246575,1.215858447,1.228627854,1.274599315,1.080621005,1.004515982,1.158835616,1.355701826,1.358652055,0.466714612,1.341460502,1.494842009,1.424527169,1.163019635,1.408852283,1.452995434,1.36863105,1.400226941,1.235397717,0.916931279,0.473335845,0.711837671,0.966193379,1.095408904,1.013579224,1.10126621,1.197217352,1.059675342,1.193519178,1.259368721
United Kingdom,Oldbury AA-AB,GCR,CO2,0,0,0,0,0,0,1.925627854,1.999086758,2.069406393,2.119634703,2.156050228,1.891723744,1.909303653,2.085793379,2.077292237,2.023522831,2.11913242,1.830307078,1.830231735,1.999199772,2.142325342,2.223393836,2.189200913,2.142118151,2.096824772,2.213473744,2.144353311,2.065501142,2.255878995,2.235856735,2.147687215,2.117795091,1.513259703,0.955028539,0.694406393,0.388013699,1.04229395,1.323145548,1.946491438,1.232966895,0.140833904,0,0,0,0
United Kingdom,Sizewell AA-AB,GCR,CO2,0,0,0,0,0,0,2.117123288,2.078196347,1.752968037,1.337956621,1.186015982,1.97836758,1.158390411,1.688186073,1.249768265,1.732851598,1.677977169,1.629305936,1.690006849,1.724312785,1.423206621,1.898265982,2.119471461,1.768093037,0.260584475,1.094788813,0.758692352,1.554798516,1.73194121,1.900400685,1.886638128,2.0431621,1.404609589,2.041812215,2.11302968,0,0,0,0,0,0,0,0,0,0
United Kingdom,Sizewell B,PWR,CO2,0,0,0,0,0,0,0,0,0,0,0,0,0,0,0,0,0,0,0,0,0,0,0,0,0.06511703,0.064973885,0.077656581,0.061055419,0.065413983,0.070559693,0.070537293,0.067922553,0.071565776,0.066710959,0.068337336,0.078739912,0.071351902,0.069768943,0.036628603,0.066182795,0.071697183,0.066852647,0.067722717,0.080604252,0.066177424
United Kingdom,Sizewell B,PWR,CH4,0,0,0,0,0,0,0,0,0,0,0,0,0,0,0,0,0,0,0,0,0,0,0,0,0.167443791,0.167075704,0.199688351,0.156999649,0.168207386,0.181439211,0.181381611,0.174657995,0.184026279,0.171542465,0.17572458,0.20247406,0.183476317,0.179405852,0.094187836,0.170184328,0.184364186,0.171906805,0.174144132,0.207268077,0.170170521
United Kingdom,Torness A-B,AGR,CO2,0,0,0,0,0,0,0,0,0,0,0,0,0,0,0,0,0.365518265,0.926285388,0.62115411,0.825440639,1.320986301,1.221180365,1.247852283,1.392089041,0.439401826,1.458720091,1.501041324,1.620824429,1.328548858,1.32041895,0.912163927,1.35282032,1.279299543,1.516599543,1.166326256,1.331275342,1.48133105,1.456692009,1.134161416,1.438477626,1.373764384,1.48798105,1.354846804,1.384975571,1.590227397
United Kingdom,Wylfa A-B,GCR,CO2,0,0,0,0,0,0,2.386472603,3.264840183,3.618949772,3.914041096,3.792237443,3.952968037,4.242408676,4.195633562,2.574138128,2.824965753,3.875340183,4.152650685,4.235753425,4.678327626,4.894234018,4.530103881,3.836802511,4.203324772,4.473063356,4.717794521,4.429069635,4.499,1.185363014,1.627949772,4.693540525,3.93692637,4.640637557,4.237919521,3.555511416,2.994071918,3.783014269,3.51750742,3.180155251,3.082932078,2.334379566,2.290994863,1.031953196,2.050457763,0
United States,Arkansas One 1-2,PWR,CO2,0,0,0,0.037576767,0.029825753,0.039147069,0.040303124,0.032260603,0.056980383,0.070762521,0.057755945,0.058673424,0.082908383,0.07588,0.068306729,0.087210488,0.068397786,0.067884428,0.086495989,0.097147419,0.086975671,0.10334125,0.10680995,0.089544307,0.102418017,0.108993874,0.100448121,0.09927795,0.089565403,0.113476636,0.111775847,0.112920702,0.118559978,0.105116526,0.11691166,0.118797557,0.108812603,0.116372372,0.115242476,0.108993336,0.118901271,0.091836471,0.111210518,0.106279327,0.103197874
United States,Arkansas One 1-2,PWR,CH4,0,0,0,0.096625973,0.076694795,0.10066389,0.103636603,0.082955836,0.146520986,0.181960767,0.148515288,0.150874521,0.213192986,0.19512,0.175645874,0.22425554,0.175880022,0.174559956,0.222418258,0.249807649,0.223651726,0.265734641,0.274654159,0.230256789,0.263360614,0.280269962,0.258295167,0.255286159,0.230311036,0.291797063,0.287423605,0.290367517,0.304868515,0.270299638,0.300629984,0.30547943,0.279803836,0.299243244,0.296337797,0.28026858,0.305746126,0.236150926,0.285969901,0.273289698,0.265365962
United States,Beaver Valley 1-2,PWR,CO2,0,0,0,0,0.003870136,0.02201874,0.019035397,0.013642521,0.00230674,0.035860712,0.020845808,0.035918247,0.036490828,0.045271474,0.036700329,0.048781676,0.087994257,0.064065764,0.080230357,0.080341129,0.091636866,0.07343234,0.096113721,0.088190334,0.080445457,0.078127517,0.035579255,0.090971079,0.092905304,0.101127331,0.104284043,0.096828986,0.107346476,0.107169502,0.093113885,0.111469611,0.112546422,0.102882279,0.11501909,0.114610904,0.10933885,0.113393479,0,0,0.116008833
United States,Beaver Valley 1-2,PWR,CH4,0,0,0,0,0.00995178,0.056619616,0.048948164,0.035080767,0.005931616,0.09221326,0.053603507,0.092361205,0.093833556,0.116412362,0.094372274,0.125438597,0.226270948,0.164740537,0.20630663,0.206591474,0.235637654,0.188826016,0.247149567,0.226775146,0.206859748,0.200899332,0.091489512,0.233925633,0.238899353,0.26004171,0.26815897,0.248988822,0.276033797,0.275578717,0.239435704,0.286636142,0.289405085,0.264554433,0.295763375,0.294713753,0.281157041,0.291583233,0,0,0.298308427
United States,Braidwood 1-2,PWR,CO2,0,0,0,0,0,0,0,0,0,0,0,0,0,0,0,0.011174302,0.03485977,0.04425611,0.071991298,0.047090783,0.063501929,0.075278729,0.065344712,0.059331464,0.067037983,0.070700614,0.066577019,0.084573885,0.07986766,0.08192777,0.090261567,0.086291934,0.08389406,0.087865995,0.085134959,0.081918641,0.08910091,0.084216712,0.079387211,0.088707836,0.08085817,0.083666838,0.155516147,0.151189209,0.152268372
United States,Braidwood 1-2,PWR,CH4,0,0,0,0,0,0,0,0,0,0,0,0,0,0,0,0.028733917,0.089639409,0.113801425,0.185120483,0.121090586,0.163290674,0.193573874,0.16802926,0.15256662,0.172383386,0.181801578,0.171198049,0.217475704,0.205373984,0.210671409,0.232101173,0.221893546,0.215727584,0.225941128,0.218918465,0.210647935,0.229116625,0.21655726,0.204138542,0.228105863,0.207921009,0.215143299,0.399898666,0.388772251,0.391547244
United States,Byron 1-2,PWR,CO2,0,0,0,0,0,0,0,0,0,0,0,0,0,0.013011331,0.056736438,0.070818674,0.097130005,0.115184022,0.099759321,0.115764657,0.122637698,0.114986641,0.125084976,0.121898269,0.112780011,0.124769688,0.125788504,0.138715759,0.148033622,0.155086476,0.14855703,0.15463303,0.153459715,0.14660309,0.149403167,0.144623912,0.148496043,0.151263517,0.152317776,0.139637457,0.140523945,0.14995005,0.14769318,0.14935278,0.150358083
United States,Byron 1-2,PWR,CH4,0,0,0,0,0,0,0,0,0,0,0,0,0,0.03345771,0.145893699,0.182105162,0.249762872,0.296187485,0.256523967,0.297680548,0.315354083,0.295679935,0.321647079,0.31345269,0.290005742,0.32083634,0.323456153,0.356697665,0.380657885,0.398793797,0.382003791,0.397627791,0.394610696,0.376979375,0.384179573,0.37189006,0.38184697,0.388963332,0.391674279,0.359067748,0.361347288,0.385585841,0.379782465,0.384050004,0.386635068
United States,Callaway 1,PWR,CO2,0,0,0,0,0,0,0,0,0,0,0,0,0.004427912,0.061720898,0.05522605,0.048495847,0.062475902,0.064061852,0.061408679,0.076554071,0.062095178,0.06436126,0.076762115,0.063309381,0.068200176,0.068692822,0.065334126,0.065945217,0.076649731,0.064316536,0.064335408,0.074408964,0.060160724,0.06153234,0.07747086,0.071894488,0.071942586,0.078608043,0.069125786,0.072016536,0.082222729,0.0645064,0.071307887,0.080097488,0.072459243
United States,Callaway 1,PWR,CH4,0,0,0,0,0,0,0,0,0,0,0,0,0.01138606,0.158710883,0.142009841,0.124703605,0.160652317,0.164730477,0.157908033,0.196853326,0.159673315,0.165500384,0.197388296,0.162795551,0.175371879,0.176638685,0.168002038,0.169573414,0.19709931,0.16538538,0.165433907,0.191337337,0.154699003,0.158226016,0.199210784,0.18487154,0.184995222,0.20213497,0.177752022,0.18518538,0.211429874,0.1658736,0.183363138,0.205964968,0.18632377
United States,Calvert Cliffs 1-2,PWR,CO2,0,0,0,0.033612274,0.049248548,0.083553534,0.075965917,0.074281315,0.084036822,0.088415562,0.079529972,0.08962915,0.088679836,0.076465162,0.098478762,0.077482981,0.090266783,0.021434038,0.010312976,0.0698152,0.082114104,0.094433567,0.086400712,0.099276033,0.0927808,0.100786805,0.102351583,0.102234981,0.10617485,0.104760657,0.093019298,0.105013885,0.11143371,0.113078805,0.106293907,0.110106664,0.112581633,0.111617359,0.10735085,0.109931836,0.104150181,0.109713896,0.110093137,0.11239069,0.11327565
United States,Calvert Cliffs 1-2,PWR,CH4,0,0,0,0.086431562,0.126639123,0.214851946,0.195340932,0.191009096,0.216094685,0.227354301,0.204505644,0.230474959,0.228033863,0.196624701,0.253231101,0.199241951,0.232114586,0.055116099,0.026519079,0.1795248,0.211150553,0.242829173,0.22217326,0.255281227,0.2385792,0.259166072,0.263189786,0.262889951,0.273021041,0.269384548,0.239192483,0.270035704,0.286543825,0.290774072,0.273327189,0.28313142,0.289495627,0.287016065,0.276045041,0.282681863,0.267814751,0.282121447,0.283096638,0.289004629,0.291280241
United States,Catawba 1-2,PWR,CO2,0,0,0,0,0,0,0,0,0,0,0,0,0,0.026392953,0.05004206,0.104140515,0.100300757,0.109717962,0.102821293,0.107059266,0.125228274,0.12101017,0.134020734,0.12797005,0.119477381,0.136439857,0.134829205,0.137538455,0.137348592,0.142309885,0.150769721,0.134374531,0.142276898,0.14787406,0.129599189,0.141322904,0.145572843,0.137409117,0.145477797,0.144093217,0.136772712,0.147026543,0.143512112,0.141000532,0.150035967
United States,Catawba 1-2,PWR,CH4,0,0,0,0,0,0,0,0,0,0,0,0,0,0.067867595,0.128679584,0.267789896,0.25791623,0.282131901,0.264397611,0.275295254,0.322015562,0.311169009,0.344624746,0.329065841,0.307227551,0.350845348,0.346703672,0.353670312,0.353182093,0.365939704,0.387693567,0.34553451,0.365854883,0.380247584,0.333255058,0.363401753,0.37433017,0.353337732,0.374085764,0.370525414,0.35170126,0.378068252,0.369031144,0.362572796,0.385806773
United States,Comanche Peak 1-2,PWR,CO2,0,0,0,0,0,0,0,0,0,0,0,0,0,0,0,0,0,0,0.025584943,0.041121797,0.053219024,0.086548,0.11223589,0.130183353,0.116039748,0.134560559,0.136941172,0.133153655,0.141824603,0.1405544,0.127181983,0.136159321,0.146190531,0.141482083,0.152628,0.144570136,0.14755325,0.154509907,0.155023879,0.148970357,0.15362994,0.15815635,0.143898705,0.154183418,0.157293184
United States,Comanche Peak 1-2,PWR,CH4,0,0,0,0,0,0,0,0,0,0,0,0,0,0,0,0,0,0,0.065789852,0.105741764,0.136848921,0.222552,0.288606575,0.334757195,0.298387923,0.346012865,0.352134444,0.342395112,0.364691836,0.3614256,0.327039386,0.350123967,0.37591851,0.363811068,0.392472,0.37175178,0.379422641,0.397311189,0.398632833,0.38306663,0.395048416,0.406687759,0.370025243,0.396471646,0.404468186
United States,Crystal River 3,PWR,CO2,0,0,0,0,0,0.030974136,0.019968219,0.028857643,0.025725479,0.031327014,0.037709479,0.028938192,0.049701381,0.021967189,0.020353392,0.027775847,0.044248131,0.022476712,0.031781304,0.041863376,0.040779507,0.046641096,0.04556605,0.055500986,0.018544208,0,0.049723934,0.048889457,0.055215464,0.049971869,0.056002378,0.05047234,0.056025392,0.04871954,0.053343683,0.051189293,0.05369909,0.041330608,0,0,0,0,0,0,0
United States,Crystal River 3,PWR,CH4,0,0,0,0,0,0.07964778,0.051346849,0.07420537,0.066151233,0.080555178,0.096967233,0.074412493,0.127803551,0.056487058,0.052337293,0.071423605,0.11378091,0.05779726,0.081723353,0.107648679,0.104861589,0.119934247,0.117169841,0.142716822,0.047685107,0,0.127861546,0.125715748,0.14198262,0.12849909,0.144006115,0.129786016,0.144065293,0.125278816,0.137169468,0.131629611,0.138083375,0.106278707,0,0,0,0,0,0,0
United States,Davis-Besse 1,PWR,CO2,0,0,0,0,0,0.005441972,0.020056438,0.024004055,0.016060493,0.033472657,0.024686795,0.037460931,0.032921557,0.014904592,2.68E-05,0.03884697,0.008932383,0.056169611,0.031923605,0.044829611,0.05868869,0.046667178,0.048980822,0.058842729,0.049527704,0.055105228,0.047029874,0.05653691,0.051938312,0.058998302,0.007126729,0,0.044327683,0.055059736,0.048907331,0.059112986,0.052390224,0.05837509,0.039799583,0.048629786,0.054478795,0.058909085,0.045837977,0.060536295,0.049056997
United States,Davis-Besse 1,PWR,CH4,0,0,0,0,0,0.013993644,0.051573699,0.061724712,0.041298411,0.086072548,0.063480328,0.09632811,0.08465543,0.038326093,6.88E-05,0.099892209,0.022968986,0.144436142,0.082089272,0.115276142,0.150913775,0.120001315,0.125950685,0.151309874,0.127356953,0.141699156,0.120933962,0.145380625,0.13355566,0.151709917,0.018325874,0,0.113985468,0.14158218,0.12576171,0.152004822,0.134717721,0.150107375,0.102341786,0.125048022,0.140088328,0.151480504,0.117869082,0.155664757,0.126146564
United States,Diablo Canyon 1-2,PWR,CO2,0,0,0,0,0,0,0,0,0,0,0,0,0.001564931,0.044299683,0.092621929,0.107496833,0.088368536,0.121327222,0.124976657,0.11571863,0.128128383,0.129062357,0.117124997,0.124831902,0.128260866,0.131013611,0.131383671,0.127868176,0.130733534,0.139332296,0.125303989,0.132794104,0.117000264,0.136280066,0.141722805,0.142596636,0.131541238,0.124548066,0.141380285,0.143209336,0.13632103,0.138709085,0.130894718,0.142302017,0.145299824
United States,Diablo Canyon 1-2,PWR,CH4,0,0,0,0,0,0,0,0,0,0,0,0,0.00402411,0.113913468,0.238170674,0.276420427,0.22723338,0.311984285,0.321368548,0.297562191,0.329472986,0.33187463,0.301178564,0.320996317,0.329813654,0.336892142,0.337843726,0.328803879,0.336171946,0.358283047,0.322210258,0.341470553,0.30085782,0.350434454,0.364430072,0.366677063,0.338248899,0.320266454,0.363549304,0.36825258,0.350539791,0.356680504,0.336586417,0.36591947,0.373628121
United States,Donald Cook 1-2,PWR,CO2,0,0,0,0.034143124,0.052201972,0.036712986,0.077486357,0.089091397,0.10089589,0.101001753,0.094726685,0.094358466,0.099074893,0.059833238,0.084273403,0.077175134,0.075109424,0.092776121,0.08526537,0.11908937,0.049233666,0.125142664,0.071273195,0.107392043,0.12577646,0.079942455,0,0,0.037739781,0.12090845,0.118356307,0.104959803,0.128646498,0.134027102,0.120322674,0.133304241,0.115347112,0.063873676,0.12002457,0.133159178,0.135948055,0.124891967,0.135239129,0.126730642,0
United States,Donald Cook 1-2,PWR,CH4,0,0,0,0.087796603,0.134233644,0.094404822,0.19925063,0.229092164,0.259446575,0.259718795,0.243582904,0.242636054,0.254764011,0.153856899,0.216703036,0.198450346,0.193138521,0.238567167,0.219253809,0.306229809,0.126600854,0.32179542,0.183273928,0.27615097,0.323425184,0.205566312,0,0,0.097045151,0.310907441,0.304344789,0.269896636,0.330805283,0.344641117,0.309401162,0.342782335,0.29660686,0.164246597,0.308634609,0.342409315,0.349580712,0.321150773,0.347757759,0.325878794,0
United States,Farley 1-2,PWR,CO2,0,0,0,0,0,0.008038685,0.045412164,0.013289643,0.035347507,0.042757917,0.080890083,0.086322083,0.092450324,0.087013643,0.089741381,0.087108843,0.095572822,0.08932583,0.093478038,0.093251507,0.084980997,0.09299383,0.101314357,0.08318171,0.098832943,0.097538883,0.088290981,0.096525129,0.096401698,0.093360898,0.104982586,0.107314871,0.100861217,0.1055096,0.107701195,0.10051509,0.107987869,0.10719451,0.101027683,0.110705479,0.113250334,0.108149271,0.111271282,0.10963907,0.105082926
United States,Farley 1-2,PWR,CH4,0,0,0,0,0,0.020670904,0.116774137,0.03417337,0.090893589,0.109948932,0.208003068,0.221971068,0.237729403,0.22374937,0.230763551,0.22399417,0.245758685,0.229694991,0.240372099,0.239789589,0.218522564,0.239126991,0.26052263,0.213895825,0.254141852,0.250814268,0.227033951,0.248207474,0.247890083,0.240070883,0.269955222,0.275952526,0.259357414,0.2713104,0.276945928,0.258467375,0.27768309,0.275643025,0.259785468,0.284671233,0.291215146,0.278098126,0.286126155,0.281929038,0.270213238
United States,Fort Calhoun 1,PWR,CO2,0,0.004620383,0.018536,0.015962302,0.016842192,0.022420712,0.021858411,0.028123507,0.015421479,0.01649085,0.026712,0.021095124,0.01788755,0.023521917,0.02765909,0.023478729,0.02015555,0.025284767,0.018543057,0.024923605,0.019462915,0.023797469,0.03159566,0.025818071,0.02400137,0.029290531,0.026055957,0.027496843,0.02990285,0.027034269,0.029216043,0.026926564,0.03123189,0.022397238,0.023784274,0.033525436,0.026981567,0.028401512,0.032690576,0.009033721,0,0.000732066,0.03209009,0.02705007,0.024418302
United States,Fort Calhoun 1,PWR,CH4,0,0.011880986,0.047664,0.041045917,0.043308493,0.05765326,0.056207342,0.072317589,0.039655233,0.042405041,0.068688,0.054244603,0.045996559,0.060484932,0.071123375,0.060373874,0.051828559,0.065017973,0.047682148,0.064089272,0.050047496,0.06119349,0.081245984,0.066389326,0.061717809,0.07531851,0.06700103,0.07070617,0.076893041,0.06951669,0.07512697,0.069239737,0.080310575,0.057592899,0.061159562,0.086208263,0.069381173,0.07303246,0.084061479,0.023229567,0,0.001882454,0.082517374,0.069557323,0.062789917
United States,R. E. Ginna,PWR,CO2,0.019731178,0.026072986,0.01608811,0.023328986,0.015808876,0.023232329,0.024691397,0.022710685,0.023730959,0.025487671,0.018472329,0.023321315,0.024216395,0.027772164,0.027695222,0.029133041,0.02710377,0.02357715,0.02647634,0.026720822,0.026721819,0.026845019,0.025880515,0.027912395,0.022231617,0.029876767,0.033051967,0.027110521,0.029259233,0.032881052,0.029483233,0.029676855,0.03305143,0.030659464,0.031599112,0.037823243,0.036392329,0.035524712,0.037960022,0.033072296,0.035300866,0.03830469,0.035788209,0.036588387,0
United States,R. E. Ginna,PWR,CH4,0.050737315,0.067044822,0.041369425,0.059988822,0.040651397,0.059740274,0.063492164,0.058398904,0.061022465,0.065539726,0.047500274,0.059969096,0.062270728,0.071414137,0.071216285,0.074913535,0.069695409,0.060626959,0.068082016,0.068710685,0.068713249,0.069030049,0.066549896,0.071774728,0.057167014,0.076825973,0.084990773,0.069712767,0.075238027,0.084551277,0.075814027,0.076311912,0.084989391,0.07883862,0.08125486,0.09725977,0.093580274,0.09134926,0.097611485,0.085043047,0.090773654,0.098497775,0.092026824,0.094084426,0
United States,Haddam Neck,PWR,CO2,0.034648657,0.01860274,0.033306959,0.031649205,0.030912767,0.030786192,0.036116164,0.031593972,0.027342576,0.031182795,0.034814357,0.029041753,0.025849531,0.035579945,0.016423036,0.019470801,0.025414803,0.022731666,0.00913617,0.028450938,0.029848913,0.028710471,0.029188251,0.028074073,0.021277216,0,0,0,0,0,0,0,0,0,0,0,0,0,0,0,0,0,0,0,0
United States,Haddam Neck,PWR,CH4,0.089096548,0.047835616,0.085646465,0.081383672,0.079489973,0.079164493,0.092870137,0.081241644,0.070309479,0.080184328,0.08952263,0.074678795,0.066470222,0.091491288,0.042230663,0.050067775,0.065352348,0.058452854,0.023493009,0.073159555,0.076754347,0.073826926,0.075055502,0.072190475,0.054712839,0,0,0,0,0,0,0,0,0,0,0,0,0,0,0,0,0,0,0,0
United States,Shearon Harris 1,PWR,CO2,0,0,0,0,0,0,0,0,0,0,0,0,0,0,0,0,0.041007036,0.043256931,0.048627945,0.045470772,0.041638531,0.05774697,0.046526488,0.045769183,0.054218279,0.045329545,0.051486017,0.055571562,0.052762433,0.041435857,0.060104417,0.055516098,0.053763298,0.060839243,0.053923167,0.056790521,0.059999857,0.056791364,0.054317085,0.062227276,0.05463406,0.052842214,0.061753178,0.055763438,0
United States,Shearon Harris 1,PWR,CH4,0,0,0,0,0,0,0,0,0,0,0,0,0,0,0,0,0.105446663,0.11123211,0.125043288,0.116924844,0.10707051,0.148492209,0.11963954,0.117692186,0.139418433,0.116561688,0.132392614,0.142898301,0.135674827,0.106549348,0.154554214,0.142755683,0.138248483,0.15644377,0.138659573,0.146032767,0.154285348,0.146034937,0.139672504,0.160012997,0.140487584,0.135879978,0.158793885,0.143391699,0
United States,Indian Point 1-3,PWR,CO2,0.009563726,0.002808438,0.034993864,0.035640548,0.041110904,0.082320767,0.075412055,0.07366685,0.056334466,0.046782247,0.045219617,0.045689864,0.068529578,0.087402652,0.071748657,0.07671371,0.098006828,0.072459397,0.078660208,0.08571989,0.096973896,0.054651857,0.058566795,0.048853633,0.105128724,0.057665117,0.078009074,0.111766871,0.072834904,0.12069074,0.122656876,0.122580548,0.124737085,0.129523321,0.130097972,0.127648931,0.133233205,0.126890936,0.125199353,0.13029029,0.129447222,0.13080994,0.132595183,0.125644071,0.11582994
United States,Indian Point 1-3,PWR,CH4,0.024592438,0.007221699,0.08998422,0.091647123,0.105713753,0.211681973,0.193916712,0.189429041,0.144860054,0.120297205,0.116279014,0.11748822,0.176218915,0.224749677,0.184496548,0.197263825,0.252017556,0.186324164,0.202269107,0.220422575,0.249361447,0.140533348,0.150600328,0.125623627,0.270331003,0.148281732,0.200594762,0.287400526,0.187289753,0.310347616,0.315403397,0.315207123,0.320752504,0.333059967,0.334537644,0.32824011,0.342599672,0.32629098,0.321941195,0.335032175,0.332864285,0.336368416,0.340959042,0.323084752,0.297848416
United States,Kewaunee,PWR,CO2,0,0,0.014802411,0.025622685,0.025947945,0.027206795,0.029845698,0.026382904,0.027855781,0.028914411,0.029341698,0.028436493,0.029227397,0.028377271,0.029570071,0.030751057,0.030031572,0.028704296,0.029924252,0.028190476,0.030209929,0.029280405,0.030389972,0.029100208,0.024326093,0.01813326,0.028424833,0.033942597,0.029150148,0.02655566,0.034280669,0.031905655,0.029717436,0.023344559,0.028182805,0.035485666,0.033656,0.034638071,0.03828137,0.035247474,0.034642597,0.013297929,0,0,0
United States,Kewaunee,PWR,CH4,0,0,0.038063342,0.065886904,0.066723288,0.069960328,0.076746083,0.067841753,0.071629151,0.074351342,0.075450083,0.073122411,0.075156164,0.072970126,0.076037326,0.079074148,0.077224044,0.073811047,0.076948077,0.072489797,0.077682674,0.075292472,0.078145644,0.074829107,0.062552811,0.046628384,0.073092427,0.087280964,0.074957523,0.068285984,0.08815029,0.082043112,0.076416263,0.060028865,0.072470072,0.091248854,0.086544,0.089069326,0.098437809,0.090636362,0.089080964,0.034194674,0,0,0
United States,Maine Yankee,PWR,CO2,0,0.025816767,0.027419288,0.034539726,0.045480438,0.039466192,0.041079452,0.03482126,0.033781808,0.039982466,0.034705424,0.04398685,0.03938539,0.041075026,0.047881963,0.031014035,0.035331496,0.053251444,0.037280097,0.04805541,0.041102458,0.044031849,0.050875494,0.001515659,0.038831911,0,0,0,0,0,0,0,0,0,0,0,0,0,0,0,0,0,0,0,0
United States,Maine Yankee,PWR,CH4,0,0.066385973,0.07050674,0.088816438,0.116949699,0.101484493,0.105632877,0.089540384,0.086867507,0.102812054,0.089242521,0.113109041,0.101276719,0.105621494,0.12312505,0.079750376,0.09085242,0.136932283,0.095863108,0.123571055,0.105692035,0.113224754,0.130822698,0.003897409,0.099853486,0,0,0,0,0,0,0,0,0,0,0,0,0,0,0,0,0,0,0,0
United States,McGuire 1-2,PWR,CO2,0,0,0,0,0,0,0,0,0,0.000146521,0.033003945,0.035671233,0.099665195,0.095041743,0.087434411,0.114533271,0.118631243,0.116798817,0.086312647,0.125555452,0.109470948,0.094802476,0.119189557,0.137700241,0.121384986,0.104786664,0.143842367,0.131868724,0.141514224,0.142400943,0.138192197,0.145295298,0.139865983,0.1343552,0.141131967,0.135195124,0.131006783,0.145866576,0.144606038,0.13697063,0.138026115,0.14496743,0.134902523,0.149838791,0.152537019
United States,McGuire 1-2,PWR,CH4,0,0,0,0,0,0,0,0,0,0.000376767,0.084867288,0.091726027,0.256281928,0.244393052,0.224831342,0.294514126,0.30505177,0.300339814,0.221946805,0.322856877,0.281496723,0.243777797,0.30648743,0.354086335,0.312132822,0.26945142,0.369880373,0.339091003,0.363893721,0.366173852,0.355351364,0.373616483,0.359655386,0.3454848,0.362910773,0.347644603,0.336874586,0.375085479,0.371844099,0.352210191,0.354924296,0.372773391,0.346892202,0.38529975,0.392238049
United States,Millstone 2-3,PWR,CO2,0,0,0,0.001033315,0.034851945,0.033336876,0.034575781,0.033530192,0.037468603,0.04673085,0.038475836,0.018981698,0.050694115,0.02696937,0.039620767,0.104641217,0.10294457,0.090874729,0.103777819,0.052354936,0.071486915,0.098182115,0.100436383,0.082344241,0.027027211,0,0.026021283,0.097737414,0.125763879,0.118549008,0.114727276,0.123625753,0.127187047,0.119748022,0.127576898,0.125701896,0.118673129,0.127782717,0.128495529,0.122484581,0.131326367,0.1313424,0.121789739,0.133875552,0.127420789
United States,Millstone 2-3,PWR,CH4,0,0,0,0.002657096,0.089619288,0.085723397,0.088909151,0.086220493,0.096347836,0.120165041,0.098937863,0.048810083,0.130356296,0.069349809,0.101881973,0.269077414,0.264714609,0.233677874,0.266857249,0.13462698,0.183823496,0.252468296,0.258264986,0.211742335,0.069498542,0,0.066911868,0.251324778,0.323392833,0.304840307,0.295012997,0.317894795,0.327052405,0.307923485,0.328054883,0.323233447,0.305159474,0.328584132,0.330417074,0.314960351,0.337696373,0.3377376,0.313173613,0.344251421,0.327653458
United States,North Anna 1-2,PWR,CO2,0,0,0,0,0,0,0.030466302,0.032132493,0.051500822,0.078941589,0.049441864,0.085249643,0.065220745,0.096753578,0.094607704,0.070746871,0.113390641,0.078245271,0.101338443,0.102104724,0.08962171,0.091424757,0.109591003,0.106406443,0.100240307,0.115009578,0.109722795,0.117443507,0.116847683,0.100466992,0.104896669,0.105730071,0.113584033,0.118024986,0.115783145,0.107296997,0.110722126,0.116622762,0.102790378,0.096032483,0.117624471,0.115108997,0.121893414,0.124794064,0.11599955
United States,North Anna 1-2,PWR,CH4,0,0,0,0,0,0,0.078341917,0.082626411,0.132430685,0.202992658,0.12713622,0.21921337,0.167710488,0.248794915,0.243276953,0.181920526,0.291575935,0.201202126,0.26058457,0.262555003,0.230455825,0.23509223,0.281805436,0.27361657,0.257760789,0.295738915,0.282144328,0.301997589,0.300465468,0.258343693,0.26973429,0.271877326,0.292073227,0.303492822,0.297728088,0.275906564,0.284714038,0.299887101,0.264318115,0.246940668,0.302462926,0.295994564,0.313440207,0.320899021,0.298284559
United States,Oconee 1-2-3,PWR,CO2,0,0.018045041,0.04868011,0.117425864,0.099680767,0.100091945,0.122010192,0.109316603,0.109122521,0.106350136,0.08230389,0.137453917,0.144427683,0.130308702,0.127813096,0.125457183,0.143436098,0.140334619,0.154590915,0.146098707,0.135572548,0.154614389,0.137376669,0.151907671,0.118543331,0.105277315,0.13376674,0.152195189,0.156416745,0.146133841,0.158672471,0.146868515,0.143324636,0.15831806,0.152868264,0.157771102,0.15488549,0.160315957,0.160685786,0.156012778,0.158417786,0.161288822,0.162596203,0.168312283,0.162454543
United States,Oconee 1-2-3,PWR,CH4,0,0.046401535,0.125177425,0.30195222,0.256321973,0.257379288,0.313740493,0.281099836,0.280600767,0.27347178,0.211638575,0.353452932,0.371385468,0.335079517,0.328662247,0.322604186,0.368835683,0.360860449,0.397519496,0.375682389,0.348615123,0.397579858,0.35325429,0.390619726,0.30482571,0.270713096,0.343971616,0.391359058,0.402214488,0.375772735,0.408014926,0.377661896,0.368549063,0.407103584,0.39308982,0.405697117,0.398276975,0.41224103,0.413192022,0.401175715,0.407360022,0.414742685,0.418104521,0.432803014,0.417740252
United States,Palisades,PWR,CO2,0.014568438,0.018497643,0.000715726,0.018624219,0.021839233,0.03900515,0.02013085,0.026338411,0.01825063,0.026563178,0.025660274,0.028920548,0.006225589,0.040671343,0.006453348,0.020209326,0.026352372,0.027906257,0.023075759,0.037388362,0.037321085,0.027199507,0.034626641,0.035774948,0.04076754,0.044519693,0.041352395,0.039340843,0.0440944,0.018070586,0.048860921,0.047240603,0.041011485,0.050981786,0.045391529,0.044692757,0.052449983,0.04693805,0.047873557,0.050944734,0.039723255,0.046347288,0.044740291,0.048454494,0.054015376
United States,Palisades,PWR,CH4,0.037461699,0.04756537,0.001840438,0.047890849,0.056158027,0.100298959,0.051765041,0.067727342,0.046930191,0.068305315,0.065983562,0.074367123,0.016008658,0.104583452,0.016594323,0.051966838,0.067763244,0.071758948,0.059337665,0.096141501,0.095968504,0.069941589,0.089039935,0.091992723,0.104830816,0.114479211,0.106334728,0.10116217,0.1133856,0.046467222,0.125642367,0.121475836,0.105458104,0.131096022,0.116721074,0.11492423,0.134871386,0.120697841,0.12310343,0.131000746,0.102145512,0.11917874,0.115046462,0.124597271,0.138896679
United States,Palo Verde 1-3,PWR,CO2,0,0,0,0,0,0,0,0,0,0,0,0,0,0.008650466,0.048058357,0.10324183,0.17990069,0.06001451,0.158009676,0.192515572,0.196456515,0.169027715,0.177749293,0.20700446,0.221305403,0.226427485,0.23213726,0.233265085,0.233056428,0.221034992,0.236748898,0.219291628,0.215724121,0.197944734,0.184203408,0.205559814,0.224387474,0.235306476,0.239341929,0.239939978,0.24497246,0.241115134,0.247959575,0.249484883,0.247344483
United States,Palo Verde 1-3,PWR,CH4,0,0,0,0,0,0,0,0,0,0,0,0,0,0.022244054,0.12357863,0.265478991,0.462601775,0.154323025,0.406310597,0.495040044,0.505173896,0.434642696,0.457069611,0.532297184,0.569071036,0.582242104,0.596924384,0.599824504,0.599287956,0.568375693,0.608782883,0.563892756,0.554719167,0.509000746,0.473665907,0.528582378,0.576996362,0.605073797,0.615450674,0.616988515,0.629929184,0.620010346,0.637610338,0.641532558,0.636028668
United States,Point Beach 1-2,PWR,CO2,0.025400986,0.043981479,0.048509808,0.05113874,0.054785643,0.05607211,0.058711014,0.051912,0.046542904,0.048598795,0.048383233,0.041433864,0.050795683,0.053370762,0.055137907,0.055027595,0.05791497,0.054399167,0.056193238,0.056137392,0.055799243,0.058679485,0.058741392,0.055067102,0.053343298,0.012879924,0.043787167,0.05421897,0.058777524,0.061715605,0.061217129,0.0618016,0.061491989,0.052729524,0.065668898,0.063552405,0.059934729,0.062657326,0.063613162,0.05350777,0.075087715,0.076289643,0.072529535,0.076803276,0.077888176
United States,Point Beach 1-2,PWR,CH4,0.065316822,0.113095233,0.124739507,0.131499616,0.14087737,0.144185425,0.150971178,0.133488,0.119681753,0.124968328,0.124414027,0.10654422,0.130617468,0.137239101,0.141783189,0.141499528,0.148924209,0.139883573,0.144496899,0.144353293,0.14348377,0.150890104,0.151049293,0.141601117,0.137168483,0.033119803,0.112595573,0.139420209,0.151142203,0.158697272,0.157415474,0.1589184,0.158122258,0.135590203,0.168862883,0.163420472,0.154117874,0.161118838,0.163576701,0.137591409,0.193082696,0.19617337,0.186504517,0.19749414,0.200283879
United States,Prairie Island 1-2,PWR,CO2,0,5.52E-05,0.011196931,0.052704438,0.045485041,0.058276822,0.059337753,0.054495671,0.050433753,0.05317315,0.059649205,0.05834126,0.061871178,0.055930345,0.058865512,0.061772296,0.059141753,0.063513743,0.058557436,0.064956011,0.051560581,0.06232286,0.063449995,0.065107364,0.063109392,0.054969447,0.057863112,0.066480592,0.066883715,0.060700164,0.066503912,0.06779314,0.063382795,0.064185436,0.062256964,0.068379298,0.062281283,0.063314521,0.067375902,0.066018936,0.054164504,0.059255671,0.064311915,0.056627448,0.063470093
United States,Prairie Island 1-2,PWR,CH4,0,0.000142027,0.02879211,0.135525699,0.116961535,0.149854685,0.152582795,0.140131726,0.129686795,0.136730959,0.153383672,0.150020384,0.159097315,0.143820888,0.15136846,0.158843047,0.152078795,0.163321052,0.150576263,0.167029742,0.132584351,0.160258784,0.163157128,0.167418937,0.162281293,0.141350005,0.14879086,0.170950093,0.171986696,0.156086137,0.17101006,0.174325216,0.162984328,0.165048263,0.160089337,0.175832483,0.160151868,0.162808767,0.173252317,0.16976298,0.139280153,0.152371726,0.165373497,0.145613437,0.163208811
United States,Rancho Seco 1,PWR,CO2,0,0,0.001514302,0.019257096,0.016915069,0.045056986,0.038232657,0.043817315,0.033867726,0.020183781,0.025825205,0.021868383,0.028901761,0.014853317,0,0,0.02187953,0.011093285,0,0,0,0,0,0,0,0,0,0,0,0,0,0,0,0,0,0,0,0,0,0,0,0,0,0,0
United States,Rancho Seco 1,PWR,CH4,0,0,0.003893917,0.049518247,0.04349589,0.115860822,0.098312548,0.112673096,0.087088438,0.051901151,0.066407672,0.056232986,0.074318815,0.038194244,0,0,0.056261649,0.028525592,0,0,0,0,0,0,0,0,0,0,0,0,0,0,0,0,0,0,0,0,0,0,0,0,0,0,0
United States,H. B. Robinson 2,PWR,CO2,0.038988274,0.028886028,0.036922411,0.031995945,0.037391124,0.031683726,0.030531507,0.030724055,0.024631562,0.026932164,0.017401424,0.025679452,0.001720504,0.04019657,0.03681885,0.032491276,0.024413162,0.021406805,0.025462279,0.036762389,0.031167529,0.03216755,0.03571005,0.038615683,0.041885698,0.047543157,0.042234433,0.04360697,0.047846093,0.042307157,0.043005776,0.049401972,0.04404983,0.044264088,0.049423452,0.044016921,0.041649117,0.049657348,0.027603857,0.048818192,0.041333447,0.043698871,0.047230124,0.043895906,0.049342828
United States,H. B. Robinson 2,PWR,CH4,0.100255562,0.074278356,0.094943342,0.082275288,0.096148603,0.081472438,0.078509589,0.079004712,0.063338301,0.069254137,0.044746521,0.066032877,0.004424153,0.103362609,0.094677041,0.083548997,0.062776701,0.055046072,0.065474433,0.094531858,0.080145074,0.082716559,0.091825841,0.099297468,0.107706083,0.12225383,0.108602827,0.112132209,0.123032811,0.10878983,0.110586279,0.127033644,0.113270991,0.11382194,0.127088877,0.113186367,0.107097732,0.127690323,0.070981348,0.125532493,0.106286005,0.112368526,0.121448891,0.112875186,0.126881556
United States,Salem 1-2,PWR,CO2,0,0,0,0,2.45E-05,0.026068383,0.034804383,0.01598915,0.043647781,0.070582017,0.092431452,0.047438904,0.04131611,0.107713852,0.095136559,0.095070817,0.102800121,0.107688383,0.087799638,0.111022838,0.077114915,0.087805698,0.087345348,0.035488428,0,0.019671189,0.10949051,0.12242183,0.132975912,0.132152483,0.130318904,0.13188606,0.124676483,0.140587693,0.148633743,0.144433205,0.134674553,0.15073405,0.143692702,0.138071145,0.143109534,0.148722115,0.125690893,0.14321688,0.121017381
United States,Salem 1-2,PWR,CH4,0,0,0,0,6.32E-05,0.067032986,0.089496986,0.041114959,0.112237151,0.181496614,0.237680877,0.121985753,0.106241425,0.276978477,0.244636865,0.244467814,0.264343167,0.276912986,0.225770499,0.285487299,0.198295496,0.225786083,0.224602323,0.091255956,0,0.050583058,0.281547025,0.314798991,0.34193806,0.339820668,0.335105753,0.339135584,0.320596668,0.361511211,0.382201052,0.371399672,0.346305995,0.387601841,0.369495517,0.355040088,0.367995946,0.382428296,0.323205154,0.368271976,0.311187551
United States,San Onofre 1-3,PWR,CO2,0.022745205,0.017455124,0.024126795,0.024893917,0.018998576,0.017941479,0.020561972,0.025740822,0.006263562,0.005973589,0.004880438,0.035729534,0.078383814,0.087218005,0.107499902,0.126435036,0.126829797,0.117048208,0.126370828,0.12649863,0.142315562,0.113405753,0.141587178,0.107379079,0.133394071,0.103555967,0.134160734,0.127802893,0.13929394,0.116382652,0.138531879,0.140450685,0.115480055,0.141150762,0.10430491,0.132019079,0.118122411,0.119244789,0.10609875,0.138909611,0.007760603,0,0,0,0
United States,San Onofre 1-3,PWR,CH4,0.058487672,0.044884603,0.062040328,0.064012932,0.048853479,0.046135233,0.052873644,0.066190685,0.016106301,0.015360658,0.012549699,0.091875946,0.201558378,0.224274872,0.276428317,0.325118663,0.326133764,0.300981107,0.324953556,0.325282191,0.365954301,0.291614795,0.364081315,0.276117633,0.343013326,0.266286773,0.344984746,0.328636011,0.358184416,0.299269677,0.356224833,0.361158904,0.296948712,0.362959101,0.268212625,0.339477633,0.303743342,0.306629458,0.272825359,0.357196142,0.019955836,0,0,0,0
United States,Seabrook 1,PWR,CO2,0,0,0,0,0,0,0,0,0,0,0,0,0,0,0,0,0,0,0.031406028,0.052274696,0.060360636,0.069400186,0.047588493,0.064289841,0.075517074,0.060953315,0.0643496,0.066630104,0.060767595,0.066680197,0.071291605,0.071153983,0.078069907,0.072533117,0.072089643,0.08257223,0.071723266,0.067634729,0.083693534,0.064144855,0.062818652,0.083816734,0.078003588,0.072787014,0.082546685
United States,Seabrook 1,PWR,CH4,0,0,0,0,0,0,0,0,0,0,0,0,0,0,0,0,0,0,0.080758356,0.134420647,0.155213063,0.178457622,0.122370411,0.165316735,0.194186762,0.156737096,0.1654704,0.171334553,0.156259528,0.171463364,0.183321272,0.182967386,0.200751189,0.186513732,0.18537337,0.212328591,0.184431254,0.173917874,0.215211946,0.164943912,0.161533677,0.215528746,0.200580655,0.187166607,0.212262904
United States,Sequoyah 1-2,PWR,CO2,0,0,0,0,0,0,0,0,0.003980143,0.036884131,0.077611857,0.107645041,0.09595155,0.074418936,0,0,0.03116354,0.119811617,0.107597786,0.127258236,0.120273962,0.025966126,0.091755617,0.120570148,0.130226772,0.13079406,0.143492483,0.145492219,0.128713698,0.14543783,0.141883824,0.119743343,0.143876811,0.145746521,0.138087408,0.143073786,0.145119474,0.136199134,0.138088022,0.143360536,0.12723223,0.141662586,0.14492344,0.126700944,0.132476208
United States,Sequoyah 1-2,PWR,CH4,0,0,0,0,0,0,0,0,0.010234652,0.09484491,0.199573348,0.276801535,0.246732559,0.19136298,0,0,0.080134816,0.308087014,0.276680022,0.327235463,0.309275901,0.066770038,0.235943014,0.310037523,0.334868844,0.336327584,0.368980668,0.374122849,0.330978083,0.373982991,0.364844121,0.307911452,0.369968942,0.374776767,0.355081907,0.367904022,0.373164362,0.350226346,0.355083485,0.36864138,0.327168591,0.364275222,0.372660276,0.325802428,0.340653107
United States,South Texas 1-2,PWR,CO2,0,0,0,0,0,0,0,0,0,0,0,0,0,0,0,0,0.02141417,0.071605896,0.096082498,0.111292483,0.13506057,0.010404724,0.10925669,0.147478378,0.158677381,0.152244285,0.159898028,0.149164285,0.146897359,0.152471276,0.146426883,0.121044307,0.164223298,0.152189819,0.163938159,0.170136438,0.165235517,0.163827924,0.16206845,0.156795014,0.143016098,0.138590871,0.158824576,0.149513672,0.166780734
United States,South Texas 1-2,PWR,CH4,0,0,0,0,0,0,0,0,0,0,0,0,0,0,0,0,0.055065009,0.184129447,0.247069283,0.286180668,0.347298609,0.026755003,0.280945775,0.379230115,0.408027551,0.391485304,0.411166356,0.383565304,0.377736065,0.392068997,0.376526268,0.311256789,0.422288483,0.391345249,0.421555265,0.437493699,0.424891332,0.421271803,0.416747441,0.403187178,0.367755683,0.356376526,0.408406053,0.384463727,0.428864746
United States,St. Lucie 1-2,PWR,CO2,0,0,0,0,0.002433315,0.040992767,0.038430576,0.03750926,0.039904986,0.038008657,0.052046247,0.028194083,0.075240296,0.091880197,0.101285283,0.089518378,0.104812898,0.095052636,0.075523057,0.101429348,0.096452866,0.077942948,0.090451736,0.082967222,0.093641512,0.093716921,0.105670696,0.105446543,0.109836943,0.102926926,0.110039157,0.102764986,0.100537107,0.094902664,0.10365017,0.087499693,0.105558696,0.101841447,0.096917819,0.080701907,0.076784362,0.119841611,0.12134699,0.115642727,0.119582707
United States,St. Lucie 1-2,PWR,CH4,0,0,0,0,0.006257096,0.105409973,0.098821479,0.096452384,0.102612822,0.097736548,0.133833205,0.072499068,0.193475047,0.236263364,0.260447868,0.230190115,0.269518883,0.244421063,0.194202148,0.260818323,0.248021654,0.200424723,0.23259018,0.213344285,0.24079246,0.240986367,0.271724647,0.271148252,0.282437852,0.264669238,0.28295783,0.264252822,0.258523989,0.24403542,0.266529009,0.224999211,0.271436647,0.261878005,0.249217249,0.207519189,0.197445501,0.308164142,0.312035118,0.297367013,0.307498389
United States,Surry 1-2,PWR,CO2,0.003126795,0.052603178,0.045863233,0.068362192,0.059376876,0.072732493,0.077296876,0.021990357,0.036163726,0.05774674,0.084194083,0.058325917,0.065539102,0.07433977,0.068945743,0.072296383,0.047990696,0.031176734,0.08139155,0.08113211,0.089371934,0.082626083,0.085479704,0.086411298,0.101407869,0.092758553,0.099198707,0.099657217,0.100400022,0.097135989,0.104889764,0.084628274,0.103629688,0.101529611,0.095893172,0.101885786,0.103541238,0.099800055,0.101048778,0.099952176,0.104440767,0.110500964,0.109959804,0.090465449,0.112080702
United States,Surry 1-2,PWR,CH4,0.008040328,0.135265315,0.117934027,0.175788493,0.152683397,0.187026411,0.198763397,0.05654663,0.092992438,0.148491616,0.216499068,0.149980932,0.168529117,0.191159409,0.177289052,0.185904986,0.123404647,0.080168746,0.209292559,0.208625425,0.229813546,0.212467068,0.219804953,0.222200483,0.26076309,0.238521995,0.255082389,0.256261414,0.258171485,0.249778258,0.269716537,0.217615562,0.26647634,0.261076142,0.246582444,0.261992022,0.266248899,0.256628712,0.259839715,0.257019879,0.268561973,0.284145337,0.28275378,0.232625438,0.288207517
United States,Three Mile Island 1,PWR,CO2,0,0,0.018796055,0.042510904,0.033326904,0.041935562,0.048469917,0.016928876,0,0,0,0,0,0.006226433,0.036961995,0.038619364,0.041926586,0.0553616,0.040781655,0.043505326,0.053211583,0.045737502,0.050560329,0.049003759,0.054467748,0.045404264,0.054152767,0.048546707,0.054810422,0.04155246,0.056103715,0.047600536,0.055795331,0.051822247,0.05544023,0.050977567,0.056499397,0.045195912,0.050889041,0.050007464,0.053992131,0.051237852,0.05606835,0.050590891,0.054332657
United States,Three Mile Island 1,PWR,CH4,0,0,0.048332712,0.109313753,0.085697753,0.107834301,0.124636932,0.043531397,0,0,0,0,0,0.016010827,0.095045128,0.099306937,0.107811222,0.1423584,0.104867112,0.111870838,0.136829786,0.117610717,0.130012274,0.126009665,0.140059923,0.11675382,0.139249973,0.124834389,0.140941085,0.106849184,0.144266696,0.12240138,0.14347371,0.133257205,0.142560591,0.131085173,0.145284164,0.11621806,0.130857535,0.12859062,0.13883691,0.131754477,0.144175759,0.130090862,0.139712548
United States,Trojan,PWR,CO2,0,0,0,0,0.016776219,0.050019507,0.013084822,0.040555507,0.046633424,0.049312219,0.036941589,0.03144285,0.036455486,0.053043722,0.054420639,0.033470387,0.04866917,0.042557975,0.046828428,0.011477477,0.035379319,0,0,0,0,0,0,0,0,0,0,0,0,0,0,0,0,0,0,0,0,0,0,0,0
United States,Trojan,PWR,CH4,0,0,0,0,0.043138849,0.128621589,0.033646685,0.104285589,0.119914521,0.126802849,0.094992658,0.080853041,0.093742678,0.136398141,0.139938785,0.086066709,0.125149295,0.109434792,0.120415956,0.02951351,0.090975393,0,0,0,0,0,0,0,0,0,0,0,0,0,0,0,0,0,0,0,0,0,0,0,0
United States,Turkey Point 3-4,PWR,CO2,0.000775562,0,0.061310028,0.06419211,0.062112438,0.062482959,0.063625972,0.051613589,0.06325315,0.041734576,0.058444055,0.056075945,0.060359792,0.065964317,0.047999364,0.027177874,0.051671124,0.043823222,0.059631024,0.016417205,0.061910685,0.079808745,0.074942345,0.084376657,0.083740712,0.082043145,0.088907748,0.090885852,0.086499288,0.089226257,0.092588022,0.084445315,0.082950576,0.077018181,0.084120362,0.086124164,0.087255902,0.081964438,0.086745611,0.083714247,0.059166224,0.083724219,0.092466333,0.100085792,0.10535257
United States,Turkey Point 3-4,PWR,CH4,0.001994301,0,0.157654356,0.165065425,0.159717699,0.160670465,0.163609644,0.132720658,0.162650959,0.107317479,0.150284712,0.144195288,0.155210893,0.169622532,0.123426937,0.069885962,0.132868603,0.112688285,0.153336921,0.042215672,0.159198904,0.205222488,0.192708888,0.216968548,0.21533326,0.210968088,0.228619923,0.233706477,0.22242674,0.229438948,0.238083485,0.217145096,0.213301479,0.198046751,0.216309501,0.221462137,0.224372317,0.210765699,0.223060142,0.215265205,0.152141721,0.215290849,0.23777057,0.257363463,0.270906609
United States,Virgil C. Summer 1,PWR,CO2,0,0,0,0,0,0,0,0,0,0,0.00146674,0.03319726,0.032285074,0.040159595,0.054930936,0.039645852,0.038879036,0.041522543,0.046927003,0.041011408,0.05765085,0.04686709,0.034183321,0.058004876,0.054888669,0.05575383,0.062819112,0.056585315,0.048779912,0.051838586,0.056610017,0.056399364,0.063236581,0.057299507,0.057698411,0.06504469,0.055064876,0.052717019,0.065106367,0.05696834,0.05585885,0.064207298,0.053045487,0.054554507,0
United States,Virgil C. Summer 1,PWR,CH4,0,0,0,0,0,0,0,0,0,0,0.003771616,0.085364384,0.083018762,0.103267528,0.14125098,0.101946477,0.099974663,0.106772252,0.120669436,0.105457907,0.148245041,0.120515375,0.087899967,0.149155397,0.14114229,0.143366991,0.16153486,0.145505096,0.12543406,0.133299222,0.145568614,0.145026937,0.162608351,0.147341589,0.148367342,0.167257775,0.141595397,0.135558049,0.167416373,0.146490016,0.143637041,0.165104483,0.136402681,0.140283018,0
United States,Vogtle 1-2,PWR,CO2,0,0,0,0,0,0,0,0,0,0,0,0,0,0,0,0,0.052162159,0.109365315,0.109093217,0.125801929,0.131662674,0.132571485,0.139223364,0.146901502,0.131848855,0.142538717,0.142727583,0.141522664,0.149852855,0.150364296,0.130853283,0.146889688,0.148292296,0.136647902,0.137676767,0.14044171,0.136375803,0.14794686,0.150436483,0.143676822,0.150035507,0.146387683,0.138796946,0.148480888,0.152351605
United States,Vogtle 1-2,PWR,CH4,0,0,0,0,0,0,0,0,0,0,0,0,0,0,0,0,0.134131265,0.281225096,0.280525414,0.323490674,0.338561162,0.340898104,0.358002937,0.377746717,0.339039912,0.366528132,0.367013786,0.36391542,0.385335912,0.386651047,0.336479868,0.37771634,0.381323047,0.351380317,0.354025973,0.361135825,0.350680636,0.380434784,0.386836668,0.369454685,0.385805589,0.376425468,0.356906435,0.381807996,0.391761272
United States,Waterford 3,PWR,CO2,0,0,0,0,0,0,0,0,0,0,0,0,0,0.021272866,0.056064285,0.057028559,0.050234378,0.05837371,0.066005052,0.055807759,0.058471364,0.070106093,0.060847605,0.059555233,0.068479945,0.051555902,0.066132011,0.057087321,0.065031957,0.07317635,0.067874531,0.06522949,0.074061304,0.060708219,0.071187583,0.075891507,0.069455189,0.068704098,0.07883097,0.06859885,0.060451693,0.072008789,0.070307052,0.064452226,0.077444931
United States,Waterford 3,PWR,CH4,0,0,0,0,0,0,0,0,0,0,0,0,0,0.054701654,0.144165304,0.146644865,0.129174115,0.150103825,0.169727277,0.143505665,0.150354937,0.180272811,0.156465272,0.153142027,0.176091288,0.132572317,0.170053742,0.146795967,0.16722503,0.188167759,0.17453451,0.167732975,0.190443353,0.156106849,0.183053786,0.195149589,0.178599058,0.176667683,0.202708209,0.176397041,0.155447211,0.185165458,0.180789564,0.165734293,0.19914411
United States,Watts Bar,PWR,CO2,0,0,0,0,0,0,0,0,0,0,0,0,0,0,0,0,0,0,0,0,0,0,0,0,0.042531079,0.05830206,0.074265052,0.063421381,0.069627102,0.073847736,0.069649808,0.06558605,0.075614729,0.067632811,0.05137463,0.077093512,0.062231419,0.07063257,0.074705995,0.063141764,0.065331824,0.076465315,0.067437479,0.0648447,0.086288559
United States,Watts Bar,PWR,CH4,0,0,0,0,0,0,0,0,0,0,0,0,0,0,0,0,0,0,0,0,0,0,0,0,0.109365633,0.149919584,0.190967277,0.163083551,0.179041117,0.18989418,0.179099507,0.168649841,0.194437874,0.173912942,0.132106191,0.19824046,0.160023649,0.181626609,0.192101128,0.162364537,0.167996121,0.196625096,0.173410662,0.166743515,0.221884866
United States,Wolf Creek,PWR,CO2,0,0,0,0,0,0,0,0,0,0,0,0,0,0.029258312,0.053438269,0.049894772,0.051216143,0.074481995,0.06051943,0.045194148,0.06513383,0.060668789,0.065558126,0.077189326,0.063162476,0.06480251,0.079786345,0.070242564,0.069588822,0.079371638,0.069360986,0.068292843,0.077730608,0.067667562,0.071728098,0.079544088,0.065250664,0.067265589,0.073304076,0.056388548,0.063640011,0.055047924,0.065779059,0.066365416,0.063299255
United States,Wolf Creek,PWR,CH4,0,0,0,0,0,0,0,0,0,0,0,0,0,0.07523566,0.13741269,0.128300844,0.131698652,0.191525128,0.155621391,0.116213523,0.167486991,0.156005458,0.168578038,0.198486838,0.162417797,0.166635025,0.205164888,0.180623737,0.178942685,0.204098499,0.178356822,0.17561017,0.199878707,0.174002301,0.184443683,0.20454194,0.16778742,0.172968658,0.188496197,0.144999123,0.163645742,0.141551803,0.169146154,0.170653929,0.162769512
United States,Yankee NPS,PWR,CO2,0.005294685,0.008024876,0.006992329,0.00915485,0.00960515,0.007863781,0.009155617,0.009452493,0.002238466,0.006789808,0.006767562,0.010303233,0.007871928,0.009064835,0.010683849,0.008711537,0.008567892,0.01002703,0.006339491,0.007610392,0,0,0,0,0,0,0,0,0,0,0,0,0,0,0,0,0,0,0,0,0,0,0,0,0
United States,Yankee NPS,PWR,CH4,0.013614904,0.020635397,0.017980274,0.023541041,0.024698959,0.020221151,0.023543014,0.024306411,0.005756054,0.017459507,0.017402301,0.026494027,0.0202421,0.023309576,0.027472754,0.022401094,0.022031724,0.025783791,0.01630155,0.01956958,0,0,0,0,0,0,0,0,0,0,0,0,0,0,0,0,0,0,0,0,0,0,0,0,0
United States,Zion 1-2,PWR,CO2,0,0.005415124,0.036518136,0.074769205,0.072460931,0.086756274,0.103576986,0.078992219,0.090463781,0.087831014,0.075840876,0.078446028,0.089704229,0.076443728,0.094065486,0.085910429,0.099726357,0.097377894,0.054411457,0.072050513,0.072699377,0.094457072,0.079004132,0.095058212,0.09924455,0.008279746,0,0,0,0,0,0,0,0,0,0,0,0,0,0,0,0,0,0,0
United States,Zion 1-2,PWR,CH4,0,0.013924603,0.09390378,0.192263672,0.18632811,0.223087562,0.266340822,0.203122849,0.232621151,0.225851178,0.195019397,0.201718356,0.230668018,0.196569587,0.241882678,0.22091253,0.256439204,0.250400298,0.139915174,0.185272747,0.186941254,0.242889613,0.203153484,0.244435404,0.255200271,0.021290774,0,0,0,0,0,0,0,0,0,0,0,0,0,0,0,0,0,0,0
United States,Browns Ferry 1-3,BWR,CO2,0,0.018490411,0.366344178,0.163258219,0.249480822,1.077963014,0.985045205,1.188812329,1.083796575,1.056212329,1.002802055,0.812471918,0.709305205,0.182196918,0,0,0,0,0,0.221466336,0.488387295,0.336322877,0.42762976,0.579959075,0.980980925,0.983688116,1.000550137,1.066395445,1.096315445,1.060632329,1.057920479,1.030185445,1.076345103,1.045376575,1.040462295,1.235874966,1.451029178,1.498714178,1.442259041,1.451341815,1.518444658,1.555506404,1.556681267,1.61090661,1.526209932
United States,Brunswick 1-2,BWR,CO2,0,0,0,0,0,0.082892466,0.144767808,0.315611986,0.577388699,0.397130479,0.337892466,0.341088699,0.283964041,0.31210137,0.376487123,0.405462808,0.518551233,0.567756336,0.488321507,0.488411747,0.489494041,0.469510308,0.185698801,0.232927945,0.627576541,0.698436267,0.634371884,0.751749897,0.775707671,0.762282911,0.803511404,0.805960103,0.802025068,0.857563836,0.864562945,0.846317637,0.84720839,0.87457839,0.866584897,0.840269829,0.862279007,0.847965822,0.833214247,0.841822534,0.892808562
United States,Clinton 1 (from 1987),BWR,CO2,0,0,0,0,0,0,0,0,0,0,0,0,0,0,0,0.094829144,0.341207466,0.166617466,0.20939226,0.352110171,0.287326781,0.342281027,0.431423904,0.355671438,0.309314418,0,0,0.27387524,0.401062603,0.458607021,0.445811027,0.50655226,0.465777877,0.505847226,0.479335959,0.538553014,0.497573116,0.517446815,0.501383562,0.504845856,0.545730856,0.484608288,0.529680993,0.470686918,0.519053082
United States,Columbia (from 1984),BWR,CO2,0,0,0,0,0,0,0,0,0,0,0,0,0.084908014,0.301365171,0.301761644,0.314265959,0.349336027,0.35676363,0.337162397,0.248744349,0.332164863,0.415799041,0.393201267,0.404505685,0.323851747,0.356877158,0.403041473,0.355118938,0.500989418,0.480757089,0.522883322,0.443331473,0.522900205,0.479858185,0.543084795,0.472073699,0.539670822,0.38622661,0.538010993,0.279817671,0.543400925,0.492586062,0.552926164,0.475121473,0.560395685
United States,Cooper 1974,BWR,CO2,0,0,0.109778082,0.19580274,0.212069178,0.26432089,0.284505479,0.290804795,0.220505137,0.224207877,0.307170205,0.194644178,0.202017637,0.062163527,0.23591226,0.32149387,0.244556062,0.27892226,0.297580925,0.27967387,0.362584966,0.216159658,0.129669247,0.240314795,0.369045548,0.31762637,0.283522158,0.379030719,0.275722534,0.303120479,0.3678375,0.26153976,0.359315377,0.34302274,0.344103288,0.388394692,0.347227329,0.333862534,0.39547589,0.335814041,0.338981164,0.396002774,0.344386815,0.3958025,0.344820548
United States,Dresden 2-3,BWR,CO2,0.497546918,0.507560616,0.406655137,0.300888356,0.489716438,0.507933219,0.555399315,0.490543151,0.51907637,0.500318151,0.525107877,0.440247603,0.384471301,0.437068836,0.358279075,0.451672534,0.494485753,0.574690822,0.539496164,0.324188836,0.422834829,0.467360274,0.334903493,0.312508904,0.29828887,0.560339212,0.690913185,0.719558767,0.770388185,0.729989315,0.791101986,0.79567976,0.71878911,0.793087842,0.84098476,0.845970068,0.837690719,0.830636884,0.849599452,0.856657945,0.861964623,0.897553425,0.881189178,0.884566473,0.899227226
United States,Duane Arnold 1974,BWR,CO2,0,0,0.084534247,0.133799315,0.144930822,0.168707534,0.071464041,0.168771575,0.162798288,0.129217466,0.132763014,0.135318836,0.15821411,0.112973733,0.185883938,0.148259795,0.204943733,0.183020137,0.175883048,0.241423288,0.199961918,0.188711644,0.239185342,0.217563322,0.229298562,0.241931541,0.22351274,0.21244411,0.259407774,0.224763288,0.266706712,0.232793459,0.287015308,0.264575308,0.296650582,0.263085479,0.307560856,0.272403459,0.259329178,0.303626404,0.253078767,0.309771438,0.24175339,0.305269349,0.273785582
United States,Fermi 2 1988,BWR,CO2,0,0,0,0,0,0,0,0,0,0,0,0,0,0,0,0,0.236373356,0.304528219,0.414420411,0.359848664,0.428305103,0.482329007,0,0.298781986,0.278871027,0.324860103,0.416079075,0.55218911,0.479597945,0.498590788,0.541606027,0.473195,0.492133116,0.510443048,0.43648839,0.484288664,0.559738973,0.432258767,0.450806815,0.51912411,0.301369247,0.384799658,0.454662671,0.427686233,0.532933699
United States,Fitz Patrick 1975,BWR,CO2,0,0,0,0.125386644,0.241982192,0.226670548,0.244369178,0.172602397,0.25232774,0.278270205,0.288749658,0.269805137,0.285236712,0.24257137,0.35022387,0.244423904,0.25365339,0.358359418,0.267920582,0.19659161,0,0.276335,0.289502432,0.279686678,0.308001575,0.385677603,0.287049658,0.382348048,0.350757158,0.412803082,0.383956644,0.405553048,0.375858356,0.410579692,0.39348887,0.402780651,0.389547432,0.430709555,0.370360137,0.421737979,0.353417192,0.398206952,0.339341541,0.429785034,0.341045616
United States,Grand Gulf 1 1984,BWR,CO2,0,0,0,0,0,0,0,0,0,0,0,0,0.009605,0.25129726,0.238585103,0.449859007,0.558377226,0.456803973,0.431055377,0.530884384,0.475717637,0.459841849,0.559762842,0.454676062,0.537054452,0.629789452,0.535081404,0.490694521,0.622631404,0.577765959,0.585654075,0.634734007,0.595877363,0.586724144,0.62919387,0.544860479,0.548258733,0.640324212,0.561421507,0.601783699,0.427121507,0.627853082,0.598464041,0.68225774,0.348243253
United States,Hatch 1-2,BWR,CO2,0,0,0,0.180234932,0.240666438,0.216383219,0.277926712,0.348272945,0.491561986,0.422217123,0.385882534,0.453300342,0.320361507,0.590196918,0.422909932,0.630880479,0.487311986,0.618688801,0.618936233,0.561211918,0.631651301,0.579654589,0.628056267,0.670762945,0.742199041,0.70110911,0.74413774,0.759318973,0.775110925,0.819766781,0.81800274,0.821439418,0.839330753,0.798844555,0.818831781,0.829513253,0.810034863,0.722413836,0.809336815,0.790713664,0.837392055,0.804812021,0.844759692,0.844018562,0.85275726
United States,Hope Creek 1 1987,BWR,CO2,0,0,0,0,0,0,0,0,0,0,0,0,0,0,0,0.425508836,0.376728733,0.385080856,0.471583493,0.430979692,0.410975582,0.513804041,0.414848904,0.411742329,0.394185753,0.373636712,0.50652839,0.448350548,0.423354726,0.46955339,0.514836849,0.422705,0.35216024,0.447400993,0.501720068,0.471839658,0.582556233,0.564743493,0.549504041,0.61164661,0.558103596,0.53053274,0.60583226,0.550214315,0.561214829
United States,Lasalle 1-2,BWR,CO2,0,0,0,0,0,0,0,0,0,0,0.026827397,0.095467808,0.462373219,0.483476507,0.45577,0.505423973,0.647189418,0.738646507,0.864796404,0.905532363,0.71418339,0.760732534,0.778634349,0.823525411,0.520636062,0,0.194258185,0.852678664,1.093696164,1.137241199,1.04347339,1.074032055,1.105696301,1.089465959,1.112441575,1.105008151,1.097336027,1.095029966,1.1138825,1.121093527,1.140802466,1.092208664,1.091901267,1.08776887,1.114598014
United States,Limerick 1-2,BWR,CO2,0,0,0,0,0,0,0,0,0,0,0,0,0,0.067583733,0.419793459,0.31096726,0.388598459,0.305315925,0.749031644,0.889633288,0.857499795,0.943976815,0.956513733,0.963463356,0.998035068,1.020869795,0.972667808,1.065700308,1.102020925,1.128080993,1.123417055,1.132047466,1.134753493,1.109169658,1.125695171,1.109280856,1.109345479,1.125425616,1.10186024,1.077472808,1.059283973,1.140203973,1.112884041,1.104465548,1.131752295
United States,Monticello 1972,BWR,CO2,0.216453082,0.190469863,0.17030274,0.16775274,0.232073288,0.207883219,0.224504795,0.256146918,0.20117637,0.189928425,0.141187329,0.241475685,0.016250719,0.249585034,0.196775582,0.20584089,0.266270068,0.15430411,0.262331541,0.209387021,0.259289007,0.224981027,0.230325548,0.276905548,0.225479384,0.213175342,0.239800719,0.270680753,0.247514178,0.225924178,0.292001781,0.267369247,0.293126575,0.260526164,0.295322021,0.244070514,0.283994315,0.241300445,0.273345445,0.195528527,0.284713322,0.174557397,0.251737979,0.271506884,0.325896986
United States,Nine Mile Point 1-2,BWR,CO2,0.194731507,0.203429452,0.190883219,0.177271575,0.239443836,0.172142466,0.260088356,0.174971918,0.264157877,0.190394178,0.066067123,0.163130137,0.211640103,0.287154452,0.183208767,0.268691404,0.147909315,0.249660137,0.317707295,0.607600959,0.470123356,0.67210839,0.772792637,0.662611096,0.778662295,0.673977808,0.707545822,0.718841507,0.738415377,0.77063911,0.775599384,0.810890685,0.793625788,0.847136199,0.840016575,0.812973767,0.839742363,0.868309932,0.82898637,0.824582089,0.769470651,0.920506336,0.886258322,0.930093288,0.900423048
United States,Oyster Creek 1972,BWR,CO2,0.262207534,0.20894863,0.214223288,0.183314726,0.224731849,0.189165753,0.212249658,0.265671575,0.113952397,0.153052397,0.117195205,0.013128425,0.017767911,0.218090788,0.076714829,0.181259007,0.20652089,0.140314623,0.250636473,0.172028356,0.26384,0.271736849,0.211526575,0.302395068,0.252636301,0.295362192,0.250472295,0.313714623,0.227532192,0.304274966,0.292916404,0.30601863,0.28218661,0.312922842,0.270400719,0.295632911,0.271534829,0.289838356,0.268097568,0.308471404,0.274689144,0.297889486,0.281404144,0.307152158,0.266946575
United States,Peach Bottom 2-3,BWR,CO2,0,0,0.353856164,0.603435959,0.677508219,0.514622603,0.801515068,0.854936986,0.675691781,0.570920548,0.77717363,0.404436986,0.577030068,0.331793425,0.684390308,0.180923664,0,0.240338664,0.828685959,0.596157979,0.748634007,0.816122842,0.950020548,0.962708253,0.994689212,0.997697979,0.959591781,1.049163151,1.052590514,1.041755342,1.076257774,1.059797466,1.098896301,1.074961815,1.10622726,1.100267945,1.081742021,1.083449007,1.092155685,1.09752524,1.095651747,1.093162295,1.092590582,1.156455856,1.274035308
United States,Perry 1 1988,BWR,CO2,0,0,0,0,0,0,0,0,0,0,0,0,0,0,0,0,0.421147055,0.311913904,0.386510719,0.52255613,0.417347671,0.231317021,0.267336644,0.530500137,0.435592979,0.474592842,0.593191712,0.53124476,0.58718,0.453048253,0.58072524,0.497960274,0.595427329,0.446396712,0.609867432,0.469144692,0.621814589,0.427628014,0.618270788,0.498885377,0.610736644,0.491871712,0.608697226,0.552083151,0.606660719
United States,Pilgrim 1 1972,BWR,CO2,0.051768493,0.237196575,0.11487226,0.150630479,0.140628425,0.154408904,0.254807877,0.28204863,0.177225,0.200512671,0.19137226,0.274322945,0.000204932,0.288241404,0.059821952,0,0,0.099424384,0.247036781,0.199373904,0.276073596,0.252716644,0.222634795,0.2611625,0.309978699,0.250949692,0.331756747,0.260433596,0.320918664,0.299481781,0.335870514,0.289767329,0.34578,0.318693527,0.339371815,0.298069966,0.341686027,0.314151849,0.344530034,0.296055,0.342133733,0.25188411,0.335875171,0.290705822,0.315130514
United States,Quad Cities 1-2,BWR,CO2,0.240515068,0.589026712,0.472035274,0.401962671,0.449551027,0.459739384,0.536262671,0.511170205,0.414543836,0.552936644,0.484401027,0.520182534,0.485718527,0.619045103,0.532946507,0.547788904,0.572926199,0.583560514,0.565841507,0.514349555,0.444231541,0.474737226,0.330889863,0.488062432,0.427761336,0.47700137,0.405349281,0.753023151,0.721259349,0.755957979,0.714136815,0.802572329,0.738344932,0.775360685,0.7777075,0.841667671,0.82814976,0.765008733,0.861425514,0.885022911,0.902744829,0.905764658,0.895936678,0.906015582,0.911424144
United States,River Bend 1 1985,BWR,CO2,0,0,0,0,0,0,0,0,0,0,0,0,0,0.001313425,0.174392055,0.289025616,0.422029658,0.278579349,0.325593664,0.389323288,0.160840959,0.30610887,0.284472295,0.46172524,0.399402774,0.397209658,0.456059932,0.332127603,0.428070479,0.454795411,0.493257911,0.44556476,0.432415377,0.455418356,0.435378151,0.41827976,0.370659966,0.456052363,0.486896301,0.448080411,0.455265822,0.442456438,0.477249966,0.403738938,0.413871986
United States,Susquehanna 1-2,BWR,CO2,0,0,0,0,0,0,0,0,0,0,0.018705822,0.26040274,0.408708527,0.734128699,0.657737568,0.857644178,0.834007774,0.772043938,0.857999315,0.923529658,0.790991952,0.790049384,0.892167568,0.90967524,0.982743219,0.979123733,0.959076541,0.966970479,1.020451199,1.036889966,1.009100205,1.048793459,1.052843185,1.067061473,1.040584555,1.061795548,1.111820377,1.134497329,1.077961849,1.015939795,0.990298322,1.104739178,1.098075993,1.200682055,1.130789932
Canada,Bruce 1-8,PHWR,CO2,0,0,0,0,0,0.649771689,2.292127854,3.505369863,4.120054795,4.309936073,4.160621005,4.459196347,5.251238356,6.168279452,7.212628311,7.615572603,7.529848402,7.73483653,7.010325114,8.291185388,7.340549772,5.454228311,6.967309589,6.900178995,6.934798174,5.882584475,3.848361644,4.122779909,4.279556164,4.418851142,3.83943379,4.507408219,6.170429224,6.036096804,6.68507032,6.489263927,6.463134247,6.338115068,6.608288584,6.62307032,6.5072,8.270452968,8.342376256,8.520847489,8.272739726
Canada,Darlington 1-4,PHWR,CO2,0,0,0,0,0,0,0,0,0,0,0,0,0,0,0,0,0,0,0.210679452,0.401510502,0.413541553,4.003389954,4.86659726,5.044442009,4.739346119,3.389203653,4.825786301,4.655601826,4.869046575,4.789327854,5.045369863,4.548407306,4.853554338,5.032734247,4.924168037,4.969645662,5.272376256,4.768734247,4.860964384,5.28523653,5.178023744,4.596314155,5.120622831,4.276001826,4.710719635
Canada,Pickering 1-8,PHWR,CO2,1.104200913,2.467853881,2.441278539,2.03890411,2.864109589,2.988931507,2.885333333,2.808420091,2.736584475,2.906922374,2.861570776,3.133388128,2.752962557,3.099638356,3.925247489,4.328918721,5.218109589,4.677738813,3.820564384,4.769084932,4.457685845,5.310407306,5.131326027,4.101157991,2.834511416,3.764038356,2.410790868,2.522038356,1.859441096,2.396577169,2.646630137,2.396180822,2.888199087,3.172663014,3.638076712,3.105868493,3.515647489,3.782235616,3.509859361,3.585203653,3.791868493,3.604345205,3.681019178,3.889815525,3.656029224
Canada,Point Lepreau,PHWR,CO2,0,0,0,0,0,0,0,0,0,0,0.126210046,0.866283105,0.913413699,0.990303196,0.953989041,0.932918721,0.975022831,0.961948858,0.974193607,0.993090411,0.882151598,0.971689498,0.955269406,0.294319635,0.837959817,0.631157991,0.690840183,0.745705936,0.724538813,0.813028311,0.686874886,0.865665753,0.785340639,0.798655708,0.796710502,0.752843836,0.210147945,0,0,0,0.075156164,0.750894977,0.862944292,0.781194521,0.830865753
India,Kaiga-1,PHWR,CO2,0,0,0,0,0,0,0,0,0,0,0,0,0,0,0,0,0,0,0,0,0,0,0,0,0,0,0,0,0.035126941,0.226692237,0.309210959,0.244021918,0.245647489,0.216178995,0.213207306,0.17283105,0.201466667,0.153815525,0.182383562,0.205441096,0.238042009,0.263194521,0.261760731,0.317892237,0.290286758
India,Kaiga-2,PHWR,CO2,0,0,0,0,0,0,0,0,0,0,0,0,0,0,0,0,0,0,0,0,0,0,0,0,0,0,0,0,0.198442009,0.239008219,0.284792694,0.258080365,0.235660274,0.275684018,0.194379909,0.197831963,0.149134247,0.17716347,0.145143379,0.217950685,0.206252055,0.280091324,0.239903196,0.290827397,0.326010959
India,Kaiga-3,PHWR,CO2,0,0,0,0,0,0,0,0,0,0,0,0,0,0,0,0,0,0,0,0,0,0,0,0,0,0,0,0,0,0,0,0,0,0,0,0.064536986,0.067952511,0.136155251,0.198677626,0.204988128,0.227094064,0.284246575,0.255512329,0.332774429,0.184186301
India,Kaiga-4,PHWR,CO2,0,0,0,0,0,0,0,0,0,0,0,0,0,0,0,0,0,0,0,0,0,0,0,0,0,0,0,0,0,0,0,0,0,0,0,0,0,0,0,0.213031963,0.215625571,0.216918721,0.267722374,0.303603653,0.337408219
India,Kakrapar-1,PHWR,CO2,0,0,0,0,0,0,0,0,0,0,0,0,0,0,0,0,0,0,0,0,0,0,0.023795434,0.198916895,0.236679452,0.165610959,0.1992,0.257008219,0.300533333,0.277159817,0.31009863,0.259256621,0.194414612,0.198977169,0.180009132,0.151360731,0.080021918,0,0,0.296144292,0.299669406,0.312659361,0.314100457,0.281512329,0.061684018
India,Kakrapar-2,PHWR,CO2,0,0,0,0,0,0,0,0,0,0,0,0,0,0,0,0,0,0,0,0,0,0,0,0.150781735,0.242339726,0.199716895,0.235912329,0.276215525,0.272118721,0.307842922,0.291713242,0.294642922,0.208591781,0.22923105,0.15812968,0.184781735,0.171346119,0.142536986,0.137190868,0.29990137,0.277207306,0.308560731,0.262885845,0.142584475,0
India,Kudankulam-1,PWR,CO2,0,0,0,0,0,0,0,0,0,0,0,0,0,0,0,0,0,0,0,0,0,0,0,0,0,0,0,0,0,0,0,0,0,0,0,0,0,0,0,0,0,2.23E-06,0.019502038,0.024646367,0.044669666
India,Kudankulam-1,PWR,CH4,0,0,0,0,0,0,0,0,0,0,0,0,0,0,0,0,0,0,0,0,0,0,0,0,0,0,0,0,0,0,0,0,0,0,0,0,0,0,0,0,0,5.72E-06,0.050148099,0.063376373,0.114864854
India,Kudankulam-2,PWR,CO2,0,0,0,0,0,0,0,0,0,0,0,0,0,0,0,0,0,0,0,0,0,0,0,0,0,0,0,0,0,0,0,0,0,0,0,0,0,0,0,0,0,0,0,0,0.005745983
India,Kudankulam-2,PWR,CH4,0,0,0,0,0,0,0,0,0,0,0,0,0,0,0,0,0,0,0,0,0,0,0,0,0,0,0,0,0,0,0,0,0,0,0,0,0,0,0,0,0,0,0,0,0.014775386
India,Madras-1,PHWR,CO2,0,0,0,0,0,0,0,0,0,0,0,0,0.20380274,0.150151598,0.138286758,0.200913242,0.229771689,0.073894064,0.157757078,0.091305936,0.197733333,0.09843653,0.147762557,0.19820274,0.112721461,0.163108676,0.128482192,0.21596895,0.12196347,0.214518721,0.163609132,0.148049315,0,0,0.223736986,0.127081279,0.127477626,0.13180274,0.18710137,0.204094977,0.240423744,0.230100457,0.204984475,0.297948858,0.256153425
India,Madras-2,PHWR,CO2,0,0,0,0,0,0,0,0,0,0,0,0,0,0,0.143148858,0.194703196,0.117260274,0.080038356,0.197691324,0.19780274,0.121494064,0.173576256,0.188518721,0.05016621,0.193956164,0.175013699,0.201684018,0.160719635,0.232582648,0.204409132,0.004147945,0.107603653,0.232750685,0.269547032,0.198463927,0.177364384,0.130719635,0.170131507,0.147238356,0.211110502,0.215810046,0.102600913,0.216184475,0.229077626,0.267685845
India,Narora-1,PHWR,CO2,0,0,0,0,0,0,0,0,0,0,0,0,0,0,0,0,0,0,0,0.082056621,0.135645662,0.062021918,0,0.172496804,0.212284932,0.289534247,0.271344292,0.206138813,0.253212785,0.285477626,0.287578082,0.27913242,0.204677626,0.194474886,0,0,0.103592694,0.100653881,0.174785388,0.190789041,0.180317808,0.223492237,0.194991781,0.286456621,0.270305023
India,Narora2,PHWR,CO2,0,0,0,0,0,0,0,0,0,0,0,0,0,0,0,0,0,0,0,0,0.10356895,0.015216438,0.139115982,0.189371689,0.224204566,0.286522374,0.243514155,0.260445662,0.244887671,0.24529863,0.309185388,0.235084932,0.249232877,0.223362557,0.224553425,0.090748858,0,0,0.052820091,0.139903196,0.204582648,0.194518721,0.227525114,0.264809132,0.283373516
India,Rajasthan-1,PHWR,CO2,0,0.039890411,0.121936073,0.109534247,0.146465753,0.083452055,0.027981735,0.209552511,0.174082192,0.080639269,0.006977169,0,0,0.041324201,0,0.031022831,0.06876347,0.057136073,0.066494977,0.036080365,0.01053516,0.030617352,0.000531507,0,0,0.048336073,0.103627397,0.145209132,0.124443836,0.031632877,0,0,0.055494064,0,0,0,0,0,0,0,0,0,0,0,0
India,Rajasthan-2,PHWR,CO2,0,0,0,0,0,0,0,0,5.36E-07,1.43E-05,7.78E-06,2.00E-05,1.89E-05,2.00E-05,2.25E-05,2.15E-05,2.57E-05,2.26E-05,2.45E-05,1.87E-05,1.82E-05,2.41E-05,1.08E-05,0,0,0,1.07E-05,2.42E-05,2.73E-05,2.81E-05,2.98E-05,2.90E-05,2.18E-05,2.37E-05,2.14E-05,1.06E-05,0,9.81E-06,3.02E-05,3.19E-05,2.72E-05,3.12E-05,2.35E-05,2.72E-05,1.48E-05
India,Rajasthan-3,PHWR,CO2,0,0,0,0,0,0,0,0,0,0,0,0,0,0,0,0,0,0,0,0,0,0,0,0,0,0,0,0,0.163243836,0.249512329,0.240721461,0.263389954,0.23019726,0.27176621,0.180018265,0.19050411,0.174045662,0.184750685,0.234171689,0.306018265,0.288774429,0.315943379,0.285530594,0.289656621,0.24583379
India,Rajasthan-4,PHWR,CO2,0,0,0,0,0,0,0,0,0,0,0,0,0,0,0,0,0,0,0,0,0,0,0,0,0,0,0,0,0.010494977,0.21932968,0.305294977,0.240770776,0.264427397,0.267021005,0.206051142,0.172303196,0.190246575,0.157041096,0.272237443,0.262208219,0.316829224,0.301733333,0.324889498,0.271081279,0.307252968
India,Rajasthan-5,PHWR,CO2,0,0,0,0,0,0,0,0,0,0,0,0,0,0,0,0,0,0,0,0,0,0,0,0,0,0,0,0,0,0,0,0,0,0,0,0,0,3.65E-05,0.256834703,0.318136986,0.290010959,0.336485845,0.275477626,0.311210959,0.279572603
India,Rajasthan-6,PHWR,CO2,0,0,0,0,0,0,0,0,0,0,0,0,0,0,0,0,0,0,0,0,0,0,0,0,0,0,0,0,0,0,0,0,0,0,0,0,0,0,0.090383562,0.286858447,0.312568037,0.280038356,0.22499726,0.243596347,0.210748858
India,Tarapur-1,BWR,CO2,0.037982192,0.04407774,0.048473288,0.05394589,0.067336301,0.057916438,0.054784247,0.056233904,0.052042123,0.046214384,0.06475137,0.0425,0.048138527,0.046045548,0.063472295,0.011258425,0.063194589,0.046594555,0.060848938,0.03300387,0.044382808,0.056337534,0.016337466,0.063590479,0.023480959,0.057373836,0.067686781,0.049637671,0.068762671,0.063122397,0.068739966,0.064063219,0.066868219,0.056183253,0.054651507,0.070931336,0.05617161,0.070191952,0.056865582,0.072829281,0.040035582,0.065235171,0.055913699,0.02489161,0.071266678
India,Tarapur-2,BWR,CO2,0.012691781,0.072750685,0.034756849,0.053899315,0.066247603,0.067621575,0.066725,0.057811644,0.052391438,0.056123288,0.032410616,0.050516781,0.046756404,0.062346336,0.04480024,0.067952842,0.047361301,0.024863082,0.044385137,0.049396644,0.047730411,0.045394658,0.049114281,0.037260274,0.021027021,0.045161199,0.051294589,0.064246027,0.059564623,0.069712808,0.067725788,0.065037808,0.072090479,0.052008356,0.063509555,0.06650726,0.073646096,0.069945103,0.076228116,0.066929932,0.073091849,0.024707055,0.07428476,0.043130514,0.032811164
India,Tarapur-3,PHWR,CO2,0,0,0,0,0,0,0,0,0,0,0,0,0,0,0,0,0,0,0,0,0,0,0,0,0,0,0,0,0,0,0,0,0,0,0.189547032,0.453481279,0.291210959,0.406394521,0.510325114,0.752913242,0.690314155,0.62963653,0.75433242,0.739015525,0.680971689
India,Tarapur-4,PHWR,CO2,0,0,0,0,0,0,0,0,0,0,0,0,0,0,0,0,0,0,0,0,0,0,0,0,0,0,0,0,0,0,0,0,0,0.180902283,0.321848402,0.371318721,0.31229589,0.407174429,0.469740639,0.460065753,0.621492237,0.644825571,0.679863014,0.687154338,0.735685845
Iran,Bushehr-1,PWR,CO2,0,0,0,0,0,0,0,0,0,0,0,0,0,0,0,0,0,0,0,0,0,0,0,0,0,0,0,0,0,0,0,0,0,0,0,0,0,0,0,0.000751628,0.010189776,0.02986925,0.028564603,0.024534443,0.045444153
Iran,Bushehr-1,PWR,CH4,0,0,0,0,0,0,0,0,0,0,0,0,0,0,0,0,0,0,0,0,0,0,0,0,0,0,0,0,0,0,0,0,0,0,0,0,0,0,0,0.001932756,0.026202279,0.076806641,0.073451836,0.06308857,0.116856395
Mexico,Laguna Verde-1,BWR,CO2,0,0,0,0,0,0,0,0,0,0,0,0,0,0,0,0,0,0.018116644,0.161605959,0.236491541,0.218114658,0.275051849,0.236483973,0.241845959,0.200410205,0.303834247,0.256889212,0.259131815,0.266507021,0.24127774,0.244302226,0.315282466,0.242709932,0.291547089,0.321936336,0.29267887,0.221105377,0.317555925,0.10983339,0.28654024,0.199030993,0.33298226,0.283875548,0.276061952,0.296717534
Mexico,Laguna Verde-2,BWR,CO2,0,0,0,0,0,0,0,0,0,0,0,0,0,0,0,0,0,0,0,0,0,0,0,0.19674589,0.213571815,0.279774007,0.256857192,0.297533185,0.194397911,0.246154178,0.300469178,0.268089418,0.266537877,0.309161301,0.283539623,0.286449418,0.323753938,0.270931678,0.215753288,0.255676507,0.290711062,0.329385479,0.258238151,0.375103836,0.301326747
Taiwan,Chinshan 1,BWR,CO2,0,0,0,0,0,0,0,0,0,0,0,0,0,0,0,0,0,0.162045514,0.17282363,0.255663116,0.233908938,0.257559315,0.212233356,0.241861678,0.237002123,0.290540479,0.250058356,0.237595959,0.304261575,0.251489966,0.254767123,0.305068493,0.264423938,0.266283459,0.302845103,0.268268151,0.232810342,0.301206815,0.256248219,0.278392466,0.299432295,0.224058836,0.283801027,0,0
Taiwan,Chinshan 2,BWR,CO2,0,0,0,0,0,0,0,0,0,0,0,0,0,0,0,0,0,0.17813613,0.200086507,0.220272842,0.240395719,0.229084315,0.231683219,0.226224007,0.232962877,0.251826473,0.281869315,0.250128219,0.267607363,0.292149658,0.249781233,0.266321884,0.305512123,0.263759658,0.270764007,0.303831918,0.257466164,0.261525205,0.303210137,0.271186096,0.274162842,0.299740274,0.285071952,0.283293356,0.303223527
Taiwan,Kuosheng-1,BWR,CO2,0,0,0,0,0,0,0,0,0,0,0,0,0,0,0,0,0,0.310252911,0.401596473,0.340627021,0.35818476,0.330656986,0.366912979,0.401590651,0.404667534,0.365488356,0.374118767,0.447517432,0.383581712,0.375646438,0.469743767,0.375216781,0.40628137,0.474493288,0.4019225,0.413621644,0.488157329,0.440046747,0.46281976,0.49862863,0.359248425,0.457551507,0.49432274,0.441063253,0.446254075
Taiwan,Kuosheng-2,BWR,CO2,0,0,0,0,0,0,0,0,0,0,0,0,0,0,0,0,0,0.30432911,0.349347089,0.41838339,0.359577945,0.357355719,0.362360822,0.349298767,0.432174932,0.41261387,0.381310582,0.397746438,0.421366541,0.347960308,0.403025171,0.443810616,0.378073596,0.392270342,0.458091199,0.409369315,0.425289349,0.469720479,0.407406747,0.433352705,0.496624144,0.453213014,0.460921233,0.499015788,0.140626678
Taiwan,Maanshan-1,PWR,CO2,0,0,0,0,0,0,0,0,0,0,0,0,0,0,0,0,0,0.041566192,0.046786083,0.049702378,0.046324888,0.048012329,0.04850229,0.051712855,0.057818083,0.045637852,0.042302783,0.05671074,0.051619957,0.040913064,0.059841753,0.05178857,0.052116362,0.059081688,0.051882466,0.054988624,0.060640176,0.055272921,0.055788657,0.061539321,0.053658433,0.053788,0.060706992,0.057478324,0.055448285
Taiwan,Maanshan-1,PWR,CH4,0,0,0,0,0,0,0,0,0,0,0,0,0,0,0,0,0,0.106884493,0.120307068,0.127806115,0.11912114,0.123460274,0.124720175,0.132975912,0.148675068,0.117354477,0.108778586,0.145827616,0.13273703,0.10520502,0.153878795,0.133170609,0.134013501,0.15192434,0.133412054,0.141399321,0.155931879,0.142130367,0.143456548,0.158243967,0.137978827,0.138312,0.156103693,0.147801403,0.142581304
Taiwan,Maanshan-2,PWR,CO2,0,0,0,0,0,0,0,0,0,0,0,0,0,0,0,0,0,0.040529655,0.04711165,0.047462915,0.045694083,0.05025417,0.053748417,0.046937052,0.048710871,0.049214104,0.059690707,0.050847693,0.050772515,0.053650992,0.050935529,0.051685698,0.060472098,0.051473743,0.053152285,0.060064757,0.055846729,0.056684581,0.061806357,0.052942707,0.055118115,0.062657633,0.051462619,0.05091474,0.060941502
Taiwan,Maanshan-2,PWR,CH4,0,0,0,0,0,0,0,0,0,0,0,0,0,0,0,0,0,0.104219112,0.121144241,0.122047496,0.117499068,0.129225009,0.138210214,0.120695277,0.125256526,0.126550553,0.153490389,0.130751211,0.130557896,0.137959693,0.130977074,0.132906083,0.155499683,0.132361052,0.136677304,0.15445223,0.143605874,0.145760351,0.15893063,0.136138389,0.141732296,0.161119627,0.132332449,0.130923616,0.156706717
France,La Hague,SFR,CO2,0.1291,0.1195,0.336,0.272,0.188,0.335,0.4732,0.531,0.619,0.619,0.809,1.039,1.259,1.92,1.6156,2.1135,1.6156,2.512,2.7648,3.617,3.415,4.7315,7.217,8.743,11.885,15.849,18.478,17.783,17.783,12.589,16.9,16.5,17.3,17,14.2,13.2,13.5,14.5,16,14.5,16.3,20.5,21.9,20.2,19.1
United Kingdom,Sellafield,SFR,CO2,17.3,24.3,17.3,20.3,32.3,26.3,8.6,7.3,8.5,19.3,9.5,7.3,7.3,7.3,5.7,9.8,3.6,4.2,4.1,5.8,2.5,11.4,4.2,0.71,0.63,1.57,2.62,2.65,2.94,0.953,0.829,0.711,0.849,0.911,0.71,0.36,0.686,0.379,0.273,0.396,0.378,0.518,0.34,0.42,0.442
Japan,Tokai,SFR,CO2,0,0,0,0,0,0.0223,0.107,0.0345,0.3709,0.2755,0.3452,0.021,0,0.5327,0.308,0.3378,0.2999,0.1205,0.6701,0.5113,0.978,0.3172,0.5937,0.6447,0.3644,0.1237,0,0,0.0181,0.0966,0.1185,0.0468,0.1339,0.1948,0.1296,0.0241,0,0,0,0,0,0,0,0,0
France,Phenix,FBR,CO2,0,0,0.013123288,0.017923288,0.013024658,0.004120548,0.016969863,0.023547945,0.018068493,0.019478082,0.013549315,0.015369863,0.019369863,0.015794521,0.020809589,0.021320548,0.020210959,0.008235342,0.013458356,0,0,0.000476575,0.000309589,0,3.71E-05,0,0.005235342,0,0,0,0,0.000846849,0.008587808,0.011020959,0.00809589,0.007741644,0.009104384,0.003369726,0,0,0,0,0,0,0
France,Super Phenix,FBR,CO2,0,0,0,0,0,0,0,0,0,0,0,0,0,0,0.012721918,0.011124658,0,0.024060822,0.008059452,0,0,0,0.000103014,0,0.046460411,0,0,0,0,0,0,0,0,0,0,0,0,0,0,0,0,0,0,0,0
Germany,KNK II,FBR,CO2,0,0,0,0,0,0,8.63E-05,0.000358904,0.000456164,0.000479452,0.00039726,0.000232877,0.00072274,0.000741233,0.000183014,0.000192329,0,0,0.000463014,0.000106438,0,0,0,0,0,0,0,0,0,0,0,0,0,0,0,0,0,0,0,0,0,0,0,0,0
Kazakhstan,Aktau,FBR,CO2,0,0,0,0,0,0,0,0,0,0,0,0,0,0,0,0,0,0,0,0,0.006355342,0.006083699,0.005179041,0.001139589,0.001227123,0.00414726,0.001248767,0,0,0,0,0,0,0,0,0,0,0,0,0,0,0,0,0,0
Russian Federation,Beloyarsk-3,FBR,CO2,0,0,0,0,0,0,0,0,0,0,0.037958904,0.048564521,0.049097397,0.048792192,0.049325068,0.053356027,0.051536849,0.05060863,0.043808219,0.046493151,0.056095479,0.053629041,0.052200959,0.046757123,0.050990822,0.048572603,0.031990822,0.050972466,0.048846849,0.05330274,0.05170411,0.050592877,0.053803288,0.052092466,0.052670411,0.052033151,0.051794932,0.051186301,0.050270548,0.054366164,0.054458904,0.05261726,0.057848082,0.057810411,0.059002329
Russian Federation,Beloyarsk-4,FBR,CO2,0,0,0,0,0,0,0,0,0,0,0,0,0,0,0,0,0,0,0,0,0,0,0,0,0,0,0,0,0,0,0,0,0,0,0,0,0,0,0,0,0,0,0,0.000473288,0.047355616
United Kingdom,Dounreay DFR,FBR,CO2,0.000765753,0.000605479,0.000352055,0.000327397,0.000389041,0.000194521,0,0,0,0,0,0,0,0,0,0,0,0,0,0,0,0,0,0,0,0,0,0,0,0,0,0,0,0,0,0,0,0,0,0,0,0,0,0,0
United Kingdom,Dounreay PFR,FBR,CO2,0,0,0,0,0,0,0.003182192,0.002178082,0,0.002945205,0.001315068,0.001753425,0.006110685,0.012235753,0.012183425,0.011531918,0.008363973,0.014282192,0.007316027,0.010646438,0,0,0,0,0,0,0,0,0,0,0,0,0,0,0,0,0,0,0,0,0,0,0,0,0